from_politician_id,from_name,from_rushid,to_politician_id,to_name,to_rushid,relation,source
Q4666575,Abel Henry Smith,1823,Q4666623,Abel Smith,,father,wikidata
Q4666575,Abel Henry Smith,1823,Q4666622,Abel Smith,,grandparent,wikidata
Q4666622,Abel Smith,6467,Q4666623,Abel Smith,,child,wikidata
Q4666623,Abel Smith,867,Q4666575,Abel Henry Smith,,child,wikidata
Q4666622,Abel Smith,6467,Q7342786,"Robert Carrington, 2nd Baron Carrington",7218,cousin,rush
Q4666622,Abel Smith,6467,Q7412657,Samuel Smith,,father,wikidata
Q4666623,Abel Smith,867,Q4666622,Abel Smith,,father,wikidata
Q4666622,Abel Smith,6467,Q4666575,Abel Henry Smith,,grandchild,wikidata
Q4666623,Abel Smith,867,Q7412657,Samuel Smith,,grandparent,wikidata
Q4678809,Adam Butler,9171,Q182035,RAB Butler,,father,wikidata
Q26208214,Addison Cresswell,3626,Q5184522,Cresswell Cresswell,,sibling,wikidata
Q4681850,"Adelbert Brownlow-Cust, 3rd Earl Brownlow",6694,Q13529877,Henry Cockayne-Cust,1442,cousin,rush
Q4681850,"Adelbert Brownlow-Cust, 3rd Earl Brownlow",6694,Q6231485,"John Egerton, Viscount Alford",,father,wikidata
Q4697105,"Ailwyn Fellowes, 1st Baron Ailwyn",1868,Q5342877,"Edward Fellowes, 1st Baron de Ramsey",,father,wikidata
Q4697105,"Ailwyn Fellowes, 1st Baron Ailwyn",1868,Q8008975,"William Fellowes, 2nd Baron de Ramsey",,sibling,wikidata
Q16031440,Alan Coulston Gardner,7405,Q5734170,"Herbert Gardner, 1st Baron Burghclere",,sibling,wikidata
Q4706577,"Alan Egerton, 3rd Baron Egerton",1787,Q8008502,"William Egerton, 1st Baron Egerton",,father,wikidata
Q4706577,"Alan Egerton, 3rd Baron Egerton",1787,Q7619928,"Wilbraham Egerton, 1st Earl Egerton",,sibling,wikidata
Q4707145,"Alan Lennox-Boyd, 1st Viscount Boyd of Merton",4701,Q13529970,Mark Lennox-Boyd,,child,wikidata
Q4709004,"Alban Gibbs, 2nd Baron Aldenham",2062,Q5928148,"Hucks Gibbs, 1st Baron Aldenham",,father,wikidata
Q4709004,"Alban Gibbs, 2nd Baron Aldenham",2062,Q7924986,Vicary Gibbs,,sibling,wikidata
Q4709792,Albert Brassey,1930,Q7342109,Robert Brassey,,child,wikidata
Q4709792,Albert Brassey,1930,Q11802543,"Henry Brassey, 1st Baron Brassey of Apethorpe",,nephew/niece,wikidata
Q4709792,Albert Brassey,1930,Q337691,"Thomas Brassey, 1st Earl Brassey",,sibling,wikidata
Q4709792,Albert Brassey,1930,Q5718544,Henry Brassey,,sibling,wikidata
Q4710027,"Albert Denison, 1st Baron Londesborough",6672,Q8007758,"William Denison, 1st Earl of Londesborough",,child,wikidata
Q333336,"Albert Grey, 4th Earl Grey",1738,Q5078440,Charles Grey,,father,wikidata
Q4710526,"Albert Illingworth, 1st Baron Illingworth",7711,Q7167413,Percy Illingworth,,sibling,wikidata
Q3610747,"Alexander Baillie-Cochrane, 1st Baron Lamington",1150,Q1063964,"Charles Cochrane-Baillie, 2nd Baron Lamington",,child,wikidata
Q3610747,"Alexander Baillie-Cochrane, 1st Baron Lamington",1150,Q7791336,Thomas Cochrane,,father,wikidata
Q652514,"Alexander Baring, 1st Baron Ashburton",6533,Q5480129,"Francis Baring, 3rd Baron Ashburton",,child,wikidata
Q652514,"Alexander Baring, 1st Baron Ashburton",6533,Q4914194,"Bingham Baring, 2nd Baron Ashburton",,child,wikidata
Q652514,"Alexander Baring, 1st Baron Ashburton",6533,Q4718311,"Alexander Baring, 4th Baron Ashburton",,grandchild,wikidata
Q652514,"Alexander Baring, 1st Baron Ashburton",6533,Q7787384,Thomas Baring,,nephew/niece,wikidata
Q652514,"Alexander Baring, 1st Baron Ashburton",6533,Q3750914,"Francis Baring, 1st Baron Northbrook",,nephew/niece,wikidata
Q652514,"Alexander Baring, 1st Baron Ashburton",6533,Q7529038,"Sir Thomas Baring, 2nd Baronet",,sibling,wikidata
Q4718311,"Alexander Baring, 4th Baron Ashburton",6534,Q5622068,Guy Baring,,child,wikidata
Q4718311,"Alexander Baring, 4th Baron Ashburton",6534,Q5480129,"Francis Baring, 3rd Baron Ashburton",,father,wikidata
Q4718311,"Alexander Baring, 4th Baron Ashburton",6534,Q652514,"Alexander Baring, 1st Baron Ashburton",,grandparent,wikidata
Q4718311,"Alexander Baring, 4th Baron Ashburton",6534,Q4914194,"Bingham Baring, 2nd Baron Ashburton",,uncle/aunt,wikidata
Q1739864,Alexander Beresford Hope,1213,Q15990054,Henry Hope,,sibling,wikidata
Q4718571,Alexander Charles Barclay,1164,Q5231112,David Barclay,,father,wikidata
Q26691316,Alexander Dennistoun,3727,Q25927607,John Dennistoun,,sibling,wikidata
Q332552,"Alexander Duff, 1st Duke of Fife",2524,Q11309157,"James Duff, 5th Earl Fife",,father,wikidata
Q26678464,Alexander Ellice,6751,Q5342758,Edward Ellice,,nephew/niece,wikidata
Q26678464,Alexander Ellice,6751,Q157691,Edward Ellice,,sibling,wikidata
Q4718909,"Alexander Fuller-Acland-Hood, 1st Baron St Audries",26,Q26250760,"Sir Alexander Fuller-Acland-Hood, 3rd Baronet",,father,wikidata
Q4718909,"Alexander Fuller-Acland-Hood, 1st Baron St Audries",26,Q26701549,"Sir Alexander Hood, 2nd Baronet",,grandparent,wikidata
Q4719056,Alexander Hamilton-Gordon,1699,Q5301898,Douglas Proby,,nephew/niece,wikidata
Q4719056,Alexander Hamilton-Gordon,1699,Q6679103,Lord Claud Hamilton,,sibling,wikidata
Q4719056,Alexander Hamilton-Gordon,1699,Q4702898,"George Hamilton-Gordon, 5th Earl of Aberdeen",,sibling,wikidata
Q4719056,Alexander Hamilton-Gordon,1699,Q335510,"Arthur Hamilton-Gordon, 1st Baron Stanmore",,sibling,wikidata
Q26257507,Alexander Hastie,4281,Q21541762,Archibald Hastie,4280,cousin,rush
Q4719112,"Alexander Henderson, 1st Baron Faringdon",7659,Q5660994,Harold Henderson,,child,wikidata
Q3012172,Alexander Hope,9103,Q5546317,George William Hope,,child,wikidata
Q4719558,Alexander Martin Sullivan,913,Q3991506,Timothy Daniel Sullivan,,sibling,wikidata
Q4719716,"Alexander Murray, 1st Baron Murray of Elibank",7590,Q5559635,"Gideon Oliphant-Murray, 2nd Viscount Elibank",,sibling,wikidata
Q4719716,"Alexander Murray, 1st Baron Murray of Elibank",7590,Q4799794,"Arthur Murray, 3rd Viscount Elibank",,sibling,wikidata
Q4720072,"Alexander Shaw, 2nd Baron Craigmyle",7718,Q1765791,"Thomas Shaw, 1st Baron Craigmyle",,father,wikidata
Q26758594,Alexander Speirs,7232,Q4720126,Alexander Speirs,7231,cousin,rush
Q4720126,Alexander Speirs,7231,Q26758594,Alexander Speirs,7232,cousin,rush
Q2833209,Alexander Staveley Hill,2274,Q26085159,Henry Staveley-Hill,,child,wikidata
Q18619569,Alexander Whitelaw,1037,Q26690007,Graeme Whitelaw,,child,wikidata
Q18619569,Alexander Whitelaw,1037,Q8020294,William Whitelaw,,child,wikidata
Q336911,Alf Morris,8382,Q333326,"Estelle Morris, Baroness Morris of Yardley",,nephew/niece,wikidata
Q336911,Alf Morris,8382,Q5081098,Charles Morris,,sibling,wikidata
Q4722280,Alfred Baldwin,2110,Q166635,Stanley Baldwin,,child,wikidata
Q4722280,Alfred Baldwin,2110,Q4090718,"Oliver Baldwin, 2nd Earl Baldwin of Bewdley",,grandchild,wikidata
Q4683988,Alfred Bossom,3266,Q5134501,Clive Bossom,,child,wikidata
Q4722620,Alfred Egerton,1542,Q5538925,"George Egerton, 2nd Earl of Ellesmere",,father,wikidata
Q4722620,Alfred Egerton,1542,Q1149445,"Francis Egerton, 1st Earl of Ellesmere",,grandparent,wikidata
Q4722620,Alfred Egerton,1542,Q5480848,Francis Egerton,,uncle/aunt,wikidata
Q4722620,Alfred Egerton,1542,Q4724140,Algernon Egerton,,uncle/aunt,wikidata
Q4722710,Alfred Gathorne-Hardy,1667,Q5527395,"Gathorne Gathorne-Hardy, 1st Earl of Cranbrook",,father,wikidata
Q4722710,Alfred Gathorne-Hardy,1667,Q6237751,John Hardy,,grandparent,wikidata
Q4722710,Alfred Gathorne-Hardy,1667,Q13529906,"John Gathorne-Hardy, 2nd Earl of Cranbrook",,sibling,wikidata
Q4722710,Alfred Gathorne-Hardy,1667,Q7527819,"Sir John Hardy, 1st Baronet",,uncle/aunt,wikidata
Q4722730,Alfred Giles,1679,Q5083069,Charles Tyrrell Giles,,child,wikidata
Q334106,Alfred Knox,7736,Q5339887,Edmund Vesey Knox,,sibling,wikidata
Q3395941,Alfred Lyttelton,4810,Q2892622,"Oliver Lyttelton, 1st Viscount Chandos",,child,wikidata
Q3395941,Alfred Lyttelton,4810,Q6245664,"John Lyttelton, 9th Viscount Cobham",,nephew/niece,wikidata
Q3395941,Alfred Lyttelton,4810,Q1026930,"Charles Lyttelton, 8th Viscount Cobham",,sibling,wikidata
Q333591,"Alfred Mond, 1st Baron Melchett",5087,Q5725940,"Henry Mond, 2nd Baron Melchett",,child,wikidata
Q4723284,Alfred Percy Allsopp,1109,Q5717273,"Henry Allsopp, 1st Baron Hindlip",,father,wikidata
Q4723284,Alfred Percy Allsopp,1109,Q5540593,George Allsopp,,sibling,wikidata
Q4723284,Alfred Percy Allsopp,1109,Q7410754,"Samuel Allsopp, 2nd Baron Hindlip",,sibling,wikidata
Q4723426,Alfred Seymour,7196,Q16063838,Henry Danby Seymour,,sibling,wikidata
Q4723580,Alfred Waldron Smithers,5781,Q7961641,Waldron Smithers,,child,wikidata
Q19308194,Alfred Welby,2061,Q7526983,"Sir Glynne Welby, 3rd Baronet",,father,wikidata
Q19308194,Alfred Welby,2061,Q13530066,"Sir Charles Welby, 5th Baronet",,nephew/niece,wikidata
Q19308194,Alfred Welby,2061,Q7529817,"Sir William Welby-Gregory, 4th Baronet",,sibling,wikidata
Q21545376,Alfred Wigram,1048,Q5497775,Frederick Fitzwygram,1612,cousin,rush
Q4724136,"Algernon Borthwick, 1st Baron Glenesk",1246,Q7172892,Peter Borthwick,,father,wikidata
Q4724140,Algernon Egerton,1543,Q1149445,"Francis Egerton, 1st Earl of Ellesmere",,father,wikidata
Q4724140,Algernon Egerton,1543,Q4722620,Alfred Egerton,,nephew/niece,wikidata
Q4724140,Algernon Egerton,1543,Q5538925,"George Egerton, 2nd Earl of Ellesmere",,sibling,wikidata
Q4724140,Algernon Egerton,1543,Q5480848,Francis Egerton,,sibling,wikidata
Q4724146,"Algernon Greville, 2nd Baron Greville",1736,Q7364912,Ronald Greville,,child,wikidata
Q4724146,"Algernon Greville, 2nd Baron Greville",1736,Q5507949,"Fulke Greville-Nugent, 1st Baron Greville",,father,wikidata
Q4724146,"Algernon Greville, 2nd Baron Greville",1736,Q26756818,George Greville-Nugent,,sibling,wikidata
Q4724146,"Algernon Greville, 2nd Baron Greville",1736,Q16063606,Reginald Greville-Nugent,,sibling,wikidata
Q337686,"Algernon Percy, 6th Duke of Northumberland",4761,Q6678906,Lord Algernon Percy,,child,wikidata
Q337686,"Algernon Percy, 6th Duke of Northumberland",4761,Q762750,"Henry Percy, 7th Duke of Northumberland",,child,wikidata
Q337686,"Algernon Percy, 6th Duke of Northumberland",4761,Q6259508,"John Stuart-Wortley, 2nd Baron Wharncliffe",6262,cousin,rush
Q337686,"Algernon Percy, 6th Duke of Northumberland",4761,Q5726862,"Henry Percy, Earl Percy",,grandchild,wikidata
Q337686,"Algernon Percy, 6th Duke of Northumberland",4761,Q1241117,"Eustace Percy, 1st Baron Percy of Newcastle",,grandchild,wikidata
Q337686,"Algernon Percy, 6th Duke of Northumberland",4761,Q6679347,Lord Henry Percy,,sibling,wikidata
Q337686,"Algernon Percy, 6th Duke of Northumberland",4761,Q3810119,Lord Josceline Percy,,sibling,wikidata
Q4724183,Algernon Tollemache,971,Q5498871,Frederick Tollemache,,sibling,wikidata
Q4731527,"Allen Bathurst, 6th Earl Bathurst",1186,Q4888257,Benjamin Bathurst,,child,wikidata
Q4733782,"Almeric Paget, 1st Baron Queenborough",7519,Q369723,Lord Alfred Paget,,father,wikidata
Q478812,Anas Sarwar,10134,Q334072,Mohammad Sarwar,,father,wikidata
Q4757523,Andrew Johnston,6457,Q4757522,Andrew Johnston,,child,wikidata
Q4757522,Andrew Johnston,2366,Q4757523,Andrew Johnston,,father,wikidata
Q333261,Andrew Mitchell,9379,Q5237629,David Mitchell,,father,wikidata
Q4761765,Aneurin Williams,7741,Q7164658,Penry Williams,,sibling,wikidata
Q4764262,Angus Hambro,7743,Q5077407,Charles Hambro,,sibling,wikidata
Q4764135,"Angus Holden, 1st Baron Holden",2289,Q3154745,"Sir Isaac Holden, 1st Baronet",,father,wikidata
Q332890,Angus Maude,9210,Q333986,Francis Maude,,child,wikidata
Q4766346,Ann Cryer,222,Q291615,John Cryer,,child,wikidata
Q564093,Annabelle Ewing,4172,Q334015,Winnie Ewing,,mother,wikidata
Q333294,"Anthony Ashley-Cooper, 7th Earl of Shaftesbury",6302,Q1147508,Evelyn Ashley,,child,wikidata
Q333294,"Anthony Ashley-Cooper, 7th Earl of Shaftesbury",6302,Q4772029,"Anthony Ashley-Cooper, 8th Earl of Shaftesbury",,child,wikidata
Q333294,"Anthony Ashley-Cooper, 7th Earl of Shaftesbury",6302,Q13529783,"Wilfrid Ashley, 1st Baron Mount Temple",,grandchild,wikidata
Q333294,"Anthony Ashley-Cooper, 7th Earl of Shaftesbury",6302,Q16066161,Anthony Henry Ashley-Cooper,,sibling,wikidata
Q333294,"Anthony Ashley-Cooper, 7th Earl of Shaftesbury",6302,Q22343752,Anthony John Ashley-Cooper,,sibling,wikidata
Q4772029,"Anthony Ashley-Cooper, 8th Earl of Shaftesbury",6303,Q333294,"Anthony Ashley-Cooper, 7th Earl of Shaftesbury",,father,wikidata
Q4772029,"Anthony Ashley-Cooper, 8th Earl of Shaftesbury",6303,Q13529783,"Wilfrid Ashley, 1st Baron Mount Temple",,nephew/niece,wikidata
Q4772029,"Anthony Ashley-Cooper, 8th Earl of Shaftesbury",6303,Q1147508,Evelyn Ashley,,sibling,wikidata
Q4772112,Anthony Berry,9062,Q6555534,"Lionel Berry, 2nd Viscount Kemsley",,sibling,wikidata
Q15054299,"Anthony Greenwood, Baron Greenwood of Rossendale",4163,Q333174,Arthur Greenwood,,father,wikidata
Q16066161,Anthony Henry Ashley-Cooper,8998,Q1147508,Evelyn Ashley,,nephew/niece,wikidata
Q16066161,Anthony Henry Ashley-Cooper,8998,Q4772029,"Anthony Ashley-Cooper, 8th Earl of Shaftesbury",,nephew/niece,wikidata
Q16066161,Anthony Henry Ashley-Cooper,8998,Q333294,"Anthony Ashley-Cooper, 7th Earl of Shaftesbury",,sibling,wikidata
Q16066161,Anthony Henry Ashley-Cooper,8998,Q22343752,Anthony John Ashley-Cooper,,sibling,wikidata
Q4772767,"Anthony Hurd, Baron Hurd",4458,Q337375,Douglas Hurd,,child,wikidata
Q4772767,"Anthony Hurd, Baron Hurd",4458,Q7167412,Percy Hurd,,father,wikidata
Q4772767,"Anthony Hurd, Baron Hurd",4458,Q691299,Nick Hurd,,grandchild,wikidata
Q22343752,Anthony John Ashley-Cooper,,Q1147508,Evelyn Ashley,,nephew/niece,wikidata
Q22343752,Anthony John Ashley-Cooper,,Q4772029,"Anthony Ashley-Cooper, 8th Earl of Shaftesbury",,nephew/niece,wikidata
Q22343752,Anthony John Ashley-Cooper,,Q16066161,Anthony Henry Ashley-Cooper,,sibling,wikidata
Q22343752,Anthony John Ashley-Cooper,,Q333294,"Anthony Ashley-Cooper, 7th Earl of Shaftesbury",,sibling,wikidata
Q4772933,Anthony Lefroy,2445,Q2599142,Thomas Langlois Lefroy,,father,wikidata
Q18526520,Anthony Maitland,,Q6138829,"James Maitland, 9th Earl of Lauderdale",,sibling,wikidata
Q4786226,Archibald Boyd-Carpenter,3247,Q333334,"John Boyd-Carpenter, Baron Boyd-Carpenter",,child,wikidata
Q4786278,Archibald Cochrane,7747,Q377175,"Thomas Cochrane, 1st Baron Cochrane of Cults",,father,wikidata
Q4786274,"Archibald Corbett, 1st Baron Rowallan",2917,Q7791928,Thomas Lorimer Corbett,,sibling,wikidata
Q21541762,Archibald Hastie,4280,Q26257507,Alexander Hastie,4281,cousin,rush
Q4786374,Archibald James,7752,Q5235553,David James,,child,wikidata
Q20054043,Archibald Stirling,5879,Q334215,"Sir William Stirling-Maxwell, 9th Baronet",,father,wikidata
Q20054043,Archibald Stirling,5879,Q7528094,"Sir John Stirling-Maxwell, 10th Baronet",,sibling,wikidata
Q4786553,"Archibald Williamson, 1st Baron Forres",7746,Q7610865,Stephen Williamson,,father,wikidata
Q4795125,"Arnold Keppel, 8th Earl of Albemarle",1303,Q628089,"William Keppel, 7th Earl of Albemarle",,father,wikidata
Q4795125,"Arnold Keppel, 8th Earl of Albemarle",1303,Q652281,"George Keppel, 6th Earl of Albemarle",,grandparent,wikidata
Q4795181,Arnold Morley,2632,Q7412225,Samuel Morley,,father,wikidata
Q4795181,Arnold Morley,2632,Q15990183,Charles Morley,,sibling,wikidata
Q19008,Arthur Balfour,2186,Q4381482,"James Gascoyne-Cecil, 4th Marquess of Salisbury",1873,cousin,rush
Q19008,Arthur Balfour,2186,Q6138831,James Maitland Balfour,,father,wikidata
Q19008,Arthur Balfour,2186,Q17308768,James Balfour,,grandparent,wikidata
Q19008,Arthur Balfour,2186,Q2917086,"Gerald Balfour, 2nd Earl of Balfour",,sibling,wikidata
Q4797999,Arthur Bignold,3202,Q7410921,Samuel Bignold,,father,wikidata
Q4798072,Arthur Brand,2903,Q336732,"Henry Brand, 1st Viscount Hampden",,father,wikidata
Q4798072,Arthur Brand,2903,Q3132661,"Henry Brand, 2nd Viscount Hampden",,sibling,wikidata
Q7526056,Arthur Cowell-Stepney,2838,Q6227380,John Cowell-Stepney,,father,wikidata
Q4798455,"Arthur Dewar, Lord Dewar",7463,Q6229296,"John Dewar, 1st Baron Forteviot",,sibling,wikidata
Q4798455,"Arthur Dewar, Lord Dewar",7463,Q38367,"Thomas Dewar, 1st Baron Dewar",,sibling,wikidata
Q4798519,Arthur Duncombe,6439,Q4798520,Arthur Duncombe,,child,wikidata
Q4798519,Arthur Duncombe,6439,Q890109,Thomas Slingsby Duncombe,3350,cousin,rush
Q4798520,Arthur Duncombe,1522,Q4798519,Arthur Duncombe,,father,wikidata
Q4798519,Arthur Duncombe,6439,Q8008114,"William Duncombe, 1st Earl of Feversham",,nephew/niece,wikidata
Q4798519,Arthur Duncombe,6439,Q8008115,"William Duncombe, 2nd Baron Feversham",,sibling,wikidata
Q4798519,Arthur Duncombe,6439,Q7076834,Octavius Duncombe,,sibling,wikidata
Q4798589,Arthur Elliot,2043,Q7620964,"William Elliot-Murray-Kynynmound, 3rd Earl of Minto",,father,wikidata
Q4798589,Arthur Elliot,2043,Q5930668,Hugh Elliot,,sibling,wikidata
Q4798743,Arthur Frederick Jeffreys,1822,Q5541083,"George Jeffreys, 1st Baron Jeffreys",,child,wikidata
Q4798751,"Arthur French, 1st Baron de Freyne",,Q5455737,Fitzstephen French,,sibling,wikidata
Q4798804,Arthur George Villiers Peel,7615,Q334165,Arthur Peel,,father,wikidata
Q4798804,Arthur George Villiers Peel,7615,Q181875,Robert Peel,,grandparent,wikidata
Q4798804,Arthur George Villiers Peel,7615,Q7509271,Sidney Peel,,sibling,wikidata
Q4798804,Arthur George Villiers Peel,7615,Q2920090,"William Peel, 1st Earl Peel",,sibling,wikidata
Q4798804,Arthur George Villiers Peel,7615,Q5498541,Frederick Peel,,uncle/aunt,wikidata
Q4798804,Arthur George Villiers Peel,7615,Q4685934,"Sir Robert Peel, 3rd Baronet",,uncle/aunt,wikidata
Q333174,Arthur Greenwood,4166,Q15054299,"Anthony Greenwood, Baron Greenwood of Rossendale",,child,wikidata
Q4798916,Arthur Guest,1748,Q6242277,John Josiah Guest,,father,wikidata
Q4798916,Arthur Guest,1748,Q6904116,Montague Guest,,sibling,wikidata
Q333974,"Arthur Guinness, 1st Baron Ardilaun",1750,Q334284,Benjamin Guinness,,father,wikidata
Q335510,"Arthur Hamilton-Gordon, 1st Baron Stanmore",6826,Q5301898,Douglas Proby,,nephew/niece,wikidata
Q335510,"Arthur Hamilton-Gordon, 1st Baron Stanmore",6826,Q4719056,Alexander Hamilton-Gordon,,sibling,wikidata
Q335510,"Arthur Hamilton-Gordon, 1st Baron Stanmore",6826,Q4702898,"George Hamilton-Gordon, 5th Earl of Aberdeen",,sibling,wikidata
Q335510,"Arthur Hamilton-Gordon, 1st Baron Stanmore",6826,Q6679103,Lord Claud Hamilton,,sibling,wikidata
Q4798999,"Arthur Hayter, 1st Baron Haversham",2046,Q7529624,"Sir William Hayter, 1st Baronet",,father,wikidata
Q4799005,Arthur Heath,7384,Q26719445,Robert Heath,,father,wikidata
Q4799005,Arthur Heath,7384,Q7527435,"Sir James Heath, 1st Baronet",,sibling,wikidata
Q208665,Arthur Henderson,7755,Q8011845,"William Henderson, 1st Baron Henderson",,child,wikidata
Q208665,Arthur Henderson,7755,Q4799010,"Arthur Henderson, Baron Rowley",,child,wikidata
Q4799010,"Arthur Henderson, Baron Rowley",8398,Q208665,Arthur Henderson,,father,wikidata
Q4799010,"Arthur Henderson, Baron Rowley",8398,Q8011845,"William Henderson, 1st Baron Henderson",,sibling,wikidata
Q6678928,Arthur Hill,2275,Q4799074,Arthur Hill,,child,wikidata
Q6678928,Arthur Hill,2275,Q4799073,"Arthur Hill, 4th Marquess of Downshire",,father,wikidata
Q4799074,Arthur Hill,2153,Q6678928,Arthur Hill,,father,wikidata
Q4799074,Arthur Hill,2153,Q4799073,"Arthur Hill, 4th Marquess of Downshire",,grandparent,wikidata
Q4799073,"Arthur Hill, 4th Marquess of Downshire",4368,Q6678928,Arthur Hill,,child,wikidata
Q4799073,"Arthur Hill, 4th Marquess of Downshire",4368,Q4799074,Arthur Hill,,grandchild,wikidata
Q4799073,"Arthur Hill, 4th Marquess of Downshire",4368,Q5346516,"Edwin Hill-Trevor, 1st Baron Trevor",,sibling,wikidata
Q4799090,Arthur Hobhouse,7760,Q5723083,Henry Hobhouse,,father,wikidata
Q3073452,"Arthur Hope, 2nd Baron Rankeillour",9153,Q3072297,"James Hope, 1st Baron Rankeillour",,father,wikidata
Q4799244,Arthur Jared Palmer Howard,8405,Q5294526,"Donald Howard, 3rd Baron Strathcona and Mount Royal",,sibling,wikidata
Q4799273,Arthur John Williams,1050,Q5361224,Eliot Crawshay-Williams,,child,wikidata
Q4799620,Arthur MacMorrough Kavanagh,2377,Q7965529,Walter MacMurrough Kavanagh,,child,wikidata
Q4799620,Arthur MacMorrough Kavanagh,2377,Q25863363,Thomas Kavanagh,,father,wikidata
Q4799734,"Arthur Mills, 3rd Baron Hillingdon",7618,Q5080955,"Charles Mills, 2nd Baron Hillingdon",,father,wikidata
Q4799734,"Arthur Mills, 3rd Baron Hillingdon",7618,Q5080952,"Charles Mills, 1st Baron Hillingdon",,grandparent,wikidata
Q4799734,"Arthur Mills, 3rd Baron Hillingdon",7618,Q5082918,Charles Thomas Mills,,sibling,wikidata
Q4799783,"Arthur Moyses William Hill, 2nd Baron Sandys",6891,Q6758436,"Marcus Sandys, 3rd Baron Sandys",,sibling,wikidata
Q4799783,"Arthur Moyses William Hill, 2nd Baron Sandys",6891,Q24153864,George Hill,,sibling,wikidata
Q4799794,"Arthur Murray, 3rd Viscount Elibank",7757,Q5559635,"Gideon Oliphant-Murray, 2nd Viscount Elibank",,sibling,wikidata
Q4799794,"Arthur Murray, 3rd Viscount Elibank",7757,Q4719716,"Alexander Murray, 1st Baron Murray of Elibank",,sibling,wikidata
Q4799859,Arthur O'Neill,7610,Q5344670,"Edward O'Neill, 2nd Baron O'Neill",,father,wikidata
Q4799859,Arthur O'Neill,7610,Q7181222,"Phelim O'Neill, 2nd Baron Rathcavan",,nephew/niece,wikidata
Q4799859,Arthur O'Neill,7610,Q16010090,"Hugh O'Neill, 1st Baron Rathcavan",,sibling,wikidata
Q4799939,Arthur Pease,2736,Q5735228,"Herbert Pease, 1st Baron Daryngton",,child,wikidata
Q4799939,Arthur Pease,2736,Q6286166,Joseph Pease,,father,wikidata
Q4799939,Arthur Pease,2736,Q6114554,"Jack Pease, 1st Baron Gainford",,nephew/niece,wikidata
Q4799939,Arthur Pease,2736,Q7525972,"Sir Alfred Pease, 2nd Baronet",,nephew/niece,wikidata
Q4799939,Arthur Pease,2736,Q7528199,"Sir Joseph Pease, 1st Baronet",,sibling,wikidata
Q334165,Arthur Peel,2740,Q7509271,Sidney Peel,,child,wikidata
Q334165,Arthur Peel,2740,Q2920090,"William Peel, 1st Earl Peel",,child,wikidata
Q334165,Arthur Peel,2740,Q4798804,Arthur George Villiers Peel,,child,wikidata
Q334165,Arthur Peel,2740,Q181875,Robert Peel,,father,wikidata
Q334165,Arthur Peel,2740,Q5498541,Frederick Peel,,sibling,wikidata
Q334165,Arthur Peel,2740,Q4685934,"Sir Robert Peel, 3rd Baronet",,sibling,wikidata
Q4800348,"Arthur Stanhope, 6th Earl Stanhope",9028,Q286118,"Philip Stanhope, 5th Earl Stanhope",,father,wikidata
Q4800348,"Arthur Stanhope, 6th Earl Stanhope",9028,Q6233592,"Philip Stanhope, 1st Baron Weardale",,sibling,wikidata
Q4800348,"Arthur Stanhope, 6th Earl Stanhope",9028,Q5345405,Edward Stanhope,,sibling,wikidata
Q4800349,Arthur Stanley,7622,Q222458,"Frederick Stanley, 16th Earl of Derby",,father,wikidata
Q4800349,Arthur Stanley,7622,Q237829,"Edward Smith-Stanley, 14th Earl of Derby",,grandparent,wikidata
Q4800349,Arthur Stanley,7622,Q3497552,Oliver Stanley,,nephew/niece,wikidata
Q4800349,Arthur Stanley,7622,Q5345413,"Edward Stanley, Lord Stanley",,nephew/niece,wikidata
Q4800349,Arthur Stanley,7622,Q338427,"Edward Stanley, 17th Earl of Derby",,sibling,wikidata
Q4800349,Arthur Stanley,7622,Q5539480,George Stanley,,sibling,wikidata
Q4800349,Arthur Stanley,7622,Q332789,"Edward Stanley, 15th Earl of Derby",,uncle/aunt,wikidata
Q711588,"Arthur Stanley, 5th Baron Stanley of Alderley",7602,Q5345410,"Edward Stanley, 4th Baron Stanley of Alderley",,father,wikidata
Q711588,"Arthur Stanley, 5th Baron Stanley of Alderley",7602,Q17321359,"Edward Stanley, 2nd Baron Stanley of Alderley",,grandparent,wikidata
Q4800546,Arthur Vivian,2853,Q5083146,"Charles Vivian, 2nd Baron Vivian",7311,cousin,rush
Q4800546,Arthur Vivian,2853,Q6227494,John Vivian,2855,cousin,rush
Q4800546,Arthur Vivian,2853,Q6238967,John Henry Vivian,,father,wikidata
Q4800546,Arthur Vivian,2853,Q12072266,"Henry Vivian, 1st Baron Swansea",,sibling,wikidata
Q4800605,"Arthur Walsh, 2nd Baron Ormathwaite",990,Q4800606,"Arthur Walsh, 3rd Baron Ormathwaite",,child,wikidata
Q4800605,"Arthur Walsh, 2nd Baron Ormathwaite",990,Q6262857,"John Walsh, 1st Baron Ormathwaite",,father,wikidata
Q4800606,"Arthur Walsh, 3rd Baron Ormathwaite",991,Q4800605,"Arthur Walsh, 2nd Baron Ormathwaite",,father,wikidata
Q4800606,"Arthur Walsh, 3rd Baron Ormathwaite",991,Q6262857,"John Walsh, 1st Baron Ormathwaite",,grandparent,wikidata
Q320296,"Arthur Wellesley, 2nd Duke of Wellington",3771,Q334429,"Henry Wellesley, 3rd Duke of Wellington",,nephew/niece,wikidata
Q320296,"Arthur Wellesley, 2nd Duke of Wellington",3771,Q334151,Lord Charles Wellesley,,sibling,wikidata
Q4800673,Arthur William Buller,1294,Q5589832,Charles Buller,,sibling,wikidata
Q4805554,Ashley Ponsonby,5430,Q8016999,"William Ponsonby, 1st Baron de Mauley",,father,wikidata
Q4805554,Ashley Ponsonby,5430,Q5081706,"Charles Ponsonby, 2nd Baron de Mauley",,sibling,wikidata
Q4806083,Ashton Wentworth Dilke,1494,Q338188,"Sir Wentworth Dilke, 1st Baronet",,father,wikidata
Q4806083,Ashton Wentworth Dilke,1494,Q338114,"Sir Charles Dilke, 2nd Baronet",,sibling,wikidata
Q2056806,Auberon Herbert,6886,Q1606850,"Henry Herbert, 3rd Earl of Carnarvon",,father,wikidata
Q337671,"Auckland Geddes, 1st Baron Geddes",4078,Q959198,Eric Geddes,,sibling,wikidata
Q4821369,Augustus Anson,1120,Q7787091,"Thomas Anson, 2nd Earl of Lichfield",,sibling,wikidata
Q4821488,Augustus Macdonald,9040,Q5727493,"Henry Reynolds-Moreton, 3rd Earl of Ducie",,nephew/niece,wikidata
Q4821488,Augustus Macdonald,9040,Q5727490,"Henry Reynolds-Moreton, 2nd Earl of Ducie",,sibling,wikidata
Q188999,Austen Chamberlain,2200,Q315999,Joseph Chamberlain,,father,wikidata
Q188999,Austen Chamberlain,2200,Q10664,Neville Chamberlain,,sibling,wikidata
Q4861635,Barnett Janner,4503,Q1546121,"Greville Janner, Baron Janner of Braunstone",,child,wikidata
Q4867241,Basil Peto,5377,Q7526332,"Sir Christopher Peto, 3rd Baronet",,child,wikidata
Q4867241,Basil Peto,5377,Q4867100,John Peto,,child,wikidata
Q4867241,Basil Peto,5377,Q149062,Samuel Morton Peto,,father,wikidata
Q4877214,Beatrice Wright,6347,Q7804145,Tim Rathbone,,child,wikidata
Q4881234,"Beilby Lawley, 2nd Baron Wenlock",9008,Q4881236,"Beilby Lawley, 3rd Baron Wenlock",,child,wikidata
Q4881234,"Beilby Lawley, 2nd Baron Wenlock",9008,Q7153985,"Paul Thompson, 1st Baron Wenlock",,father,wikidata
Q4881234,"Beilby Lawley, 2nd Baron Wenlock",9008,Q5480488,Francis Charles Lawley,,sibling,wikidata
Q4881236,"Beilby Lawley, 3rd Baron Wenlock",2427,Q4881234,"Beilby Lawley, 2nd Baron Wenlock",,father,wikidata
Q4881236,"Beilby Lawley, 3rd Baron Wenlock",2427,Q7153985,"Paul Thompson, 1st Baron Wenlock",,grandparent,wikidata
Q4881236,"Beilby Lawley, 3rd Baron Wenlock",2427,Q5480488,Francis Charles Lawley,,uncle/aunt,wikidata
Q392174,Ben Gummer,9747,Q333635,John Gummer,,father,wikidata
Q4888257,Benjamin Bathurst,1857,Q4731527,"Allen Bathurst, 6th Earl Bathurst",,father,wikidata
Q334284,Benjamin Guinness,6853,Q333974,"Arthur Guinness, 1st Baron Ardilaun",,child,wikidata
Q4888762,Benjamin Handley,4244,Q26234470,Henry Handley,4242,cousin,rush
Q4888762,Benjamin Handley,4244,Q11802744,William Farnworth Handley,4243,cousin,rush
Q4888762,Benjamin Handley,4244,Q6237583,John Handley,4245,cousin,rush
Q4888811,Benjamin Heywood,,Q6136005,James Heywood,,sibling,wikidata
Q4893013,"Bernard Coleridge, 2nd Baron Coleridge",1397,Q1574706,"John Coleridge, 1st Baron Coleridge",,father,wikidata
Q4893127,"Bernard FitzPatrick, 2nd Baron Castletown",1610,Q6233280,"John FitzPatrick, 1st Baron Castletown",,father,wikidata
Q727852,Bernard Jenkin,387,Q24082,Patrick Jenkin,,father,wikidata
Q4894226,Bernhard Samuelson,817,Q5576536,Godfrey Samuelson,,child,wikidata
Q4894226,Bernhard Samuelson,817,Q5727972,Henry Samuelson,,child,wikidata
Q16741829,Bertie Leighton,7779,Q7599747,Stanley Leighton,,father,wikidata
Q16741829,Bertie Leighton,7779,Q7526095,"Sir Baldwin Leighton, 7th Baronet",,grandparent,wikidata
Q16741829,Bertie Leighton,7779,Q7526096,"Sir Baldwyn Leighton, 8th Baronet",,uncle/aunt,wikidata
Q265900,Bill Wiggin,6283,Q13530072,Jerry Wiggin,,father,wikidata
Q4914194,"Bingham Baring, 2nd Baron Ashburton",832,Q652514,"Alexander Baring, 1st Baron Ashburton",,father,wikidata
Q4914194,"Bingham Baring, 2nd Baron Ashburton",832,Q4718311,"Alexander Baring, 4th Baron Ashburton",,nephew/niece,wikidata
Q4914194,"Bingham Baring, 2nd Baron Ashburton",832,Q5480129,"Francis Baring, 3rd Baron Ashburton",,sibling,wikidata
Q4932182,Bob Cryer,2930,Q291615,John Cryer,,child,wikidata
Q166663,Bonar Law,7412,Q12411364,"Richard Law, 1st Baron Coleraine",,child,wikidata
Q180589,Boris Johnson,4823,Q728063,Jo Johnson,,sibling,wikidata
Q21554127,Brampton Gurdon,6856,Q7345003,"Robert Gurdon, 1st Baron Cranworth",,child,wikidata
Q21554127,Brampton Gurdon,6856,Q11801484,John Gurdon Rebow,,sibling,wikidata
Q4957034,Brandon Rhys-Williams,2942,Q7321835,Rhys Rhys-Williams,,father,wikidata
Q4973233,Brograve Beauchamp,3138,Q5341831,Edward Beauchamp,,father,wikidata
Q4976602,"Brownlow Cecil, 4th Marquess of Exeter",1297,Q8006657,"William Cecil, 3rd Marquess of Exeter",,father,wikidata
Q4976602,"Brownlow Cecil, 4th Marquess of Exeter",1297,Q6679448,Lord John Joicey-Cecil,,sibling,wikidata
Q4980274,Bryan O'Loghlen,7083,Q7528339,"Sir Michael O'Loghlen, 1st Baronet",,father,wikidata
Q4980274,Bryan O'Loghlen,7083,Q7526358,"Sir Colman O'Loghlen, 2nd Baronet",,sibling,wikidata
Q5006934,C. W. Armstrong,6395,Q5718739,Henry Bruce Armstrong,,father,wikidata
Q5056078,"Cecil Foljambe, 1st Earl of Liverpool",1620,Q5481513,Francis Foljambe,,sibling,wikidata
Q5056111,"Cecil Harmsworth, 1st Baron Harmsworth",4260,Q6519187,Leicester Harmsworth,,sibling,wikidata
Q5056199,Cecil Lowther,7981,Q8014752,William Lowther,,father,wikidata
Q5056199,Cecil Lowther,7981,Q5725113,Henry Lowther,,grandparent,wikidata
Q5056199,Cecil Lowther,7981,Q5112765,Christopher Lowther,,nephew/niece,wikidata
Q5056199,Cecil Lowther,7981,Q1680725,"James William Lowther, 1st Viscount Ullswater",,sibling,wikidata
Q5056199,Cecil Lowther,7981,Q5725106,"Henry Lowther, 3rd Earl of Lonsdale",,uncle/aunt,wikidata
Q5074782,Charles A'Court,15,Q8020939,"William à Court-Holmes, 2nd Baron Heytesbury",6905,cousin,rush
Q4057244,Charles Adam,34,Q4020120,William Patrick Adam,,child,wikidata
Q728007,"Charles Anderson-Pelham, 2nd Earl of Yarborough",6256,Q5075117,"Charles Anderson-Pelham, 3rd Earl of Yarborough",,child,wikidata
Q728007,"Charles Anderson-Pelham, 2nd Earl of Yarborough",6256,Q5311943,Dudley Pelham,,sibling,wikidata
Q5075117,"Charles Anderson-Pelham, 3rd Earl of Yarborough",6258,Q728007,"Charles Anderson-Pelham, 2nd Earl of Yarborough",,father,wikidata
Q323773,Charles Beresford,2905,Q6221627,"John Beresford, 5th Marquess of Waterford",,sibling,wikidata
Q5075565,"Charles Berkeley, 3rd Baron FitzHardinge",6561,Q11771724,"Maurice Berkeley, 1st Baron FitzHardinge",,father,wikidata
Q5075565,"Charles Berkeley, 3rd Baron FitzHardinge",6561,Q5480202,"Francis Berkeley, 2nd Baron FitzHardinge",,sibling,wikidata
Q771694,"Charles Bingham, 4th Earl of Lucan",1222,Q5536981,"George Bingham, 5th Earl of Lucan",,child,wikidata
Q5589832,Charles Buller,6608,Q4800673,Arthur William Buller,,sibling,wikidata
Q5075948,Charles Buxton,1309,Q1645717,"Sydney Buxton, 1st Earl Buxton",,child,wikidata
Q5075948,Charles Buxton,1309,Q5591064,"Sir Thomas Buxton, 1st Baronet",,father,wikidata
Q18450,Charles Buxton,7801,Q334449,Thomas Fowell Buxton,,father,wikidata
Q18450,Charles Buxton,7801,Q16066171,"Sir Edward Buxton, 2nd Baronet",,grandparent,wikidata
Q5075948,Charles Buxton,1309,Q5342118,Edward Buxton,,nephew/niece,wikidata
Q5075948,Charles Buxton,1309,Q5480390,Francis Buxton,,nephew/niece,wikidata
Q5075948,Charles Buxton,1309,Q334449,Thomas Fowell Buxton,,nephew/niece,wikidata
Q5075948,Charles Buxton,1309,Q16066171,"Sir Edward Buxton, 2nd Baronet",,sibling,wikidata
Q18450,Charles Buxton,7801,Q2365347,Noel Noel-Buxton,,sibling,wikidata
Q18450,Charles Buxton,7801,Q5342118,Edward Buxton,,uncle/aunt,wikidata
Q18450,Charles Buxton,7801,Q5480390,Francis Buxton,,uncle/aunt,wikidata
Q5076054,Charles Calvert,,Q17153067,Nicolson Calvert,,sibling,wikidata
Q5076148,"Charles Cavendish, 1st Baron Chesham",6637,Q16063121,"William Cavendish, 2nd Baron Chesham",,child,wikidata
Q5076148,"Charles Cavendish, 1st Baron Chesham",6637,Q337887,"George Cavendish, 1st Earl of Burlington",,father,wikidata
Q5076148,"Charles Cavendish, 1st Baron Chesham",6637,Q5719237,Henry Cavendish,,sibling,wikidata
Q5076163,Charles Cecil Cotes,2831,Q26128201,John Cotes,,father,wikidata
Q5076220,"Charles Chetwynd-Talbot, 19th Earl of Shrewsbury",4475,Q93669,"Henry Chetwynd-Talbot, 18th Earl of Shrewsbury",,father,wikidata
Q5076220,"Charles Chetwynd-Talbot, 19th Earl of Shrewsbury",4475,Q19664755,Walter Carpenter,,sibling,wikidata
Q5076220,"Charles Chetwynd-Talbot, 19th Earl of Shrewsbury",4475,Q1477948,Reginald Talbot,,sibling,wikidata
Q26258111,Charles Clements,3519,Q8006887,"William Clements, 3rd Earl of Leitrim",,sibling,wikidata
Q26258111,Charles Clements,3519,Q24254896,Robert Clements,,sibling,wikidata
Q1063964,"Charles Cochrane-Baillie, 2nd Baron Lamington",1387,Q3610747,"Alexander Baillie-Cochrane, 1st Baron Lamington",,father,wikidata
Q1063964,"Charles Cochrane-Baillie, 2nd Baron Lamington",1387,Q7791336,Thomas Cochrane,,grandparent,wikidata
Q337704,"Charles Cripps, 1st Baron Parmoor",1856,Q332405,Stafford Cripps,,child,wikidata
Q5076584,Charles Cumming-Bruce,6601,Q7529613,"Sir William Gordon-Cumming, 2nd Baronet",,sibling,wikidata
Q5076611,Charles Cust,6695,Q4681850,"Adelbert Brownlow-Cust, 3rd Earl Brownlow",,nephew/niece,wikidata
Q5076611,Charles Cust,6695,Q6231485,"John Egerton, Viscount Alford",,sibling,wikidata
Q5076881,Charles Dillwyn-Venables-Llewellyn,6090,Q7527724,"Sir John Dillwyn-Llewellyn, 1st Baronet",,father,wikidata
Q5077003,"Charles Duncombe, 2nd Earl of Feversham",7382,Q8008117,"William Duncombe, Viscount Helmsley",,father,wikidata
Q5077003,"Charles Duncombe, 2nd Earl of Feversham",7382,Q8008114,"William Duncombe, 1st Earl of Feversham",,grandparent,wikidata
Q5077003,"Charles Duncombe, 2nd Earl of Feversham",7382,Q26129113,Hubert Duncombe,,uncle/aunt,wikidata
Q16066415,"Charles Evelyn Pierrepont, Viscount Newark",9404,Q5081660,"Charles Pierrepont, 4th Earl Manvers",,nephew/niece,wikidata
Q16066415,"Charles Evelyn Pierrepont, Viscount Newark",9404,Q7660092,"Sydney Pierrepont, 3rd Earl Manvers",,sibling,wikidata
Q5077684,"Charles FitzGerald, 4th Duke of Leinster",4594,Q6679840,Lord Otho FitzGerald,,sibling,wikidata
Q560595,Charles FitzRoy,,Q213756,Robert FitzRoy,,sibling,wikidata
Q5077724,Charles Forbes,,Q24568591,John Forbes,,child,wikidata
Q5077866,Charles Frederick White,7794,Q15998908,Charles Frederick White,,child,wikidata
Q15998908,Charles Frederick White,8425,Q5077866,Charles Frederick White,,father,wikidata
Q5077886,Charles Frewen,4040,Q6911461,Moreton Frewen,,nephew/niece,wikidata
Q5077886,Charles Frewen,4040,Q26293147,Thomas Turner,,sibling,wikidata
Q167386,Charles Gavan Duffy,3798,Q1507405,George Gavan Duffy,,child,wikidata
Q17027787,Charles George Tottenham,2776,Q24568666,Charles Tottenham,,father,wikidata
Q333488,"Charles Gordon-Lennox, 6th Duke of Richmond",9033,Q6852229,Lord Walter Gordon-Lennox,,child,wikidata
Q333488,"Charles Gordon-Lennox, 6th Duke of Richmond",9033,Q333879,"Charles Gordon-Lennox, 7th Duke of Richmond",,child,wikidata
Q333488,"Charles Gordon-Lennox, 6th Duke of Richmond",9033,Q3784916,Lord Henry Lennox,,sibling,wikidata
Q333488,"Charles Gordon-Lennox, 6th Duke of Richmond",9033,Q3610759,Lord Alexander Gordon-Lennox,,sibling,wikidata
Q333488,"Charles Gordon-Lennox, 6th Duke of Richmond",9033,Q3760464,Lord George Gordon-Lennox,,sibling,wikidata
Q333879,"Charles Gordon-Lennox, 7th Duke of Richmond",2570,Q333488,"Charles Gordon-Lennox, 6th Duke of Richmond",,father,wikidata
Q333879,"Charles Gordon-Lennox, 7th Duke of Richmond",2570,Q6852229,Lord Walter Gordon-Lennox,,sibling,wikidata
Q333452,"Charles Grant, 1st Baron Glenelg",6832,Q2157350,Robert Grant,,sibling,wikidata
Q5078424,Charles Grenfell,6841,Q5722211,Henry Grenfell,,child,wikidata
Q5078424,Charles Grenfell,6841,Q5078425,Charles Grenfell,,child,wikidata
Q5078425,Charles Grenfell,6842,Q333887,"William Grenfell, 1st Baron Desborough",,child,wikidata
Q5078425,Charles Grenfell,6842,Q5078424,Charles Grenfell,,father,wikidata
Q5078424,Charles Grenfell,6841,Q5343174,"Edward Grenfell, 1st Baron St Just",,grandchild,wikidata
Q5078424,Charles Grenfell,6841,Q333887,"William Grenfell, 1st Baron Desborough",,grandchild,wikidata
Q5078425,Charles Grenfell,6842,Q5343174,"Edward Grenfell, 1st Baron St Just",,nephew/niece,wikidata
Q5078425,Charles Grenfell,6842,Q5722211,Henry Grenfell,,sibling,wikidata
Q5078440,Charles Grey,6846,Q333336,"Albert Grey, 4th Earl Grey",,child,wikidata
Q5078440,Charles Grey,6846,Q320291,"Henry Grey, 3rd Earl Grey",,sibling,wikidata
Q17198948,Charles Griffith-Wynne,,Q14945475,Charles Wynne,,child,wikidata
Q5077407,Charles Hambro,7375,Q4764262,Angus Hambro,,sibling,wikidata
Q5078742,"Charles Hanbury-Tracy, 1st Baron Sudeley",7290,Q5722542,Henry Hanbury-Tracy,,child,wikidata
Q5078743,"Charles Hanbury-Tracy, 4th Baron Sudeley",2214,Q7790384,,,father,wikidata
Q5078743,"Charles Hanbury-Tracy, 4th Baron Sudeley",2214,Q5497958,Frederick Hanbury-Tracy,,sibling,wikidata
Q5078764,"Charles Hardinge, 2nd Viscount Hardinge",4253,Q332793,"Henry Hardinge, 1st Viscount Hardinge",,father,wikidata
Q5078764,"Charles Hardinge, 2nd Viscount Hardinge",4253,Q7965251,"Walter James, 2nd Baron Northbourne",,nephew/niece,wikidata
Q5078764,"Charles Hardinge, 2nd Viscount Hardinge",4253,Q7965252,"Walter James, 1st Baron Northbourne",,sibling,wikidata
Q5078951,Charles Henry Lyell,7603,Q6525517,"Leonard Lyell, 1st Baron Lyell",,father,wikidata
Q5078970,Charles Henry Roberts,7798,Q8001983,Wilfrid Roberts,,child,wikidata
Q5078985,Charles Henry Williams,1052,Q7526795,"Sir Frederick Williams, 2nd Baronet",,sibling,wikidata
Q5079116,Charles Hope,9017,Q7790796,Thomas Hope,,child,wikidata
Q5079116,Charles Hope,9017,Q6136223,James Hope,,sibling,wikidata
Q5079173,Charles Howard,2311,Q337630,"George Howard, 9th Earl of Carlisle",,child,wikidata
Q5079173,Charles Howard,2311,Q337615,"Charles Howard, 10th Earl of Carlisle",,grandchild,wikidata
Q5079173,Charles Howard,2311,Q5534679,Geoffrey Howard,,grandchild,wikidata
Q5079173,Charles Howard,2311,Q2079517,"George Howard, 7th Earl of Carlisle",,sibling,wikidata
Q5079173,Charles Howard,2311,Q5343513,"Edward Howard, 1st Baron Lanerton",,sibling,wikidata
Q337615,"Charles Howard, 10th Earl of Carlisle",5117,Q337630,"George Howard, 9th Earl of Carlisle",,father,wikidata
Q337615,"Charles Howard, 10th Earl of Carlisle",5117,Q5079173,Charles Howard,,grandparent,wikidata
Q337615,"Charles Howard, 10th Earl of Carlisle",5117,Q5534679,Geoffrey Howard,,sibling,wikidata
Q5079163,"Charles Howard, 17th Earl of Suffolk",3021,Q13582499,"Henry Howard, 18th Earl of Suffolk",,child,wikidata
Q5079163,"Charles Howard, 17th Earl of Suffolk",3021,Q6136292,James Howard,,sibling,wikidata
Q5079163,"Charles Howard, 17th Earl of Suffolk",3021,Q5729143,Henry Thomas Howard,,sibling,wikidata
Q5079274,Charles Ichabod Wright,1090,Q5728455,Henry Smith Wright,,sibling,wikidata
Q5079478,Charles Jasper Selwyn,7195,Q5083588,Charles William Selwyn,,child,wikidata
Q5079549,Charles John Wingfield,1074,Q7323926,Richard Wingfield-Baker,,sibling,wikidata
Q5079740,Charles Kemeys-Tynte,6064,Q5079532,Charles Kemeys-Tynte,,child,wikidata
Q5079532,Charles Kemeys-Tynte,6063,Q5079740,Charles Kemeys-Tynte,,father,wikidata
Q21548516,Charles Knightley,6966,Q7284541,"Rainald Knightley, 1st Baron Knightley",,child,wikidata
Q5080257,Charles Lindsay,2473,Q6128537,James Lindsay,,sibling,wikidata
Q5080266,Charles Lindsay Orr-Ewing,1999,Q5982042,Ian Orr-Ewing,,child,wikidata
Q5080266,Charles Lindsay Orr-Ewing,1999,Q7526041,"Sir Archibald Orr-Ewing, 1st Baronet",,father,wikidata
Q18670887,Charles Lushington,4786,Q7609831,Stephen Lushington,,sibling,wikidata
Q1026930,"Charles Lyttelton, 8th Viscount Cobham",2507,Q6245664,"John Lyttelton, 9th Viscount Cobham",,child,wikidata
Q1026930,"Charles Lyttelton, 8th Viscount Cobham",2507,Q2892622,"Oliver Lyttelton, 1st Viscount Chandos",,nephew/niece,wikidata
Q1026930,"Charles Lyttelton, 8th Viscount Cobham",2507,Q3395941,Alfred Lyttelton,,sibling,wikidata
Q5080630,Charles Manners Lushington,4789,Q7610422,Stephen Rumbold Lushington,,father,wikidata
Q3666446,"Charles Manners, 6th Duke of Rutland",9011,Q13529987,Lord Cecil Manners,,nephew/niece,wikidata
Q3666446,"Charles Manners, 6th Duke of Rutland",9011,Q3784973,"Henry Manners, 8th Duke of Rutland",,nephew/niece,wikidata
Q3666446,"Charles Manners, 6th Duke of Rutland",9011,Q6679211,Lord Edward Manners,,nephew/niece,wikidata
Q3666446,"Charles Manners, 6th Duke of Rutland",9011,Q13529986,Lord George Manners,,sibling,wikidata
Q3666446,"Charles Manners, 6th Duke of Rutland",9011,Q2086683,"John Manners, 7th Duke of Rutland",,sibling,wikidata
Q334203,"Charles Manners-Sutton, 1st Viscount Canterbury",5929,Q334234,"John Manners-Sutton, 3rd Viscount Canterbury",,child,wikidata
Q5075009,Charles Marjoribanks,7010,Q5239121,"David Robertson, 1st Baron Marjoribanks",,sibling,wikidata
Q5080735,Charles Maule Ramsay,7621,Q6254150,"John Ramsay, 13th Earl of Dalhousie",,sibling,wikidata
Q5080854,"Charles McLaren, 1st Baron Aberconway",7651,Q5725740,Henry McLaren,,child,wikidata
Q5080854,"Charles McLaren, 1st Baron Aberconway",7651,Q5481905,Francis McLaren,,child,wikidata
Q5080854,"Charles McLaren, 1st Baron Aberconway",7651,Q5314516,Duncan McLaren,,father,wikidata
Q5080854,"Charles McLaren, 1st Baron Aberconway",7651,Q6776167,Martin McLaren,,grandchild,wikidata
Q5080854,"Charles McLaren, 1st Baron Aberconway",7651,Q7965601,Walter McLaren,,sibling,wikidata
Q5080854,"Charles McLaren, 1st Baron Aberconway",7651,Q6248044,John McLaren,,sibling,wikidata
Q5080952,"Charles Mills, 1st Baron Hillingdon",2606,Q5080955,"Charles Mills, 2nd Baron Hillingdon",,child,wikidata
Q5080952,"Charles Mills, 1st Baron Hillingdon",2606,Q4799734,"Arthur Mills, 3rd Baron Hillingdon",,grandchild,wikidata
Q5080952,"Charles Mills, 1st Baron Hillingdon",2606,Q5082918,Charles Thomas Mills,,grandchild,wikidata
Q5080955,"Charles Mills, 2nd Baron Hillingdon",2607,Q4799734,"Arthur Mills, 3rd Baron Hillingdon",,child,wikidata
Q5080955,"Charles Mills, 2nd Baron Hillingdon",2607,Q5082918,Charles Thomas Mills,,child,wikidata
Q5080955,"Charles Mills, 2nd Baron Hillingdon",2607,Q5080952,"Charles Mills, 1st Baron Hillingdon",,father,wikidata
Q5078003,Charles Milnes Gaskell,1666,Q6139821,James Milnes Gaskell,,father,wikidata
Q5081069,"Charles Morgan, 1st Baron Tredegar",7050,Q5576507,"Godfrey Morgan, 1st Viscount Tredegar",,child,wikidata
Q5081069,"Charles Morgan, 1st Baron Tredegar",7050,Q5497586,Frederick Courtenay Morgan,,child,wikidata
Q5081069,"Charles Morgan, 1st Baron Tredegar",7050,Q5082144,Charles Rodney Morgan,,child,wikidata
Q5081069,"Charles Morgan, 1st Baron Tredegar",7050,Q5081341,Octavius Morgan,,sibling,wikidata
Q15990183,Charles Morley,1991,Q7412225,Samuel Morley,,father,wikidata
Q15990183,Charles Morley,1991,Q4795181,Arnold Morley,,sibling,wikidata
Q5081098,Charles Morris,8429,Q333326,"Estelle Morris, Baroness Morris of Yardley",,child,wikidata
Q5081098,Charles Morris,8429,Q336911,Alf Morris,,sibling,wikidata
Q5081103,Charles Morrison,8423,Q6249506,"John Morrison, 1st Baron Margadale",,father,wikidata
Q5081103,Charles Morrison,8423,Q5932043,Hugh Morrison,,grandparent,wikidata
Q5081103,Charles Morrison,8423,Q7175955,Peter Morrison,,sibling,wikidata
Q5081248,Charles N. P. Phipps,2758,Q5081537,Charles Paul Phipps,,father,wikidata
Q5081258,"Charles Noel, 2nd Earl of Gainsborough",7070,Q5393618,Ernest Noel,2666,cousin,rush
Q5081258,"Charles Noel, 2nd Earl of Gainsborough",7070,Q13530009,Gerard Noel,,sibling,wikidata
Q5081398,Charles Owen O'Conor,2683,Q5257434,Denis O'Conor,,father,wikidata
Q5081398,Charles Owen O'Conor,2683,Q5257380,Denis Maurice O'Conor,,sibling,wikidata
Q5081537,Charles Paul Phipps,2759,Q5081248,Charles N. P. Phipps,,child,wikidata
Q5081660,"Charles Pierrepont, 4th Earl Manvers",2659,Q7660092,"Sydney Pierrepont, 3rd Earl Manvers",,father,wikidata
Q5081706,"Charles Ponsonby, 2nd Baron de Mauley",5429,Q8016999,"William Ponsonby, 1st Baron de Mauley",,father,wikidata
Q5081706,"Charles Ponsonby, 2nd Baron de Mauley",5429,Q4805554,Ashley Ponsonby,,sibling,wikidata
Q21079151,Charles Powell Leslie,2457,Q7527888,"Sir John Leslie, 1st Baronet",,sibling,wikidata
Q5081999,"Charles Rhys, 8th Baron Dynevor",5561,Q7965958,"Walter Rice, 7th Baron Dynevor",,father,wikidata
Q5082144,Charles Rodney Morgan,7051,Q5081069,"Charles Morgan, 1st Baron Tredegar",,father,wikidata
Q5082144,Charles Rodney Morgan,7051,Q5576507,"Godfrey Morgan, 1st Viscount Tredegar",,sibling,wikidata
Q5082144,Charles Rodney Morgan,7051,Q5497586,Frederick Courtenay Morgan,,sibling,wikidata
Q5082431,Charles Seely,833,Q7526292,"Sir Charles Seely, 1st Baronet",,child,wikidata
Q5082431,Charles Seely,833,Q7526294,"Sir Charles Seely, 2nd Baronet",,grandchild,wikidata
Q5082431,Charles Seely,833,Q6105456,"John Seely, 1st Baron Mottistone",,grandchild,wikidata
Q205777,"Charles Shaw-Lefevre, 1st Viscount Eversley",7202,Q5544472,"George Shaw-Lefevre, 1st Baron Eversley",,nephew/niece,wikidata
Q205777,"Charles Shaw-Lefevre, 1st Viscount Eversley",7202,Q6257470,John Shaw-Lefevre,,sibling,wikidata
Q1066568,Charles Sibthorp,5742,Q26292488,Gervaise Waldo-Sibthorp,,child,wikidata
Q5082570,"Charles Somers-Cocks, 3rd Earl Somers",3842,Q6258484,"John Somers-Cocks, 2nd Earl Somers",,father,wikidata
Q2544868,"Charles Spencer, 6th Earl Spencer",2058,Q335529,"Frederick Spencer, 4th Earl Spencer",,father,wikidata
Q2544868,"Charles Spencer, 6th Earl Spencer",2058,Q333281,"John Spencer, 5th Earl Spencer",,sibling,wikidata
Q317436,Charles Stewart Parnell,2727,Q6240076,John Howard Parnell,,sibling,wikidata
Q5082737,"Charles Stuart-Wortley, 1st Baron Stuart of Wortley",2123,Q6143798,James Stuart-Wortley,,father,wikidata
Q5082918,Charles Thomas Mills,7620,Q5080955,"Charles Mills, 2nd Baron Hillingdon",,father,wikidata
Q5082918,Charles Thomas Mills,7620,Q5080952,"Charles Mills, 1st Baron Hillingdon",,grandparent,wikidata
Q5082918,Charles Thomas Mills,7620,Q4799734,"Arthur Mills, 3rd Baron Hillingdon",,sibling,wikidata
Q24568666,Charles Tottenham,7286,Q17027787,Charles George Tottenham,,child,wikidata
Q21165641,Charles Towneley,6018,Q6261064,John Towneley,,sibling,wikidata
Q5083069,Charles Tyrrell Giles,1680,Q4722730,Alfred Giles,,father,wikidata
Q5083121,"Charles Vane-Tempest-Stewart, 6th Marquess of Londonderry",1341,Q333368,"Charles Vane-Tempest-Stewart, 7th Marquess of Londonderry",,child,wikidata
Q5083121,"Charles Vane-Tempest-Stewart, 6th Marquess of Londonderry",1341,Q5261284,"George Vane-Tempest, 5th Marquess of Londonderry",,father,wikidata
Q5083121,"Charles Vane-Tempest-Stewart, 6th Marquess of Londonderry",1341,Q7352839,"Robin Vane-Tempest-Stewart, 8th Marquess of Londonderry",,grandchild,wikidata
Q333368,"Charles Vane-Tempest-Stewart, 7th Marquess of Londonderry",7487,Q7352839,"Robin Vane-Tempest-Stewart, 8th Marquess of Londonderry",,child,wikidata
Q333368,"Charles Vane-Tempest-Stewart, 7th Marquess of Londonderry",7487,Q5083121,"Charles Vane-Tempest-Stewart, 6th Marquess of Londonderry",,father,wikidata
Q333368,"Charles Vane-Tempest-Stewart, 7th Marquess of Londonderry",7487,Q5261284,"George Vane-Tempest, 5th Marquess of Londonderry",,grandparent,wikidata
Q5083146,"Charles Vivian, 2nd Baron Vivian",7311,Q4800546,Arthur Vivian,2853,cousin,rush
Q5083146,"Charles Vivian, 2nd Baron Vivian",7311,Q12072266,"Henry Vivian, 1st Baron Swansea",2854,cousin,rush
Q5083146,"Charles Vivian, 2nd Baron Vivian",7311,Q3787726,"Hussey Vivian, 1st Baron Vivian",,father,wikidata
Q5083146,"Charles Vivian, 2nd Baron Vivian",7311,Q6227494,John Vivian,,sibling,wikidata
Q26235811,Charles Waring,7326,Q7966382,Walter Waring,,child,wikidata
Q5083442,Charles Wentworth-FitzWilliam,1018,Q5083446,"Charles Wentworth-Fitzwilliam, 5th Earl Fitzwilliam",,father,wikidata
Q5083442,Charles Wentworth-FitzWilliam,1018,Q5730014,Henry Wentworth-FitzWilliam,,nephew/niece,wikidata
Q5083442,Charles Wentworth-FitzWilliam,1018,Q8020193,"William Wentworth-FitzWilliam, Viscount Milton",,nephew/niece,wikidata
Q5083442,Charles Wentworth-FitzWilliam,1018,Q6263500,John Wentworth-FitzWilliam,,nephew/niece,wikidata
Q5083442,Charles Wentworth-FitzWilliam,1018,Q8020195,"William Wentworth-Fitzwilliam, 6th Earl Fitzwilliam",,sibling,wikidata
Q5083442,Charles Wentworth-FitzWilliam,1018,Q26254028,"William Wentworth-Fitzwilliam, Viscount Milton",,sibling,wikidata
Q5083442,Charles Wentworth-FitzWilliam,1018,Q5546159,George Wentworth-FitzWilliam,,sibling,wikidata
Q5083446,"Charles Wentworth-Fitzwilliam, 5th Earl Fitzwilliam",5265,Q8020195,"William Wentworth-Fitzwilliam, 6th Earl Fitzwilliam",,child,wikidata
Q5083446,"Charles Wentworth-Fitzwilliam, 5th Earl Fitzwilliam",5265,Q5083442,Charles Wentworth-FitzWilliam,,child,wikidata
Q5083446,"Charles Wentworth-Fitzwilliam, 5th Earl Fitzwilliam",5265,Q26254028,"William Wentworth-Fitzwilliam, Viscount Milton",,child,wikidata
Q5083446,"Charles Wentworth-Fitzwilliam, 5th Earl Fitzwilliam",5265,Q5546159,George Wentworth-FitzWilliam,,child,wikidata
Q5083446,"Charles Wentworth-Fitzwilliam, 5th Earl Fitzwilliam",5265,Q5730014,Henry Wentworth-FitzWilliam,,grandchild,wikidata
Q5083446,"Charles Wentworth-Fitzwilliam, 5th Earl Fitzwilliam",5265,Q8020193,"William Wentworth-FitzWilliam, Viscount Milton",,grandchild,wikidata
Q5083446,"Charles Wentworth-Fitzwilliam, 5th Earl Fitzwilliam",5265,Q6263500,John Wentworth-FitzWilliam,,grandchild,wikidata
Q26415474,Charles William Packe,5303,Q15616177,George Hussey Packe,,sibling,wikidata
Q5083588,Charles William Selwyn,837,Q5079478,Charles Jasper Selwyn,,father,wikidata
Q5083590,Charles William White,1031,Q5730053,"Henry White, 1st Baron Annaly",,father,wikidata
Q5083590,Charles William White,1031,Q6702449,"Luke White, 2nd Baron Annaly",,sibling,wikidata
Q213150,Charles Williams-Wynn,6316,Q16059942,Charles Williams-Wynn,,child,wikidata
Q16059942,Charles Williams-Wynn,1097,Q7529429,"Sir Watkin Williams-Wynn, 6th Baronet",1098,cousin,rush
Q16059942,Charles Williams-Wynn,1097,Q19819903,Herbert Williams-Wynn,7027,cousin,rush
Q16059942,Charles Williams-Wynn,1097,Q213150,Charles Williams-Wynn,,father,wikidata
Q213150,Charles Williams-Wynn,6316,Q19819903,Herbert Williams-Wynn,,nephew/niece,wikidata
Q213150,Charles Williams-Wynn,6316,Q7529429,"Sir Watkin Williams-Wynn, 6th Baronet",,nephew/niece,wikidata
Q213150,Charles Williams-Wynn,6316,Q7529424,"Sir Watkin Williams-Wynn, 5th Baronet",,sibling,wikidata
Q5083625,"Charles Wilson, 1st Baron Nunburnholme",1067,Q5083626,"Charles Wilson, 2nd Baron Nunburnholme",,child,wikidata
Q5083625,"Charles Wilson, 1st Baron Nunburnholme",1067,Q5622292,Guy Greville Wilson,,child,wikidata
Q5083626,"Charles Wilson, 2nd Baron Nunburnholme",9397,Q5083625,"Charles Wilson, 1st Baron Nunburnholme",,father,wikidata
Q5083626,"Charles Wilson, 2nd Baron Nunburnholme",9397,Q5622292,Guy Greville Wilson,,sibling,wikidata
Q5083684,"Charles Wood, 2nd Earl of Halifax",4495,Q333426,"Edward Wood, 1st Earl of Halifax",,father,wikidata
Q5083684,"Charles Wood, 2nd Earl of Halifax",4495,Q7330071,"Richard Wood, Baron Holderness",,sibling,wikidata
Q5083737,Charles Wykeham-Martin,1093,Q7184589,Philip Wykeham-Martin,,child,wikidata
Q5083743,Charles Wyndham,6312,Q13530077,Henry Wyndham,,sibling,wikidata
Q2462181,"Charles Wynn-Carington, 1st Marquess of Lincolnshire",6630,Q7342786,"Robert Carrington, 2nd Baron Carrington",,father,wikidata
Q2462181,"Charles Wynn-Carington, 1st Marquess of Lincolnshire",6630,Q8006547,William Carington,,sibling,wikidata
Q2462181,"Charles Wynn-Carington, 1st Marquess of Lincolnshire",6630,Q7380262,"Rupert Carington, 4th Baron Carrington",,sibling,wikidata
Q14945475,Charles Wynne,6273,Q17198948,Charles Griffith-Wynne,,father,wikidata
Q5083776,"Charles Yorke, 4th Earl of Hardwicke",6321,Q337983,"Charles Yorke, 5th Earl of Hardwicke",,child,wikidata
Q5083776,"Charles Yorke, 4th Earl of Hardwicke",6321,Q5365591,Elliot Yorke,,child,wikidata
Q5083776,"Charles Yorke, 4th Earl of Hardwicke",6321,Q6249777,Joseph Sydney Yorke,,father,wikidata
Q5083776,"Charles Yorke, 4th Earl of Hardwicke",6321,Q5361267,Eliot Yorke,,sibling,wikidata
Q337983,"Charles Yorke, 5th Earl of Hardwicke",792,Q5083776,"Charles Yorke, 4th Earl of Hardwicke",,father,wikidata
Q337983,"Charles Yorke, 5th Earl of Hardwicke",792,Q6249777,Joseph Sydney Yorke,,grandparent,wikidata
Q337983,"Charles Yorke, 5th Earl of Hardwicke",792,Q5365591,Elliot Yorke,,sibling,wikidata
Q337983,"Charles Yorke, 5th Earl of Hardwicke",792,Q5361267,Eliot Yorke,,uncle/aunt,wikidata
Q4936901,Charlotte Atkins,99,Q7364652,Ronald Atkins,,father,wikidata
Q1960282,"Chichester Parkinson-Fortescue, 1st Baron Carlingford",1632,Q7789736,"Thomas Fortescue, 1st Baron Clermont",,sibling,wikidata
Q5111934,Christopher Beckett Denison,1480,Q7526465,"Sir Edmund Beckett, 4th Baronet",,father,wikidata
Q5111934,Christopher Beckett Denison,1480,Q5553468,Gervase Beckett,,nephew/niece,wikidata
Q5111934,Christopher Beckett Denison,1480,Q5392782,"Ernest Beckett, 2nd Baron Grimthorpe",,nephew/niece,wikidata
Q5111934,Christopher Beckett Denison,1480,Q8005295,William Beckett-Denison,,sibling,wikidata
Q17081399,Christopher Blackett,3225,Q6222086,John Blackett,,child,wikidata
Q5113428,Christopher Codrington,6665,Q322902,William John Codrington,3551,cousin,rush
Q5112765,Christopher Lowther,7810,Q1680725,"James William Lowther, 1st Viscount Ullswater",,father,wikidata
Q5112765,Christopher Lowther,7810,Q8014752,William Lowther,,grandparent,wikidata
Q5112765,Christopher Lowther,7810,Q5056199,Cecil Lowther,,uncle/aunt,wikidata
Q5112976,Christopher Nyholm Shawcross,5720,Q334142,Hartley Shawcross,,sibling,wikidata
Q336050,Christopher Soames,9213,Q390192,Nicholas Soames,,child,wikidata
Q26196798,Christopher Tower,6016,Q26211783,Christopher Tower,,child,wikidata
Q26211783,Christopher Tower,6015,Q26196798,Christopher Tower,,father,wikidata
Q26258131,Christopher Weguelin,7333,Q7792234,Thomas Matthias Weguelin,,father,wikidata
Q6679084,Clarence Paget,7094,Q4733782,"Almeric Paget, 1st Baron Queenborough",,nephew/niece,wikidata
Q6679084,Clarence Paget,7094,Q5726659,"Henry Paget, 3rd Marquess of Anglesey",,nephew/niece,wikidata
Q6679084,Clarence Paget,7094,Q13582500,"Henry Paget, 2nd Marquess of Anglesey",,sibling,wikidata
Q6679084,Clarence Paget,7094,Q6680031,William Paget,,sibling,wikidata
Q6679084,Clarence Paget,7094,Q369723,Lord Alfred Paget,,sibling,wikidata
Q6679084,Clarence Paget,7094,Q10288965,Lord George Paget,,sibling,wikidata
Q5128637,Claud Heathcote-Drummond-Willoughby,6219,Q7620761,"Gilbert Heathcote-Drummond-Willoughby, 1st Earl of Ancaster",,father,wikidata
Q5128637,Claud Heathcote-Drummond-Willoughby,6219,Q5560967,"Gilbert Heathcote, 1st Baron Aveland",,grandparent,wikidata
Q5128637,Claud Heathcote-Drummond-Willoughby,6219,Q6135821,"James Heathcote-Drummond-Willoughby, 3rd Earl of Ancaster",,nephew/niece,wikidata
Q5128637,Claud Heathcote-Drummond-Willoughby,6219,Q5560968,"Gilbert Heathcote-Drummond-Willoughby, 2nd Earl of Ancaster",,sibling,wikidata
Q5134501,Clive Bossom,3265,Q4683988,Alfred Bossom,,father,wikidata
Q26756847,Coleridge Kennard,6953,Q5339553,Edmund Kennard,,sibling,wikidata
Q5182718,Craven Berkeley,6562,Q5480202,"Francis Berkeley, 2nd Baron FitzHardinge",,nephew/niece,wikidata
Q5182718,Craven Berkeley,6562,Q5075565,"Charles Berkeley, 3rd Baron FitzHardinge",,nephew/niece,wikidata
Q5182718,Craven Berkeley,6562,Q11771724,"Maurice Berkeley, 1st Baron FitzHardinge",,sibling,wikidata
Q5182718,Craven Berkeley,6562,Q5721264,Henry FitzHardinge Berkeley,,sibling,wikidata
Q5182718,Craven Berkeley,6562,Q333400,Grantley Berkeley,,sibling,wikidata
Q5184522,Cresswell Cresswell,3627,Q26208214,Addison Cresswell,,sibling,wikidata
Q5187561,"Cromartie Sutherland-Leveson-Gower, 4th Duke of Sutherland",893,Q333933,"George Sutherland-Leveson-Gower, 3rd Duke of Sutherland",,father,wikidata
Q5196793,Cuthbert James,7819,Q7965251,"Walter James, 2nd Baron Northbourne",,father,wikidata
Q5196793,Cuthbert James,7819,Q7965252,"Walter James, 1st Baron Northbourne",,grandparent,wikidata
Q314917,Daniel O'Connell,5248,Q6793386,Maurice O'Connell,,child,wikidata
Q314917,Daniel O'Connell,5248,Q3809512,John O'Connell,,child,wikidata
Q314917,Daniel O'Connell,5248,Q5218291,Daniel O'Connell,,child,wikidata
Q314917,Daniel O'Connell,5248,Q6911794,Morgan O'Connell,,child,wikidata
Q5218291,Daniel O'Connell,5245,Q21548703,Morgan O'Connell,5246,cousin,rush
Q5218291,Daniel O'Connell,5245,Q314917,Daniel O'Connell,,father,wikidata
Q5218291,Daniel O'Connell,5245,Q6793386,Maurice O'Connell,,sibling,wikidata
Q5218291,Daniel O'Connell,5245,Q3809512,John O'Connell,,sibling,wikidata
Q5218291,Daniel O'Connell,5245,Q6911794,Morgan O'Connell,,sibling,wikidata
Q5231112,David Barclay,6532,Q4718571,Alexander Charles Barclay,,child,wikidata
Q5231233,"David Beatty, 2nd Earl Beatty",3260,Q7365334,Ronald Tree,,sibling,wikidata
Q5231862,David Brynmor Jones,2132,Q6519485,"Leifchild Leif-Jones, 1st Baron Rhayader",,sibling,wikidata
Q21548522,David Colthurst,2805,Q5538071,"Sir George Colthurst, 5th Baronet",,sibling,wikidata
Q26218307,David Guardi Ker,,Q7327054,Richard Ker,,child,wikidata
Q26218307,David Guardi Ker,,Q5240093,David Stewart Ker,,child,wikidata
Q26218307,David Guardi Ker,,Q7329984,Richard William Blackwood Ker,,grandchild,wikidata
Q5235553,David James,8464,Q4786374,Archibald James,,father,wikidata
Q3703236,"David Lindsay, 27th Earl of Crawford",1830,Q6138080,James Lindsay,,child,wikidata
Q3703236,"David Lindsay, 27th Earl of Crawford",1830,Q5236632,"David Lindsay, 28th Earl of Crawford",,child,wikidata
Q3703236,"David Lindsay, 27th Earl of Crawford",1830,Q336404,"James Lindsay, 26th Earl of Crawford",,father,wikidata
Q3703236,"David Lindsay, 27th Earl of Crawford",1830,Q335822,"Robert Lindsay, 29th Earl of Crawford",,grandchild,wikidata
Q5236632,"David Lindsay, 28th Earl of Crawford",3092,Q335822,"Robert Lindsay, 29th Earl of Crawford",,child,wikidata
Q5236632,"David Lindsay, 28th Earl of Crawford",3092,Q3703236,"David Lindsay, 27th Earl of Crawford",,father,wikidata
Q5236632,"David Lindsay, 28th Earl of Crawford",3092,Q336404,"James Lindsay, 26th Earl of Crawford",,grandparent,wikidata
Q5236632,"David Lindsay, 28th Earl of Crawford",3092,Q6138080,James Lindsay,,sibling,wikidata
Q134982,David Lloyd George,2206,Q6808694,Megan Lloyd George,,child,wikidata
Q134982,David Lloyd George,2206,Q333823,"Gwilym Lloyd George, 1st Viscount Tenby",,child,wikidata
Q17423536,David Lyon,,Q26214250,William Lyon,,sibling,wikidata
Q5237163,David Marshall Mason,7829,Q7609917,Stephen Mason,,father,wikidata
Q272670,David Miliband,5301,Q216594,Ed Miliband,,sibling,wikidata
Q5237629,David Mitchell,9226,Q333261,Andrew Mitchell,,child,wikidata
Q2605189,"David Ormsby-Gore, 5th Baron Harlech",8949,Q2908365,"William Ormsby-Gore, 4th Baron Harlech",,father,wikidata
Q2605189,"David Ormsby-Gore, 5th Baron Harlech",8949,Q243705,"Robert Gascoyne-Cecil, 3rd Marquess of Salisbury",,grandparent,wikidata
Q2605189,"David Ormsby-Gore, 5th Baron Harlech",8949,Q5543049,"George Ormsby-Gore, 3rd Baron Harlech",,grandparent,wikidata
Q2605189,"David Ormsby-Gore, 5th Baron Harlech",8949,Q4381482,"James Gascoyne-Cecil, 4th Marquess of Salisbury",,mother,wikidata
Q2605189,"David Ormsby-Gore, 5th Baron Harlech",8949,Q12702,Robert Cecil,,uncle/aunt,wikidata
Q2605189,"David Ormsby-Gore, 5th Baron Harlech",8949,Q334182,"Hugh Cecil, 1st Baron Quickswood",,uncle/aunt,wikidata
Q5238722,David Prior,562,Q333412,"James Prior, Baron Prior",,father,wikidata
Q5239023,David Ricardo,5566,Q5590921,John Lewis Ricardo,5565,cousin,rush
Q5239023,David Ricardo,5566,Q26204048,Osman Ricardo,,sibling,wikidata
Q5239121,"David Robertson, 1st Baron Marjoribanks",768,Q5075009,Charles Marjoribanks,,sibling,wikidata
Q5240093,David Stewart Ker,6958,Q7329984,Richard William Blackwood Ker,,child,wikidata
Q5240093,David Stewart Ker,6958,Q26218307,David Guardi Ker,,father,wikidata
Q5240093,David Stewart Ker,6958,Q7327054,Richard Ker,,sibling,wikidata
Q16031339,David Waterlow,7530,Q7528999,"Sir Sydney Waterlow, 1st Baronet",,father,wikidata
Q5241134,David Williams,1053,Q16030721,"Sir Osmond Williams, 1st Baronet",,child,wikidata
Q5257380,Denis Maurice O'Conor,2684,Q5257434,Denis O'Conor,,father,wikidata
Q5257380,Denis Maurice O'Conor,2684,Q5081398,Charles Owen O'Conor,,sibling,wikidata
Q5257434,Denis O'Conor,7082,Q5081398,Charles Owen O'Conor,,child,wikidata
Q5257434,Denis O'Conor,7082,Q5257380,Denis Maurice O'Conor,,child,wikidata
Q5262429,"Derek Walker-Smith, Baron Broxbourne",6121,Q13530064,Jonah Walker-Smith,,father,wikidata
Q5263331,Derwent Hall Caine,4225,Q5585234,Gordon Hall Caine,,sibling,wikidata
Q334651,Dingle Foot,4005,Q6076320,Isaac Foot,,father,wikidata
Q334651,Dingle Foot,4005,Q332419,Michael Foot,,sibling,wikidata
Q332994,Dominic Grieve,318,Q7167373,Percy Grieve,,father,wikidata
Q26415909,Dominick Ronayne,9442,Q314917,Daniel O'Connell,5248,cousin,rush
Q5294526,"Donald Howard, 3rd Baron Strathcona and Mount Royal",7842,Q4799244,Arthur Jared Palmer Howard,,sibling,wikidata
Q279314,"Doug Hoyle, Baron Hoyle",8504,Q689660,Lindsay Hoyle,,child,wikidata
Q477587,"Douglas Clifton Brown, 1st Viscount Ruffside",3525,Q11803339,James Clifton Brown,,father,wikidata
Q477587,"Douglas Clifton Brown, 1st Viscount Ruffside",3525,Q5919321,Howard Clifton Brown,,sibling,wikidata
Q332941,"Douglas Douglas-Hamilton, 14th Duke of Hamilton",3765,Q333795,"James Douglas-Hamilton, Baron Selkirk of Douglas",,child,wikidata
Q332941,"Douglas Douglas-Hamilton, 14th Duke of Hamilton",3765,Q6679747,Lord Malcolm Douglas-Hamilton,,sibling,wikidata
Q333964,Douglas Hogg,358,Q175366,"Quintin Hogg, Baron Hailsham of St Marylebone",,father,wikidata
Q333964,Douglas Hogg,358,Q332706,"Douglas Hogg, 1st Viscount Hailsham",,grandparent,wikidata
Q332706,"Douglas Hogg, 1st Viscount Hailsham",9053,Q175366,"Quintin Hogg, Baron Hailsham of St Marylebone",,child,wikidata
Q332706,"Douglas Hogg, 1st Viscount Hailsham",9053,Q333964,Douglas Hogg,,grandchild,wikidata
Q337375,Douglas Hurd,4460,Q691299,Nick Hurd,,child,wikidata
Q337375,Douglas Hurd,4460,Q4772767,"Anthony Hurd, Baron Hurd",,father,wikidata
Q337375,Douglas Hurd,4460,Q7167412,Percy Hurd,,grandparent,wikidata
Q5301898,Douglas Proby,5466,Q6679103,Lord Claud Hamilton,,father,wikidata
Q5311875,Dudley Fortescue,1633,Q6233713,John William Fortescue,6800,cousin,rush
Q5311875,Dudley Fortescue,1633,Q5359607,"Hugh Fortescue, 2nd Earl Fortescue",,father,wikidata
Q5311875,Dudley Fortescue,1633,Q5930808,"Hugh Fortescue, 4th Earl Fortescue",,nephew/niece,wikidata
Q5311875,Dudley Fortescue,1633,Q6233713,John William Fortescue,,sibling,wikidata
Q5311875,Dudley Fortescue,1633,Q5930822,"Hugh Fortescue, 3rd Earl Fortescue",,sibling,wikidata
Q337059,"Dudley Marjoribanks, 1st Baron Tweedmouth",2571,Q334352,"Edward Marjoribanks, 2nd Baron Tweedmouth",,child,wikidata
Q5311943,Dudley Pelham,7115,Q5075117,"Charles Anderson-Pelham, 3rd Earl of Yarborough",,nephew/niece,wikidata
Q5311943,Dudley Pelham,7115,Q728007,"Charles Anderson-Pelham, 2nd Earl of Yarborough",,sibling,wikidata
Q5311965,"Dudley Ryder, 2nd Earl of Harrowby",9115,Q5311966,"Dudley Ryder, 3rd Earl of Harrowby",,child,wikidata
Q5311965,"Dudley Ryder, 2nd Earl of Harrowby",9115,Q5596940,Granville Ryder,,nephew/niece,wikidata
Q5311965,"Dudley Ryder, 2nd Earl of Harrowby",9115,Q5596937,Granville Ryder,,sibling,wikidata
Q5311966,"Dudley Ryder, 3rd Earl of Harrowby",821,Q5596940,Granville Ryder,809,cousin,rush
Q5311966,"Dudley Ryder, 3rd Earl of Harrowby",821,Q5311965,"Dudley Ryder, 2nd Earl of Harrowby",,father,wikidata
Q5311969,"Dudley Ryder, 6th Earl of Harrowby",7845,Q6256112,"John Ryder, 5th Earl of Harrowby",,father,wikidata
Q5314516,Duncan McLaren,2540,Q7965601,Walter McLaren,,child,wikidata
Q5314516,Duncan McLaren,2540,Q6248044,John McLaren,,child,wikidata
Q5314516,Duncan McLaren,2540,Q5080854,"Charles McLaren, 1st Baron Aberconway",,child,wikidata
Q5314516,Duncan McLaren,2540,Q5725740,Henry McLaren,,grandchild,wikidata
Q5314516,Duncan McLaren,2540,Q5481905,Francis McLaren,,grandchild,wikidata
Q203129,Duncan Sandys,8481,Q478832,Laura Sandys,,child,wikidata
Q203129,Duncan Sandys,8481,Q5541118,George John Sandys,,father,wikidata
Q5314705,Duncombe Pleydell-Bouverie,3274,Q7184217,Philip Pleydell-Bouverie,,sibling,wikidata
Q216594,Ed Miliband,9494,Q272670,David Miliband,,sibling,wikidata
Q5337090,Edgar Alfred Bowring,1250,Q332508,John Bowring,,father,wikidata
Q5337171,Edgar Chatfeild-Clarke,3486,Q315999,Joseph Chamberlain,2102,cousin,rush
Q665743,"Edith Summerskill, Baroness Summerskill",5918,Q7498860,Shirley Summerskill,,child,wikidata
Q337913,"Edmond Fitzmaurice, 1st Baron Fitzmaurice",1609,Q5935407,"Henry Petty-Fitzmaurice, 4th Marquess of Lansdowne",,father,wikidata
Q5338909,"Edmond Roche, 1st Baron Fermoy",7166,Q1791624,"James Roche, 3rd Baron Fermoy",,child,wikidata
Q5338909,"Edmond Roche, 1st Baron Fermoy",7166,Q1791630,"Maurice Roche, 4th Baron Fermoy",,grandchild,wikidata
Q26756018,"Edmond de la Poer, 1st Count de la Poer",1478,Q26722324,John Power,,father,wikidata
Q5339329,Edmund Buckley,6436,Q7526466,"Sir Edmund Buckley, 1st Baronet",,child,wikidata
Q1286201,Edmund Dwyer Gray,1723,Q6236086,John Gray,,father,wikidata
Q5339450,"Edmund Faber, 1st Baron Faber",9130,Q5539164,"George Faber, 1st Baron Wittenham",,sibling,wikidata
Q5339450,"Edmund Faber, 1st Baron Faber",9130,Q7966333,Walter Faber,,sibling,wikidata
Q597848,"Edmund FitzAlan-Howard, 1st Viscount FitzAlan of Derwent",2197,Q3784929,"Henry Fitzalan-Howard, 14th Duke of Norfolk",,father,wikidata
Q597848,"Edmund FitzAlan-Howard, 1st Viscount FitzAlan of Derwent",2197,Q3784947,"Henry Howard, 13th Duke of Norfolk",,grandparent,wikidata
Q597848,"Edmund FitzAlan-Howard, 1st Viscount FitzAlan of Derwent",2197,Q5342919,"Edward Fitzalan-Howard, 1st Baron Howard of Glossop",,uncle/aunt,wikidata
Q21548537,Edmund Haviland-Burke,6612,Q23692064,Edmund Haviland-Burke,,child,wikidata
Q23692064,Edmund Haviland-Burke,2239,Q21548537,Edmund Haviland-Burke,,father,wikidata
Q5339553,Edmund Kennard,2382,Q26756847,Coleridge Kennard,,sibling,wikidata
Q20755914,Edmund Peel,7110,Q334165,Arthur Peel,,nephew/niece,wikidata
Q20755914,Edmund Peel,7110,Q5498541,Frederick Peel,,nephew/niece,wikidata
Q20755914,Edmund Peel,7110,Q4685934,"Sir Robert Peel, 3rd Baronet",,nephew/niece,wikidata
Q20755914,Edmund Peel,7110,Q181875,Robert Peel,,sibling,wikidata
Q20755914,Edmund Peel,7110,Q3041941,Jonathan Peel,,sibling,wikidata
Q20755914,Edmund Peel,7110,Q6107323,William Yates Peel,,sibling,wikidata
Q5339887,Edmund Vesey Knox,2408,Q334106,Alfred Knox,,sibling,wikidata
Q5341531,Edward Aldam Leatham,2438,Q8012075,William Henry Leatham,,sibling,wikidata
Q5341608,Edward Arthur Somerset,7228,Q563342,Lord Edward Somerset,,father,wikidata
Q324276,Edward Baines,6431,Q5341716,Edward Baines,,child,wikidata
Q324276,Edward Baines,6431,Q6791301,Matthew Talbot Baines,,child,wikidata
Q5341716,Edward Baines,1155,Q324276,Edward Baines,,father,wikidata
Q5341716,Edward Baines,1155,Q6791301,Matthew Talbot Baines,,sibling,wikidata
Q5341831,Edward Beauchamp,3137,Q4973233,Brograve Beauchamp,,child,wikidata
Q16885523,Edward Bourchier Hartopp,4269,Q13529921,"Lawrence Palk, 1st Baron Haldon",,sibling,wikidata
Q5342020,Edward Brocklehurst Fielden,3957,Q6289810,Joshua Fielden,,father,wikidata
Q5342020,Edward Brocklehurst Fielden,3957,Q4484367,John Fielden,,grandparent,wikidata
Q5342020,Edward Brocklehurst Fielden,3957,Q7789575,Thomas Fielden,,sibling,wikidata
Q318462,Edward Bulwer-Lytton,4811,Q3132669,"Henry Bulwer, 1st Baron Dalling and Bulwer",,sibling,wikidata
Q5342065,Edward Bunbury,3393,Q7527111,"Sir Henry Bunbury, 7th Baronet",,father,wikidata
Q5342118,Edward Buxton,1310,Q1645717,"Sydney Buxton, 1st Earl Buxton",2073,cousin,rush
Q5342118,Edward Buxton,1310,Q16066171,"Sir Edward Buxton, 2nd Baronet",,father,wikidata
Q5342118,Edward Buxton,1310,Q5591064,"Sir Thomas Buxton, 1st Baronet",,grandparent,wikidata
Q5342118,Edward Buxton,1310,Q2365347,Noel Noel-Buxton,,nephew/niece,wikidata
Q5342118,Edward Buxton,1310,Q18450,Charles Buxton,,nephew/niece,wikidata
Q5342118,Edward Buxton,1310,Q5480390,Francis Buxton,,sibling,wikidata
Q5342118,Edward Buxton,1310,Q334449,Thomas Fowell Buxton,,sibling,wikidata
Q5342118,Edward Buxton,1310,Q5075948,Charles Buxton,,uncle/aunt,wikidata
Q5342180,Edward Cadogan,3419,Q3760457,"George Cadogan, 5th Earl Cadogan",,father,wikidata
Q5342180,Edward Cadogan,3419,Q5719091,"Henry Cadogan, 4th Earl Cadogan",,grandparent,wikidata
Q5342180,Edward Cadogan,3419,Q9287820,"Henry Cadogan, Viscount Chelsea",,sibling,wikidata
Q5342221,Edward Carson,8483,Q177235,"Edward Carson, Baron Carson",,father,wikidata
Q177235,"Edward Carson, Baron Carson",2210,Q5342221,Edward Carson,,child,wikidata
Q2761950,"Edward Cavendish, 10th Duke of Devonshire",7867,Q2411883,"Victor Cavendish, 9th Duke of Devonshire",,father,wikidata
Q2761950,"Edward Cavendish, 10th Duke of Devonshire",7867,Q337905,Lord Edward Cavendish,,grandparent,wikidata
Q2761950,"Edward Cavendish, 10th Duke of Devonshire",7867,Q6679906,Lord Richard Cavendish,,uncle/aunt,wikidata
Q5342254,Edward Chaplin,1357,Q5719311,"Henry Chaplin, 1st Viscount Chaplin",,sibling,wikidata
Q5342743,Edward Christopher Egerton,1544,Q4706577,"Alan Egerton, 3rd Baron Egerton",,nephew/niece,wikidata
Q5342743,Edward Christopher Egerton,1544,Q7619928,"Wilbraham Egerton, 1st Earl Egerton",,nephew/niece,wikidata
Q5342743,Edward Christopher Egerton,1544,Q8008502,"William Egerton, 1st Baron Egerton",,sibling,wikidata
Q11801709,Edward Clive,6656,Q5537991,George Clive,,child,wikidata
Q5342327,Edward Clive,1378,Q5537991,George Clive,,father,wikidata
Q11801709,Edward Clive,6656,Q5342327,Edward Clive,,grandchild,wikidata
Q5342327,Edward Clive,1378,Q11801709,Edward Clive,,grandparent,wikidata
Q11801709,Edward Clive,6656,Q24254897,Henry Clive,,sibling,wikidata
Q958853,Edward Codrington,2922,Q322902,William John Codrington,,child,wikidata
Q5342350,Edward Coke,3555,Q5944748,"Thomas Coke, 1st Earl of Leicester",,father,wikidata
Q5342350,Edward Coke,3555,Q5610529,Wenman Coke,,sibling,wikidata
Q5342426,"Edward Courtenay, 12th Earl of Devon",2835,Q8007168,"William Courtenay, 11th Earl of Devon",,father,wikidata
Q26240416,Edward Curteis,3664,Q16203056,Herbert Curteis,,nephew/niece,wikidata
Q26240416,Edward Curteis,3664,Q26203975,Herbert Barrett Curteis,,sibling,wikidata
Q3401219,"Edward Douglas-Pennant, 1st Baron Penrhyn",5355,Q3401240,"George Douglas-Pennant, 2nd Baron Penrhyn",,child,wikidata
Q3401219,"Edward Douglas-Pennant, 1st Baron Penrhyn",5355,Q5342629,"Edward Douglas-Pennant, 3rd Baron Penrhyn",,grandchild,wikidata
Q5342629,"Edward Douglas-Pennant, 3rd Baron Penrhyn",1506,Q3401240,"George Douglas-Pennant, 2nd Baron Penrhyn",,father,wikidata
Q5342629,"Edward Douglas-Pennant, 3rd Baron Penrhyn",1506,Q3401219,"Edward Douglas-Pennant, 1st Baron Penrhyn",,grandparent,wikidata
Q5342752,"Edward Eliot, 3rd Earl of St Germans",3864,Q8008524,"William Eliot, 4th Earl of St Germans",,child,wikidata
Q157691,Edward Ellice,6443,Q5342758,Edward Ellice,,child,wikidata
Q5342758,Edward Ellice,1551,Q157691,Edward Ellice,,father,wikidata
Q157691,Edward Ellice,6443,Q26678464,Alexander Ellice,,sibling,wikidata
Q5342877,"Edward Fellowes, 1st Baron de Ramsey",1589,Q8008975,"William Fellowes, 2nd Baron de Ramsey",,child,wikidata
Q5342877,"Edward Fellowes, 1st Baron de Ramsey",1589,Q4697105,"Ailwyn Fellowes, 1st Baron Ailwyn",,child,wikidata
Q5342877,"Edward Fellowes, 1st Baron de Ramsey",1589,Q7325642,Richard Fellowes Benyon,,sibling,wikidata
Q5342919,"Edward Fitzalan-Howard, 1st Baron Howard of Glossop",6913,Q3784947,"Henry Howard, 13th Duke of Norfolk",,father,wikidata
Q5342919,"Edward Fitzalan-Howard, 1st Baron Howard of Glossop",6913,Q597848,"Edmund FitzAlan-Howard, 1st Viscount FitzAlan of Derwent",,nephew/niece,wikidata
Q5342919,"Edward Fitzalan-Howard, 1st Baron Howard of Glossop",6913,Q3784929,"Henry Fitzalan-Howard, 14th Duke of Norfolk",,sibling,wikidata
Q334339,Edward Garnier,298,Q391222,Mark Garnier,9690,cousin,rush
Q1282069,"Edward Gordon, Baron Gordon of Drumearn",1701,Q13529912,John Gordon,,child,wikidata
Q18671035,Edward Goulburn,4147,Q5722116,Henry Goulburn,,sibling,wikidata
Q5343145,"Edward Goulding, 1st Baron Wargrave",2198,Q6109153,William Goulding,,father,wikidata
Q5343165,Edward Greene,1730,Q7526558,"Sir Edward Greene, 1st Baronet",,child,wikidata
Q5343165,Edward Greene,1730,Q7528523,"Sir Raymond Greene, 2nd Baronet",,grandchild,wikidata
Q5343174,"Edward Grenfell, 1st Baron St Just",7856,Q5722211,Henry Grenfell,,father,wikidata
Q5343174,"Edward Grenfell, 1st Baron St Just",7856,Q5078424,Charles Grenfell,,grandparent,wikidata
Q5343174,"Edward Grenfell, 1st Baron St Just",7856,Q5078425,Charles Grenfell,,uncle/aunt,wikidata
Q5343196,Edward Grimston,6849,Q6135007,"James Grimston, 3rd Earl of Verulam",,nephew/niece,wikidata
Q5343196,Edward Grimston,6849,Q6135005,"James Grimston, 2nd Earl of Verulam",,sibling,wikidata
Q5343334,Edward Harris,6876,Q321003,James Harris,,sibling,wikidata
Q5343403,Edward Heneage,6454,Q5343402,"Edward Heneage, 1st Baron Heneage",,nephew/niece,wikidata
Q5343403,Edward Heneage,6454,Q5540410,George Heneage,,sibling,wikidata
Q5343402,"Edward Heneage, 1st Baron Heneage",2250,Q5540410,George Heneage,,father,wikidata
Q26234463,Edward Herbert,,Q2056806,Auberon Herbert,,nephew/niece,wikidata
Q26234463,Edward Herbert,,Q1606850,"Henry Herbert, 3rd Earl of Carnarvon",,sibling,wikidata
Q5343428,"Edward Herbert, 2nd Earl of Powis",8995,Q7167325,Percy Herbert,,child,wikidata
Q5343428,"Edward Herbert, 2nd Earl of Powis",8995,Q5343429,"Edward Herbert, 3rd Earl of Powis",,child,wikidata
Q5343428,"Edward Herbert, 2nd Earl of Powis",8995,Q5546432,George Windsor-Clive,,nephew/niece,wikidata
Q5343428,"Edward Herbert, 2nd Earl of Powis",8995,Q7351171,Robert Windsor-Clive,,nephew/niece,wikidata
Q5343428,"Edward Herbert, 2nd Earl of Powis",8995,Q7342986,Robert Clive,,sibling,wikidata
Q5343429,"Edward Herbert, 3rd Earl of Powis",8996,Q5546432,George Windsor-Clive,1073,cousin,rush
Q5343429,"Edward Herbert, 3rd Earl of Powis",8996,Q5343428,"Edward Herbert, 2nd Earl of Powis",,father,wikidata
Q5343429,"Edward Herbert, 3rd Earl of Powis",8996,Q7167325,Percy Herbert,,sibling,wikidata
Q5343513,"Edward Howard, 1st Baron Lanerton",6914,Q337630,"George Howard, 9th Earl of Carlisle",,nephew/niece,wikidata
Q5343513,"Edward Howard, 1st Baron Lanerton",6914,Q2079517,"George Howard, 7th Earl of Carlisle",,sibling,wikidata
Q5343513,"Edward Howard, 1st Baron Lanerton",6914,Q5079173,Charles Howard,,sibling,wikidata
Q5343961,"Edward Knatchbull-Hugessen, 1st Baron Brabourne",2403,Q5343962,"Edward Knatchbull-Hugessen, 2nd Baron Brabourne",,child,wikidata
Q5343961,"Edward Knatchbull-Hugessen, 1st Baron Brabourne",2403,Q9250977,"Sir Edward Knatchbull, 9th Baronet",,father,wikidata
Q5343961,"Edward Knatchbull-Hugessen, 1st Baron Brabourne",2403,Q5734817,Herbert Knatchbull-Hugessen,,sibling,wikidata
Q5343962,"Edward Knatchbull-Hugessen, 2nd Baron Brabourne",4617,Q5343961,"Edward Knatchbull-Hugessen, 1st Baron Brabourne",,father,wikidata
Q5343962,"Edward Knatchbull-Hugessen, 2nd Baron Brabourne",4617,Q9250977,"Sir Edward Knatchbull, 9th Baronet",,grandparent,wikidata
Q5343962,"Edward Knatchbull-Hugessen, 2nd Baron Brabourne",4617,Q5734817,Herbert Knatchbull-Hugessen,,uncle/aunt,wikidata
Q5344160,"Edward Littleton, 1st Baron Hatherton",4732,Q5344162,"Edward Littleton, 2nd Baron Hatherton",,child,wikidata
Q5344162,"Edward Littleton, 2nd Baron Hatherton",4731,Q5344160,"Edward Littleton, 1st Baron Hatherton",,father,wikidata
Q5344180,"Edward Lloyd, 1st Baron Mostyn",,Q5344181,"Edward Lloyd-Mostyn, 2nd Baron Mostyn",,child,wikidata
Q5344180,"Edward Lloyd, 1st Baron Mostyn",,Q7791887,Thomas Lloyd-Mostyn,,grandchild,wikidata
Q5344181,"Edward Lloyd-Mostyn, 2nd Baron Mostyn",5131,Q7791887,Thomas Lloyd-Mostyn,,child,wikidata
Q5344181,"Edward Lloyd-Mostyn, 2nd Baron Mostyn",5131,Q5344180,"Edward Lloyd, 1st Baron Mostyn",,father,wikidata
Q1726897,"Edward Macnaghten, Baron Macnaghten",2549,Q6742478,Malcolm Macnaghten,,child,wikidata
Q1726897,"Edward Macnaghten, Baron Macnaghten",2549,Q19974263,"Sir Edmund Workman-Macnaghten, 2nd Baronet",,father,wikidata
Q1292946,Edward Marjoribanks,6488,Q333964,Douglas Hogg,,nephew/niece,wikidata
Q1292946,Edward Marjoribanks,6488,Q175366,"Quintin Hogg, Baron Hailsham of St Marylebone",,sibling,wikidata
Q334352,"Edward Marjoribanks, 2nd Baron Tweedmouth",2572,Q337059,"Dudley Marjoribanks, 1st Baron Tweedmouth",,father,wikidata
Q5344350,Edward Marten Dunne,3820,Q7184323,Philip Dunne,,child,wikidata
Q5344445,Edward Michael Conolly,6671,Q16063927,Thomas Conolly,,child,wikidata
Q5344467,Edward Miller Mundy,5152,Q942299,William Mundy,5153,cousin,rush
Q5344670,"Edward O'Neill, 2nd Baron O'Neill",2699,Q4799859,Arthur O'Neill,,child,wikidata
Q5344670,"Edward O'Neill, 2nd Baron O'Neill",2699,Q16010090,"Hugh O'Neill, 1st Baron Rathcavan",,child,wikidata
Q5344670,"Edward O'Neill, 2nd Baron O'Neill",2699,Q7181222,"Phelim O'Neill, 2nd Baron Rathcavan",,grandchild,wikidata
Q5344670,"Edward O'Neill, 2nd Baron O'Neill",2699,Q7350434,Robert Torrens O'Neill,,sibling,wikidata
Q5344887,"Edward Portman, 1st Viscount Portman",7131,Q5346251,Edwin Berkeley Portman,,child,wikidata
Q5344887,"Edward Portman, 1st Viscount Portman",7131,Q12066246,"Henry Portman, 2nd Viscount Portman",,child,wikidata
Q16030421,Edward Ridley,7161,Q11802686,"Sir Matthew White Ridley, 4th Baronet",,father,wikidata
Q16030421,Edward Ridley,7161,Q7528317,"Sir Matthew White Ridley, 3rd Baronet",,grandparent,wikidata
Q16030421,Edward Ridley,7161,Q6791421,"Matthew White Ridley, 2nd Viscount Ridley",,nephew/niece,wikidata
Q16030421,Edward Ridley,7161,Q337696,"Matthew White Ridley, 1st Viscount Ridley",,sibling,wikidata
Q16030421,Edward Ridley,7161,Q25863273,George Ridley,,uncle/aunt,wikidata
Q5345107,Edward Romilly,5605,Q5498658,Frederick Romilly,,sibling,wikidata
Q5345107,Edward Romilly,5605,Q6255541,"John Romilly, 1st Baron Romilly",,sibling,wikidata
Q26240540,"Edward Russell, 23rd Baron de Clifford",7178,Q26234598,John Russell,,father,wikidata
Q25894093,Edward Ruthven,5645,Q5345379,Edward Southwell Ruthven,,father,wikidata
Q335754,"Edward Smith-Stanley, 13th Earl of Derby",,Q237829,"Edward Smith-Stanley, 14th Earl of Derby",,child,wikidata
Q335754,"Edward Smith-Stanley, 13th Earl of Derby",,Q25861357,Henry Stanley,,child,wikidata
Q335754,"Edward Smith-Stanley, 13th Earl of Derby",,Q222458,"Frederick Stanley, 16th Earl of Derby",,grandchild,wikidata
Q335754,"Edward Smith-Stanley, 13th Earl of Derby",,Q332789,"Edward Stanley, 15th Earl of Derby",,grandchild,wikidata
Q237829,"Edward Smith-Stanley, 14th Earl of Derby",9049,Q222458,"Frederick Stanley, 16th Earl of Derby",,child,wikidata
Q237829,"Edward Smith-Stanley, 14th Earl of Derby",9049,Q332789,"Edward Stanley, 15th Earl of Derby",,child,wikidata
Q237829,"Edward Smith-Stanley, 14th Earl of Derby",9049,Q335754,"Edward Smith-Stanley, 13th Earl of Derby",,father,wikidata
Q237829,"Edward Smith-Stanley, 14th Earl of Derby",9049,Q338427,"Edward Stanley, 17th Earl of Derby",,grandchild,wikidata
Q237829,"Edward Smith-Stanley, 14th Earl of Derby",9049,Q5539480,George Stanley,,grandchild,wikidata
Q237829,"Edward Smith-Stanley, 14th Earl of Derby",9049,Q4800349,Arthur Stanley,,grandchild,wikidata
Q237829,"Edward Smith-Stanley, 14th Earl of Derby",9049,Q25861357,Henry Stanley,,sibling,wikidata
Q5345379,Edward Southwell Ruthven,5646,Q25894093,Edward Ruthven,,child,wikidata
Q5345405,Edward Stanhope,894,Q286118,"Philip Stanhope, 5th Earl Stanhope",,father,wikidata
Q5345405,Edward Stanhope,894,Q4800348,"Arthur Stanhope, 6th Earl Stanhope",,sibling,wikidata
Q5345405,Edward Stanhope,894,Q6233592,"Philip Stanhope, 1st Baron Weardale",,sibling,wikidata
Q332789,"Edward Stanley, 15th Earl of Derby",896,Q237829,"Edward Smith-Stanley, 14th Earl of Derby",,father,wikidata
Q332789,"Edward Stanley, 15th Earl of Derby",896,Q335754,"Edward Smith-Stanley, 13th Earl of Derby",,grandparent,wikidata
Q332789,"Edward Stanley, 15th Earl of Derby",896,Q338427,"Edward Stanley, 17th Earl of Derby",,nephew/niece,wikidata
Q332789,"Edward Stanley, 15th Earl of Derby",896,Q5539480,George Stanley,,nephew/niece,wikidata
Q332789,"Edward Stanley, 15th Earl of Derby",896,Q4800349,Arthur Stanley,,nephew/niece,wikidata
Q332789,"Edward Stanley, 15th Earl of Derby",896,Q222458,"Frederick Stanley, 16th Earl of Derby",,sibling,wikidata
Q332789,"Edward Stanley, 15th Earl of Derby",896,Q25861357,Henry Stanley,,uncle/aunt,wikidata
Q338427,"Edward Stanley, 17th Earl of Derby",1877,Q3497552,Oliver Stanley,,child,wikidata
Q338427,"Edward Stanley, 17th Earl of Derby",1877,Q5345413,"Edward Stanley, Lord Stanley",,child,wikidata
Q338427,"Edward Stanley, 17th Earl of Derby",1877,Q222458,"Frederick Stanley, 16th Earl of Derby",,father,wikidata
Q338427,"Edward Stanley, 17th Earl of Derby",1877,Q7329218,Richard Stanley,,grandchild,wikidata
Q338427,"Edward Stanley, 17th Earl of Derby",1877,Q237829,"Edward Smith-Stanley, 14th Earl of Derby",,grandparent,wikidata
Q338427,"Edward Stanley, 17th Earl of Derby",1877,Q5539480,George Stanley,,sibling,wikidata
Q338427,"Edward Stanley, 17th Earl of Derby",1877,Q4800349,Arthur Stanley,,sibling,wikidata
Q338427,"Edward Stanley, 17th Earl of Derby",1877,Q332789,"Edward Stanley, 15th Earl of Derby",,uncle/aunt,wikidata
Q17321359,"Edward Stanley, 2nd Baron Stanley of Alderley",,Q5345410,"Edward Stanley, 4th Baron Stanley of Alderley",,child,wikidata
Q17321359,"Edward Stanley, 2nd Baron Stanley of Alderley",,Q711588,"Arthur Stanley, 5th Baron Stanley of Alderley",,grandchild,wikidata
Q17321359,"Edward Stanley, 2nd Baron Stanley of Alderley",,Q13132369,William Owen Stanley,,sibling,wikidata
Q5345410,"Edward Stanley, 4th Baron Stanley of Alderley",897,Q711588,"Arthur Stanley, 5th Baron Stanley of Alderley",,child,wikidata
Q5345410,"Edward Stanley, 4th Baron Stanley of Alderley",897,Q17321359,"Edward Stanley, 2nd Baron Stanley of Alderley",,father,wikidata
Q5345413,"Edward Stanley, Lord Stanley",7862,Q7329218,Richard Stanley,,child,wikidata
Q5345413,"Edward Stanley, Lord Stanley",7862,Q338427,"Edward Stanley, 17th Earl of Derby",,father,wikidata
Q5345413,"Edward Stanley, Lord Stanley",7862,Q222458,"Frederick Stanley, 16th Earl of Derby",,grandparent,wikidata
Q5345413,"Edward Stanley, Lord Stanley",7862,Q3497552,Oliver Stanley,,sibling,wikidata
Q5345413,"Edward Stanley, Lord Stanley",7862,Q5539480,George Stanley,,uncle/aunt,wikidata
Q5345413,"Edward Stanley, Lord Stanley",7862,Q4800349,Arthur Stanley,,uncle/aunt,wikidata
Q5345487,"Edward Strutt, 1st Baron Belper",7248,Q5728825,"Henry Strutt, 2nd Baron Belper",,child,wikidata
Q5345573,"Edward Tennant, 1st Baron Glenconner",7688,Q7526303,"Sir Charles Tennant, 1st Baronet",,father,wikidata
Q5345573,"Edward Tennant, 1st Baron Glenconner",7688,Q5662543,Harold Tennant,,sibling,wikidata
Q5345591,Edward Thomas Foley,6789,Q5723097,Henry Hodgetts-Foley,,nephew/niece,wikidata
Q5345591,Edward Thomas Foley,6789,Q6239482,John Hodgetts-Foley,,sibling,wikidata
Q5345769,Edward Wakefield,6106,Q387525,"Wavell Wakefield, 1st Baron Wakefield of Kendal",,sibling,wikidata
Q17180535,Edward Warner,7327,Q7526366,"Sir Courtenay Warner, 1st Baronet",,child,wikidata
Q5345819,Edward Watkin,1000,Q26292023,"Sir Alfred Watkin, 2nd Baronet",,child,wikidata
Q5345894,Edward William Cox,6681,Q6075018,Irwin Cox,,child,wikidata
Q3048714,Edward William Harcourt,2220,Q7350597,Robert Harcourt,,nephew/niece,wikidata
Q3048714,Edward William Harcourt,2220,Q5790068,"Lewis Harcourt, 1st Viscount Harcourt",,nephew/niece,wikidata
Q3048714,Edward William Harcourt,2220,Q775821,William Vernon Harcourt,,sibling,wikidata
Q333426,"Edward Wood, 1st Earl of Halifax",7859,Q7330071,"Richard Wood, Baron Holderness",,child,wikidata
Q333426,"Edward Wood, 1st Earl of Halifax",7859,Q5083684,"Charles Wood, 2nd Earl of Halifax",,child,wikidata
Q5346251,Edwin Berkeley Portman,2779,Q5344887,"Edward Portman, 1st Viscount Portman",,father,wikidata
Q5346251,Edwin Berkeley Portman,2779,Q12066246,"Henry Portman, 2nd Viscount Portman",,sibling,wikidata
Q5346368,Edwin Durning-Lawrence,1772,Q7527452,"Sir James Lawrence, 1st Baronet",,sibling,wikidata
Q5346368,Edwin Durning-Lawrence,1772,Q8014353,William Lawrence,,sibling,wikidata
Q5346516,"Edwin Hill-Trevor, 1st Baron Trevor",2278,Q6678928,Arthur Hill,,nephew/niece,wikidata
Q5346516,"Edwin Hill-Trevor, 1st Baron Trevor",2278,Q4799073,"Arthur Hill, 4th Marquess of Downshire",,sibling,wikidata
Q5346601,Edwin Lascelles,4656,Q8014327,William Lascelles,,sibling,wikidata
Q332572,Edwin Samuel Montagu,7869,Q334290,"Samuel Montagu, 1st Baron Swaythling",,father,wikidata
Q5347780,"Egerton Hubbard, 2nd Baron Addington",2321,Q6240199,"John Hubbard, 1st Baron Addington",,father,wikidata
Q5347780,"Egerton Hubbard, 2nd Baron Addington",2321,Q5416349,Evelyn Hubbard,,sibling,wikidata
Q333992,Eleanor Rathbone,8498,Q8017389,William Rathbone,,father,wikidata
Q5361224,Eliot Crawshay-Williams,3624,Q4799273,Arthur John Williams,,father,wikidata
Q5361267,Eliot Yorke,6322,Q6249777,Joseph Sydney Yorke,,father,wikidata
Q5361267,Eliot Yorke,6322,Q337983,"Charles Yorke, 5th Earl of Hardwicke",,nephew/niece,wikidata
Q5361267,Eliot Yorke,6322,Q5365591,Elliot Yorke,,nephew/niece,wikidata
Q5361267,Eliot Yorke,6322,Q5083776,"Charles Yorke, 4th Earl of Hardwicke",,sibling,wikidata
Q5365591,Elliot Yorke,1103,Q5083776,"Charles Yorke, 4th Earl of Hardwicke",,father,wikidata
Q5365591,Elliot Yorke,1103,Q6249777,Joseph Sydney Yorke,,grandparent,wikidata
Q5365591,Elliot Yorke,1103,Q337983,"Charles Yorke, 5th Earl of Hardwicke",,sibling,wikidata
Q5365591,Elliot Yorke,1103,Q5361267,Eliot Yorke,,uncle/aunt,wikidata
Q5365837,Ellis Ashmead-Bartlett,1989,Q5365836,Ellis Ashmead-Bartlett,,child,wikidata
Q5365836,Ellis Ashmead-Bartlett,6353,Q5365837,Ellis Ashmead-Bartlett,,father,wikidata
Q5365837,Ellis Ashmead-Bartlett,1989,Q8006140,William Burdett-Coutts,,sibling,wikidata
Q5365871,Ellis Cunliffe Lister,4725,Q26255125,William Lister,,child,wikidata
Q333639,"Emlyn Hooson, Baron Hooson",4407,Q7816227,Tom Hooson,4408,cousin,rush
Q334097,Emma Nicholson,9381,Q7526990,"Sir Godfrey Nicholson, 1st Baronet",,father,wikidata
Q959198,Eric Geddes,4079,Q337671,"Auckland Geddes, 1st Baron Geddes",,sibling,wikidata
Q5392782,"Ernest Beckett, 2nd Baron Grimthorpe",1974,Q8005295,William Beckett-Denison,,father,wikidata
Q5392782,"Ernest Beckett, 2nd Baron Grimthorpe",1974,Q7526465,"Sir Edmund Beckett, 4th Baronet",,grandparent,wikidata
Q5392782,"Ernest Beckett, 2nd Baron Grimthorpe",1974,Q5553468,Gervase Beckett,,sibling,wikidata
Q5392782,"Ernest Beckett, 2nd Baron Grimthorpe",1974,Q5111934,Christopher Beckett Denison,,uncle/aunt,wikidata
Q5393606,Ernest Bennett,7880,Q5496992,Frederic Bennett,,child,wikidata
Q5392837,"Ernest Brudenell-Bruce, 3rd Marquess of Ailesbury",1287,Q13529854,"Henry Brudenell-Bruce, 5th Marquess of Ailesbury",,child,wikidata
Q5392837,"Ernest Brudenell-Bruce, 3rd Marquess of Ailesbury",1287,Q6679038,Lord Charles Bruce,,sibling,wikidata
Q6814689,"Ernest Edgcumbe, 3rd Earl of Mount Edgcumbe",,Q8008387,"William Edgcumbe, 4th Earl of Mount Edgcumbe",,child,wikidata
Q333326,"Estelle Morris, Baroness Morris of Yardley",518,Q5081098,Charles Morris,,father,wikidata
Q1241117,"Eustace Percy, 1st Baron Percy of Newcastle",7882,Q762750,"Henry Percy, 7th Duke of Northumberland",,father,wikidata
Q1241117,"Eustace Percy, 1st Baron Percy of Newcastle",7882,Q337686,"Algernon Percy, 6th Duke of Northumberland",,grandparent,wikidata
Q1241117,"Eustace Percy, 1st Baron Percy of Newcastle",7882,Q5726862,"Henry Percy, Earl Percy",,sibling,wikidata
Q1241117,"Eustace Percy, 1st Baron Percy of Newcastle",7882,Q6678906,Lord Algernon Percy,,uncle/aunt,wikidata
Q1147508,Evelyn Ashley,1135,Q13529783,"Wilfrid Ashley, 1st Baron Mount Temple",,child,wikidata
Q1147508,Evelyn Ashley,1135,Q333294,"Anthony Ashley-Cooper, 7th Earl of Shaftesbury",,father,wikidata
Q1147508,Evelyn Ashley,1135,Q4772029,"Anthony Ashley-Cooper, 8th Earl of Shaftesbury",,sibling,wikidata
Q5416293,"Evelyn Cecil, 1st Baron Rockley",7885,Q6679229,Lord Eustace Cecil,,father,wikidata
Q5416313,"Evelyn Emmet, Baroness Emmet of Amberley",3878,Q334511,"Rennell Rodd, 1st Baron Rennell",,father,wikidata
Q5416349,Evelyn Hubbard,1226,Q6240199,"John Hubbard, 1st Baron Addington",,father,wikidata
Q5416349,Evelyn Hubbard,1226,Q5347780,"Egerton Hubbard, 2nd Baron Addington",,sibling,wikidata
Q5416443,Evelyn John Shirley,7205,Q5416444,Evelyn Philip Shirley,,child,wikidata
Q5416443,Evelyn John Shirley,7205,Q7458155,Sewallis Shirley,,grandchild,wikidata
Q5416444,Evelyn Philip Shirley,7206,Q7458155,Sewallis Shirley,,child,wikidata
Q5416444,Evelyn Philip Shirley,7206,Q5416443,Evelyn John Shirley,,father,wikidata
Q63929463,Fay Jones,10234,Q5623626,Gwilym Jones,,father,wikidata
Q5442169,Felix Cobbold,2899,Q6226459,John Cobbold,,father,wikidata
Q5442169,Felix Cobbold,2899,Q7788487,Thomas Cobbold,,sibling,wikidata
Q5442169,Felix Cobbold,2899,Q6226460,John Cobbold,,sibling,wikidata
Q5455737,Fitzstephen French,1649,Q4798751,"Arthur French, 1st Baron de Freyne",,sibling,wikidata
Q333304,"Fox Maule-Ramsay, 11th Earl of Dalhousie",4955,Q333117,"James Broun-Ramsay, 1st Marquess of Dalhousie",9114,cousin,rush
Q333304,"Fox Maule-Ramsay, 11th Earl of Dalhousie",4955,Q8015248,"William Maule, 1st Baron Panmure",,father,wikidata
Q333304,"Fox Maule-Ramsay, 11th Earl of Dalhousie",4955,Q11806802,Lauderdale Maule,,sibling,wikidata
Q5478591,"Frances Davidson, Viscountess Davidson",9235,Q5621480,"Willoughby Dickinson, 1st Baron Dickinson",,father,wikidata
Q5478591,"Frances Davidson, Viscountess Davidson",9235,Q7442401,Sebastian Dickinson,,grandparent,wikidata
Q5479943,Francis Aglionby,2984,Q5717137,Henry Aglionby Aglionby,2983,cousin,rush
Q3750914,"Francis Baring, 1st Baron Northbrook",6535,Q337771,"Thomas Baring, 1st Earl of Northbrook",,child,wikidata
Q3750914,"Francis Baring, 1st Baron Northbrook",6535,Q7529038,"Sir Thomas Baring, 2nd Baronet",,father,wikidata
Q3750914,"Francis Baring, 1st Baron Northbrook",6535,Q5480132,"Francis Baring, 2nd Earl of Northbrook",,grandchild,wikidata
Q3750914,"Francis Baring, 1st Baron Northbrook",6535,Q7787384,Thomas Baring,,sibling,wikidata
Q5480132,"Francis Baring, 2nd Earl of Northbrook",1166,Q337771,"Thomas Baring, 1st Earl of Northbrook",,father,wikidata
Q5480132,"Francis Baring, 2nd Earl of Northbrook",1166,Q3750914,"Francis Baring, 1st Baron Northbrook",,grandparent,wikidata
Q5480129,"Francis Baring, 3rd Baron Ashburton",793,Q4718311,"Alexander Baring, 4th Baron Ashburton",,child,wikidata
Q5480129,"Francis Baring, 3rd Baron Ashburton",793,Q652514,"Alexander Baring, 1st Baron Ashburton",,father,wikidata
Q5480129,"Francis Baring, 3rd Baron Ashburton",793,Q5622068,Guy Baring,,grandchild,wikidata
Q5480129,"Francis Baring, 3rd Baron Ashburton",793,Q4914194,"Bingham Baring, 2nd Baron Ashburton",,sibling,wikidata
Q5480202,"Francis Berkeley, 2nd Baron FitzHardinge",6563,Q11771724,"Maurice Berkeley, 1st Baron FitzHardinge",,father,wikidata
Q5480202,"Francis Berkeley, 2nd Baron FitzHardinge",6563,Q5075565,"Charles Berkeley, 3rd Baron FitzHardinge",,sibling,wikidata
Q5480209,"Francis Bernard, 3rd Earl of Bandon",3173,Q16929542,Henry Boyle Bernard,,sibling,wikidata
Q5480351,Francis Bruen,6604,Q5718763,Henry Bruen,,nephew/niece,wikidata
Q5480351,Francis Bruen,6604,Q5718758,Henry Bruen,,sibling,wikidata
Q5480390,Francis Buxton,1311,Q1645717,"Sydney Buxton, 1st Earl Buxton",2073,cousin,rush
Q5480390,Francis Buxton,1311,Q16066171,"Sir Edward Buxton, 2nd Baronet",,father,wikidata
Q5480390,Francis Buxton,1311,Q5591064,"Sir Thomas Buxton, 1st Baronet",,grandparent,wikidata
Q5480390,Francis Buxton,1311,Q2365347,Noel Noel-Buxton,,nephew/niece,wikidata
Q5480390,Francis Buxton,1311,Q18450,Charles Buxton,,nephew/niece,wikidata
Q5480390,Francis Buxton,1311,Q5342118,Edward Buxton,,sibling,wikidata
Q5480390,Francis Buxton,1311,Q334449,Thomas Fowell Buxton,,sibling,wikidata
Q5480390,Francis Buxton,1311,Q5075948,Charles Buxton,,uncle/aunt,wikidata
Q2364372,Francis Charles Bridgeman,1260,Q7103052,"Orlando Bridgeman, 3rd Earl of Bradford",,father,wikidata
Q2364372,Francis Charles Bridgeman,1260,Q5537238,"George Bridgeman, 4th Earl of Bradford",,sibling,wikidata
Q5480488,Francis Charles Lawley,6973,Q7153985,"Paul Thompson, 1st Baron Wenlock",,father,wikidata
Q5480488,Francis Charles Lawley,6973,Q4881236,"Beilby Lawley, 3rd Baron Wenlock",,nephew/niece,wikidata
Q5480488,Francis Charles Lawley,6973,Q4881234,"Beilby Lawley, 2nd Baron Wenlock",,sibling,wikidata
Q5480498,"Francis Charteris, 10th Earl of Wemyss",1549,Q5933848,"Hugo Charteris, 11th Earl of Wemyss",,child,wikidata
Q5480517,Francis Child Villiers,7306,Q5537867,"George Child Villiers, 6th Earl of Jersey",,sibling,wikidata
Q5480517,Francis Child Villiers,7306,Q22039450,Frederick Child-Villiers,,sibling,wikidata
Q5480592,Francis Compton,2810,Q5719716,Henry Combe Compton,,father,wikidata
Q16065524,Francis Crossley,1427,Q7428221,"Savile Crossley, 1st Baron Somerleyton",,child,wikidata
Q16065524,Francis Crossley,1427,Q6227760,John Crossley,,sibling,wikidata
Q333791,"Francis Curzon, 5th Earl Howe",7897,Q7325013,"Richard Curzon, 4th Earl Howe",,father,wikidata
Q5480848,Francis Egerton,1545,Q1149445,"Francis Egerton, 1st Earl of Ellesmere",,father,wikidata
Q5480848,Francis Egerton,1545,Q4722620,Alfred Egerton,,nephew/niece,wikidata
Q5480848,Francis Egerton,1545,Q5538925,"George Egerton, 2nd Earl of Ellesmere",,sibling,wikidata
Q5480848,Francis Egerton,1545,Q4724140,Algernon Egerton,,sibling,wikidata
Q1149445,"Francis Egerton, 1st Earl of Ellesmere",6442,Q5538925,"George Egerton, 2nd Earl of Ellesmere",,child,wikidata
Q1149445,"Francis Egerton, 1st Earl of Ellesmere",6442,Q5480848,Francis Egerton,,child,wikidata
Q1149445,"Francis Egerton, 1st Earl of Ellesmere",6442,Q4724140,Algernon Egerton,,child,wikidata
Q1149445,"Francis Egerton, 1st Earl of Ellesmere",6442,Q4722620,Alfred Egerton,,grandchild,wikidata
Q5481513,Francis Foljambe,1621,Q5056078,"Cecil Foljambe, 1st Earl of Liverpool",,sibling,wikidata
Q26758914,Francis Grant,6834,Q5482088,"Francis Ogilvy-Grant, 6th Earl of Seafield",,father,wikidata
Q26758914,Francis Grant,6834,Q6140591,"James Ogilvy-Grant, 9th Earl of Seafield",,sibling,wikidata
Q3313263,"Francis Greville, 5th Earl of Warwick",1275,Q3313247,"George Greville, 4th Earl of Warwick",,father,wikidata
Q333986,Francis Maude,476,Q332890,Angus Maude,,father,wikidata
Q5481905,Francis McLaren,7609,Q6776167,Martin McLaren,,child,wikidata
Q5481905,Francis McLaren,7609,Q5080854,"Charles McLaren, 1st Baron Aberconway",,father,wikidata
Q5481905,Francis McLaren,7609,Q5314516,Duncan McLaren,,grandparent,wikidata
Q5481905,Francis McLaren,7609,Q5725740,Henry McLaren,,sibling,wikidata
Q5481905,Francis McLaren,7609,Q7965601,Walter McLaren,,uncle/aunt,wikidata
Q5481905,Francis McLaren,7609,Q6248044,John McLaren,,uncle/aunt,wikidata
Q334253,"Francis Needham, 3rd Earl of Kilmorey",5201,Q5482021,"Francis Needham, Viscount Newry",,father,wikidata
Q5482021,"Francis Needham, Viscount Newry",5202,Q334253,"Francis Needham, 3rd Earl of Kilmorey",,child,wikidata
Q5482059,Francis Noel-Baker,5220,Q211856,"Philip Noel-Baker, Baron Noel-Baker",,father,wikidata
Q5482059,Francis Noel-Baker,5220,Q6280988,Joseph Allen Baker,,grandparent,wikidata
Q5482088,"Francis Ogilvy-Grant, 6th Earl of Seafield",6833,Q26758914,Francis Grant,,child,wikidata
Q5482088,"Francis Ogilvy-Grant, 6th Earl of Seafield",6833,Q6140591,"James Ogilvy-Grant, 9th Earl of Seafield",,child,wikidata
Q5482140,Francis Parker,2725,Q7614508,"Thomas Parker, 6th Earl of Macclesfield",,father,wikidata
Q5482197,Francis Pigott Stainsby Conant,5402,Q18756734,Gillery Pigott,,sibling,wikidata
Q332759,Francis Pym,8524,Q6531084,Leslie Pym,,father,wikidata
Q25689,"Francis Russell, 7th Duke of Bedford",,Q6834882,"William Russell, 8th Duke of Bedford",,child,wikidata
Q25689,"Francis Russell, 7th Duke of Bedford",,Q6255964,"John Russell, Viscount Amberley",,nephew/niece,wikidata
Q25689,"Francis Russell, 7th Duke of Bedford",,Q6084189,George W. E. Russell,,nephew/niece,wikidata
Q25689,"Francis Russell, 7th Duke of Bedford",,Q157259,"John Russell, 1st Earl Russell",,sibling,wikidata
Q25689,"Francis Russell, 7th Duke of Bedford",,Q6679056,Lord Charles Russell,,sibling,wikidata
Q25689,"Francis Russell, 7th Duke of Bedford",,Q6679210,Lord Edward Russell,,sibling,wikidata
Q31178,"Francis Russell, 9th Duke of Bedford",798,Q31177,"George Russell, 10th Duke of Bedford",,child,wikidata
Q31178,"Francis Russell, 9th Duke of Bedford",798,Q6834882,"William Russell, 8th Duke of Bedford",7181,cousin,rush
Q31178,"Francis Russell, 9th Duke of Bedford",798,Q6084189,George W. E. Russell,806,cousin,rush
Q31178,"Francis Russell, 9th Duke of Bedford",798,Q6678929,Lord Arthur Russell,,sibling,wikidata
Q5482411,Francis Scott,7190,Q5722860,"Henry Hepburne-Scott, 7th Lord Polwarth",,sibling,wikidata
Q16065945,Francis Scully,5695,Q18735550,Vincent Scully,5696,cousin,rush
Q5482651,Francis Venables-Vernon-Harcourt,6872,Q5596905,Granville Harcourt-Vernon,,nephew/niece,wikidata
Q5482651,Francis Venables-Vernon-Harcourt,6872,Q13529927,George Harcourt,,sibling,wikidata
Q5482651,Francis Venables-Vernon-Harcourt,6872,Q5596904,Granville Harcourt-Vernon,,sibling,wikidata
Q5496992,Frederic Bennett,8531,Q5393606,Ernest Bennett,,father,wikidata
Q5497343,Frederick Barne,,Q5498768,Frederick St John Barne,,child,wikidata
Q5497413,Frederick Brent Grotrian,1746,Q11800391,Herbert Grotrian,,child,wikidata
Q26732784,Frederick Calvert,3431,Q5499113,Frederick William Verney,,nephew/niece,wikidata
Q26732784,Frederick Calvert,3431,Q7526496,"Sir Edmund Verney, 3rd Baronet",,nephew/niece,wikidata
Q26732784,Frederick Calvert,3431,Q7527064,"Sir Harry Verney, 2nd Baronet",,sibling,wikidata
Q5497491,"Frederick Campbell, 3rd Earl Cawdor",1562,Q6224958,"John Campbell, 2nd Earl Cawdor",,father,wikidata
Q5497502,"Frederick Cawley, 1st Baron Cawley",1833,Q7108101,Oswald Cawley,,child,wikidata
Q5497502,"Frederick Cawley, 1st Baron Cawley",1833,Q2662125,Harold Thomas Cawley,,child,wikidata
Q5497530,Frederick Chatfield Smith,870,Q7372187,Rowland Smith,,sibling,wikidata
Q5497530,Frederick Chatfield Smith,870,Q7411475,Samuel George Smith,,sibling,wikidata
Q22039450,Frederick Child-Villiers,7309,Q5537867,"George Child Villiers, 6th Earl of Jersey",,sibling,wikidata
Q22039450,Frederick Child-Villiers,7309,Q5480517,Francis Child Villiers,,sibling,wikidata
Q5497586,Frederick Courtenay Morgan,1920,Q5081069,"Charles Morgan, 1st Baron Tredegar",,father,wikidata
Q5497586,Frederick Courtenay Morgan,1920,Q5576507,"Godfrey Morgan, 1st Viscount Tredegar",,sibling,wikidata
Q5497586,Frederick Courtenay Morgan,1920,Q5082144,Charles Rodney Morgan,,sibling,wikidata
Q3425074,Frederick Guest,7912,Q6099395,"Ivor Guest, 2nd Viscount Wimborne",,nephew/niece,wikidata
Q3425074,Frederick Guest,7912,Q7106014,Oscar Guest,,sibling,wikidata
Q3425074,Frederick Guest,7912,Q17322488,"Ivor Guest, 1st Viscount Wimborne",,sibling,wikidata
Q3425074,Frederick Guest,7912,Q5722290,Henry Guest,,sibling,wikidata
Q5497944,Frederick Halsey,1867,Q7793195,Thomas Plumer Halsey,,father,wikidata
Q5497958,Frederick Hanbury-Tracy,2215,Q7790384,,,father,wikidata
Q5497958,Frederick Hanbury-Tracy,2215,Q5078743,"Charles Hanbury-Tracy, 4th Baron Sudeley",,sibling,wikidata
Q5498018,"Frederick Hervey, 2nd Marquess of Bristol",4513,Q13529938,Lord Augustus Hervey,,child,wikidata
Q5498018,"Frederick Hervey, 2nd Marquess of Bristol",4513,Q5498017,"Frederick Hervey, 3rd Marquess of Bristol",,child,wikidata
Q5498018,"Frederick Hervey, 2nd Marquess of Bristol",4513,Q6679252,Lord Francis Hervey,,child,wikidata
Q5498018,"Frederick Hervey, 2nd Marquess of Bristol",4513,Q5498019,"Frederick Hervey, 4th Marquess of Bristol",,grandchild,wikidata
Q5498018,"Frederick Hervey, 2nd Marquess of Bristol",4513,Q6678905,Lord Alfred Hervey,,sibling,wikidata
Q5498017,"Frederick Hervey, 3rd Marquess of Bristol",4512,Q5498018,"Frederick Hervey, 2nd Marquess of Bristol",,father,wikidata
Q5498017,"Frederick Hervey, 3rd Marquess of Bristol",4512,Q5498019,"Frederick Hervey, 4th Marquess of Bristol",,nephew/niece,wikidata
Q5498017,"Frederick Hervey, 3rd Marquess of Bristol",4512,Q13529938,Lord Augustus Hervey,,sibling,wikidata
Q5498017,"Frederick Hervey, 3rd Marquess of Bristol",4512,Q6679252,Lord Francis Hervey,,sibling,wikidata
Q5498019,"Frederick Hervey, 4th Marquess of Bristol",7594,Q13529938,Lord Augustus Hervey,,father,wikidata
Q5498019,"Frederick Hervey, 4th Marquess of Bristol",7594,Q5498018,"Frederick Hervey, 2nd Marquess of Bristol",,grandparent,wikidata
Q5498019,"Frederick Hervey, 4th Marquess of Bristol",7594,Q5498017,"Frederick Hervey, 3rd Marquess of Bristol",,uncle/aunt,wikidata
Q5498019,"Frederick Hervey, 4th Marquess of Bristol",7594,Q6679252,Lord Francis Hervey,,uncle/aunt,wikidata
Q5498238,"Frederick Lambton, 4th Earl of Durham",2885,Q3377781,Hedworth Meux,,sibling,wikidata
Q5498260,Frederick Lehmann,9095,Q7273520,R. C. Lehmann,,child,wikidata
Q5498271,Frederick Leveson-Gower,2462,Q2906438,George Leveson-Gower,,child,wikidata
Q5498271,Frederick Leveson-Gower,2462,Q334053,"Granville Leveson-Gower, 2nd Earl Granville",,sibling,wikidata
Q5498321,"Frederick Lygon, 6th Earl Beauchamp",4792,Q5725205,"Henry Lygon, 4th Earl Beauchamp",,father,wikidata
Q5498321,"Frederick Lygon, 6th Earl Beauchamp",4792,Q16065804,"Henry Lygon, 5th Earl Beauchamp",,sibling,wikidata
Q5498345,Frederick Mallalieu,4903,Q6285256,Joseph Mallalieu,,child,wikidata
Q5498345,Frederick Mallalieu,4903,Q6483468,Lance Mallalieu,,child,wikidata
Q5498400,Frederick Milbank,2600,Q7236918,Powlett Milbank,,child,wikidata
Q5498400,Frederick Milbank,2600,Q26215755,Mark Milbank,,father,wikidata
Q5498507,Frederick Paget,9436,Q6680031,William Paget,7096,cousin,rush
Q5498507,Frederick Paget,9436,Q10288965,Lord George Paget,7095,cousin,rush
Q5498507,Frederick Paget,9436,Q6679084,Clarence Paget,7094,cousin,rush
Q5498507,Frederick Paget,9436,Q369723,Lord Alfred Paget,7091,cousin,rush
Q5498541,Frederick Peel,7111,Q181875,Robert Peel,,father,wikidata
Q5498541,Frederick Peel,7111,Q7509271,Sidney Peel,,nephew/niece,wikidata
Q5498541,Frederick Peel,7111,Q2920090,"William Peel, 1st Earl Peel",,nephew/niece,wikidata
Q5498541,Frederick Peel,7111,Q4798804,Arthur George Villiers Peel,,nephew/niece,wikidata
Q5498541,Frederick Peel,7111,Q334165,Arthur Peel,,sibling,wikidata
Q5498541,Frederick Peel,7111,Q4685934,"Sir Robert Peel, 3rd Baronet",,sibling,wikidata
Q26235996,Frederick Polhill,5423,Q26265230,Frederick Polhill-Turner,,child,wikidata
Q26265230,Frederick Polhill-Turner,2775,Q26235996,Frederick Polhill,,father,wikidata
Q16066050,Frederick Richard West,7335,Q8007128,William Cornwallis-West,,child,wikidata
Q5498650,"Frederick Robinson, 2nd Marquess of Ripon",1475,Q333111,"George Robinson, 1st Marquess of Ripon",,father,wikidata
Q5498658,Frederick Romilly,5603,Q5345107,Edward Romilly,,sibling,wikidata
Q5498658,Frederick Romilly,5603,Q6255541,"John Romilly, 1st Baron Romilly",,sibling,wikidata
Q5498747,"Frederick Smith, 2nd Viscount Hambleden",2071,Q176472,William Henry Smith,,father,wikidata
Q335529,"Frederick Spencer, 4th Earl Spencer",7233,Q333281,"John Spencer, 5th Earl Spencer",,child,wikidata
Q335529,"Frederick Spencer, 4th Earl Spencer",7233,Q2544868,"Charles Spencer, 6th Earl Spencer",,child,wikidata
Q335529,"Frederick Spencer, 4th Earl Spencer",7233,Q386213,"John Spencer, 3rd Earl Spencer",,sibling,wikidata
Q5498768,Frederick St John Barne,1169,Q5497343,Frederick Barne,,father,wikidata
Q222458,"Frederick Stanley, 16th Earl of Derby",898,Q338427,"Edward Stanley, 17th Earl of Derby",,child,wikidata
Q222458,"Frederick Stanley, 16th Earl of Derby",898,Q5539480,George Stanley,,child,wikidata
Q222458,"Frederick Stanley, 16th Earl of Derby",898,Q4800349,Arthur Stanley,,child,wikidata
Q222458,"Frederick Stanley, 16th Earl of Derby",898,Q237829,"Edward Smith-Stanley, 14th Earl of Derby",,father,wikidata
Q222458,"Frederick Stanley, 16th Earl of Derby",898,Q3497552,Oliver Stanley,,grandchild,wikidata
Q222458,"Frederick Stanley, 16th Earl of Derby",898,Q5345413,"Edward Stanley, Lord Stanley",,grandchild,wikidata
Q222458,"Frederick Stanley, 16th Earl of Derby",898,Q335754,"Edward Smith-Stanley, 13th Earl of Derby",,grandparent,wikidata
Q222458,"Frederick Stanley, 16th Earl of Derby",898,Q332789,"Edward Stanley, 15th Earl of Derby",,sibling,wikidata
Q222458,"Frederick Stanley, 16th Earl of Derby",898,Q25861357,Henry Stanley,,uncle/aunt,wikidata
Q3087168,"Frederick Stewart, 4th Marquess of Londonderry",8992,Q5083121,"Charles Vane-Tempest-Stewart, 6th Marquess of Londonderry",,nephew/niece,wikidata
Q3087168,"Frederick Stewart, 4th Marquess of Londonderry",8992,Q5261284,"George Vane-Tempest, 5th Marquess of Londonderry",,sibling,wikidata
Q3087168,"Frederick Stewart, 4th Marquess of Londonderry",8992,Q6678890,Lord Adolphus Vane-Tempest,,sibling,wikidata
Q5498838,"Frederick Thellusson, 4th Baron Rendlesham",9043,Q5498837,"Frederick Thellusson, 5th Baron Rendlesham",,child,wikidata
Q5498837,"Frederick Thellusson, 5th Baron Rendlesham",750,Q5498838,"Frederick Thellusson, 4th Baron Rendlesham",,father,wikidata
Q5498837,"Frederick Thellusson, 5th Baron Rendlesham",750,Q6132890,James Duff,,sibling,wikidata
Q5498871,Frederick Tollemache,947,Q4724183,Algernon Tollemache,,sibling,wikidata
Q5498984,Frederick Walpole,988,Q5902833,"Horatio Walpole, 4th Earl of Orford",,sibling,wikidata
Q5499057,Frederick William Cadogan,1331,Q3760457,"George Cadogan, 5th Earl Cadogan",,nephew/niece,wikidata
Q5499057,Frederick William Cadogan,1331,Q5719091,"Henry Cadogan, 4th Earl Cadogan",,sibling,wikidata
Q5499113,Frederick William Verney,7548,Q7527064,"Sir Harry Verney, 2nd Baronet",,father,wikidata
Q5499113,Frederick William Verney,7548,Q7527066,"Sir Harry Verney, 4th Baronet",,nephew/niece,wikidata
Q5499113,Frederick William Verney,7548,Q7526496,"Sir Edmund Verney, 3rd Baronet",,sibling,wikidata
Q5507949,"Fulke Greville-Nugent, 1st Baron Greville",1737,Q26756818,George Greville-Nugent,,child,wikidata
Q5507949,"Fulke Greville-Nugent, 1st Baron Greville",1737,Q16063606,Reginald Greville-Nugent,,child,wikidata
Q5507949,"Fulke Greville-Nugent, 1st Baron Greville",1737,Q4724146,"Algernon Greville, 2nd Baron Greville",,child,wikidata
Q5507949,"Fulke Greville-Nugent, 1st Baron Greville",1737,Q7364912,Ronald Greville,,grandchild,wikidata
Q5527395,"Gathorne Gathorne-Hardy, 1st Earl of Cranbrook",2224,Q4722710,Alfred Gathorne-Hardy,,child,wikidata
Q5527395,"Gathorne Gathorne-Hardy, 1st Earl of Cranbrook",2224,Q13529906,"John Gathorne-Hardy, 2nd Earl of Cranbrook",,child,wikidata
Q5527395,"Gathorne Gathorne-Hardy, 1st Earl of Cranbrook",2224,Q6237751,John Hardy,,father,wikidata
Q5527395,"Gathorne Gathorne-Hardy, 1st Earl of Cranbrook",2224,Q6500633,Laurence Hardy,,nephew/niece,wikidata
Q5527395,"Gathorne Gathorne-Hardy, 1st Earl of Cranbrook",2224,Q7527819,"Sir John Hardy, 1st Baronet",,sibling,wikidata
Q5534679,Geoffrey Howard,7917,Q337630,"George Howard, 9th Earl of Carlisle",,father,wikidata
Q5534679,Geoffrey Howard,7917,Q5079173,Charles Howard,,grandparent,wikidata
Q5534679,Geoffrey Howard,7917,Q337615,"Charles Howard, 10th Earl of Carlisle",,sibling,wikidata
Q5540593,George Allsopp,1972,Q5717273,"Henry Allsopp, 1st Baron Hindlip",,father,wikidata
Q5540593,George Allsopp,1972,Q4723284,Alfred Percy Allsopp,,sibling,wikidata
Q5540593,George Allsopp,1972,Q7410754,"Samuel Allsopp, 2nd Baron Hindlip",,sibling,wikidata
Q5536758,George Barrington,6542,Q5536757,"George Barrington, 7th Viscount Barrington",,nephew/niece,wikidata
Q5536758,George Barrington,6542,Q8005118,"William Barrington, 6th Viscount Barrington",,sibling,wikidata
Q5536757,"George Barrington, 7th Viscount Barrington",1174,Q8005118,"William Barrington, 6th Viscount Barrington",,father,wikidata
Q5536981,"George Bingham, 5th Earl of Lucan",7441,Q771694,"Charles Bingham, 4th Earl of Lucan",,father,wikidata
Q11802131,George Blucher Heneage Marton,2578,Q5542189,George Marton,,father,wikidata
Q5537179,"George Boyle, 6th Earl of Glasgow",3298,Q6131068,"James Carr-Boyle, 5th Earl of Glasgow",,sibling,wikidata
Q5537238,"George Bridgeman, 4th Earl of Bradford",2661,Q7103052,"Orlando Bridgeman, 3rd Earl of Bradford",,father,wikidata
Q5537238,"George Bridgeman, 4th Earl of Bradford",2661,Q2364372,Francis Charles Bridgeman,,sibling,wikidata
Q5537522,George Byng,3415,Q5537511,"George Byng, 2nd Earl of Strafford",,nephew/niece,wikidata
Q5537522,George Byng,3415,Q3809125,"John Byng, 1st Earl of Strafford",,sibling,wikidata
Q5537511,"George Byng, 2nd Earl of Strafford",9092,Q5537512,"George Byng, 3rd Earl of Strafford",,child,wikidata
Q5537511,"George Byng, 2nd Earl of Strafford",9092,Q3809125,"John Byng, 1st Earl of Strafford",,father,wikidata
Q5537512,"George Byng, 3rd Earl of Strafford",1563,Q5537511,"George Byng, 2nd Earl of Strafford",,father,wikidata
Q5537512,"George Byng, 3rd Earl of Strafford",1563,Q3809125,"John Byng, 1st Earl of Strafford",,grandparent,wikidata
Q3760457,"George Cadogan, 5th Earl Cadogan",2771,Q5342180,Edward Cadogan,,child,wikidata
Q3760457,"George Cadogan, 5th Earl Cadogan",2771,Q9287820,"Henry Cadogan, Viscount Chelsea",,child,wikidata
Q3760457,"George Cadogan, 5th Earl Cadogan",2771,Q5719091,"Henry Cadogan, 4th Earl Cadogan",,father,wikidata
Q334436,"George Cave, 1st Viscount Cave",7695,Q7788288,Thomas Cave,,father,wikidata
Q337887,"George Cavendish, 1st Earl of Burlington",,Q5719237,Henry Cavendish,,child,wikidata
Q337887,"George Cavendish, 1st Earl of Burlington",,Q5076148,"Charles Cavendish, 1st Baron Chesham",,child,wikidata
Q337887,"George Cavendish, 1st Earl of Burlington",,Q16063121,"William Cavendish, 2nd Baron Chesham",,grandchild,wikidata
Q600636,George Cavendish-Bentinck,1348,Q26701524,William Cavendish-Bentinck,,child,wikidata
Q5537863,"George Chichester, 3rd Marquess of Donegall",3150,Q6679437,Lord John Chichester,,sibling,wikidata
Q5537863,"George Chichester, 3rd Marquess of Donegall",3150,Q6678924,Lord Arthur Chichester,,sibling,wikidata
Q5537867,"George Child Villiers, 6th Earl of Jersey",9050,Q22039450,Frederick Child-Villiers,,sibling,wikidata
Q5537867,"George Child Villiers, 6th Earl of Jersey",9050,Q5480517,Francis Child Villiers,,sibling,wikidata
Q5537991,George Clive,1379,Q5342327,Edward Clive,,child,wikidata
Q5537991,George Clive,1379,Q11801709,Edward Clive,,father,wikidata
Q1230681,George Cornewall Lewis,6982,Q7529126,Thomas Frankland Lewis,,father,wikidata
Q5538175,"George Cowper, 6th Earl Cowper",4013,Q5719917,Henry Cowper,,child,wikidata
Q5538175,"George Cowper, 6th Earl Cowper",4013,Q8007204,"William Cowper-Temple, 1st Baron Mount Temple",,sibling,wikidata
Q5538264,"George Cubitt, 1st Baron Ashcombe",1433,Q5720017,"Henry Cubitt, 2nd Baron Ashcombe",,child,wikidata
Q271878,"George Curzon, 1st Marquess Curzon of Kedleston",1441,Q533649,Lady Cynthia Mosley,,child,wikidata
Q5538290,"George Curzon-Howe, 2nd Earl Howe",1440,Q6904065,Montagu Curzon,,sibling,wikidata
Q5538434,George Dawson-Damer,3680,Q6555615,"Lionel Dawson-Damer, 4th Earl of Portarlington",,child,wikidata
Q5538488,George Denman,1483,Q333102,"Thomas Denman, 1st Baron Denman",,father,wikidata
Q3401240,"George Douglas-Pennant, 2nd Baron Penrhyn",1507,Q5342629,"Edward Douglas-Pennant, 3rd Baron Penrhyn",,child,wikidata
Q3401240,"George Douglas-Pennant, 2nd Baron Penrhyn",1507,Q3401219,"Edward Douglas-Pennant, 1st Baron Penrhyn",,father,wikidata
Q5538925,"George Egerton, 2nd Earl of Ellesmere",3313,Q4722620,Alfred Egerton,,child,wikidata
Q5538925,"George Egerton, 2nd Earl of Ellesmere",3313,Q1149445,"Francis Egerton, 1st Earl of Ellesmere",,father,wikidata
Q5538925,"George Egerton, 2nd Earl of Ellesmere",3313,Q5480848,Francis Egerton,,sibling,wikidata
Q5538925,"George Egerton, 2nd Earl of Ellesmere",3313,Q4724140,Algernon Egerton,,sibling,wikidata
Q5538960,George Elliot,6444,Q5538954,George Elliot,,child,wikidata
Q5538954,George Elliot,1554,Q7620964,"William Elliot-Murray-Kynynmound, 3rd Earl of Minto",5040,cousin,rush
Q5538954,George Elliot,1554,Q5538960,George Elliot,,father,wikidata
Q5538960,George Elliot,6444,Q6231620,John Elliot,,sibling,wikidata
Q5539164,"George Faber, 1st Baron Wittenham",9131,Q5339450,"Edmund Faber, 1st Baron Faber",,sibling,wikidata
Q5539164,"George Faber, 1st Baron Wittenham",9131,Q7966333,Walter Faber,,sibling,wikidata
Q5539273,George Finch,6780,Q5539274,George Finch,,child,wikidata
Q5539274,George Finch,2089,Q5539273,George Finch,,father,wikidata
Q5539271,"George Finch-Hatton, 11th Earl of Winchilsea",4898,Q6939233,"Murray Finch-Hatton, 12th Earl of Winchilsea",,sibling,wikidata
Q5539271,"George Finch-Hatton, 11th Earl of Winchilsea",4898,Q5660670,Harold Finch-Hatton,,sibling,wikidata
Q5539446,George Frederic Stewart Bowles,7440,Q3990628,Thomas Gibson Bowles,,father,wikidata
Q5539446,George Frederic Stewart Bowles,7440,Q332712,Thomas Gibson,,grandparent,wikidata
Q5539445,George Frederick Muntz,7057,Q13529999,"Sir Philip Muntz, 1st Baronet",,child,wikidata
Q5539445,George Frederick Muntz,7057,Q7183720,Philip Henry Muntz,,sibling,wikidata
Q5539524,George Fuller,1654,Q7527785,"Sir John Fuller, 1st Baronet",,child,wikidata
Q1507405,George Gavan Duffy,3797,Q167386,Charles Gavan Duffy,,father,wikidata
Q5539756,"George Glyn, 1st Baron Wolverton",6821,Q7141836,Pascoe Glyn,,child,wikidata
Q5539756,"George Glyn, 1st Baron Wolverton",6821,Q5539757,"George Glyn, 2nd Baron Wolverton",,child,wikidata
Q5539756,"George Glyn, 1st Baron Wolverton",6821,Q7509072,Sidney Glyn,,child,wikidata
Q5539756,"George Glyn, 1st Baron Wolverton",6821,Q6252459,John Pemberton Plumptre,5416,cousin,rush
Q5539757,"George Glyn, 2nd Baron Wolverton",1689,Q5539756,"George Glyn, 1st Baron Wolverton",,father,wikidata
Q5539757,"George Glyn, 2nd Baron Wolverton",1689,Q7141836,Pascoe Glyn,,sibling,wikidata
Q5539757,"George Glyn, 2nd Baron Wolverton",1689,Q7509072,Sidney Glyn,,sibling,wikidata
Q333749,"George Goschen, 1st Viscount Goschen",1708,Q5539833,"George Goschen, 2nd Viscount Goschen",,child,wikidata
Q5539833,"George Goschen, 2nd Viscount Goschen",1962,Q333749,"George Goschen, 1st Viscount Goschen",,father,wikidata
Q3313247,"George Greville, 4th Earl of Warwick",8988,Q3313263,"Francis Greville, 5th Earl of Warwick",,child,wikidata
Q26756818,George Greville-Nugent,5233,Q5507949,"Fulke Greville-Nugent, 1st Baron Greville",,father,wikidata
Q26756818,George Greville-Nugent,5233,Q7364912,Ronald Greville,,nephew/niece,wikidata
Q26756818,George Greville-Nugent,5233,Q16063606,Reginald Greville-Nugent,,sibling,wikidata
Q26756818,George Greville-Nugent,5233,Q4724146,"Algernon Greville, 2nd Baron Greville",,sibling,wikidata
Q4702898,"George Hamilton-Gordon, 5th Earl of Aberdeen",4212,Q5301898,Douglas Proby,,nephew/niece,wikidata
Q4702898,"George Hamilton-Gordon, 5th Earl of Aberdeen",4212,Q4719056,Alexander Hamilton-Gordon,,sibling,wikidata
Q4702898,"George Hamilton-Gordon, 5th Earl of Aberdeen",4212,Q6679103,Lord Claud Hamilton,,sibling,wikidata
Q4702898,"George Hamilton-Gordon, 5th Earl of Aberdeen",4212,Q335510,"Arthur Hamilton-Gordon, 1st Baron Stanmore",,sibling,wikidata
Q5540190,George Hammond Whalley,1027,Q16066453,Hampden Whalley,,child,wikidata
Q13529927,George Harcourt,6873,Q5596905,Granville Harcourt-Vernon,,nephew/niece,wikidata
Q13529927,George Harcourt,6873,Q5596904,Granville Harcourt-Vernon,,sibling,wikidata
Q13529927,George Harcourt,6873,Q5482651,Francis Venables-Vernon-Harcourt,,sibling,wikidata
Q5540333,"George Hay, Earl of Gifford",4089,Q26387320,Thomas Hay,,nephew/niece,wikidata
Q5540333,"George Hay, Earl of Gifford",4089,Q8011045,"William Hay, 10th Marquess of Tweeddale",,sibling,wikidata
Q5540333,"George Hay, Earl of Gifford",4089,Q6679443,John Hay,,sibling,wikidata
Q5540410,George Heneage,6883,Q5343402,"Edward Heneage, 1st Baron Heneage",,child,wikidata
Q5540410,George Heneage,6883,Q5343403,Edward Heneage,,sibling,wikidata
Q24153864,George Hill,,Q6758436,"Marcus Sandys, 3rd Baron Sandys",,sibling,wikidata
Q24153864,George Hill,,Q4799783,"Arthur Moyses William Hill, 2nd Baron Sandys",,sibling,wikidata
Q2079517,"George Howard, 7th Earl of Carlisle",5118,Q337630,"George Howard, 9th Earl of Carlisle",,nephew/niece,wikidata
Q2079517,"George Howard, 7th Earl of Carlisle",5118,Q5343513,"Edward Howard, 1st Baron Lanerton",,sibling,wikidata
Q2079517,"George Howard, 7th Earl of Carlisle",5118,Q5079173,Charles Howard,,sibling,wikidata
Q337630,"George Howard, 9th Earl of Carlisle",7024,Q337615,"Charles Howard, 10th Earl of Carlisle",,child,wikidata
Q337630,"George Howard, 9th Earl of Carlisle",7024,Q5534679,Geoffrey Howard,,child,wikidata
Q337630,"George Howard, 9th Earl of Carlisle",7024,Q5079173,Charles Howard,,father,wikidata
Q15616177,George Hussey Packe,5304,Q26415474,Charles William Packe,,sibling,wikidata
Q5541083,"George Jeffreys, 1st Baron Jeffreys",8549,Q4798743,Arthur Frederick Jeffreys,,father,wikidata
Q333938,George Jessel,2360,Q5734691,"Herbert Jessel, 1st Baron Jessel",,child,wikidata
Q5541118,George John Sandys,7592,Q203129,Duncan Sandys,,child,wikidata
Q5541118,George John Sandys,7592,Q478832,Laura Sandys,,grandchild,wikidata
Q652281,"George Keppel, 6th Earl of Albemarle",4573,Q628089,"William Keppel, 7th Earl of Albemarle",,child,wikidata
Q652281,"George Keppel, 6th Earl of Albemarle",4573,Q4795125,"Arnold Keppel, 8th Earl of Albemarle",,grandchild,wikidata
Q2545470,George Lambert,7577,Q2545390,"George Lambert, 1st Viscount Lambert",,father,wikidata
Q2545390,"George Lambert, 1st Viscount Lambert",1807,Q2545470,George Lambert,,child,wikidata
Q5541527,George Lane-Fox,6804,Q7396856,Sackville Lane-Fox,,sibling,wikidata
Q2906438,George Leveson-Gower,2463,Q5498271,Frederick Leveson-Gower,,father,wikidata
Q5541887,George Lyall,4790,Q26479012,George Lyall,,child,wikidata
Q26479012,George Lyall,4791,Q5541887,George Lyall,,father,wikidata
Q1507828,"George Mackie, Baron Mackie of Benshie",8562,Q15976329,"John Mackie, Baron John-Mackie",,sibling,wikidata
Q5542189,George Marton,7018,Q11802131,George Blucher Heneage Marton,,child,wikidata
Q5542558,"George Monckton-Arundell, 6th Viscount Galway",1659,Q5542557,"George Monckton-Arundell, 7th Viscount Galway",,child,wikidata
Q5542557,"George Monckton-Arundell, 7th Viscount Galway",1660,Q5542558,"George Monckton-Arundell, 6th Viscount Galway",,father,wikidata
Q859822,"George Montagu, 6th Duke of Manchester",9030,Q860041,"William Montagu, 7th Duke of Manchester",,child,wikidata
Q859822,"George Montagu, 6th Duke of Manchester",9030,Q6679922,Lord Robert Montagu,,child,wikidata
Q859822,"George Montagu, 6th Duke of Manchester",9030,Q336970,"George Montagu, 8th Duke of Manchester",,grandchild,wikidata
Q336970,"George Montagu, 8th Duke of Manchester",9032,Q860041,"William Montagu, 7th Duke of Manchester",,father,wikidata
Q336970,"George Montagu, 8th Duke of Manchester",9032,Q859822,"George Montagu, 6th Duke of Manchester",,grandparent,wikidata
Q336970,"George Montagu, 8th Duke of Manchester",9032,Q6679922,Lord Robert Montagu,,uncle/aunt,wikidata
Q5542573,"George Montagu, 9th Earl of Sandwich",7570,Q7926168,Victor Montagu,,child,wikidata
Q5543049,"George Ormsby-Gore, 3rd Baron Harlech",7614,Q2908365,"William Ormsby-Gore, 4th Baron Harlech",,child,wikidata
Q5543049,"George Ormsby-Gore, 3rd Baron Harlech",7614,Q8016373,"William Ormsby-Gore, 2nd Baron Harlech",,father,wikidata
Q5543049,"George Ormsby-Gore, 3rd Baron Harlech",7614,Q2605189,"David Ormsby-Gore, 5th Baron Harlech",,grandchild,wikidata
Q5543049,"George Ormsby-Gore, 3rd Baron Harlech",7614,Q8016372,William Ormsby-Gore,,grandparent,wikidata
Q5543049,"George Ormsby-Gore, 3rd Baron Harlech",7614,Q26237502,Seymour Ormsby-Gore,,sibling,wikidata
Q5543049,"George Ormsby-Gore, 3rd Baron Harlech",7614,Q6251316,"John Ormsby-Gore, 1st Baron Harlech",,uncle/aunt,wikidata
Q5543175,George Palmer,2720,Q5546342,George William Palmer,,child,wikidata
Q5543175,George Palmer,2720,Q7529396,"Sir Walter Palmer, 1st Baronet",,child,wikidata
Q5543534,"George Pratt, 2nd Marquess Camden",,Q6253318,"John Pratt, 3rd Marquess Camden",,child,wikidata
Q25863273,George Ridley,7162,Q7528317,"Sir Matthew White Ridley, 3rd Baronet",,father,wikidata
Q25863273,George Ridley,7162,Q16030421,Edward Ridley,,nephew/niece,wikidata
Q25863273,George Ridley,7162,Q337696,"Matthew White Ridley, 1st Viscount Ridley",,nephew/niece,wikidata
Q25863273,George Ridley,7162,Q11802686,"Sir Matthew White Ridley, 4th Baronet",,sibling,wikidata
Q5543927,George Robert Dawson,,Q7348806,Robert Peel Dawson,,child,wikidata
Q19902309,George Robert Smith,7211,Q7342786,"Robert Carrington, 2nd Baron Carrington",7218,cousin,rush
Q333111,"George Robinson, 1st Marquess of Ripon",4119,Q5498650,"Frederick Robinson, 2nd Marquess of Ripon",,child,wikidata
Q31177,"George Russell, 10th Duke of Bedford",930,Q31178,"Francis Russell, 9th Duke of Bedford",,father,wikidata
Q5544472,"George Shaw-Lefevre, 1st Baron Eversley",845,Q6257470,John Shaw-Lefevre,,father,wikidata
Q15646836,George Sinclair,7208,Q7528074,"Sir John Sinclair, 3rd Baronet",,child,wikidata
Q5544593,George Skene Duff,6731,Q332552,"Alexander Duff, 1st Duke of Fife",,nephew/niece,wikidata
Q5544593,George Skene Duff,6731,Q11309157,"James Duff, 5th Earl Fife",,sibling,wikidata
Q333601,"George Spencer-Churchill, 6th Duke of Marlborough",3235,Q333355,"John Spencer-Churchill, 7th Duke of Marlborough",,child,wikidata
Q333601,"George Spencer-Churchill, 6th Duke of Marlborough",3235,Q24288427,Lord Alfred Spencer-Churchill,,child,wikidata
Q333601,"George Spencer-Churchill, 6th Duke of Marlborough",3235,Q314773,Lord Randolph Churchill,,grandchild,wikidata
Q333601,"George Spencer-Churchill, 6th Duke of Marlborough",3235,Q6679059,Lord Charles Spencer-Churchill,,sibling,wikidata
Q5539480,George Stanley,7935,Q222458,"Frederick Stanley, 16th Earl of Derby",,father,wikidata
Q5539480,George Stanley,7935,Q237829,"Edward Smith-Stanley, 14th Earl of Derby",,grandparent,wikidata
Q5539480,George Stanley,7935,Q3497552,Oliver Stanley,,nephew/niece,wikidata
Q5539480,George Stanley,7935,Q5345413,"Edward Stanley, Lord Stanley",,nephew/niece,wikidata
Q5539480,George Stanley,7935,Q338427,"Edward Stanley, 17th Earl of Derby",,sibling,wikidata
Q5539480,George Stanley,7935,Q4800349,Arthur Stanley,,sibling,wikidata
Q5539480,George Stanley,7935,Q332789,"Edward Stanley, 15th Earl of Derby",,uncle/aunt,wikidata
Q5544932,George Stucley,5906,Q18161018,Lewis William Buck,,father,wikidata
Q333933,"George Sutherland-Leveson-Gower, 3rd Duke of Sutherland",9117,Q5187561,"Cromartie Sutherland-Leveson-Gower, 4th Duke of Sutherland",,child,wikidata
Q333933,"George Sutherland-Leveson-Gower, 3rd Duke of Sutherland",9117,Q1242682,Lord Ronald Gower,,sibling,wikidata
Q5545156,George Thomas Kenyon,2048,Q6662539,"Lloyd Kenyon, 3rd Baron Kenyon",,father,wikidata
Q5545281,George Touche,6012,Q7526994,"Sir Gordon Touche, 1st Baronet",,child,wikidata
Q5261284,"George Vane-Tempest, 5th Marquess of Londonderry",5699,Q5083121,"Charles Vane-Tempest-Stewart, 6th Marquess of Londonderry",,child,wikidata
Q5261284,"George Vane-Tempest, 5th Marquess of Londonderry",5699,Q333368,"Charles Vane-Tempest-Stewart, 7th Marquess of Londonderry",,grandchild,wikidata
Q5261284,"George Vane-Tempest, 5th Marquess of Londonderry",5699,Q6678890,Lord Adolphus Vane-Tempest,,sibling,wikidata
Q5261284,"George Vane-Tempest, 5th Marquess of Londonderry",5699,Q3087168,"Frederick Stewart, 4th Marquess of Londonderry",,sibling,wikidata
Q6084189,George W. E. Russell,806,Q6834882,"William Russell, 8th Duke of Bedford",7181,cousin,rush
Q6084189,George W. E. Russell,806,Q31178,"Francis Russell, 9th Duke of Bedford",798,cousin,rush
Q6084189,George W. E. Russell,806,Q6678929,Lord Arthur Russell,794,cousin,rush
Q6084189,George W. E. Russell,806,Q6679056,Lord Charles Russell,,father,wikidata
Q5545875,"George Ward, 1st Viscount Ward of Witley",8560,Q8019994,"William Ward, 3rd Earl of Dudley",,sibling,wikidata
Q16741855,George Watson-Taylor,,Q16030681,Simon Watson Taylor,,child,wikidata
Q5546159,George Wentworth-FitzWilliam,3992,Q5083446,"Charles Wentworth-Fitzwilliam, 5th Earl Fitzwilliam",,father,wikidata
Q5546159,George Wentworth-FitzWilliam,3992,Q5730014,Henry Wentworth-FitzWilliam,,nephew/niece,wikidata
Q5546159,George Wentworth-FitzWilliam,3992,Q8020193,"William Wentworth-FitzWilliam, Viscount Milton",,nephew/niece,wikidata
Q5546159,George Wentworth-FitzWilliam,3992,Q6263500,John Wentworth-FitzWilliam,,nephew/niece,wikidata
Q5546159,George Wentworth-FitzWilliam,3992,Q8020195,"William Wentworth-Fitzwilliam, 6th Earl Fitzwilliam",,sibling,wikidata
Q5546159,George Wentworth-FitzWilliam,3992,Q26254028,"William Wentworth-Fitzwilliam, Viscount Milton",,sibling,wikidata
Q5546159,George Wentworth-FitzWilliam,3992,Q5083442,Charles Wentworth-FitzWilliam,,sibling,wikidata
Q5546224,"George Whiteley, 1st Baron Marchamley",1790,Q7527248,"Sir Herbert Huntington-Whiteley, 1st Baronet",,sibling,wikidata
Q5546317,George William Hope,9018,Q3012172,Alexander Hope,,father,wikidata
Q5546325,George William Kekewich,7670,Q7412796,Samuel Trehawke Kekewich,,father,wikidata
Q5546342,George William Palmer,2056,Q5543175,George Palmer,,father,wikidata
Q5546342,George William Palmer,2056,Q7529396,"Sir Walter Palmer, 1st Baronet",,sibling,wikidata
Q5546432,George Windsor-Clive,1073,Q15526558,George Windsor-Clive,,child,wikidata
Q5546432,George Windsor-Clive,1073,Q5343429,"Edward Herbert, 3rd Earl of Powis",8996,cousin,rush
Q5546432,George Windsor-Clive,1073,Q7342986,Robert Clive,,father,wikidata
Q15526558,George Windsor-Clive,6359,Q5546432,George Windsor-Clive,,father,wikidata
Q15526558,George Windsor-Clive,6359,Q7342986,Robert Clive,,grandparent,wikidata
Q5546432,George Windsor-Clive,1073,Q7351171,Robert Windsor-Clive,,sibling,wikidata
Q15526558,George Windsor-Clive,6359,Q7351171,Robert Windsor-Clive,,uncle/aunt,wikidata
Q275465,George Wyndham,1829,Q7167656,Percy Wyndham,,father,wikidata
Q333145,"George Younger, 4th Viscount Younger of Leckie",6403,Q333362,"Ian Gilmour, Baron Gilmour of Craigmillar",4097,cousin,rush
Q2917086,"Gerald Balfour, 2nd Earl of Balfour",1988,Q4381482,"James Gascoyne-Cecil, 4th Marquess of Salisbury",1873,cousin,rush
Q2917086,"Gerald Balfour, 2nd Earl of Balfour",1988,Q6138831,James Maitland Balfour,,father,wikidata
Q2917086,"Gerald Balfour, 2nd Earl of Balfour",1988,Q17308768,James Balfour,,grandparent,wikidata
Q2917086,"Gerald Balfour, 2nd Earl of Balfour",1988,Q19008,Arthur Balfour,,sibling,wikidata
Q5549352,"Gerald Loder, 1st Baron Wakehurst",1964,Q3182815,"John Loder, 2nd Baron Wakehurst",,child,wikidata
Q5549352,"Gerald Loder, 1st Baron Wakehurst",1964,Q7528805,"Sir Robert Loder, 1st Baronet",,father,wikidata
Q13530009,Gerard Noel,2667,Q5081258,"Charles Noel, 2nd Earl of Gainsborough",,sibling,wikidata
Q1510187,Gerard Smith,7212,Q337696,"Matthew White Ridley, 1st Viscount Ridley",764,cousin,rush
Q1510187,Gerard Smith,7212,Q16063401,Martin Tucker Smith,,father,wikidata
Q1510187,Gerard Smith,7212,Q15458169,John Smith,,grandparent,wikidata
Q1510187,Gerard Smith,7212,Q15452761,John Abel Smith,,uncle/aunt,wikidata
Q26292488,Gervaise Waldo-Sibthorp,5741,Q1066568,Charles Sibthorp,,father,wikidata
Q5553468,Gervase Beckett,8337,Q8005295,William Beckett-Denison,,father,wikidata
Q5553468,Gervase Beckett,8337,Q7526465,"Sir Edmund Beckett, 4th Baronet",,grandparent,wikidata
Q5553468,Gervase Beckett,8337,Q5392782,"Ernest Beckett, 2nd Baron Grimthorpe",,sibling,wikidata
Q5553468,Gervase Beckett,8337,Q5111934,Christopher Beckett Denison,,uncle/aunt,wikidata
Q5559635,"Gideon Oliphant-Murray, 2nd Viscount Elibank",7795,Q4799794,"Arthur Murray, 3rd Viscount Elibank",,sibling,wikidata
Q5559635,"Gideon Oliphant-Murray, 2nd Viscount Elibank",7795,Q4719716,"Alexander Murray, 1st Baron Murray of Elibank",,sibling,wikidata
Q5560967,"Gilbert Heathcote, 1st Baron Aveland",4311,Q7620761,"Gilbert Heathcote-Drummond-Willoughby, 1st Earl of Ancaster",,child,wikidata
Q5560967,"Gilbert Heathcote, 1st Baron Aveland",4311,Q7526975,"Sir Gilbert Heathcote, 4th Baronet",,father,wikidata
Q5560967,"Gilbert Heathcote, 1st Baron Aveland",4311,Q5128637,Claud Heathcote-Drummond-Willoughby,,grandchild,wikidata
Q5560967,"Gilbert Heathcote, 1st Baron Aveland",4311,Q5560968,"Gilbert Heathcote-Drummond-Willoughby, 2nd Earl of Ancaster",,grandchild,wikidata
Q7620761,"Gilbert Heathcote-Drummond-Willoughby, 1st Earl of Ancaster",4310,Q5128637,Claud Heathcote-Drummond-Willoughby,,child,wikidata
Q7620761,"Gilbert Heathcote-Drummond-Willoughby, 1st Earl of Ancaster",4310,Q5560968,"Gilbert Heathcote-Drummond-Willoughby, 2nd Earl of Ancaster",,child,wikidata
Q7620761,"Gilbert Heathcote-Drummond-Willoughby, 1st Earl of Ancaster",4310,Q5560967,"Gilbert Heathcote, 1st Baron Aveland",,father,wikidata
Q7620761,"Gilbert Heathcote-Drummond-Willoughby, 1st Earl of Ancaster",4310,Q6135821,"James Heathcote-Drummond-Willoughby, 3rd Earl of Ancaster",,grandchild,wikidata
Q7620761,"Gilbert Heathcote-Drummond-Willoughby, 1st Earl of Ancaster",4310,Q7526975,"Sir Gilbert Heathcote, 4th Baronet",,grandparent,wikidata
Q5560968,"Gilbert Heathcote-Drummond-Willoughby, 2nd Earl of Ancaster",2893,Q6135821,"James Heathcote-Drummond-Willoughby, 3rd Earl of Ancaster",,child,wikidata
Q5560968,"Gilbert Heathcote-Drummond-Willoughby, 2nd Earl of Ancaster",2893,Q7620761,"Gilbert Heathcote-Drummond-Willoughby, 1st Earl of Ancaster",,father,wikidata
Q5560968,"Gilbert Heathcote-Drummond-Willoughby, 2nd Earl of Ancaster",2893,Q5560967,"Gilbert Heathcote, 1st Baron Aveland",,grandparent,wikidata
Q5560968,"Gilbert Heathcote-Drummond-Willoughby, 2nd Earl of Ancaster",2893,Q5128637,Claud Heathcote-Drummond-Willoughby,,sibling,wikidata
Q5561280,"Gilbert Wills, 1st Baron Dulverton",7954,Q7526796,"Sir Frederick Wills, 1st Baronet",,father,wikidata
Q18756734,Gillery Pigott,5401,Q5482197,Francis Pigott Stainsby Conant,,sibling,wikidata
Q13529973,Godfrey Locker-Lampson,4735,Q7087669,Oliver Locker-Lampson,,sibling,wikidata
Q5576500,Godfrey Mark Palmer,7957,Q7526274,"Sir Charles Palmer, 1st Baronet",,father,wikidata
Q5576507,"Godfrey Morgan, 1st Viscount Tredegar",2629,Q5081069,"Charles Morgan, 1st Baron Tredegar",,father,wikidata
Q5576507,"Godfrey Morgan, 1st Viscount Tredegar",2629,Q5497586,Frederick Courtenay Morgan,,sibling,wikidata
Q5576507,"Godfrey Morgan, 1st Viscount Tredegar",2629,Q5082144,Charles Rodney Morgan,,sibling,wikidata
Q5576536,Godfrey Samuelson,7504,Q4894226,Bernhard Samuelson,,father,wikidata
Q5576536,Godfrey Samuelson,7504,Q5727972,Henry Samuelson,,sibling,wikidata
Q1537987,Gordon Campbell,7959,Q7526533,"Sir Edward Campbell, 1st Baronet",,sibling,wikidata
Q5585234,Gordon Hall Caine,4226,Q5263331,Derwent Hall Caine,,sibling,wikidata
Q26690007,Graeme Whitelaw,1038,Q18619569,Alexander Whitelaw,,father,wikidata
Q26690007,Graeme Whitelaw,1038,Q8020294,William Whitelaw,,sibling,wikidata
Q24254838,Granby Calcraft,,Q6224784,John Calcraft,,father,wikidata
Q24254838,Granby Calcraft,,Q26267738,John Calcraft,,nephew/niece,wikidata
Q24254838,Granby Calcraft,,Q24254779,John Hales Calcraft,,sibling,wikidata
Q333400,Grantley Berkeley,6564,Q5480202,"Francis Berkeley, 2nd Baron FitzHardinge",,nephew/niece,wikidata
Q333400,Grantley Berkeley,6564,Q5075565,"Charles Berkeley, 3rd Baron FitzHardinge",,nephew/niece,wikidata
Q333400,Grantley Berkeley,6564,Q11771724,"Maurice Berkeley, 1st Baron FitzHardinge",,sibling,wikidata
Q333400,Grantley Berkeley,6564,Q5721264,Henry FitzHardinge Berkeley,,sibling,wikidata
Q333400,Grantley Berkeley,6564,Q5182718,Craven Berkeley,,sibling,wikidata
Q5596904,Granville Harcourt-Vernon,7303,Q5596905,Granville Harcourt-Vernon,,child,wikidata
Q5596905,Granville Harcourt-Vernon,7302,Q5596904,Granville Harcourt-Vernon,,father,wikidata
Q5596904,Granville Harcourt-Vernon,7303,Q13529927,George Harcourt,,sibling,wikidata
Q5596904,Granville Harcourt-Vernon,7303,Q5482651,Francis Venables-Vernon-Harcourt,,sibling,wikidata
Q334053,"Granville Leveson-Gower, 2nd Earl Granville",4708,Q2906438,George Leveson-Gower,,nephew/niece,wikidata
Q334053,"Granville Leveson-Gower, 2nd Earl Granville",4708,Q5498271,Frederick Leveson-Gower,,sibling,wikidata
Q5596937,Granville Ryder,7184,Q5596940,Granville Ryder,,child,wikidata
Q5596940,Granville Ryder,809,Q5311966,"Dudley Ryder, 3rd Earl of Harrowby",821,cousin,rush
Q5596940,Granville Ryder,809,Q5596937,Granville Ryder,,father,wikidata
Q5596937,Granville Ryder,7184,Q5311966,"Dudley Ryder, 3rd Earl of Harrowby",,nephew/niece,wikidata
Q5596937,Granville Ryder,7184,Q5311965,"Dudley Ryder, 2nd Earl of Harrowby",,sibling,wikidata
Q1546121,"Greville Janner, Baron Janner of Braunstone",4502,Q4861635,Barnett Janner,,father,wikidata
Q24963033,Greville Richard Vernon,2849,Q7350603,"Robert Vernon, 1st Baron Lyveden",,father,wikidata
Q5621197,Gustav Renwick,5555,Q7526913,"Sir George Renwick, 1st Baronet",,father,wikidata
Q5622068,Guy Baring,7605,Q4718311,"Alexander Baring, 4th Baron Ashburton",,father,wikidata
Q5622068,Guy Baring,7605,Q5480129,"Francis Baring, 3rd Baron Ashburton",,grandparent,wikidata
Q5622196,Guy Dawnay,6706,Q8007679,"William Dawnay, 7th Viscount Downe",,father,wikidata
Q5622196,Guy Dawnay,6706,Q6536955,Lewis Payn Dawnay,,sibling,wikidata
Q5622292,Guy Greville Wilson,7627,Q5083625,"Charles Wilson, 1st Baron Nunburnholme",,father,wikidata
Q5622292,Guy Greville Wilson,7627,Q5083626,"Charles Wilson, 2nd Baron Nunburnholme",,sibling,wikidata
Q5623626,Gwilym Jones,9352,Q63929463,Fay Jones,,child,wikidata
Q333823,"Gwilym Lloyd George, 1st Viscount Tenby",8575,Q134982,David Lloyd George,,father,wikidata
Q333823,"Gwilym Lloyd George, 1st Viscount Tenby",8575,Q6808694,Megan Lloyd George,,sibling,wikidata
Q5644068,Hamar Alfred Bass,1179,Q337407,Michael Thomas Bass,,father,wikidata
Q5644068,Hamar Alfred Bass,1179,Q6828483,"Michael Bass, 1st Baron Burton",,sibling,wikidata
Q16066453,Hampden Whalley,7337,Q5540190,George Hammond Whalley,,father,wikidata
Q5655049,"Harcourt Vanden-Bempde-Johnstone, 1st Baron Derwent",2368,Q7528127,"Sir John Vanden-Bempde-Johnstone, 2nd Baronet",,father,wikidata
Q5660670,Harold Finch-Hatton,1599,Q6939233,"Murray Finch-Hatton, 12th Earl of Winchilsea",,sibling,wikidata
Q5660670,Harold Finch-Hatton,1599,Q5539271,"George Finch-Hatton, 11th Earl of Winchilsea",,sibling,wikidata
Q5660994,Harold Henderson,7626,Q4719112,"Alexander Henderson, 1st Baron Faringdon",,father,wikidata
Q333321,"Harold Lever, Baron Lever of Manchester",8783,Q7004840,Neville Sandelson,5662,cousin,rush
Q333321,"Harold Lever, Baron Lever of Manchester",8783,Q6530973,"Leslie Lever, Baron Lever",,sibling,wikidata
Q128985,Harold Macmillan,4867,Q332897,Maurice Macmillan,,child,wikidata
Q332956,Harold Nicolson,7968,Q333231,Nigel Nicolson,,child,wikidata
Q5661985,"Harold Pearson, 2nd Viscount Cowdray",7608,Q5612753,"Weetman Pearson, 1st Viscount Cowdray",,father,wikidata
Q5662543,Harold Tennant,2136,Q7526303,"Sir Charles Tennant, 1st Baronet",,father,wikidata
Q5662543,Harold Tennant,2136,Q5345573,"Edward Tennant, 1st Baron Glenconner",,sibling,wikidata
Q2662125,Harold Thomas Cawley,7488,Q5497502,"Frederick Cawley, 1st Baron Cawley",,father,wikidata
Q2662125,Harold Thomas Cawley,7488,Q7108101,Oswald Cawley,,sibling,wikidata
Q1606613,Harry Cust,2042,Q4681850,"Adelbert Brownlow-Cust, 3rd Earl Brownlow",6694,cousin,rush
Q1606613,Harry Cust,2042,Q13529877,Henry Cockayne-Cust,,father,wikidata
Q5670875,Harry Manfield,7589,Q19324979,Moses Manfield,,father,wikidata
Q5609970,"Harry Powlett, 4th Duke of Cleveland",6078,Q338053,"William Vane, 3rd Duke of Cleveland",,sibling,wikidata
Q5609970,"Harry Powlett, 4th Duke of Cleveland",6078,Q5609972,"Henry Vane, 2nd Duke of Cleveland",,sibling,wikidata
Q5671733,"Harry Primrose, 6th Earl of Rosebery",3675,Q6989174,Neil Primrose,,sibling,wikidata
Q334142,Hartley Shawcross,5719,Q5112976,Christopher Nyholm Shawcross,,sibling,wikidata
Q5677717,Harvey du Cros,3787,Q7526085,"Sir Arthur du Cros, 1st Baronet",,child,wikidata
Q5697772,"Hedworth Jolliffe, 2nd Baron Hylton",4533,Q13529955,"Hylton Jolliffe, 3rd Baron Hylton",,child,wikidata
Q5697772,"Hedworth Jolliffe, 2nd Baron Hylton",4533,Q8013712,"William Jolliffe, 1st Baron Hylton",,father,wikidata
Q5697772,"Hedworth Jolliffe, 2nd Baron Hylton",4533,Q17279383,William Sydney Hylton Jolliffe,,sibling,wikidata
Q3377781,Hedworth Meux,5052,Q5498238,"Frederick Lambton, 4th Earl of Durham",,sibling,wikidata
Q5714134,Heneage Legge,4685,Q8014457,"William Legge, 6th Earl of Dartmouth",,nephew/niece,wikidata
Q5714134,Heneage Legge,4685,Q7613861,"William Legge, 5th Earl of Dartmouth",,sibling,wikidata
Q16146311,Henry Adeane,,Q26293549,Henry Adeane,,child,wikidata
Q26293549,Henry Adeane,52,Q16146311,Henry Adeane,,father,wikidata
Q5717137,Henry Aglionby Aglionby,2983,Q5479943,Francis Aglionby,2984,cousin,rush
Q5717273,"Henry Allsopp, 1st Baron Hindlip",1110,Q4723284,Alfred Percy Allsopp,,child,wikidata
Q5717273,"Henry Allsopp, 1st Baron Hindlip",1110,Q5540593,George Allsopp,,child,wikidata
Q5717273,"Henry Allsopp, 1st Baron Hindlip",1110,Q7410754,"Samuel Allsopp, 2nd Baron Hindlip",,child,wikidata
Q5717428,Henry Arthur Herbert,6455,Q5717431,Henry Arthur Herbert,,child,wikidata
Q5717431,Henry Arthur Herbert,2258,Q5717428,Henry Arthur Herbert,,father,wikidata
Q5717438,Henry Arthur Wallop Fellowes,6768,Q7020238,"Newton Fellowes, 4th Earl of Portsmouth",,father,wikidata
Q5717706,Henry Baillie,6511,Q16065803,Hugh Duncan Baillie,,father,wikidata
Q16929542,Henry Boyle Bernard,3170,Q5480209,"Francis Bernard, 3rd Earl of Bandon",,sibling,wikidata
Q336732,"Henry Brand, 1st Viscount Hampden",1254,Q4798072,Arthur Brand,,child,wikidata
Q336732,"Henry Brand, 1st Viscount Hampden",1254,Q3132661,"Henry Brand, 2nd Viscount Hampden",,child,wikidata
Q336732,"Henry Brand, 1st Viscount Hampden",1254,Q7794563,"Thomas Trevor, 22nd Baron Dacre",,sibling,wikidata
Q3132661,"Henry Brand, 2nd Viscount Hampden",1255,Q336732,"Henry Brand, 1st Viscount Hampden",,father,wikidata
Q3132661,"Henry Brand, 2nd Viscount Hampden",1255,Q4798072,Arthur Brand,,sibling,wikidata
Q5718544,Henry Brassey,1256,Q11802543,"Henry Brassey, 1st Baron Brassey of Apethorpe",,child,wikidata
Q5718544,Henry Brassey,1256,Q7342109,Robert Brassey,,nephew/niece,wikidata
Q5718544,Henry Brassey,1256,Q337691,"Thomas Brassey, 1st Earl Brassey",,sibling,wikidata
Q5718544,Henry Brassey,1256,Q4709792,Albert Brassey,,sibling,wikidata
Q11802543,"Henry Brassey, 1st Baron Brassey of Apethorpe",7990,Q5718544,Henry Brassey,,father,wikidata
Q333889,"Henry Brooke, Baron Brooke of Cumnor",8592,Q334257,"Peter Brooke, Baron Brooke of Sutton Mandeville",,child,wikidata
Q5718739,Henry Bruce Armstrong,6362,Q5006934,C. W. Armstrong,,child,wikidata
Q13529854,"Henry Brudenell-Bruce, 5th Marquess of Ailesbury",1288,Q5392837,"Ernest Brudenell-Bruce, 3rd Marquess of Ailesbury",,father,wikidata
Q5718758,Henry Bruen,6435,Q5718763,Henry Bruen,,child,wikidata
Q5718763,Henry Bruen,1289,Q5718758,Henry Bruen,,father,wikidata
Q5718758,Henry Bruen,6435,Q5480351,Francis Bruen,,sibling,wikidata
Q3132669,"Henry Bulwer, 1st Baron Dalling and Bulwer",1295,Q318462,Edward Bulwer-Lytton,,sibling,wikidata
Q13529858,Henry Butler-Johnstone,6615,Q11806952,Henry Munro-Butler-Johnstone,,child,wikidata
Q5719091,"Henry Cadogan, 4th Earl Cadogan",8994,Q3760457,"George Cadogan, 5th Earl Cadogan",,child,wikidata
Q5719091,"Henry Cadogan, 4th Earl Cadogan",8994,Q5342180,Edward Cadogan,,grandchild,wikidata
Q5719091,"Henry Cadogan, 4th Earl Cadogan",8994,Q9287820,"Henry Cadogan, Viscount Chelsea",,grandchild,wikidata
Q5719091,"Henry Cadogan, 4th Earl Cadogan",8994,Q5499057,Frederick William Cadogan,,sibling,wikidata
Q9287820,"Henry Cadogan, Viscount Chelsea",1362,Q3760457,"George Cadogan, 5th Earl Cadogan",,father,wikidata
Q9287820,"Henry Cadogan, Viscount Chelsea",1362,Q5719091,"Henry Cadogan, 4th Earl Cadogan",,grandparent,wikidata
Q9287820,"Henry Cadogan, Viscount Chelsea",1362,Q5342180,Edward Cadogan,,sibling,wikidata
Q106618,Henry Campbell-Bannerman,2913,Q6128517,James Alexander Campbell,,sibling,wikidata
Q26577004,Henry Cartwright,6634,Q8017337,William Ralph Cartwright,,father,wikidata
Q5719237,Henry Cavendish,6638,Q337887,"George Cavendish, 1st Earl of Burlington",,father,wikidata
Q5719237,Henry Cavendish,6638,Q16063121,"William Cavendish, 2nd Baron Chesham",,nephew/niece,wikidata
Q5719237,Henry Cavendish,6638,Q5076148,"Charles Cavendish, 1st Baron Chesham",,sibling,wikidata
Q5719301,Henry Channon,3478,Q3069915,"Paul Channon, Baron Kelvedon",,child,wikidata
Q5719311,"Henry Chaplin, 1st Viscount Chaplin",2847,Q5342254,Edward Chaplin,,sibling,wikidata
Q93669,"Henry Chetwynd-Talbot, 18th Earl of Shrewsbury",4476,Q19664755,Walter Carpenter,,child,wikidata
Q93669,"Henry Chetwynd-Talbot, 18th Earl of Shrewsbury",4476,Q1477948,Reginald Talbot,,child,wikidata
Q93669,"Henry Chetwynd-Talbot, 18th Earl of Shrewsbury",4476,Q5076220,"Charles Chetwynd-Talbot, 19th Earl of Shrewsbury",,child,wikidata
Q24254897,Henry Clive,,Q5537991,George Clive,,nephew/niece,wikidata
Q24254897,Henry Clive,,Q11801709,Edward Clive,,sibling,wikidata
Q13529877,Henry Cockayne-Cust,1442,Q1606613,Harry Cust,,child,wikidata
Q5719665,Henry Cole,1393,Q6694156,"Lowry Cole, 4th Earl of Enniskillen",,nephew/niece,wikidata
Q5719665,Henry Cole,1393,Q8006971,"William Cole, 3rd Earl of Enniskillen",,sibling,wikidata
Q5719665,Henry Cole,1393,Q26388219,John Cole,,sibling,wikidata
Q5719716,Henry Combe Compton,6670,Q5480592,Francis Compton,,child,wikidata
Q5719917,Henry Cowper,1404,Q5538175,"George Cowper, 6th Earl Cowper",,father,wikidata
Q5720017,"Henry Cubitt, 2nd Baron Ashcombe",1952,Q5538264,"George Cubitt, 1st Baron Ashcombe",,father,wikidata
Q26292607,Henry Currie,6691,Q7283849,Raikes Currie,6692,cousin,rush
Q16063838,Henry Danby Seymour,7197,Q4723426,Alfred Seymour,,sibling,wikidata
Q664073,"Henry Douglas-Scott-Montagu, 1st Baron Montagu of Beaulieu",7191,Q6229878,"John Douglas-Scott-Montagu, 2nd Baron Montagu of Beaulieu",,child,wikidata
Q664073,"Henry Douglas-Scott-Montagu, 1st Baron Montagu of Beaulieu",7191,Q337464,"John Montagu Douglas Scott, 7th Duke of Buccleuch",,nephew/niece,wikidata
Q664073,"Henry Douglas-Scott-Montagu, 1st Baron Montagu of Beaulieu",7191,Q337468,"William Montagu Douglas Scott, 6th Duke of Buccleuch",,sibling,wikidata
Q5725578,Henry Feilden,1586,Q25998074,Joseph Feilden,,father,wikidata
Q5725578,Henry Feilden,1586,Q6283050,Joseph Feilden,,sibling,wikidata
Q5721264,Henry FitzHardinge Berkeley,1214,Q5480202,"Francis Berkeley, 2nd Baron FitzHardinge",,nephew/niece,wikidata
Q5721264,Henry FitzHardinge Berkeley,1214,Q5075565,"Charles Berkeley, 3rd Baron FitzHardinge",,nephew/niece,wikidata
Q5721264,Henry FitzHardinge Berkeley,1214,Q11771724,"Maurice Berkeley, 1st Baron FitzHardinge",,sibling,wikidata
Q5721264,Henry FitzHardinge Berkeley,1214,Q5182718,Craven Berkeley,,sibling,wikidata
Q5721264,Henry FitzHardinge Berkeley,1214,Q333400,Grantley Berkeley,,sibling,wikidata
Q337872,"Henry FitzRoy, 5th Duke of Grafton",3903,Q338004,"William FitzRoy, 6th Duke of Grafton",,child,wikidata
Q337872,"Henry FitzRoy, 5th Duke of Grafton",3903,Q213756,Robert FitzRoy,3989,cousin,rush
Q337872,"Henry FitzRoy, 5th Duke of Grafton",3903,Q6679044,Lord Charles FitzRoy,,sibling,wikidata
Q3784929,"Henry Fitzalan-Howard, 14th Duke of Norfolk",3043,Q597848,"Edmund FitzAlan-Howard, 1st Viscount FitzAlan of Derwent",,child,wikidata
Q3784929,"Henry Fitzalan-Howard, 14th Duke of Norfolk",3043,Q3784947,"Henry Howard, 13th Duke of Norfolk",,father,wikidata
Q3784929,"Henry Fitzalan-Howard, 14th Duke of Norfolk",3043,Q5342919,"Edward Fitzalan-Howard, 1st Baron Howard of Glossop",,sibling,wikidata
Q5722087,Henry Gore-Langton,4647,Q16741823,William Gore-Langton,,father,wikidata
Q5722116,Henry Goulburn,4146,Q18671035,Edward Goulburn,,sibling,wikidata
Q5722150,Henry Grattan,4156,Q26213089,James Grattan,,sibling,wikidata
Q5722211,Henry Grenfell,6843,Q5343174,"Edward Grenfell, 1st Baron St Just",,child,wikidata
Q5722211,Henry Grenfell,6843,Q5078424,Charles Grenfell,,father,wikidata
Q5722211,Henry Grenfell,6843,Q333887,"William Grenfell, 1st Baron Desborough",,nephew/niece,wikidata
Q5722211,Henry Grenfell,6843,Q5078425,Charles Grenfell,,sibling,wikidata
Q320291,"Henry Grey, 3rd Earl Grey",4438,Q333336,"Albert Grey, 4th Earl Grey",,nephew/niece,wikidata
Q320291,"Henry Grey, 3rd Earl Grey",4438,Q5078440,Charles Grey,,sibling,wikidata
Q5722290,Henry Guest,7808,Q6099395,"Ivor Guest, 2nd Viscount Wimborne",,nephew/niece,wikidata
Q5722290,Henry Guest,7808,Q7106014,Oscar Guest,,sibling,wikidata
Q5722290,Henry Guest,7808,Q17322488,"Ivor Guest, 1st Viscount Wimborne",,sibling,wikidata
Q5722290,Henry Guest,7808,Q3425074,Frederick Guest,,sibling,wikidata
Q5722542,Henry Hanbury-Tracy,9428,Q5078742,"Charles Hanbury-Tracy, 1st Baron Sudeley",,father,wikidata
Q26220083,Henry Handcock,4241,Q7326246,"Richard Handcock, 3rd Baron Castlemaine",,father,wikidata
Q26234470,Henry Handley,4242,Q6237583,John Handley,4245,cousin,rush
Q26234470,Henry Handley,4242,Q11802744,William Farnworth Handley,4243,cousin,rush
Q26234470,Henry Handley,4242,Q4888762,Benjamin Handley,4244,cousin,rush
Q332793,"Henry Hardinge, 1st Viscount Hardinge",6654,Q5078764,"Charles Hardinge, 2nd Viscount Hardinge",,child,wikidata
Q5722860,"Henry Hepburne-Scott, 7th Lord Polwarth",,Q5482411,Francis Scott,,sibling,wikidata
Q1606850,"Henry Herbert, 3rd Earl of Carnarvon",,Q2056806,Auberon Herbert,,child,wikidata
Q1606850,"Henry Herbert, 3rd Earl of Carnarvon",,Q26234463,Edward Herbert,,sibling,wikidata
Q5723083,Henry Hobhouse,1937,Q4799090,Arthur Hobhouse,,child,wikidata
Q26734725,Henry Hobhouse,6896,Q332595,"John Hobhouse, 1st Baron Broughton",,sibling,wikidata
Q26734725,Henry Hobhouse,6896,Q7790721,Thomas Benjamin Hobhouse,,sibling,wikidata
Q5723097,Henry Hodgetts-Foley,6790,Q6239482,John Hodgetts-Foley,,father,wikidata
Q4499092,"Henry Holland, 1st Viscount Knutsford",2293,Q6555681,Lionel Holland,,child,wikidata
Q15990054,Henry Hope,9019,Q1739864,Alexander Beresford Hope,,sibling,wikidata
Q5723318,Henry Howard,,Q7596635,Stafford Howard,,child,wikidata
Q5723318,Henry Howard,,Q16058834,Henry Howard,,child,wikidata
Q16058834,Henry Howard,2313,Q5723318,Henry Howard,,father,wikidata
Q16058834,Henry Howard,2313,Q7596635,Stafford Howard,,sibling,wikidata
Q3784947,"Henry Howard, 13th Duke of Norfolk",5924,Q5342919,"Edward Fitzalan-Howard, 1st Baron Howard of Glossop",,child,wikidata
Q3784947,"Henry Howard, 13th Duke of Norfolk",5924,Q3784929,"Henry Fitzalan-Howard, 14th Duke of Norfolk",,child,wikidata
Q3784947,"Henry Howard, 13th Duke of Norfolk",5924,Q597848,"Edmund FitzAlan-Howard, 1st Viscount FitzAlan of Derwent",,grandchild,wikidata
Q13582499,"Henry Howard, 18th Earl of Suffolk",3022,Q5079163,"Charles Howard, 17th Earl of Suffolk",,father,wikidata
Q15990103,Henry Keswick,4589,Q167076,William Keswick,,father,wikidata
Q5724916,"Henry Liddell, 1st Earl of Ravensworth",9025,Q5724913,"Henry Liddell, 2nd Earl of Ravensworth",,child,wikidata
Q5724913,"Henry Liddell, 2nd Earl of Ravensworth",2472,Q5724916,"Henry Liddell, 1st Earl of Ravensworth",,father,wikidata
Q5725062,"Henry Lopes, 1st Baron Ludlow",2488,Q7528514,"Sir Ralph Lopes, 2nd Baronet",,father,wikidata
Q5725062,"Henry Lopes, 1st Baron Ludlow",2488,Q5725065,"Henry Lopes, 1st Baron Roborough",,nephew/niece,wikidata
Q5725062,"Henry Lopes, 1st Baron Ludlow",2488,Q1907604,"Sir Massey Lopes, 3rd Baronet",,sibling,wikidata
Q5725065,"Henry Lopes, 1st Baron Roborough",2489,Q1907604,"Sir Massey Lopes, 3rd Baronet",,father,wikidata
Q5725065,"Henry Lopes, 1st Baron Roborough",2489,Q7528514,"Sir Ralph Lopes, 2nd Baronet",,grandparent,wikidata
Q5725065,"Henry Lopes, 1st Baron Roborough",2489,Q5725062,"Henry Lopes, 1st Baron Ludlow",,uncle/aunt,wikidata
Q5725113,Henry Lowther,6993,Q5725106,"Henry Lowther, 3rd Earl of Lonsdale",,child,wikidata
Q5725113,Henry Lowther,6993,Q8014752,William Lowther,,child,wikidata
Q5725113,Henry Lowther,6993,Q5056199,Cecil Lowther,,grandchild,wikidata
Q5725113,Henry Lowther,6993,Q1680725,"James William Lowther, 1st Viscount Ullswater",,grandchild,wikidata
Q5725113,Henry Lowther,6993,Q8014747,"William Lowther, 2nd Earl of Lonsdale",,sibling,wikidata
Q5725106,"Henry Lowther, 3rd Earl of Lonsdale",2497,Q5725113,Henry Lowther,,father,wikidata
Q5725106,"Henry Lowther, 3rd Earl of Lonsdale",2497,Q5056199,Cecil Lowther,,nephew/niece,wikidata
Q5725106,"Henry Lowther, 3rd Earl of Lonsdale",2497,Q1680725,"James William Lowther, 1st Viscount Ullswater",,nephew/niece,wikidata
Q5725106,"Henry Lowther, 3rd Earl of Lonsdale",2497,Q8014752,William Lowther,,sibling,wikidata
Q5725205,"Henry Lygon, 4th Earl Beauchamp",4793,Q5498321,"Frederick Lygon, 6th Earl Beauchamp",,child,wikidata
Q5725205,"Henry Lygon, 4th Earl Beauchamp",4793,Q16065804,"Henry Lygon, 5th Earl Beauchamp",,child,wikidata
Q16065804,"Henry Lygon, 5th Earl Beauchamp",3872,Q5725205,"Henry Lygon, 4th Earl Beauchamp",,father,wikidata
Q16065804,"Henry Lygon, 5th Earl Beauchamp",3872,Q5498321,"Frederick Lygon, 6th Earl Beauchamp",,sibling,wikidata
Q3784973,"Henry Manners, 8th Duke of Rutland",1714,Q2086683,"John Manners, 7th Duke of Rutland",,father,wikidata
Q3784973,"Henry Manners, 8th Duke of Rutland",1714,Q13529987,Lord Cecil Manners,,sibling,wikidata
Q3784973,"Henry Manners, 8th Duke of Rutland",1714,Q6679211,Lord Edward Manners,,sibling,wikidata
Q5725625,"Henry Maxwell, 7th Baron Farnham",7020,Q6139118,"James Maxwell, 9th Baron Farnham",,sibling,wikidata
Q5725625,"Henry Maxwell, 7th Baron Farnham",7020,Q7559889,"Somerset Maxwell, 8th Baron Farnham",,sibling,wikidata
Q5725740,Henry McLaren,7983,Q5080854,"Charles McLaren, 1st Baron Aberconway",,father,wikidata
Q5725740,Henry McLaren,7983,Q5314516,Duncan McLaren,,grandparent,wikidata
Q5725740,Henry McLaren,7983,Q6776167,Martin McLaren,,nephew/niece,wikidata
Q5725740,Henry McLaren,7983,Q5481905,Francis McLaren,,sibling,wikidata
Q5725740,Henry McLaren,7983,Q7965601,Walter McLaren,,uncle/aunt,wikidata
Q5725740,Henry McLaren,7983,Q6248044,John McLaren,,uncle/aunt,wikidata
Q5725848,"Henry Meysey-Thompson, 1st Baron Knaresborough",1943,Q7527055,"Sir Harry Meysey-Thompson, 1st Baronet",,father,wikidata
Q5725940,"Henry Mond, 2nd Baron Melchett",5086,Q333591,"Alfred Mond, 1st Baron Melchett",,father,wikidata
Q5726129,"Henry Mulholland, 2nd Baron Dunleath",2641,Q6249740,"John Mulholland, 1st Baron Dunleath",,father,wikidata
Q11806952,Henry Munro-Butler-Johnstone,1306,Q13529858,Henry Butler-Johnstone,,father,wikidata
Q333831,"Henry Northcote, 1st Baron Northcote",2671,Q332650,"Stafford Northcote, 1st Earl of Iddesleigh",,father,wikidata
Q13582500,"Henry Paget, 2nd Marquess of Anglesey",,Q5726659,"Henry Paget, 3rd Marquess of Anglesey",,child,wikidata
Q13582500,"Henry Paget, 2nd Marquess of Anglesey",,Q4733782,"Almeric Paget, 1st Baron Queenborough",,nephew/niece,wikidata
Q13582500,"Henry Paget, 2nd Marquess of Anglesey",,Q6679084,Clarence Paget,,sibling,wikidata
Q13582500,"Henry Paget, 2nd Marquess of Anglesey",,Q6680031,William Paget,,sibling,wikidata
Q13582500,"Henry Paget, 2nd Marquess of Anglesey",,Q369723,Lord Alfred Paget,,sibling,wikidata
Q13582500,"Henry Paget, 2nd Marquess of Anglesey",,Q10288965,Lord George Paget,,sibling,wikidata
Q5726659,"Henry Paget, 3rd Marquess of Anglesey",6073,Q13582500,"Henry Paget, 2nd Marquess of Anglesey",,father,wikidata
Q5726789,Henry Pease,7108,Q7528199,"Sir Joseph Pease, 1st Baronet",,nephew/niece,wikidata
Q5726789,Henry Pease,7108,Q4799939,Arthur Pease,,nephew/niece,wikidata
Q5726789,Henry Pease,7108,Q6286166,Joseph Pease,,sibling,wikidata
Q2492102,"Henry Pelham-Clinton, 5th Duke of Newcastle",4716,Q6679205,Lord Edward Clinton,,child,wikidata
Q2492102,"Henry Pelham-Clinton, 5th Duke of Newcastle",4716,Q2034621,"Henry Pelham-Clinton, 6th Duke of Newcastle",,child,wikidata
Q2492102,"Henry Pelham-Clinton, 5th Duke of Newcastle",4716,Q6678926,Lord Arthur Clinton,,child,wikidata
Q2492102,"Henry Pelham-Clinton, 5th Duke of Newcastle",4716,Q6679913,Lord Robert Clinton,,sibling,wikidata
Q2492102,"Henry Pelham-Clinton, 5th Duke of Newcastle",4716,Q6679041,Lord Charles Clinton,,sibling,wikidata
Q2034621,"Henry Pelham-Clinton, 6th Duke of Newcastle",4717,Q2492102,"Henry Pelham-Clinton, 5th Duke of Newcastle",,father,wikidata
Q2034621,"Henry Pelham-Clinton, 6th Duke of Newcastle",4717,Q6679205,Lord Edward Clinton,,sibling,wikidata
Q2034621,"Henry Pelham-Clinton, 6th Duke of Newcastle",4717,Q6678926,Lord Arthur Clinton,,sibling,wikidata
Q762750,"Henry Percy, 7th Duke of Northumberland",2754,Q5726862,"Henry Percy, Earl Percy",,child,wikidata
Q762750,"Henry Percy, 7th Duke of Northumberland",2754,Q1241117,"Eustace Percy, 1st Baron Percy of Newcastle",,child,wikidata
Q762750,"Henry Percy, 7th Duke of Northumberland",2754,Q337686,"Algernon Percy, 6th Duke of Northumberland",,father,wikidata
Q762750,"Henry Percy, 7th Duke of Northumberland",2754,Q6678906,Lord Algernon Percy,,sibling,wikidata
Q5726862,"Henry Percy, Earl Percy",7518,Q762750,"Henry Percy, 7th Duke of Northumberland",,father,wikidata
Q5726862,"Henry Percy, Earl Percy",7518,Q337686,"Algernon Percy, 6th Duke of Northumberland",,grandparent,wikidata
Q5726862,"Henry Percy, Earl Percy",7518,Q1241117,"Eustace Percy, 1st Baron Percy of Newcastle",,sibling,wikidata
Q5726862,"Henry Percy, Earl Percy",7518,Q6678906,Lord Algernon Percy,,uncle/aunt,wikidata
Q5935407,"Henry Petty-Fitzmaurice, 4th Marquess of Lansdowne",5724,Q337913,"Edmond Fitzmaurice, 1st Baron Fitzmaurice",,child,wikidata
Q5935407,"Henry Petty-Fitzmaurice, 4th Marquess of Lansdowne",5724,Q8016840,"William Petty-FitzMaurice, Earl of Kerry",,sibling,wikidata
Q12066246,"Henry Portman, 2nd Viscount Portman",2780,Q5344887,"Edward Portman, 1st Viscount Portman",,father,wikidata
Q12066246,"Henry Portman, 2nd Viscount Portman",2780,Q5346251,Edwin Berkeley Portman,,sibling,wikidata
Q5727490,"Henry Reynolds-Moreton, 2nd Earl of Ducie",9041,Q5727493,"Henry Reynolds-Moreton, 3rd Earl of Ducie",,child,wikidata
Q5727490,"Henry Reynolds-Moreton, 2nd Earl of Ducie",9041,Q5727495,"Henry Reynolds-Moreton, Lord Moreton",,grandchild,wikidata
Q5727490,"Henry Reynolds-Moreton, 2nd Earl of Ducie",9041,Q4821488,Augustus Macdonald,,sibling,wikidata
Q5727493,"Henry Reynolds-Moreton, 3rd Earl of Ducie",9110,Q5727495,"Henry Reynolds-Moreton, Lord Moreton",,child,wikidata
Q5727493,"Henry Reynolds-Moreton, 3rd Earl of Ducie",9110,Q5727490,"Henry Reynolds-Moreton, 2nd Earl of Ducie",,father,wikidata
Q5727495,"Henry Reynolds-Moreton, Lord Moreton",2626,Q5727493,"Henry Reynolds-Moreton, 3rd Earl of Ducie",,father,wikidata
Q5727495,"Henry Reynolds-Moreton, Lord Moreton",2626,Q5727490,"Henry Reynolds-Moreton, 2nd Earl of Ducie",,grandparent,wikidata
Q5727972,Henry Samuelson,818,Q4894226,Bernhard Samuelson,,father,wikidata
Q5727972,Henry Samuelson,818,Q5576536,Godfrey Samuelson,,sibling,wikidata
Q5728455,Henry Smith Wright,1091,Q5079274,Charles Ichabod Wright,,sibling,wikidata
Q922318,"Henry Somerset, 7th Duke of Beaufort",6254,Q3784915,"Henry Somerset, 8th Duke of Beaufort",,child,wikidata
Q922318,"Henry Somerset, 7th Duke of Beaufort",6254,Q11762579,Lord Henry Somerset,,grandchild,wikidata
Q922318,"Henry Somerset, 7th Duke of Beaufort",6254,Q6679302,Lord Granville Somerset,,sibling,wikidata
Q3784915,"Henry Somerset, 8th Duke of Beaufort",6253,Q11762579,Lord Henry Somerset,,child,wikidata
Q3784915,"Henry Somerset, 8th Duke of Beaufort",6253,Q922318,"Henry Somerset, 7th Duke of Beaufort",,father,wikidata
Q25861357,Henry Stanley,7235,Q335754,"Edward Smith-Stanley, 13th Earl of Derby",,father,wikidata
Q25861357,Henry Stanley,7235,Q222458,"Frederick Stanley, 16th Earl of Derby",,nephew/niece,wikidata
Q25861357,Henry Stanley,7235,Q332789,"Edward Stanley, 15th Earl of Derby",,nephew/niece,wikidata
Q25861357,Henry Stanley,7235,Q237829,"Edward Smith-Stanley, 14th Earl of Derby",,sibling,wikidata
Q26085159,Henry Staveley-Hill,5855,Q2833209,Alexander Staveley Hill,,father,wikidata
Q5728825,"Henry Strutt, 2nd Baron Belper",908,Q5345487,"Edward Strutt, 1st Baron Belper",,father,wikidata
Q5728843,Henry Sturt,7259,Q5728846,"Henry Sturt, 1st Baron Alington",,child,wikidata
Q5728843,Henry Sturt,7259,Q5941640,"Humphrey Sturt, 2nd Baron Alington",,grandchild,wikidata
Q5728846,"Henry Sturt, 1st Baron Alington",912,Q5941640,"Humphrey Sturt, 2nd Baron Alington",,child,wikidata
Q5728846,"Henry Sturt, 1st Baron Alington",912,Q5728843,Henry Sturt,,father,wikidata
Q5729143,Henry Thomas Howard,6916,Q13582499,"Henry Howard, 18th Earl of Suffolk",,nephew/niece,wikidata
Q5729143,Henry Thomas Howard,6916,Q5079163,"Charles Howard, 17th Earl of Suffolk",,sibling,wikidata
Q5729143,Henry Thomas Howard,6916,Q6136292,James Howard,,sibling,wikidata
Q43895,"Henry Thynne, 3rd Marquess of Bath",,Q6679354,Lord Henry Thynne,,child,wikidata
Q43895,"Henry Thynne, 3rd Marquess of Bath",,Q17022007,Lord Edward Thynne,,sibling,wikidata
Q5729188,"Henry Thynne, 6th Marquess of Bath",7984,Q338382,"Thomas Thynne, 5th Marquess of Bath",,father,wikidata
Q5729236,Henry Torrens Anstruther,2005,Q7528702,"Sir Robert Anstruther, 5th Baronet",,father,wikidata
Q5609972,"Henry Vane, 2nd Duke of Cleveland",3686,Q338053,"William Vane, 3rd Duke of Cleveland",,sibling,wikidata
Q5609972,"Henry Vane, 2nd Duke of Cleveland",3686,Q5609970,"Harry Powlett, 4th Duke of Cleveland",,sibling,wikidata
Q12072266,"Henry Vivian, 1st Baron Swansea",2854,Q5083146,"Charles Vivian, 2nd Baron Vivian",7311,cousin,rush
Q12072266,"Henry Vivian, 1st Baron Swansea",2854,Q6227494,John Vivian,2855,cousin,rush
Q12072266,"Henry Vivian, 1st Baron Swansea",2854,Q6238967,John Henry Vivian,,father,wikidata
Q12072266,"Henry Vivian, 1st Baron Swansea",2854,Q4800546,Arthur Vivian,,sibling,wikidata
Q334429,"Henry Wellesley, 3rd Duke of Wellington",1015,Q334151,Lord Charles Wellesley,,father,wikidata
Q5730014,Henry Wentworth-FitzWilliam,1019,Q8020195,"William Wentworth-Fitzwilliam, 6th Earl Fitzwilliam",,father,wikidata
Q5730014,Henry Wentworth-FitzWilliam,1019,Q5083446,"Charles Wentworth-Fitzwilliam, 5th Earl Fitzwilliam",,grandparent,wikidata
Q5730014,Henry Wentworth-FitzWilliam,1019,Q7614395,"William Wentworth-Fitzwilliam, 7th Earl Fitzwilliam",,nephew/niece,wikidata
Q5730014,Henry Wentworth-FitzWilliam,1019,Q8020193,"William Wentworth-FitzWilliam, Viscount Milton",,sibling,wikidata
Q5730014,Henry Wentworth-FitzWilliam,1019,Q6263500,John Wentworth-FitzWilliam,,sibling,wikidata
Q5730014,Henry Wentworth-FitzWilliam,1019,Q5083442,Charles Wentworth-FitzWilliam,,uncle/aunt,wikidata
Q5730014,Henry Wentworth-FitzWilliam,1019,Q26254028,"William Wentworth-Fitzwilliam, Viscount Milton",,uncle/aunt,wikidata
Q5730014,Henry Wentworth-FitzWilliam,1019,Q5546159,George Wentworth-FitzWilliam,,uncle/aunt,wikidata
Q5730028,"Henry Westenra, 3rd Baron Rossmore",6169,Q15821520,John Westenra,,sibling,wikidata
Q5730053,"Henry White, 1st Baron Annaly",7341,Q5083590,Charles William White,,child,wikidata
Q5730053,"Henry White, 1st Baron Annaly",7341,Q6702449,"Luke White, 2nd Baron Annaly",,child,wikidata
Q5730053,"Henry White, 1st Baron Annaly",7341,Q24248901,Samuel White,,sibling,wikidata
Q5730053,"Henry White, 1st Baron Annaly",7341,Q26218356,Luke White,,sibling,wikidata
Q5730107,Henry Whitmore,1041,Q7788361,Thomas Charlton Whitmore,,sibling,wikidata
Q5730351,Henry Wilson,7362,Q26690029,Maitland Wilson,,child,wikidata
Q15815164,Henry Winnington,6230,Q11803732,"Sir Thomas Winnington, 4th Baronet",,nephew/niece,wikidata
Q15815164,Henry Winnington,6230,Q7529312,"Sir Thomas Winnington, 3rd Baronet",,sibling,wikidata
Q13530077,Henry Wyndham,6313,Q5083743,Charles Wyndham,,sibling,wikidata
Q5730572,"Henry Wyndham, 2nd Baron Leconfield",1095,Q275465,George Wyndham,,nephew/niece,wikidata
Q5730572,"Henry Wyndham, 2nd Baron Leconfield",1095,Q7167656,Percy Wyndham,,sibling,wikidata
Q5730708,Henry d'Avigdor-Goldsmid,3668,Q6146026,James d'Avigdor-Goldsmid,,sibling,wikidata
Q16066056,Herbert Baldwin,6523,Q314917,Daniel O'Connell,5248,cousin,rush
Q26203975,Herbert Barrett Curteis,3663,Q16203056,Herbert Curteis,,child,wikidata
Q26203975,Herbert Barrett Curteis,3663,Q26240416,Edward Curteis,,sibling,wikidata
Q5733773,"Herbert Cayzer, 1st Baron Rotherwick",2704,Q7526191,"Sir Charles Cayzer, 1st Baronet",,father,wikidata
Q5733833,"Herbert Cozens-Hardy, 1st Baron Cozens-Hardy",1408,Q8007217,"William Cozens-Hardy, 2nd Baron Cozens-Hardy",,child,wikidata
Q16203056,Herbert Curteis,3662,Q26203975,Herbert Barrett Curteis,,father,wikidata
Q5733912,"Herbert Dixon, 1st Baron Glentoran",7996,Q7526381,"Sir Daniel Dixon, 1st Baronet",,father,wikidata
Q5734170,"Herbert Gardner, 1st Baron Burghclere",1662,Q16031440,Alan Coulston Gardner,,sibling,wikidata
Q2347324,"Herbert Gladstone, 1st Viscount Gladstone",2118,Q160852,William Ewart Gladstone,,father,wikidata
Q2347324,"Herbert Gladstone, 1st Viscount Gladstone",2118,Q8009936,William Glynne Charles Gladstone,,nephew/niece,wikidata
Q2347324,"Herbert Gladstone, 1st Viscount Gladstone",2118,Q4020043,William Henry Gladstone,,sibling,wikidata
Q11800391,Herbert Grotrian,7999,Q5497413,Frederick Brent Grotrian,,father,wikidata
Q5734579,Herbert Ingram,6928,Q7529636,"Sir William Ingram, 1st Baronet",,child,wikidata
Q5734664,Herbert James Craig,7494,Q6131870,James Craig,,father,wikidata
Q5734691,"Herbert Jessel, 1st Baron Jessel",7600,Q333938,George Jessel,,father,wikidata
Q5734817,Herbert Knatchbull-Hugessen,2404,Q9250977,"Sir Edward Knatchbull, 9th Baronet",,father,wikidata
Q5734817,Herbert Knatchbull-Hugessen,2404,Q5343962,"Edward Knatchbull-Hugessen, 2nd Baron Brabourne",,nephew/niece,wikidata
Q5734817,Herbert Knatchbull-Hugessen,2404,Q5343961,"Edward Knatchbull-Hugessen, 1st Baron Brabourne",,sibling,wikidata
Q5735228,"Herbert Pease, 1st Baron Daryngton",8006,Q4799939,Arthur Pease,,father,wikidata
Q5735228,"Herbert Pease, 1st Baron Daryngton",8006,Q6286166,Joseph Pease,,grandparent,wikidata
Q5735228,"Herbert Pease, 1st Baron Daryngton",8006,Q7528199,"Sir Joseph Pease, 1st Baronet",,uncle/aunt,wikidata
Q335218,"Herbert Samuel, 1st Viscount Samuel",8003,Q7528992,Stuart Samuel,,sibling,wikidata
Q19819903,Herbert Williams-Wynn,7027,Q7527261,"Sir Herbert Williams-Wynn, 7th Baronet",,child,wikidata
Q19819903,Herbert Williams-Wynn,7027,Q16059942,Charles Williams-Wynn,1097,cousin,rush
Q19819903,Herbert Williams-Wynn,7027,Q7529424,"Sir Watkin Williams-Wynn, 5th Baronet",,father,wikidata
Q19819903,Herbert Williams-Wynn,7027,Q7529429,"Sir Watkin Williams-Wynn, 6th Baronet",,sibling,wikidata
Q5748334,Hew Hamilton Dalrymple,7617,Q6228434,"John Dalrymple, 10th Earl of Stair",,father,wikidata
Q262742,Hilary Benn,63,Q332412,Tony Benn,,father,wikidata
Q262742,Hilary Benn,63,Q677902,"William Wedgwood Benn, 1st Viscount Stansgate",,grandparent,wikidata
Q5761464,"Hilda Runciman, Viscountess Runciman of Doxford",5638,Q6131521,James Cochran Stevenson,,father,wikidata
Q16031557,"Horace Farquhar, 1st Earl Farquhar",3929,Q26248630,"Sir Walter Minto Townsend-Farquhar, 2nd Baronet",,father,wikidata
Q3140471,Horace Plunkett,2772,Q6253068,"John Plunkett, 17th Baron of Dunsany",,sibling,wikidata
Q5902833,"Horatio Walpole, 4th Earl of Orford",9051,Q5498984,Frederick Walpole,,sibling,wikidata
Q16065355,Houston Stewart,7240,Q11803653,"Sir Michael Shaw-Stewart, 7th Baronet",,nephew/niece,wikidata
Q16065355,Houston Stewart,7240,Q26258168,"Sir Michael Shaw-Stewart, 6th Baronet",,sibling,wikidata
Q5919321,Howard Clifton Brown,8008,Q11803339,James Clifton Brown,,father,wikidata
Q5919321,Howard Clifton Brown,8008,Q477587,"Douglas Clifton Brown, 1st Viscount Ruffside",,sibling,wikidata
Q5927153,Hubert Beaumont,7606,Q6828520,Michael Beaumont,,child,wikidata
Q5927153,Hubert Beaumont,7606,Q7983008,"Wentworth Beaumont, 1st Baron Allendale",,father,wikidata
Q5927153,Hubert Beaumont,7606,Q7794992,Thomas Wentworth Beaumont,,grandparent,wikidata
Q5927153,Hubert Beaumont,7606,Q7287229,Ralph Beaumont,,nephew/niece,wikidata
Q5927153,Hubert Beaumont,7606,Q7983009,"Wentworth Beaumont, 1st Viscount Allendale",,sibling,wikidata
Q5927153,Hubert Beaumont,7606,Q7559823,Somerset Beaumont,,uncle/aunt,wikidata
Q26129113,Hubert Duncombe,1523,Q8008114,"William Duncombe, 1st Earl of Feversham",,father,wikidata
Q26129113,Hubert Duncombe,1523,Q8008115,"William Duncombe, 2nd Baron Feversham",,grandparent,wikidata
Q26129113,Hubert Duncombe,1523,Q5077003,"Charles Duncombe, 2nd Earl of Feversham",,nephew/niece,wikidata
Q26129113,Hubert Duncombe,1523,Q8008117,"William Duncombe, Viscount Helmsley",,sibling,wikidata
Q5927716,"Hubert de Burgh-Canning, 2nd Marquess of Clanricarde",1298,Q7878979,"Ulick de Burgh, Lord Dunkellin",,sibling,wikidata
Q5928148,"Hucks Gibbs, 1st Baron Aldenham",7406,Q4709004,"Alban Gibbs, 2nd Baron Aldenham",,child,wikidata
Q5928148,"Hucks Gibbs, 1st Baron Aldenham",7406,Q7924986,Vicary Gibbs,,child,wikidata
Q5928688,Hudson Gurney,,Q26213260,Richard Gurney,,sibling,wikidata
Q5929788,Hugh Adair,31,Q7341344,"Robert Adair, 1st Baron Waveney",,sibling,wikidata
Q5929861,"Hugh Annesley, 5th Earl Annesley",1119,Q8004468,"William Annesley, 4th Earl Annesley",,sibling,wikidata
Q334182,"Hugh Cecil, 1st Baron Quickswood",2181,Q243705,"Robert Gascoyne-Cecil, 3rd Marquess of Salisbury",,father,wikidata
Q334182,"Hugh Cecil, 1st Baron Quickswood",2181,Q333205,"Robert Gascoyne-Cecil, 5th Marquess of Salisbury",,nephew/niece,wikidata
Q334182,"Hugh Cecil, 1st Baron Quickswood",2181,Q2605189,"David Ormsby-Gore, 5th Baron Harlech",,nephew/niece,wikidata
Q334182,"Hugh Cecil, 1st Baron Quickswood",2181,Q12702,Robert Cecil,,sibling,wikidata
Q334182,"Hugh Cecil, 1st Baron Quickswood",2181,Q4381482,"James Gascoyne-Cecil, 4th Marquess of Salisbury",,sibling,wikidata
Q16065803,Hugh Duncan Baillie,6512,Q5717706,Henry Baillie,,child,wikidata
Q16065803,Hugh Duncan Baillie,6512,Q6133534,James Evan Baillie,,sibling,wikidata
Q5930668,Hugh Elliot,1555,Q7620964,"William Elliot-Murray-Kynynmound, 3rd Earl of Minto",,father,wikidata
Q5930668,Hugh Elliot,1555,Q4798589,Arthur Elliot,,sibling,wikidata
Q5359607,"Hugh Fortescue, 2nd Earl Fortescue",9005,Q6233713,John William Fortescue,,child,wikidata
Q5359607,"Hugh Fortescue, 2nd Earl Fortescue",9005,Q5311875,Dudley Fortescue,,child,wikidata
Q5359607,"Hugh Fortescue, 2nd Earl Fortescue",9005,Q5930822,"Hugh Fortescue, 3rd Earl Fortescue",,child,wikidata
Q5359607,"Hugh Fortescue, 2nd Earl Fortescue",9005,Q5930808,"Hugh Fortescue, 4th Earl Fortescue",,grandchild,wikidata
Q5930822,"Hugh Fortescue, 3rd Earl Fortescue",9006,Q5930808,"Hugh Fortescue, 4th Earl Fortescue",,child,wikidata
Q5930822,"Hugh Fortescue, 3rd Earl Fortescue",9006,Q5359607,"Hugh Fortescue, 2nd Earl Fortescue",,father,wikidata
Q5930822,"Hugh Fortescue, 3rd Earl Fortescue",9006,Q6233713,John William Fortescue,,sibling,wikidata
Q5930822,"Hugh Fortescue, 3rd Earl Fortescue",9006,Q5311875,Dudley Fortescue,,sibling,wikidata
Q5930808,"Hugh Fortescue, 4th Earl Fortescue",1534,Q5930822,"Hugh Fortescue, 3rd Earl Fortescue",,father,wikidata
Q5930808,"Hugh Fortescue, 4th Earl Fortescue",1534,Q5359607,"Hugh Fortescue, 2nd Earl Fortescue",,grandparent,wikidata
Q5930808,"Hugh Fortescue, 4th Earl Fortescue",1534,Q6233713,John William Fortescue,,uncle/aunt,wikidata
Q5930808,"Hugh Fortescue, 4th Earl Fortescue",1534,Q5311875,Dudley Fortescue,,uncle/aunt,wikidata
Q333256,"Hugh Grosvenor, 1st Duke of Westminster",1743,Q4171078,"Richard Grosvenor, 2nd Marquess of Westminster",,father,wikidata
Q333256,"Hugh Grosvenor, 1st Duke of Westminster",1743,Q7326097,"Richard Grosvenor, 1st Baron Stalbridge",,sibling,wikidata
Q5931433,Hugh Law,2426,Q15996123,Hugh Law,,child,wikidata
Q15996123,Hugh Law,7413,Q5931433,Hugh Law,,father,wikidata
Q13529997,"Hugh Molson, Baron Molson",5079,Q13529998,John Elsdale Molson,,father,wikidata
Q5932043,Hugh Morrison,8011,Q6249506,"John Morrison, 1st Baron Margadale",,child,wikidata
Q5932043,Hugh Morrison,8011,Q7175955,Peter Morrison,,grandchild,wikidata
Q5932043,Hugh Morrison,8011,Q5081103,Charles Morrison,,grandchild,wikidata
Q5932043,Hugh Morrison,8011,Q6140042,James Morrison,,sibling,wikidata
Q5932053,Hugh Moulton,8014,Q1845004,"John Fletcher Moulton, Baron Moulton",,father,wikidata
Q16010090,"Hugh O'Neill, 1st Baron Rathcavan",8864,Q7181222,"Phelim O'Neill, 2nd Baron Rathcavan",,child,wikidata
Q16010090,"Hugh O'Neill, 1st Baron Rathcavan",8864,Q5344670,"Edward O'Neill, 2nd Baron O'Neill",,father,wikidata
Q16010090,"Hugh O'Neill, 1st Baron Rathcavan",8864,Q4799859,Arthur O'Neill,,sibling,wikidata
Q11802791,"Hugh Seely, 1st Baron Sherwood",8016,Q7526294,"Sir Charles Seely, 2nd Baronet",,father,wikidata
Q11802791,"Hugh Seely, 1st Baron Sherwood",8016,Q7526292,"Sir Charles Seely, 1st Baronet",,grandparent,wikidata
Q11802791,"Hugh Seely, 1st Baron Sherwood",8016,Q6105456,"John Seely, 1st Baron Mottistone",,uncle/aunt,wikidata
Q5933848,"Hugo Charteris, 11th Earl of Wemyss",1550,Q5480498,"Francis Charteris, 10th Earl of Wemyss",,father,wikidata
Q16065824,Humphrey St John-Mildmay,7031,Q52340523,Humphrey St John-Mildmay,,child,wikidata
Q52340523,Humphrey St John-Mildmay,7030,Q16065824,Humphrey St John-Mildmay,,father,wikidata
Q16065824,Humphrey St John-Mildmay,7031,Q24568662,Paulet St. John Mildmay,,sibling,wikidata
Q5941640,"Humphrey Sturt, 2nd Baron Alington",1815,Q5728846,"Henry Sturt, 1st Baron Alington",,father,wikidata
Q5941640,"Humphrey Sturt, 2nd Baron Alington",1815,Q5728843,Henry Sturt,,grandparent,wikidata
Q4084921,Humphry Berkeley,8621,Q7308602,Reginald Berkeley,,father,wikidata
Q3787726,"Hussey Vivian, 1st Baron Vivian",7314,Q5083146,"Charles Vivian, 2nd Baron Vivian",,child,wikidata
Q3787726,"Hussey Vivian, 1st Baron Vivian",7314,Q6227494,John Vivian,,child,wikidata
Q3787726,"Hussey Vivian, 1st Baron Vivian",7314,Q4800546,Arthur Vivian,,nephew/niece,wikidata
Q3787726,"Hussey Vivian, 1st Baron Vivian",7314,Q12072266,"Henry Vivian, 1st Baron Swansea",,nephew/niece,wikidata
Q3787726,"Hussey Vivian, 1st Baron Vivian",7314,Q6238967,John Henry Vivian,,sibling,wikidata
Q13529955,"Hylton Jolliffe, 3rd Baron Hylton",4531,Q5697772,"Hedworth Jolliffe, 2nd Baron Hylton",,father,wikidata
Q13529955,"Hylton Jolliffe, 3rd Baron Hylton",4531,Q8013712,"William Jolliffe, 1st Baron Hylton",,grandparent,wikidata
Q13529955,"Hylton Jolliffe, 3rd Baron Hylton",4531,Q17279383,William Sydney Hylton Jolliffe,,uncle/aunt,wikidata
Q5982042,Ian Orr-Ewing,8625,Q5080266,Charles Lindsay Orr-Ewing,,father,wikidata
Q5982042,Ian Orr-Ewing,8625,Q7526041,"Sir Archibald Orr-Ewing, 1st Baronet",,grandparent,wikidata
Q296597,Ian Paisley,543,Q575881,Ian Paisley Jr,,child,wikidata
Q575881,Ian Paisley Jr,9924,Q296597,Ian Paisley,,father,wikidata
Q16059696,"Ion Hamilton, 1st Baron HolmPatrick",1766,Q6135508,James Hans Hamilton,,father,wikidata
Q6075018,Irwin Cox,7493,Q5345894,Edward William Cox,,father,wikidata
Q6076320,Isaac Foot,4006,Q334651,Dingle Foot,,child,wikidata
Q6076320,Isaac Foot,4006,Q332419,Michael Foot,,child,wikidata
Q17322488,"Ivor Guest, 1st Viscount Wimborne",7611,Q6099395,"Ivor Guest, 2nd Viscount Wimborne",,child,wikidata
Q17322488,"Ivor Guest, 1st Viscount Wimborne",7611,Q7106014,Oscar Guest,,sibling,wikidata
Q17322488,"Ivor Guest, 1st Viscount Wimborne",7611,Q3425074,Frederick Guest,,sibling,wikidata
Q17322488,"Ivor Guest, 1st Viscount Wimborne",7611,Q5722290,Henry Guest,,sibling,wikidata
Q6099395,"Ivor Guest, 2nd Viscount Wimborne",8021,Q17322488,"Ivor Guest, 1st Viscount Wimborne",,father,wikidata
Q6099477,Ivor Philipps,8020,Q3359001,"Owen Philipps, 1st Baron Kylsant",,sibling,wikidata
Q6099477,Ivor Philipps,8020,Q16023302,"John Philipps, 1st Viscount St Davids",,sibling,wikidata
Q6114554,"Jack Pease, 1st Baron Gainford",2080,Q7528199,"Sir Joseph Pease, 1st Baronet",,father,wikidata
Q6114554,"Jack Pease, 1st Baron Gainford",2080,Q6286166,Joseph Pease,,grandparent,wikidata
Q6114554,"Jack Pease, 1st Baron Gainford",2080,Q7525972,"Sir Alfred Pease, 2nd Baronet",,sibling,wikidata
Q6114554,"Jack Pease, 1st Baron Gainford",2080,Q4799939,Arthur Pease,,uncle/aunt,wikidata
Q3157526,Jacob Bright,1262,Q6218435,John Albert Bright,,nephew/niece,wikidata
Q3157526,Jacob Bright,1262,Q8014407,William Leatham Bright,,nephew/niece,wikidata
Q3157526,Jacob Bright,1262,Q176524,John Bright,,sibling,wikidata
Q6119114,"Jacob Pleydell-Bouverie, 6th Earl of Radnor",1622,Q7620919,"William Pleydell-Bouverie, 5th Earl of Radnor",,father,wikidata
Q6125171,Jakie Astor,3055,Q6219659,John Astor,3056,cousin,rush
Q6125171,Jakie Astor,3055,Q2619726,"Waldorf Astor, 2nd Viscount Astor",,father,wikidata
Q6125171,Jakie Astor,3055,Q195013,"Nancy Astor, Viscountess Astor",,mother,wikidata
Q6125171,Jakie Astor,3055,Q6828289,Michael Astor,,sibling,wikidata
Q6125171,Jakie Astor,3055,Q2580935,"William Astor, 3rd Viscount Astor",,sibling,wikidata
Q17180499,James Alexander,,Q17180500,Josias du Pré Alexander,,sibling,wikidata
Q6128517,James Alexander Campbell,2012,Q106618,Henry Campbell-Bannerman,,sibling,wikidata
Q13529752,James Allason,6408,Q3341374,Rupert Allason,,child,wikidata
Q259736,James Arbuthnot,94,Q7527560,"Sir John Arbuthnot, 1st Baronet",,father,wikidata
Q6129250,James Baird,6518,Q11806757,William Baird,,sibling,wikidata
Q17308768,James Balfour,6524,Q6138831,James Maitland Balfour,,child,wikidata
Q17308768,James Balfour,6524,Q2917086,"Gerald Balfour, 2nd Earl of Balfour",,grandchild,wikidata
Q17308768,James Balfour,6524,Q19008,Arthur Balfour,,grandchild,wikidata
Q49822556,James Bradshaw,,Q7345163,Robert Haldane Bradshaw,,father,wikidata
Q6130302,James Brougham,3365,Q8005994,"William Brougham, 2nd Baron Brougham and Vaux",,sibling,wikidata
Q335230,"James Bruce, 8th Earl of Elgin",2161,Q7349025,Robert Preston Bruce,,child,wikidata
Q335230,"James Bruce, 8th Earl of Elgin",2161,Q7788337,Thomas Charles Bruce,,sibling,wikidata
Q336497,"James Bryce, 1st Viscount Bryce",2902,Q6219146,John Annan Bryce,,sibling,wikidata
Q6131068,"James Carr-Boyle, 5th Earl of Glasgow",4557,Q5537179,"George Boyle, 6th Earl of Glasgow",,sibling,wikidata
Q11803339,James Clifton Brown,6594,Q477587,"Douglas Clifton Brown, 1st Viscount Ruffside",,child,wikidata
Q11803339,James Clifton Brown,6594,Q5919321,Howard Clifton Brown,,child,wikidata
Q11803339,James Clifton Brown,6594,Q7525922,"Sir Alexander Brown, 1st Baronet",,sibling,wikidata
Q6131521,James Cochran Stevenson,2844,Q5761464,"Hilda Runciman, Viscountess Runciman of Doxford",,child,wikidata
Q6131870,James Craig,1409,Q5734664,Herbert James Craig,,child,wikidata
Q19561079,James Crichton-Stuart,1419,Q16062449,Lord James Stuart,,father,wikidata
Q6132618,James Dickson,6720,Q7786990,Thomas Alexander Dickson,,father,wikidata
Q333795,"James Douglas-Hamilton, Baron Selkirk of Douglas",3766,Q332941,"Douglas Douglas-Hamilton, 14th Duke of Hamilton",,father,wikidata
Q6132890,James Duff,6733,Q5498837,"Frederick Thellusson, 5th Baron Rendlesham",,sibling,wikidata
Q11309157,"James Duff, 5th Earl Fife",6732,Q332552,"Alexander Duff, 1st Duke of Fife",,child,wikidata
Q11309157,"James Duff, 5th Earl Fife",6732,Q5544593,George Skene Duff,,sibling,wikidata
Q6133505,James Erskine Wemyss,6166,Q6135750,James Hay Erskine Wemyss,,child,wikidata
Q6133534,James Evan Baillie,6514,Q5717706,Henry Baillie,,nephew/niece,wikidata
Q6133534,James Evan Baillie,6514,Q16065803,Hugh Duncan Baillie,,sibling,wikidata
Q333781,James Fergusson,1892,Q7526200,"Sir Charles Dalrymple, 1st Baronet",,sibling,wikidata
Q24568589,James Fitzroy,3985,Q213756,Robert FitzRoy,3989,cousin,rush
Q6134516,James Garth Marshall,9034,Q6246844,John Marshall,,sibling,wikidata
Q6134516,James Garth Marshall,9034,Q8015152,William Marshall,,sibling,wikidata
Q4381482,"James Gascoyne-Cecil, 4th Marquess of Salisbury",1873,Q333205,"Robert Gascoyne-Cecil, 5th Marquess of Salisbury",,child,wikidata
Q4381482,"James Gascoyne-Cecil, 4th Marquess of Salisbury",1873,Q2605189,"David Ormsby-Gore, 5th Baron Harlech",,child,wikidata
Q4381482,"James Gascoyne-Cecil, 4th Marquess of Salisbury",1873,Q243705,"Robert Gascoyne-Cecil, 3rd Marquess of Salisbury",,father,wikidata
Q4381482,"James Gascoyne-Cecil, 4th Marquess of Salisbury",1873,Q9310800,"Robert Gascoyne-Cecil, 6th Marquess of Salisbury",,grandchild,wikidata
Q4381482,"James Gascoyne-Cecil, 4th Marquess of Salisbury",1873,Q12702,Robert Cecil,,sibling,wikidata
Q4381482,"James Gascoyne-Cecil, 4th Marquess of Salisbury",1873,Q334182,"Hugh Cecil, 1st Baron Quickswood",,sibling,wikidata
Q495977,"James Graham, 4th Duke of Montrose",,Q6679791,Lord Montagu Graham,,sibling,wikidata
Q26213089,James Grattan,4155,Q5722150,Henry Grattan,,sibling,wikidata
Q6135005,"James Grimston, 2nd Earl of Verulam",9012,Q6135007,"James Grimston, 3rd Earl of Verulam",,child,wikidata
Q6135005,"James Grimston, 2nd Earl of Verulam",9012,Q5343196,Edward Grimston,,sibling,wikidata
Q6135007,"James Grimston, 3rd Earl of Verulam",1742,Q6135005,"James Grimston, 2nd Earl of Verulam",,father,wikidata
Q335270,"James Hamilton, 2nd Duke of Abercorn",1768,Q332813,"James Hamilton, 3rd Duke of Abercorn",,child,wikidata
Q335270,"James Hamilton, 2nd Duke of Abercorn",1768,Q2679435,Lord Claud Hamilton,,sibling,wikidata
Q335270,"James Hamilton, 2nd Duke of Abercorn",1768,Q1869870,Lord Frederick Spencer Hamilton,,sibling,wikidata
Q335270,"James Hamilton, 2nd Duke of Abercorn",1768,Q15072599,Lord Ernest Hamilton,,sibling,wikidata
Q335270,"James Hamilton, 2nd Duke of Abercorn",1768,Q333628,Lord George Hamilton,,sibling,wikidata
Q332813,"James Hamilton, 3rd Duke of Abercorn",7379,Q335270,"James Hamilton, 2nd Duke of Abercorn",,father,wikidata
Q6135508,James Hans Hamilton,6865,Q16059696,"Ion Hamilton, 1st Baron HolmPatrick",,child,wikidata
Q321003,James Harris,3983,Q5343334,Edward Harris,,sibling,wikidata
Q6135750,James Hay Erskine Wemyss,6167,Q6133505,James Erskine Wemyss,,father,wikidata
Q6135821,"James Heathcote-Drummond-Willoughby, 3rd Earl of Ancaster",6218,Q5560968,"Gilbert Heathcote-Drummond-Willoughby, 2nd Earl of Ancaster",,father,wikidata
Q6135821,"James Heathcote-Drummond-Willoughby, 3rd Earl of Ancaster",6218,Q7620761,"Gilbert Heathcote-Drummond-Willoughby, 1st Earl of Ancaster",,grandparent,wikidata
Q6135821,"James Heathcote-Drummond-Willoughby, 3rd Earl of Ancaster",6218,Q5128637,Claud Heathcote-Drummond-Willoughby,,uncle/aunt,wikidata
Q49681995,James Henry Deakin,,Q6135882,James Henry Deakin,,child,wikidata
Q6135882,James Henry Deakin,1469,Q49681995,James Henry Deakin,,father,wikidata
Q338294,James Henry Thomas,8039,Q6531177,Leslie Thomas,,child,wikidata
Q6136005,James Heywood,4350,Q4888811,Benjamin Heywood,,sibling,wikidata
Q6136223,James Hope,9020,Q7790796,Thomas Hope,,nephew/niece,wikidata
Q6136223,James Hope,9020,Q5079116,Charles Hope,,sibling,wikidata
Q3072297,"James Hope, 1st Baron Rankeillour",9178,Q3073452,"Arthur Hope, 2nd Baron Rankeillour",,child,wikidata
Q6136292,James Howard,7006,Q13582499,"Henry Howard, 18th Earl of Suffolk",,nephew/niece,wikidata
Q6136292,James Howard,7006,Q5079163,"Charles Howard, 17th Earl of Suffolk",,sibling,wikidata
Q6136292,James Howard,7006,Q5729143,Henry Thomas Howard,,sibling,wikidata
Q22344373,James Knox,1548,Q8014090,William Knox,,nephew/niece,wikidata
Q22344373,James Knox,1548,Q7791585,"Thomas Knox, 3rd Earl of Ranfurly",,nephew/niece,wikidata
Q22344373,James Knox,1548,Q7791584,"Thomas Knox, 2nd Earl of Ranfurly",,sibling,wikidata
Q22344373,James Knox,1548,Q6238860,John Henry Knox,,sibling,wikidata
Q6138080,James Lindsay,8657,Q3703236,"David Lindsay, 27th Earl of Crawford",,father,wikidata
Q6138080,James Lindsay,8657,Q336404,"James Lindsay, 26th Earl of Crawford",,grandparent,wikidata
Q6138080,James Lindsay,8657,Q335822,"Robert Lindsay, 29th Earl of Crawford",,nephew/niece,wikidata
Q6138080,James Lindsay,8657,Q5236632,"David Lindsay, 28th Earl of Crawford",,sibling,wikidata
Q6128537,James Lindsay,4447,Q5080257,Charles Lindsay,,sibling,wikidata
Q336404,"James Lindsay, 26th Earl of Crawford",2474,Q3703236,"David Lindsay, 27th Earl of Crawford",,child,wikidata
Q336404,"James Lindsay, 26th Earl of Crawford",2474,Q6138080,James Lindsay,,grandchild,wikidata
Q336404,"James Lindsay, 26th Earl of Crawford",2474,Q5236632,"David Lindsay, 28th Earl of Crawford",,grandchild,wikidata
Q6138142,James Loch,6987,Q6245083,John Loch,,sibling,wikidata
Q26691198,James Mackie,7000,Q26691275,John Mackie,,father,wikidata
Q6138831,James Maitland Balfour,6525,Q2917086,"Gerald Balfour, 2nd Earl of Balfour",,child,wikidata
Q6138831,James Maitland Balfour,6525,Q19008,Arthur Balfour,,child,wikidata
Q6138831,James Maitland Balfour,6525,Q17308768,James Balfour,,father,wikidata
Q6138829,"James Maitland, 9th Earl of Lauderdale",,Q18526520,Anthony Maitland,,sibling,wikidata
Q24567101,James Mangles,4912,Q7369291,Ross Donnelly Mangles,,child,wikidata
Q6139012,James Martin McCalmont,2911,Q7347467,Robert McCalmont,,child,wikidata
Q6139118,"James Maxwell, 9th Baron Farnham",7021,Q5725625,"Henry Maxwell, 7th Baron Farnham",,sibling,wikidata
Q6139118,"James Maxwell, 9th Baron Farnham",7021,Q7559889,"Somerset Maxwell, 8th Baron Farnham",,sibling,wikidata
Q6139316,"James McGarel-Hogg, 1st Baron Magheramorne",2529,Q7527438,"Sir James Hogg, 1st Baronet",,father,wikidata
Q6139821,James Milnes Gaskell,6814,Q5078003,Charles Milnes Gaskell,,child,wikidata
Q6140050,James Morrison,7056,Q7965678,Walter Morrison,,child,wikidata
Q6140042,James Morrison,7593,Q6249506,"John Morrison, 1st Baron Margadale",,nephew/niece,wikidata
Q6140042,James Morrison,7593,Q5932043,Hugh Morrison,,sibling,wikidata
Q6140508,James O'Mara,8027,Q7610126,Stephen O'Mara,,father,wikidata
Q6140591,"James Ogilvy-Grant, 9th Earl of Seafield",1719,Q5482088,"Francis Ogilvy-Grant, 6th Earl of Seafield",,father,wikidata
Q6140591,"James Ogilvy-Grant, 9th Earl of Seafield",1719,Q26758914,Francis Grant,,sibling,wikidata
Q333412,"James Prior, Baron Prior",9259,Q5238722,David Prior,,child,wikidata
Q6141977,"James Remnant, 1st Baron Remnant",5548,Q7176565,Peter Remnant,,child,wikidata
Q1791624,"James Roche, 3rd Baron Fermoy",774,Q1791630,"Maurice Roche, 4th Baron Fermoy",,child,wikidata
Q1791624,"James Roche, 3rd Baron Fermoy",774,Q5338909,"Edmond Roche, 1st Baron Fermoy",,father,wikidata
Q10305110,"James Scarlett, 1st Baron Abinger",5676,Q333223,James Yorke Scarlett,,child,wikidata
Q10305110,"James Scarlett, 1st Baron Abinger",5676,Q7349602,"Robert Scarlett, 2nd Baron Abinger",,child,wikidata
Q6143798,James Stuart-Wortley,6263,Q5082737,"Charles Stuart-Wortley, 1st Baron Stuart of Wortley",,child,wikidata
Q6143798,James Stuart-Wortley,6263,Q6259508,"John Stuart-Wortley, 2nd Baron Wharncliffe",,sibling,wikidata
Q15990357,James Wigram,7349,Q6666722,Loftus Wigram,,sibling,wikidata
Q1680725,"James William Lowther, 1st Viscount Ullswater",1795,Q5112765,Christopher Lowther,,child,wikidata
Q1680725,"James William Lowther, 1st Viscount Ullswater",1795,Q8014752,William Lowther,,father,wikidata
Q1680725,"James William Lowther, 1st Viscount Ullswater",1795,Q5725113,Henry Lowther,,grandparent,wikidata
Q1680725,"James William Lowther, 1st Viscount Ullswater",1795,Q5056199,Cecil Lowther,,sibling,wikidata
Q1680725,"James William Lowther, 1st Viscount Ullswater",1795,Q5725106,"Henry Lowther, 3rd Earl of Lonsdale",,uncle/aunt,wikidata
Q333223,James Yorke Scarlett,5677,Q10305110,"James Scarlett, 1st Baron Abinger",,father,wikidata
Q333223,James Yorke Scarlett,5677,Q7349602,"Robert Scarlett, 2nd Baron Abinger",,sibling,wikidata
Q6146026,James d'Avigdor-Goldsmid,3667,Q5730708,Henry d'Avigdor-Goldsmid,,sibling,wikidata
Q334102,Jeremy Thorpe,5984,Q6238954,John Henry Thorpe,,father,wikidata
Q76237363,Jerome Mayhew,10248,Q334163,"Patrick Mayhew, Baron Mayhew of Twysden",,father,wikidata
Q13530072,Jerry Wiggin,8387,Q265900,Bill Wiggin,,child,wikidata
Q26735896,Jervoise Smith,7213,Q15452761,John Abel Smith,,father,wikidata
Q26735896,Jervoise Smith,7213,Q15458169,John Smith,,grandparent,wikidata
Q26735896,Jervoise Smith,7213,Q16063401,Martin Tucker Smith,,uncle/aunt,wikidata
Q6197404,Jim Pawsey,5344,Q575693,Mark Pawsey,,child,wikidata
Q728063,Jo Johnson,9696,Q180589,Boris Johnson,,sibling,wikidata
Q15452761,John Abel Smith,7215,Q26735896,Jervoise Smith,,child,wikidata
Q15452761,John Abel Smith,7215,Q7342786,"Robert Carrington, 2nd Baron Carrington",7218,cousin,rush
Q15452761,John Abel Smith,7215,Q15458169,John Smith,,father,wikidata
Q15452761,John Abel Smith,7215,Q1510187,Gerard Smith,,nephew/niece,wikidata
Q15452761,John Abel Smith,7215,Q16063401,Martin Tucker Smith,,sibling,wikidata
Q6218435,John Albert Bright,7442,Q176524,John Bright,,father,wikidata
Q6218435,John Albert Bright,7442,Q8014407,William Leatham Bright,,sibling,wikidata
Q6219146,John Annan Bryce,7451,Q336497,"James Bryce, 1st Viscount Bryce",,sibling,wikidata
Q26085432,John Ashton Yates,6278,Q26213256,William James,6934,cousin,rush
Q6219659,John Astor,3056,Q6125171,Jakie Astor,3055,cousin,rush
Q6219659,John Astor,3056,Q2580935,"William Astor, 3rd Viscount Astor",3057,cousin,rush
Q6219659,John Astor,3056,Q6828289,Michael Astor,3060,cousin,rush
Q6219659,John Astor,3056,Q332783,"John Jacob Astor, 1st Baron Astor of Hever",,father,wikidata
Q6220251,John Bagshaw,3083,Q26272449,Robert Bagshaw,,child,wikidata
Q6221627,"John Beresford, 5th Marquess of Waterford",6067,Q323773,Charles Beresford,,sibling,wikidata
Q6221791,"John Bethell, 1st Baron Bethell",3183,Q15998931,Thomas Bethell,,sibling,wikidata
Q6222086,John Blackett,3226,Q17081399,Christopher Blackett,,father,wikidata
Q3297197,John Blake Dillon,6722,Q3504529,John Dillon,,child,wikidata
Q6222439,John Bonham-Carter,6632,Q15989854,John Bonham-Carter,,child,wikidata
Q15989854,John Bonham-Carter,1241,Q6222439,John Bonham-Carter,,father,wikidata
Q332508,John Bowring,6585,Q5337090,Edgar Alfred Bowring,,child,wikidata
Q333334,"John Boyd-Carpenter, Baron Boyd-Carpenter",3294,Q4786226,Archibald Boyd-Carpenter,,father,wikidata
Q24254646,John Boyle,,Q16066277,Robert Edward Boyle,,sibling,wikidata
Q176524,John Bright,1263,Q6218435,John Albert Bright,,child,wikidata
Q176524,John Bright,1263,Q8014407,William Leatham Bright,,child,wikidata
Q176524,John Bright,1263,Q3157526,Jacob Bright,,sibling,wikidata
Q6223273,John Brocklehurst,6589,Q8006927,William Brocklehurst,,child,wikidata
Q13529891,"John Butcher, 1st Baron Danesfort",2204,Q5590851,Samuel H. Butcher,,sibling,wikidata
Q3809125,"John Byng, 1st Earl of Strafford",3416,Q5537511,"George Byng, 2nd Earl of Strafford",,child,wikidata
Q3809125,"John Byng, 1st Earl of Strafford",3416,Q5537512,"George Byng, 3rd Earl of Strafford",,grandchild,wikidata
Q3809125,"John Byng, 1st Earl of Strafford",3416,Q5537522,George Byng,,sibling,wikidata
Q6224784,John Calcraft,,Q24254838,Granby Calcraft,,child,wikidata
Q6224784,John Calcraft,,Q24254779,John Hales Calcraft,,child,wikidata
Q26267738,John Calcraft,1332,Q24254779,John Hales Calcraft,,father,wikidata
Q6224784,John Calcraft,,Q26267738,John Calcraft,,grandchild,wikidata
Q26267738,John Calcraft,1332,Q6224784,John Calcraft,,grandparent,wikidata
Q26267738,John Calcraft,1332,Q24254838,Granby Calcraft,,uncle/aunt,wikidata
Q332738,"John Campbell, 1st Baron Campbell",6623,Q8006488,"William Campbell, 2nd Baron Stratheden and Campbell",,child,wikidata
Q6224958,"John Campbell, 2nd Earl Cawdor",9007,Q5497491,"Frederick Campbell, 3rd Earl Cawdor",,child,wikidata
Q334971,"John Campbell, 9th Duke of Argyll",2491,Q16066471,Lord Colin Campbell,,sibling,wikidata
Q16741842,John Charles Ramsden,7154,Q11803853,"Sir John Ramsden, 5th Baronet",,child,wikidata
Q6226459,John Cobbold,6662,Q5442169,Felix Cobbold,,child,wikidata
Q6226459,John Cobbold,6662,Q7788487,Thomas Cobbold,,child,wikidata
Q6226459,John Cobbold,6662,Q6226460,John Cobbold,,child,wikidata
Q6226460,John Cobbold,1385,Q6226459,John Cobbold,,father,wikidata
Q6226460,John Cobbold,1385,Q5442169,Felix Cobbold,,sibling,wikidata
Q6226460,John Cobbold,1385,Q7788487,Thomas Cobbold,,sibling,wikidata
Q26388219,John Cole,6667,Q6694156,"Lowry Cole, 4th Earl of Enniskillen",,nephew/niece,wikidata
Q26388219,John Cole,6667,Q8006971,"William Cole, 3rd Earl of Enniskillen",,sibling,wikidata
Q26388219,John Cole,6667,Q5719665,Henry Cole,,sibling,wikidata
Q1574706,"John Coleridge, 1st Baron Coleridge",1398,Q4893013,"Bernard Coleridge, 2nd Baron Coleridge",,child,wikidata
Q26252877,John Collier,6668,Q7343038,"Robert Collier, 1st Baron Monkswell",,child,wikidata
Q6226785,John Colville,2008,Q6226788,"John Colville, 1st Baron Clydesmuir",,child,wikidata
Q6226788,"John Colville, 1st Baron Clydesmuir",7827,Q6226785,John Colville,,father,wikidata
Q26128201,John Cotes,6677,Q5076163,Charles Cecil Cotes,,child,wikidata
Q6227380,John Cowell-Stepney,2839,Q7526056,Arthur Cowell-Stepney,,child,wikidata
Q6227760,John Crossley,1428,Q7428221,"Savile Crossley, 1st Baron Somerleyton",,nephew/niece,wikidata
Q6227760,John Crossley,1428,Q16065524,Francis Crossley,,sibling,wikidata
Q5307835,John Crowder,3649,Q7178722,Petre Crowder,,child,wikidata
Q291615,John Cryer,223,Q4932182,Bob Cryer,,father,wikidata
Q291615,John Cryer,223,Q4766346,Ann Cryer,,mother,wikidata
Q6228434,"John Dalrymple, 10th Earl of Stair",6698,Q5748334,Hew Hamilton Dalrymple,,child,wikidata
Q25927607,John Dennistoun,3726,Q26691316,Alexander Dennistoun,,sibling,wikidata
Q6229296,"John Dewar, 1st Baron Forteviot",7684,Q4798455,"Arthur Dewar, Lord Dewar",,sibling,wikidata
Q6229296,"John Dewar, 1st Baron Forteviot",7684,Q38367,"Thomas Dewar, 1st Baron Dewar",,sibling,wikidata
Q3504529,John Dillon,2167,Q3297197,John Blake Dillon,,father,wikidata
Q6229878,"John Douglas-Scott-Montagu, 2nd Baron Montagu of Beaulieu",5691,Q664073,"Henry Douglas-Scott-Montagu, 1st Baron Montagu of Beaulieu",,father,wikidata
Q13529892,John Dugdale,1518,Q8018902,William Stratford Dugdale,,father,wikidata
Q6230399,John Dundas,6440,Q3828136,"Lawrence Dundas, 1st Marquess of Zetland",,child,wikidata
Q6230399,John Dundas,6440,Q6230401,John Dundas,,child,wikidata
Q6230401,John Dundas,1526,Q6230399,John Dundas,,father,wikidata
Q6230399,John Dundas,6440,Q6504006,"Lawrence Dundas, 2nd Marquess of Zetland",,grandchild,wikidata
Q6230401,John Dundas,1526,Q6504006,"Lawrence Dundas, 2nd Marquess of Zetland",,nephew/niece,wikidata
Q6230399,John Dundas,6440,Q6593713,"Thomas Dundas, 2nd Earl of Zetland",,sibling,wikidata
Q6230401,John Dundas,1526,Q3828136,"Lawrence Dundas, 1st Marquess of Zetland",,sibling,wikidata
Q26213073,John Edmund Dowdeswell,,Q8007964,William Dowdeswell,,child,wikidata
Q26213073,John Edmund Dowdeswell,,Q8008430,William Edward Dowdeswell,,grandchild,wikidata
Q6231485,"John Egerton, Viscount Alford",2997,Q4681850,"Adelbert Brownlow-Cust, 3rd Earl Brownlow",,child,wikidata
Q6231485,"John Egerton, Viscount Alford",2997,Q5076611,Charles Cust,,sibling,wikidata
Q6231620,John Elliot,6752,Q5538954,George Elliot,,nephew/niece,wikidata
Q6231620,John Elliot,6752,Q5538960,George Elliot,,sibling,wikidata
Q6231682,John Ellison-Macartney,1559,Q2578654,William Ellison-Macartney,,child,wikidata
Q13529998,John Elsdale Molson,5080,Q13529997,"Hugh Molson, Baron Molson",,child,wikidata
Q26477030,John Entwisle,3886,Q26701526,William Entwisle,3887,cousin,rush
Q4484367,John Fielden,6778,Q6289810,Joshua Fielden,,child,wikidata
Q4484367,John Fielden,6778,Q7789575,Thomas Fielden,,grandchild,wikidata
Q4484367,John Fielden,6778,Q5342020,Edward Brocklehurst Fielden,,grandchild,wikidata
Q6233280,"John FitzPatrick, 1st Baron Castletown",1611,Q4893127,"Bernard FitzPatrick, 2nd Baron Castletown",,child,wikidata
Q1845004,"John Fletcher Moulton, Baron Moulton",2053,Q5932053,Hugh Moulton,,child,wikidata
Q24568591,John Forbes,,Q5077724,Charles Forbes,,father,wikidata
Q22001642,John Forster,6796,Q26722125,Matthew Forster,,father,wikidata
Q6233710,John Fort,6798,Q7325732,Richard Fort,,child,wikidata
Q6233710,John Fort,6798,Q7325733,Richard Fort,,grandchild,wikidata
Q13529906,"John Gathorne-Hardy, 2nd Earl of Cranbrook",1668,Q5527395,"Gathorne Gathorne-Hardy, 1st Earl of Cranbrook",,father,wikidata
Q13529906,"John Gathorne-Hardy, 2nd Earl of Cranbrook",1668,Q6237751,John Hardy,,grandparent,wikidata
Q13529906,"John Gathorne-Hardy, 2nd Earl of Cranbrook",1668,Q4722710,Alfred Gathorne-Hardy,,sibling,wikidata
Q13529906,"John Gathorne-Hardy, 2nd Earl of Cranbrook",1668,Q7527819,"Sir John Hardy, 1st Baronet",,uncle/aunt,wikidata
Q6235155,John George Phillimore,5390,Q7528832,"Sir Robert Phillimore, 1st Baronet",,sibling,wikidata
Q6235315,John Gilbert Talbot,927,Q4786530,Archibald Stuart-Wortley,6261,cousin,rush
Q6235315,John Gilbert Talbot,927,Q5082737,"Charles Stuart-Wortley, 1st Baron Stuart of Wortley",2123,cousin,rush
Q6250233,John Gladstone,6819,Q2347324,"Herbert Gladstone, 1st Viscount Gladstone",,nephew/niece,wikidata
Q6250233,John Gladstone,6819,Q4020043,William Henry Gladstone,,nephew/niece,wikidata
Q6250233,John Gladstone,6819,Q160852,William Ewart Gladstone,,sibling,wikidata
Q6250233,John Gladstone,6819,Q7529140,"Sir Thomas Gladstone, 2nd Baronet",,sibling,wikidata
Q13529912,John Gordon,1770,Q1282069,"Edward Gordon, Baron Gordon of Drumearn",,father,wikidata
Q6236086,John Gray,1724,Q1286201,Edmund Dwyer Gray,,child,wikidata
Q4148675,"John Gretton, 1st Baron Gretton",1804,Q6236294,"John Gretton, 2nd Baron Gretton",,child,wikidata
Q6236294,"John Gretton, 2nd Baron Gretton",,Q4148675,"John Gretton, 1st Baron Gretton",,father,wikidata
Q6236441,"John Grimston, 6th Earl of Verulam",8678,Q7344973,"Robert Grimston, 1st Baron Grimston of Westbury",8863,cousin,rush
Q333635,John Gummer,324,Q392174,Ben Gummer,,child,wikidata
Q11801484,John Gurdon Rebow,742,Q7345003,"Robert Gurdon, 1st Baron Cranworth",,nephew/niece,wikidata
Q11801484,John Gurdon Rebow,742,Q21554127,Brampton Gurdon,,sibling,wikidata
Q24254779,John Hales Calcraft,6619,Q26267738,John Calcraft,,child,wikidata
Q24254779,John Hales Calcraft,6619,Q6224784,John Calcraft,,father,wikidata
Q24254779,John Hales Calcraft,6619,Q24254838,Granby Calcraft,,sibling,wikidata
Q6237583,John Handley,4245,Q4888762,Benjamin Handley,4244,cousin,rush
Q6237583,John Handley,4245,Q26234470,Henry Handley,4242,cousin,rush
Q6237583,John Handley,4245,Q11802744,William Farnworth Handley,4243,cousin,rush
Q6237751,John Hardy,6451,Q7527819,"Sir John Hardy, 1st Baronet",,child,wikidata
Q6237751,John Hardy,6451,Q5527395,"Gathorne Gathorne-Hardy, 1st Earl of Cranbrook",,child,wikidata
Q6237751,John Hardy,6451,Q6500633,Laurence Hardy,,grandchild,wikidata
Q6237751,John Hardy,6451,Q4722710,Alfred Gathorne-Hardy,,grandchild,wikidata
Q6237751,John Hardy,6451,Q13529906,"John Gathorne-Hardy, 2nd Earl of Cranbrook",,grandchild,wikidata
Q6679443,John Hay,2240,Q26387320,Thomas Hay,,child,wikidata
Q6679443,John Hay,2240,Q5540333,"George Hay, Earl of Gifford",,sibling,wikidata
Q6679443,John Hay,2240,Q8011045,"William Hay, 10th Marquess of Tweeddale",,sibling,wikidata
Q11803195,"John Henniker-Major, 4th Baron Henniker",4334,Q6238687,"John Henniker-Major, 5th Baron Henniker",,child,wikidata
Q6238687,"John Henniker-Major, 5th Baron Henniker",4333,Q11803195,"John Henniker-Major, 4th Baron Henniker",,father,wikidata
Q6238860,John Henry Knox,,Q8014090,William Knox,,nephew/niece,wikidata
Q6238860,John Henry Knox,,Q7791585,"Thomas Knox, 3rd Earl of Ranfurly",,nephew/niece,wikidata
Q6238860,John Henry Knox,,Q7791584,"Thomas Knox, 2nd Earl of Ranfurly",,sibling,wikidata
Q6238860,John Henry Knox,,Q22344373,James Knox,,sibling,wikidata
Q6238954,John Henry Thorpe,5983,Q334102,Jeremy Thorpe,,child,wikidata
Q6238967,John Henry Vivian,7313,Q4800546,Arthur Vivian,,child,wikidata
Q6238967,John Henry Vivian,7313,Q12072266,"Henry Vivian, 1st Baron Swansea",,child,wikidata
Q6238967,John Henry Vivian,7313,Q5083146,"Charles Vivian, 2nd Baron Vivian",,nephew/niece,wikidata
Q6238967,John Henry Vivian,7313,Q6227494,John Vivian,,nephew/niece,wikidata
Q6238967,John Henry Vivian,7313,Q3787726,"Hussey Vivian, 1st Baron Vivian",,sibling,wikidata
Q332595,"John Hobhouse, 1st Baron Broughton",6897,Q7790721,Thomas Benjamin Hobhouse,,sibling,wikidata
Q332595,"John Hobhouse, 1st Baron Broughton",6897,Q26734725,Henry Hobhouse,,sibling,wikidata
Q6239482,John Hodgetts-Foley,6791,Q5723097,Henry Hodgetts-Foley,,child,wikidata
Q6239482,John Hodgetts-Foley,6791,Q5345591,Edward Thomas Foley,,sibling,wikidata
Q26690970,John Hornby,6910,Q7529634,"Sir William Hornby, 1st Baronet",,nephew/niece,wikidata
Q26690970,John Hornby,6910,Q8012049,William Henry Hornby,,sibling,wikidata
Q6240076,John Howard Parnell,2728,Q317436,Charles Stewart Parnell,,sibling,wikidata
Q6240199,"John Hubbard, 1st Baron Addington",2322,Q5347780,"Egerton Hubbard, 2nd Baron Addington",,child,wikidata
Q6240199,"John Hubbard, 1st Baron Addington",2322,Q5416349,Evelyn Hubbard,,child,wikidata
Q6240846,John Ireland Blackburne,6434,Q6240848,John Ireland Blackburne,,child,wikidata
Q6240848,John Ireland Blackburne,1227,Q6240846,John Ireland Blackburne,,father,wikidata
Q332783,"John Jacob Astor, 1st Baron Astor of Hever",3054,Q6219659,John Astor,,child,wikidata
Q332783,"John Jacob Astor, 1st Baron Astor of Hever",3054,Q2580935,"William Astor, 3rd Viscount Astor",,nephew/niece,wikidata
Q332783,"John Jacob Astor, 1st Baron Astor of Hever",3054,Q6828289,Michael Astor,,nephew/niece,wikidata
Q332783,"John Jacob Astor, 1st Baron Astor of Hever",3054,Q6125171,Jakie Astor,,nephew/niece,wikidata
Q332783,"John Jacob Astor, 1st Baron Astor of Hever",3054,Q2619726,"Waldorf Astor, 2nd Viscount Astor",,sibling,wikidata
Q15456740,John Jervis,4517,Q26722172,John Jervis,,child,wikidata
Q15456740,John Jervis,4517,Q26321345,Swynfen Jervis,4518,cousin,rush
Q26722172,John Jervis,4519,Q15456740,John Jervis,,father,wikidata
Q6242146,John Joseph Esmonde,6476,Q7527764,"Sir John Esmonde, 14th Baronet",,child,wikidata
Q6242277,John Josiah Guest,6852,Q6904116,Montague Guest,,child,wikidata
Q6242277,John Josiah Guest,6852,Q4798916,Arthur Guest,,child,wikidata
Q6242888,John Kenneth Foster,7393,Q7184420,Philip Staveley Foster,7395,cousin,rush
Q6244393,John Lee Lee,6977,Q7917288,Vaughan Vaughan-Lee,,child,wikidata
Q6679449,John Lennox,4699,Q2865197,Lord Arthur Lennox,,sibling,wikidata
Q6679449,John Lennox,4699,Q6680026,William Lennox,,sibling,wikidata
Q5590921,John Lewis Ricardo,5565,Q5239023,David Ricardo,5566,cousin,rush
Q5590921,John Lewis Ricardo,5565,Q26204048,Osman Ricardo,5563,cousin,rush
Q6245083,John Loch,,Q6138142,James Loch,,sibling,wikidata
Q3182815,"John Loder, 2nd Baron Wakehurst",8069,Q5549352,"Gerald Loder, 1st Baron Wakehurst",,father,wikidata
Q3182815,"John Loder, 2nd Baron Wakehurst",8069,Q7528805,"Sir Robert Loder, 1st Baronet",,grandparent,wikidata
Q6245664,"John Lyttelton, 9th Viscount Cobham",4808,Q2892622,"Oliver Lyttelton, 1st Viscount Chandos",4809,cousin,rush
Q6245664,"John Lyttelton, 9th Viscount Cobham",4808,Q1026930,"Charles Lyttelton, 8th Viscount Cobham",,father,wikidata
Q6246032,John Maberly,,Q8014397,William Leader Maberly,,child,wikidata
Q26691275,John Mackie,7001,Q26691198,James Mackie,,child,wikidata
Q15976329,"John Mackie, Baron John-Mackie",8680,Q1507828,"George Mackie, Baron Mackie of Benshie",,sibling,wikidata
Q6246292,"John Maclay, 1st Viscount Muirshiel",4856,Q6285208,"Joseph Maclay, 2nd Baron Maclay",,sibling,wikidata
Q2086683,"John Manners, 7th Duke of Rutland",2568,Q13529987,Lord Cecil Manners,,child,wikidata
Q2086683,"John Manners, 7th Duke of Rutland",2568,Q3784973,"Henry Manners, 8th Duke of Rutland",,child,wikidata
Q2086683,"John Manners, 7th Duke of Rutland",2568,Q6679211,Lord Edward Manners,,child,wikidata
Q2086683,"John Manners, 7th Duke of Rutland",2568,Q13529986,Lord George Manners,,sibling,wikidata
Q2086683,"John Manners, 7th Duke of Rutland",2568,Q3666446,"Charles Manners, 6th Duke of Rutland",,sibling,wikidata
Q334234,"John Manners-Sutton, 3rd Viscount Canterbury",5931,Q334203,"Charles Manners-Sutton, 1st Viscount Canterbury",,father,wikidata
Q6246844,John Marshall,9106,Q6134516,James Garth Marshall,,sibling,wikidata
Q6246844,John Marshall,9106,Q8015152,William Marshall,,sibling,wikidata
Q19325553,John Martin,,Q26611669,John Martin,,child,wikidata
Q26611669,John Martin,6429,Q19325553,John Martin,,father,wikidata
Q6247503,"John McClintock, 1st Baron Rathdonnell",4983,Q8015338,William McClintock-Bunbury,,sibling,wikidata
Q6248044,John McLaren,2541,Q5314516,Duncan McLaren,,father,wikidata
Q6248044,John McLaren,2541,Q5725740,Henry McLaren,,nephew/niece,wikidata
Q6248044,John McLaren,2541,Q5481905,Francis McLaren,,nephew/niece,wikidata
Q6248044,John McLaren,2541,Q7965601,Walter McLaren,,sibling,wikidata
Q6248044,John McLaren,2541,Q5080854,"Charles McLaren, 1st Baron Aberconway",,sibling,wikidata
Q337464,"John Montagu Douglas Scott, 7th Duke of Buccleuch",2018,Q2602495,"Walter Montagu Douglas Scott, 8th Duke of Buccleuch",,child,wikidata
Q337464,"John Montagu Douglas Scott, 7th Duke of Buccleuch",2018,Q6680030,Lord William Montagu Douglas Scott,,child,wikidata
Q337464,"John Montagu Douglas Scott, 7th Duke of Buccleuch",2018,Q337468,"William Montagu Douglas Scott, 6th Duke of Buccleuch",,father,wikidata
Q337464,"John Montagu Douglas Scott, 7th Duke of Buccleuch",2018,Q333214,"John Scott, 9th Duke of Buccleuch",,grandchild,wikidata
Q6249506,"John Morrison, 1st Baron Margadale",8702,Q7175955,Peter Morrison,,child,wikidata
Q6249506,"John Morrison, 1st Baron Margadale",8702,Q5081103,Charles Morrison,,child,wikidata
Q6249506,"John Morrison, 1st Baron Margadale",8702,Q5932043,Hugh Morrison,,father,wikidata
Q6249740,"John Mulholland, 1st Baron Dunleath",2642,Q5726129,"Henry Mulholland, 2nd Baron Dunleath",,child,wikidata
Q3809512,John O'Connell,5247,Q21548703,Morgan O'Connell,5246,cousin,rush
Q3809512,John O'Connell,5247,Q314917,Daniel O'Connell,,father,wikidata
Q3809512,John O'Connell,5247,Q6793386,Maurice O'Connell,,sibling,wikidata
Q3809512,John O'Connell,5247,Q5218291,Daniel O'Connell,,sibling,wikidata
Q3809512,John O'Connell,5247,Q6911794,Morgan O'Connell,,sibling,wikidata
Q6251316,"John Ormsby-Gore, 1st Baron Harlech",2703,Q8016372,William Ormsby-Gore,,father,wikidata
Q6251316,"John Ormsby-Gore, 1st Baron Harlech",2703,Q5543049,"George Ormsby-Gore, 3rd Baron Harlech",,nephew/niece,wikidata
Q6251316,"John Ormsby-Gore, 1st Baron Harlech",2703,Q26237502,Seymour Ormsby-Gore,,nephew/niece,wikidata
Q6251316,"John Ormsby-Gore, 1st Baron Harlech",2703,Q8016373,"William Ormsby-Gore, 2nd Baron Harlech",,sibling,wikidata
Q3485213,John Pender,2748,Q7527473,"Sir James Pender, 1st Baronet",,child,wikidata
Q4867100,John Peto,5379,Q4867241,Basil Peto,,father,wikidata
Q4867100,John Peto,5379,Q149062,Samuel Morton Peto,,grandparent,wikidata
Q4867100,John Peto,5379,Q7526332,"Sir Christopher Peto, 3rd Baronet",,sibling,wikidata
Q16023302,"John Philipps, 1st Viscount St Davids",2871,Q3359001,"Owen Philipps, 1st Baron Kylsant",,sibling,wikidata
Q16023302,"John Philipps, 1st Viscount St Davids",2871,Q6099477,Ivor Philipps,,sibling,wikidata
Q6253068,"John Plunkett, 17th Baron of Dunsany",2773,Q3140471,Horace Plunkett,,sibling,wikidata
Q6253138,"John Ponsonby, 4th Earl of Bessborough",,Q6253140,"John Ponsonby, 5th Earl of Bessborough",,child,wikidata
Q6253138,"John Ponsonby, 4th Earl of Bessborough",,Q5081706,"Charles Ponsonby, 2nd Baron de Mauley",,nephew/niece,wikidata
Q6253138,"John Ponsonby, 4th Earl of Bessborough",,Q4805554,Ashley Ponsonby,,nephew/niece,wikidata
Q6253138,"John Ponsonby, 4th Earl of Bessborough",,Q8016999,"William Ponsonby, 1st Baron de Mauley",,sibling,wikidata
Q6253140,"John Ponsonby, 5th Earl of Bessborough",3811,Q6253138,"John Ponsonby, 4th Earl of Bessborough",,father,wikidata
Q14949006,John Potter,7132,Q7787488,Thomas Bayley Potter,,sibling,wikidata
Q26722324,John Power,7140,Q26756018,"Edmond de la Poer, 1st Count de la Poer",,child,wikidata
Q6253318,"John Pratt, 3rd Marquess Camden",3328,Q5543534,"George Pratt, 2nd Marquess Camden",,father,wikidata
Q6254150,"John Ramsay, 13th Earl of Dalhousie",736,Q5080735,Charles Maule Ramsay,,sibling,wikidata
Q6254287,John Rathbone,8096,Q7804145,Tim Rathbone,,child,wikidata
Q225392,John Redmond,2175,Q8017428,William Redmond,,child,wikidata
Q225392,John Redmond,2175,Q8004519,William Archer Redmond,,father,wikidata
Q225392,John Redmond,2175,Q8021781,Willie Redmond,,sibling,wikidata
Q6255168,John Roberts,767,Q6255162,"John Roberts, 1st Baron Clwyd",,child,wikidata
Q6255162,"John Roberts, 1st Baron Clwyd",2128,Q6255168,John Roberts,,father,wikidata
Q6255541,"John Romilly, 1st Baron Romilly",5604,Q5345107,Edward Romilly,,sibling,wikidata
Q6255541,"John Romilly, 1st Baron Romilly",5604,Q5498658,Frederick Romilly,,sibling,wikidata
Q26234598,John Russell,,Q26240540,"Edward Russell, 23rd Baron de Clifford",,child,wikidata
Q157259,"John Russell, 1st Earl Russell",7180,Q6255964,"John Russell, Viscount Amberley",,child,wikidata
Q157259,"John Russell, 1st Earl Russell",7180,Q6834882,"William Russell, 8th Duke of Bedford",,nephew/niece,wikidata
Q157259,"John Russell, 1st Earl Russell",7180,Q6084189,George W. E. Russell,,nephew/niece,wikidata
Q157259,"John Russell, 1st Earl Russell",7180,Q6679056,Lord Charles Russell,,sibling,wikidata
Q157259,"John Russell, 1st Earl Russell",7180,Q25689,"Francis Russell, 7th Duke of Bedford",,sibling,wikidata
Q157259,"John Russell, 1st Earl Russell",7180,Q6679210,Lord Edward Russell,,sibling,wikidata
Q6255964,"John Russell, Viscount Amberley",3014,Q157259,"John Russell, 1st Earl Russell",,father,wikidata
Q6256112,"John Ryder, 5th Earl of Harrowby",7510,Q5311969,"Dudley Ryder, 6th Earl of Harrowby",,child,wikidata
Q6256551,John Salusbury-Trelawny,959,Q7529765,"Sir William Salusbury-Trelawny, 8th Baronet",,father,wikidata
Q6256600,John Sanctuary Nicholson,8060,Q8016134,William Nicholson,,father,wikidata
Q6256600,John Sanctuary Nicholson,8060,Q8010084,William Graham Nicholson,,sibling,wikidata
Q6256761,"John Savile, 3rd Earl of Mexborough",,Q6256763,"John Savile, 4th Earl of Mexborough",,child,wikidata
Q6256763,"John Savile, 4th Earl of Mexborough",5426,Q6256761,"John Savile, 3rd Earl of Mexborough",,father,wikidata
Q333214,"John Scott, 9th Duke of Buccleuch",8932,Q2602495,"Walter Montagu Douglas Scott, 8th Duke of Buccleuch",,father,wikidata
Q333214,"John Scott, 9th Duke of Buccleuch",8932,Q337464,"John Montagu Douglas Scott, 7th Duke of Buccleuch",,grandparent,wikidata
Q333214,"John Scott, 9th Duke of Buccleuch",8932,Q6680030,Lord William Montagu Douglas Scott,,uncle/aunt,wikidata
Q6105456,"John Seely, 1st Baron Mottistone",8073,Q7526292,"Sir Charles Seely, 1st Baronet",,father,wikidata
Q6105456,"John Seely, 1st Baron Mottistone",8073,Q5082431,Charles Seely,,grandparent,wikidata
Q6105456,"John Seely, 1st Baron Mottistone",8073,Q11802791,"Hugh Seely, 1st Baron Sherwood",,nephew/niece,wikidata
Q6105456,"John Seely, 1st Baron Mottistone",8073,Q7526294,"Sir Charles Seely, 2nd Baronet",,sibling,wikidata
Q6257470,John Shaw-Lefevre,4683,Q5544472,"George Shaw-Lefevre, 1st Baron Eversley",,child,wikidata
Q6257470,John Shaw-Lefevre,4683,Q205777,"Charles Shaw-Lefevre, 1st Viscount Eversley",,sibling,wikidata
Q6257849,John Silkin,5747,Q6537050,"Lewis Silkin, 1st Baron Silkin",,father,wikidata
Q6257849,John Silkin,5747,Q7412628,"Samuel Silkin, Baron Silkin of Dulwich",,sibling,wikidata
Q15458169,John Smith,7214,Q15452761,John Abel Smith,,child,wikidata
Q15458169,John Smith,7214,Q16063401,Martin Tucker Smith,,child,wikidata
Q15458169,John Smith,7214,Q1510187,Gerard Smith,,grandchild,wikidata
Q15458169,John Smith,7214,Q26735896,Jervoise Smith,,grandchild,wikidata
Q15458169,John Smith,7214,Q4666622,Abel Smith,,nephew/niece,wikidata
Q15458169,John Smith,7214,Q7412657,Samuel Smith,,sibling,wikidata
Q6258484,"John Somers-Cocks, 2nd Earl Somers",3843,Q5082570,"Charles Somers-Cocks, 3rd Earl Somers",,child,wikidata
Q386213,"John Spencer, 3rd Earl Spencer",3012,Q333281,"John Spencer, 5th Earl Spencer",,nephew/niece,wikidata
Q386213,"John Spencer, 3rd Earl Spencer",3012,Q2544868,"Charles Spencer, 6th Earl Spencer",,nephew/niece,wikidata
Q386213,"John Spencer, 3rd Earl Spencer",3012,Q335529,"Frederick Spencer, 4th Earl Spencer",,sibling,wikidata
Q333281,"John Spencer, 5th Earl Spencer",3011,Q335529,"Frederick Spencer, 4th Earl Spencer",,father,wikidata
Q333281,"John Spencer, 5th Earl Spencer",3011,Q2544868,"Charles Spencer, 6th Earl Spencer",,sibling,wikidata
Q333355,"John Spencer-Churchill, 7th Duke of Marlborough",3236,Q314773,Lord Randolph Churchill,,child,wikidata
Q333355,"John Spencer-Churchill, 7th Duke of Marlborough",3236,Q333601,"George Spencer-Churchill, 6th Duke of Marlborough",,father,wikidata
Q333355,"John Spencer-Churchill, 7th Duke of Marlborough",3236,Q8016,Winston Churchill,,grandchild,wikidata
Q333355,"John Spencer-Churchill, 7th Duke of Marlborough",3236,Q24288427,Lord Alfred Spencer-Churchill,,sibling,wikidata
Q6252886,John Starkie,905,Q6506962,Le Gendre Starkie,,sibling,wikidata
Q6259508,"John Stuart-Wortley, 2nd Baron Wharncliffe",6262,Q5082737,"Charles Stuart-Wortley, 1st Baron Stuart of Wortley",,nephew/niece,wikidata
Q6259508,"John Stuart-Wortley, 2nd Baron Wharncliffe",6262,Q6143798,James Stuart-Wortley,,sibling,wikidata
Q6260189,John Talbot Clifton,6653,Q26702418,Thomas Clifton,,child,wikidata
Q6260980,"John Tollemache, 1st Baron Tollemache",948,Q8000141,"Wilbraham Tollemache, 2nd Baron Tollemache",,child,wikidata
Q6261064,John Towneley,6019,Q21165641,Charles Towneley,,sibling,wikidata
Q15725713,"John Townshend, 4th Marquess Townshend",6021,Q6261098,"John Townshend, 5th Marquess Townshend",,child,wikidata
Q6261098,"John Townshend, 5th Marquess Townshend",5524,Q15725713,"John Townshend, 4th Marquess Townshend",,father,wikidata
Q13530061,"John Vaughan-Morgan, Baron Reigate",6089,Q26237508,Kenyon Vaughan-Morgan,,father,wikidata
Q6227494,John Vivian,2855,Q4800546,Arthur Vivian,2853,cousin,rush
Q6227494,John Vivian,2855,Q12072266,"Henry Vivian, 1st Baron Swansea",2854,cousin,rush
Q6227494,John Vivian,2855,Q3787726,"Hussey Vivian, 1st Baron Vivian",,father,wikidata
Q6227494,John Vivian,2855,Q5083146,"Charles Vivian, 2nd Baron Vivian",,sibling,wikidata
Q26689989,John Walrond,7321,Q8019954,"William Walrond, 1st Baron Waleran",,child,wikidata
Q26689989,John Walrond,7321,Q8019953,William Walrond,,grandchild,wikidata
Q6262857,"John Walsh, 1st Baron Ormathwaite",7322,Q4800605,"Arthur Walsh, 2nd Baron Ormathwaite",,child,wikidata
Q6262857,"John Walsh, 1st Baron Ormathwaite",7322,Q4800606,"Arthur Walsh, 3rd Baron Ormathwaite",,grandchild,wikidata
Q1702096,John Walter,6472,Q1702099,John Walter,,child,wikidata
Q1702099,John Walter,992,Q1702096,John Walter,,father,wikidata
Q6263500,John Wentworth-FitzWilliam,1020,Q8020195,"William Wentworth-Fitzwilliam, 6th Earl Fitzwilliam",,father,wikidata
Q6263500,John Wentworth-FitzWilliam,1020,Q5083446,"Charles Wentworth-Fitzwilliam, 5th Earl Fitzwilliam",,grandparent,wikidata
Q6263500,John Wentworth-FitzWilliam,1020,Q7614395,"William Wentworth-Fitzwilliam, 7th Earl Fitzwilliam",,nephew/niece,wikidata
Q6263500,John Wentworth-FitzWilliam,1020,Q8020193,"William Wentworth-FitzWilliam, Viscount Milton",,sibling,wikidata
Q6263500,John Wentworth-FitzWilliam,1020,Q5730014,Henry Wentworth-FitzWilliam,,sibling,wikidata
Q6263500,John Wentworth-FitzWilliam,1020,Q5083442,Charles Wentworth-FitzWilliam,,uncle/aunt,wikidata
Q6263500,John Wentworth-FitzWilliam,1020,Q26254028,"William Wentworth-Fitzwilliam, Viscount Milton",,uncle/aunt,wikidata
Q6263500,John Wentworth-FitzWilliam,1020,Q5546159,George Wentworth-FitzWilliam,,uncle/aunt,wikidata
Q15821520,John Westenra,6170,Q5730028,"Henry Westenra, 3rd Baron Rossmore",,sibling,wikidata
Q6233713,John William Fortescue,6800,Q5311875,Dudley Fortescue,1633,cousin,rush
Q6233713,John William Fortescue,6800,Q5359607,"Hugh Fortescue, 2nd Earl Fortescue",,father,wikidata
Q6233713,John William Fortescue,6800,Q5930808,"Hugh Fortescue, 4th Earl Fortescue",,nephew/niece,wikidata
Q6233713,John William Fortescue,6800,Q5311875,Dudley Fortescue,,sibling,wikidata
Q6233713,John William Fortescue,6800,Q5930822,"Hugh Fortescue, 3rd Earl Fortescue",,sibling,wikidata
Q6265095,"John Yarde-Buller, 1st Baron Churston",6275,Q7526590,"Sir Edward Manningham-Buller, 1st Baronet",,sibling,wikidata
Q6265172,John Yorke,1104,Q6288119,Joseph Yorke,,father,wikidata
Q13530064,Jonah Walker-Smith,6120,Q5262429,"Derek Walker-Smith, Baron Broxbourne",,child,wikidata
Q332881,Jonathan Aitken,2987,Q8004211,William Aitken,,father,wikidata
Q50940574,Jonathan Joseph Richardson,9437,Q6274234,Jonathan Richardson,7160,cousin,rush
Q3041941,Jonathan Peel,7113,Q334165,Arthur Peel,,nephew/niece,wikidata
Q3041941,Jonathan Peel,7113,Q5498541,Frederick Peel,,nephew/niece,wikidata
Q3041941,Jonathan Peel,7113,Q4685934,"Sir Robert Peel, 3rd Baronet",,nephew/niece,wikidata
Q3041941,Jonathan Peel,7113,Q181875,Robert Peel,,sibling,wikidata
Q3041941,Jonathan Peel,7113,Q20755914,Edmund Peel,,sibling,wikidata
Q3041941,Jonathan Peel,7113,Q6107323,William Yates Peel,,sibling,wikidata
Q6274234,Jonathan Richardson,7160,Q50940574,Jonathan Joseph Richardson,9437,cousin,rush
Q6280988,Joseph Allen Baker,7453,Q211856,"Philip Noel-Baker, Baron Noel-Baker",,child,wikidata
Q6280988,Joseph Allen Baker,7453,Q5482059,Francis Noel-Baker,,grandchild,wikidata
Q16240158,Joseph Bailey,6509,Q6286713,"Joseph Russell Bailey, 1st Baron Glanusk",,child,wikidata
Q16240158,Joseph Bailey,6509,Q16066164,"Sir Joseph Bailey, 1st Baronet",,father,wikidata
Q315999,Joseph Chamberlain,2102,Q10664,Neville Chamberlain,,child,wikidata
Q315999,Joseph Chamberlain,2102,Q188999,Austen Chamberlain,,child,wikidata
Q315999,Joseph Chamberlain,2102,Q7324698,Richard Chamberlain,,sibling,wikidata
Q26678496,Joseph Christopher Ewart,6763,Q8008717,William Ewart,,sibling,wikidata
Q19325850,Joseph Cowen,2840,Q5612667,Joseph Cowen,,child,wikidata
Q5612667,Joseph Cowen,1403,Q19325850,Joseph Cowen,,father,wikidata
Q26267988,Joseph Crosland,3642,Q26718795,Thomas Crosland,,sibling,wikidata
Q25998074,Joseph Feilden,1587,Q6283050,Joseph Feilden,,child,wikidata
Q25998074,Joseph Feilden,1587,Q5725578,Henry Feilden,,child,wikidata
Q6283050,Joseph Feilden,1588,Q25998074,Joseph Feilden,,father,wikidata
Q6283050,Joseph Feilden,1588,Q5725578,Henry Feilden,,sibling,wikidata
Q6285208,"Joseph Maclay, 2nd Baron Maclay",4855,Q6246292,"John Maclay, 1st Viscount Muirshiel",,sibling,wikidata
Q6285256,Joseph Mallalieu,4905,Q5498345,Frederick Mallalieu,,father,wikidata
Q6285256,Joseph Mallalieu,4905,Q6483468,Lance Mallalieu,,sibling,wikidata
Q6286166,Joseph Pease,7109,Q7528199,"Sir Joseph Pease, 1st Baronet",,child,wikidata
Q6286166,Joseph Pease,7109,Q4799939,Arthur Pease,,child,wikidata
Q6286166,Joseph Pease,7109,Q6114554,"Jack Pease, 1st Baron Gainford",,grandchild,wikidata
Q6286166,Joseph Pease,7109,Q7525972,"Sir Alfred Pease, 2nd Baronet",,grandchild,wikidata
Q6286166,Joseph Pease,7109,Q5735228,"Herbert Pease, 1st Baron Daryngton",,grandchild,wikidata
Q6286166,Joseph Pease,7109,Q5726789,Henry Pease,,sibling,wikidata
Q6286713,"Joseph Russell Bailey, 1st Baron Glanusk",1148,Q16240158,Joseph Bailey,,father,wikidata
Q6286713,"Joseph Russell Bailey, 1st Baron Glanusk",1148,Q16066164,"Sir Joseph Bailey, 1st Baronet",,grandparent,wikidata
Q6249777,Joseph Sydney Yorke,,Q5361267,Eliot Yorke,,child,wikidata
Q6249777,Joseph Sydney Yorke,,Q5083776,"Charles Yorke, 4th Earl of Hardwicke",,child,wikidata
Q6249777,Joseph Sydney Yorke,,Q337983,"Charles Yorke, 5th Earl of Hardwicke",,grandchild,wikidata
Q6249777,Joseph Sydney Yorke,,Q5365591,Elliot Yorke,,grandchild,wikidata
Q6288119,Joseph Yorke,,Q6265172,John Yorke,,child,wikidata
Q6289810,Joshua Fielden,1595,Q7789575,Thomas Fielden,,child,wikidata
Q6289810,Joshua Fielden,1595,Q5342020,Edward Brocklehurst Fielden,,child,wikidata
Q6289810,Joshua Fielden,1595,Q4484367,John Fielden,,father,wikidata
Q16741844,Joshua Scholefield,5684,Q8018184,William Scholefield,,child,wikidata
Q17180500,Josias du Pré Alexander,,Q17180499,James Alexander,,sibling,wikidata
Q2919989,"Julian Amery, Baron Amery of Lustleigh",3016,Q333573,Leo Amery,,father,wikidata
Q6307504,Julian Ridsdale,5578,Q4090718,"Oliver Baldwin, 2nd Earl Baldwin of Bewdley",3599,cousin,rush
Q6317720,Justin Huntly McCarthy,2514,Q6317871,Justin McCarthy,,father,wikidata
Q6317871,Justin McCarthy,2513,Q6317720,Justin Huntly McCarthy,,child,wikidata
Q689421,Kelvin Hopkins,363,Q76448943,Rachel Hopkins,,child,wikidata
Q26237508,Kenyon Vaughan-Morgan,6088,Q13530061,"John Vaughan-Morgan, Baron Reigate",,child,wikidata
Q533649,Lady Cynthia Mosley,5129,Q271878,"George Curzon, 1st Marquess Curzon of Kedleston",,father,wikidata
Q6470476,Lady Olga Maitland,9389,Q1748216,"Patrick Maitland, 17th Earl of Lauderdale",,father,wikidata
Q6483468,Lance Mallalieu,4904,Q5498345,Frederick Mallalieu,,father,wikidata
Q6483468,Lance Mallalieu,4904,Q6285256,Joseph Mallalieu,,sibling,wikidata
Q6483622,"Lancelot Joynson-Hicks, 3rd Viscount Brentford",4539,Q330604,"William Joynson-Hicks, 1st Viscount Brentford",,father,wikidata
Q11806802,Lauderdale Maule,4957,Q333117,"James Broun-Ramsay, 1st Marquess of Dalhousie",9114,cousin,rush
Q11806802,Lauderdale Maule,4957,Q8015248,"William Maule, 1st Baron Panmure",,father,wikidata
Q11806802,Lauderdale Maule,4957,Q333304,"Fox Maule-Ramsay, 11th Earl of Dalhousie",,sibling,wikidata
Q76363401,Laura Farris,10204,Q6832761,Michael McNair-Wilson,,father,wikidata
Q478832,Laura Sandys,9852,Q203129,Duncan Sandys,,father,wikidata
Q478832,Laura Sandys,9852,Q5541118,George John Sandys,,grandparent,wikidata
Q6500441,Laurence Ambrose Waldron,6117,Q26250709,Laurence Waldron,,father,wikidata
Q6500633,Laurence Hardy,1826,Q7527819,"Sir John Hardy, 1st Baronet",,father,wikidata
Q6500633,Laurence Hardy,1826,Q6237751,John Hardy,,grandparent,wikidata
Q6500633,Laurence Hardy,1826,Q5527395,"Gathorne Gathorne-Hardy, 1st Earl of Cranbrook",,uncle/aunt,wikidata
Q26250709,Laurence Waldron,6116,Q6500441,Laurence Ambrose Waldron,,child,wikidata
Q3828136,"Lawrence Dundas, 1st Marquess of Zetland",6745,Q6504006,"Lawrence Dundas, 2nd Marquess of Zetland",,child,wikidata
Q3828136,"Lawrence Dundas, 1st Marquess of Zetland",6745,Q6230399,John Dundas,,father,wikidata
Q3828136,"Lawrence Dundas, 1st Marquess of Zetland",6745,Q6230401,John Dundas,,sibling,wikidata
Q6504006,"Lawrence Dundas, 2nd Marquess of Zetland",5606,Q3828136,"Lawrence Dundas, 1st Marquess of Zetland",,father,wikidata
Q6504006,"Lawrence Dundas, 2nd Marquess of Zetland",5606,Q6230399,John Dundas,,grandparent,wikidata
Q6504006,"Lawrence Dundas, 2nd Marquess of Zetland",5606,Q6230401,John Dundas,,uncle/aunt,wikidata
Q15527009,Lawrence Kimball,4597,Q918902,"Marcus Kimball, Baron Kimball",,child,wikidata
Q13529921,"Lawrence Palk, 1st Baron Haldon",2717,Q16885523,Edward Bourchier Hartopp,,sibling,wikidata
Q6506962,Le Gendre Starkie,7238,Q6252886,John Starkie,,sibling,wikidata
Q6519187,Leicester Harmsworth,4261,Q5056111,"Cecil Harmsworth, 1st Baron Harmsworth",,sibling,wikidata
Q6519485,"Leifchild Leif-Jones, 1st Baron Rhayader",8119,Q5231862,David Brynmor Jones,,sibling,wikidata
Q333573,Leo Amery,3017,Q2919989,"Julian Amery, Baron Amery of Lustleigh",,child,wikidata
Q6525517,"Leonard Lyell, 1st Baron Lyell",2504,Q5078951,Charles Henry Lyell,,child,wikidata
Q16203028,"Leopold Agar-Ellis, 5th Viscount Clifden",728,Q2079517,"George Howard, 7th Earl of Carlisle",5118,cousin,rush
Q6530973,"Leslie Lever, Baron Lever",8743,Q333321,"Harold Lever, Baron Lever of Manchester",,sibling,wikidata
Q6531084,Leslie Pym,8745,Q332759,Francis Pym,,child,wikidata
Q6531177,Leslie Thomas,8744,Q338294,James Henry Thomas,,father,wikidata
Q6536559,Lewis Fry,1651,Q7781789,Theodore Fry,1652,cousin,rush
Q5790068,"Lewis Harcourt, 1st Viscount Harcourt",7376,Q775821,William Vernon Harcourt,,father,wikidata
Q5790068,"Lewis Harcourt, 1st Viscount Harcourt",7376,Q7350597,Robert Harcourt,,sibling,wikidata
Q6536798,Lewis Llewelyn Dillwyn,1495,Q438932,Lewis Weston Dillwyn,,father,wikidata
Q6536955,Lewis Payn Dawnay,1464,Q8007679,"William Dawnay, 7th Viscount Downe",,father,wikidata
Q6536955,Lewis Payn Dawnay,1464,Q5622196,Guy Dawnay,,sibling,wikidata
Q6536990,Lewis Randle Starkey,2845,Q7528085,"Sir John Starkey, 1st Baronet",,child,wikidata
Q6537050,"Lewis Silkin, 1st Baron Silkin",5748,Q7412628,"Samuel Silkin, Baron Silkin of Dulwich",,child,wikidata
Q6537050,"Lewis Silkin, 1st Baron Silkin",5748,Q6257849,John Silkin,,child,wikidata
Q438932,Lewis Weston Dillwyn,6723,Q6536798,Lewis Llewelyn Dillwyn,,child,wikidata
Q18161018,Lewis William Buck,9083,Q5544932,George Stucley,,child,wikidata
Q689660,Lindsay Hoyle,370,Q279314,"Doug Hoyle, Baron Hoyle",,father,wikidata
Q6555534,"Lionel Berry, 2nd Viscount Kemsley",9054,Q4772112,Anthony Berry,,sibling,wikidata
Q6555615,"Lionel Dawson-Damer, 4th Earl of Portarlington",1468,Q5538434,George Dawson-Damer,,father,wikidata
Q6555681,Lionel Holland,2294,Q4499092,"Henry Holland, 1st Viscount Knutsford",,father,wikidata
Q6555706,Lionel Louis Cohen,1391,Q7526113,"Sir Benjamin Cohen, 1st Baronet",,sibling,wikidata
Q333605,Lionel de Rothschild,3706,Q334120,"Nathan Rothschild, 1st Baron Rothschild",,child,wikidata
Q333605,Lionel de Rothschild,3706,Q316669,"Walter Rothschild, 2nd Baron Rothschild",,grandchild,wikidata
Q333605,Lionel de Rothschild,3706,Q3853190,Mayer Amschel de Rothschild,,sibling,wikidata
Q6662539,"Lloyd Kenyon, 3rd Baron Kenyon",,Q5545156,George Thomas Kenyon,,child,wikidata
Q6666722,Loftus Wigram,7350,Q15990357,James Wigram,,sibling,wikidata
Q6678890,Lord Adolphus Vane-Tempest,5955,Q5083121,"Charles Vane-Tempest-Stewart, 6th Marquess of Londonderry",,nephew/niece,wikidata
Q6678890,Lord Adolphus Vane-Tempest,5955,Q5261284,"George Vane-Tempest, 5th Marquess of Londonderry",,sibling,wikidata
Q6678890,Lord Adolphus Vane-Tempest,5955,Q3087168,"Frederick Stewart, 4th Marquess of Londonderry",,sibling,wikidata
Q3610759,Lord Alexander Gordon-Lennox,4695,Q6852229,Lord Walter Gordon-Lennox,,nephew/niece,wikidata
Q3610759,Lord Alexander Gordon-Lennox,4695,Q333879,"Charles Gordon-Lennox, 7th Duke of Richmond",,nephew/niece,wikidata
Q3610759,Lord Alexander Gordon-Lennox,4695,Q333488,"Charles Gordon-Lennox, 6th Duke of Richmond",,sibling,wikidata
Q3610759,Lord Alexander Gordon-Lennox,4695,Q3784916,Lord Henry Lennox,,sibling,wikidata
Q3610759,Lord Alexander Gordon-Lennox,4695,Q3760464,Lord George Gordon-Lennox,,sibling,wikidata
Q6678901,Lord Alexander Thynne,7631,Q5729188,"Henry Thynne, 6th Marquess of Bath",,nephew/niece,wikidata
Q6678901,Lord Alexander Thynne,7631,Q338382,"Thomas Thynne, 5th Marquess of Bath",,sibling,wikidata
Q6678905,Lord Alfred Hervey,6676,Q13529938,Lord Augustus Hervey,,nephew/niece,wikidata
Q6678905,Lord Alfred Hervey,6676,Q5498017,"Frederick Hervey, 3rd Marquess of Bristol",,nephew/niece,wikidata
Q6678905,Lord Alfred Hervey,6676,Q6679252,Lord Francis Hervey,,nephew/niece,wikidata
Q6678905,Lord Alfred Hervey,6676,Q5498018,"Frederick Hervey, 2nd Marquess of Bristol",,sibling,wikidata
Q369723,Lord Alfred Paget,7091,Q4733782,"Almeric Paget, 1st Baron Queenborough",,child,wikidata
Q369723,Lord Alfred Paget,7091,Q5726659,"Henry Paget, 3rd Marquess of Anglesey",,nephew/niece,wikidata
Q369723,Lord Alfred Paget,7091,Q13582500,"Henry Paget, 2nd Marquess of Anglesey",,sibling,wikidata
Q369723,Lord Alfred Paget,7091,Q6679084,Clarence Paget,,sibling,wikidata
Q369723,Lord Alfred Paget,7091,Q6680031,William Paget,,sibling,wikidata
Q369723,Lord Alfred Paget,7091,Q10288965,Lord George Paget,,sibling,wikidata
Q24288427,Lord Alfred Spencer-Churchill,6648,Q333601,"George Spencer-Churchill, 6th Duke of Marlborough",,father,wikidata
Q24288427,Lord Alfred Spencer-Churchill,6648,Q314773,Lord Randolph Churchill,,nephew/niece,wikidata
Q24288427,Lord Alfred Spencer-Churchill,6648,Q333355,"John Spencer-Churchill, 7th Duke of Marlborough",,sibling,wikidata
Q6678906,Lord Algernon Percy,2753,Q337686,"Algernon Percy, 6th Duke of Northumberland",,father,wikidata
Q6678906,Lord Algernon Percy,2753,Q5726862,"Henry Percy, Earl Percy",,nephew/niece,wikidata
Q6678906,Lord Algernon Percy,2753,Q1241117,"Eustace Percy, 1st Baron Percy of Newcastle",,nephew/niece,wikidata
Q6678906,Lord Algernon Percy,2753,Q762750,"Henry Percy, 7th Duke of Northumberland",,sibling,wikidata
Q6678911,Lord Alwyne Compton,1773,Q8007035,"William Compton, 5th Marquess of Northampton",,sibling,wikidata
Q6678924,Lord Arthur Chichester,3495,Q6679437,Lord John Chichester,,sibling,wikidata
Q6678924,Lord Arthur Chichester,3495,Q5537863,"George Chichester, 3rd Marquess of Donegall",,sibling,wikidata
Q6678926,Lord Arthur Clinton,3530,Q2492102,"Henry Pelham-Clinton, 5th Duke of Newcastle",,father,wikidata
Q6678926,Lord Arthur Clinton,3530,Q2034621,"Henry Pelham-Clinton, 6th Duke of Newcastle",,sibling,wikidata
Q6678926,Lord Arthur Clinton,3530,Q6679205,Lord Edward Clinton,,sibling,wikidata
Q2865197,Lord Arthur Lennox,4696,Q6679449,John Lennox,,sibling,wikidata
Q2865197,Lord Arthur Lennox,4696,Q6680026,William Lennox,,sibling,wikidata
Q6678929,Lord Arthur Russell,794,Q6084189,George W. E. Russell,806,cousin,rush
Q6678929,Lord Arthur Russell,794,Q6834882,"William Russell, 8th Duke of Bedford",7181,cousin,rush
Q6678929,Lord Arthur Russell,794,Q31177,"George Russell, 10th Duke of Bedford",,nephew/niece,wikidata
Q6678929,Lord Arthur Russell,794,Q31178,"Francis Russell, 9th Duke of Bedford",,sibling,wikidata
Q13529938,Lord Augustus Hervey,2264,Q5498019,"Frederick Hervey, 4th Marquess of Bristol",,child,wikidata
Q13529938,Lord Augustus Hervey,2264,Q5498018,"Frederick Hervey, 2nd Marquess of Bristol",,father,wikidata
Q13529938,Lord Augustus Hervey,2264,Q5498017,"Frederick Hervey, 3rd Marquess of Bristol",,sibling,wikidata
Q13529938,Lord Augustus Hervey,2264,Q6679252,Lord Francis Hervey,,sibling,wikidata
Q13529987,Lord Cecil Manners,7630,Q2086683,"John Manners, 7th Duke of Rutland",,father,wikidata
Q13529987,Lord Cecil Manners,7630,Q3784973,"Henry Manners, 8th Duke of Rutland",,sibling,wikidata
Q13529987,Lord Cecil Manners,7630,Q6679211,Lord Edward Manners,,sibling,wikidata
Q6679038,Lord Charles Bruce,1286,Q13529854,"Henry Brudenell-Bruce, 5th Marquess of Ailesbury",,nephew/niece,wikidata
Q6679038,Lord Charles Bruce,1286,Q5392837,"Ernest Brudenell-Bruce, 3rd Marquess of Ailesbury",,sibling,wikidata
Q6679041,Lord Charles Clinton,3527,Q6679205,Lord Edward Clinton,,nephew/niece,wikidata
Q6679041,Lord Charles Clinton,3527,Q2034621,"Henry Pelham-Clinton, 6th Duke of Newcastle",,nephew/niece,wikidata
Q6679041,Lord Charles Clinton,3527,Q6678926,Lord Arthur Clinton,,nephew/niece,wikidata
Q6679041,Lord Charles Clinton,3527,Q2492102,"Henry Pelham-Clinton, 5th Duke of Newcastle",,sibling,wikidata
Q6679041,Lord Charles Clinton,3527,Q6679913,Lord Robert Clinton,,sibling,wikidata
Q6679044,Lord Charles FitzRoy,3986,Q213756,Robert FitzRoy,3989,cousin,rush
Q6679044,Lord Charles FitzRoy,3986,Q338004,"William FitzRoy, 6th Duke of Grafton",,nephew/niece,wikidata
Q6679044,Lord Charles FitzRoy,3986,Q337872,"Henry FitzRoy, 5th Duke of Grafton",,sibling,wikidata
Q16066259,Lord Charles Manners,7008,Q6679918,Lord Robert Manners,,sibling,wikidata
Q6679056,Lord Charles Russell,7177,Q6084189,George W. E. Russell,,child,wikidata
Q6679056,Lord Charles Russell,7177,Q6255964,"John Russell, Viscount Amberley",,nephew/niece,wikidata
Q6679056,Lord Charles Russell,7177,Q6834882,"William Russell, 8th Duke of Bedford",,nephew/niece,wikidata
Q6679056,Lord Charles Russell,7177,Q6679210,Lord Edward Russell,,sibling,wikidata
Q6679056,Lord Charles Russell,7177,Q25689,"Francis Russell, 7th Duke of Bedford",,sibling,wikidata
Q6679056,Lord Charles Russell,7177,Q157259,"John Russell, 1st Earl Russell",,sibling,wikidata
Q6679059,Lord Charles Spencer-Churchill,6649,Q333355,"John Spencer-Churchill, 7th Duke of Marlborough",,nephew/niece,wikidata
Q6679059,Lord Charles Spencer-Churchill,6649,Q24288427,Lord Alfred Spencer-Churchill,,nephew/niece,wikidata
Q6679059,Lord Charles Spencer-Churchill,6649,Q333601,"George Spencer-Churchill, 6th Duke of Marlborough",,sibling,wikidata
Q334151,Lord Charles Wellesley,6163,Q334429,"Henry Wellesley, 3rd Duke of Wellington",,child,wikidata
Q334151,Lord Charles Wellesley,6163,Q320296,"Arthur Wellesley, 2nd Duke of Wellington",,sibling,wikidata
Q6679103,Lord Claud Hamilton,1761,Q5301898,Douglas Proby,,child,wikidata
Q2679435,Lord Claud Hamilton,1762,Q332813,"James Hamilton, 3rd Duke of Abercorn",,nephew/niece,wikidata
Q6679103,Lord Claud Hamilton,1761,Q4719056,Alexander Hamilton-Gordon,,sibling,wikidata
Q6679103,Lord Claud Hamilton,1761,Q4702898,"George Hamilton-Gordon, 5th Earl of Aberdeen",,sibling,wikidata
Q6679103,Lord Claud Hamilton,1761,Q335510,"Arthur Hamilton-Gordon, 1st Baron Stanmore",,sibling,wikidata
Q2679435,Lord Claud Hamilton,1762,Q1869870,Lord Frederick Spencer Hamilton,,sibling,wikidata
Q2679435,Lord Claud Hamilton,1762,Q15072599,Lord Ernest Hamilton,,sibling,wikidata
Q2679435,Lord Claud Hamilton,1762,Q333628,Lord George Hamilton,,sibling,wikidata
Q2679435,Lord Claud Hamilton,1762,Q335270,"James Hamilton, 2nd Duke of Abercorn",,sibling,wikidata
Q16066471,Lord Colin Campbell,1321,Q334971,"John Campbell, 9th Duke of Argyll",,sibling,wikidata
Q6679126,Lord Colum Edmund Crichton-Stuart,7818,Q6679825,Lord Ninian Crichton-Stuart,,sibling,wikidata
Q337905,Lord Edward Cavendish,1345,Q6679906,Lord Richard Cavendish,,child,wikidata
Q337905,Lord Edward Cavendish,1345,Q2411883,"Victor Cavendish, 9th Duke of Devonshire",,child,wikidata
Q337905,Lord Edward Cavendish,1345,Q337626,"William Cavendish, 7th Duke of Devonshire",,father,wikidata
Q337905,Lord Edward Cavendish,1345,Q2761950,"Edward Cavendish, 10th Duke of Devonshire",,grandchild,wikidata
Q337905,Lord Edward Cavendish,1345,Q334063,"Spencer Cavendish, 8th Duke of Devonshire",,sibling,wikidata
Q337905,Lord Edward Cavendish,1345,Q337520,Lord Frederick Cavendish,,sibling,wikidata
Q6679205,Lord Edward Clinton,3528,Q2492102,"Henry Pelham-Clinton, 5th Duke of Newcastle",,father,wikidata
Q6679205,Lord Edward Clinton,3528,Q2034621,"Henry Pelham-Clinton, 6th Duke of Newcastle",,sibling,wikidata
Q6679205,Lord Edward Clinton,3528,Q6678926,Lord Arthur Clinton,,sibling,wikidata
Q6679211,Lord Edward Manners,2566,Q2086683,"John Manners, 7th Duke of Rutland",,father,wikidata
Q6679211,Lord Edward Manners,2566,Q13529987,Lord Cecil Manners,,sibling,wikidata
Q6679211,Lord Edward Manners,2566,Q3784973,"Henry Manners, 8th Duke of Rutland",,sibling,wikidata
Q6679210,Lord Edward Russell,8538,Q6255964,"John Russell, Viscount Amberley",,nephew/niece,wikidata
Q6679210,Lord Edward Russell,8538,Q6834882,"William Russell, 8th Duke of Bedford",,nephew/niece,wikidata
Q6679210,Lord Edward Russell,8538,Q6084189,George W. E. Russell,,nephew/niece,wikidata
Q6679210,Lord Edward Russell,8538,Q6679056,Lord Charles Russell,,sibling,wikidata
Q6679210,Lord Edward Russell,8538,Q25689,"Francis Russell, 7th Duke of Bedford",,sibling,wikidata
Q6679210,Lord Edward Russell,8538,Q157259,"John Russell, 1st Earl Russell",,sibling,wikidata
Q563342,Lord Edward Somerset,7230,Q5341608,Edward Arthur Somerset,,child,wikidata
Q17022007,Lord Edward Thynne,7283,Q6679354,Lord Henry Thynne,,nephew/niece,wikidata
Q17022007,Lord Edward Thynne,7283,Q43895,"Henry Thynne, 3rd Marquess of Bath",,sibling,wikidata
Q15072599,Lord Ernest Hamilton,1764,Q332813,"James Hamilton, 3rd Duke of Abercorn",,nephew/niece,wikidata
Q15072599,Lord Ernest Hamilton,1764,Q2679435,Lord Claud Hamilton,,sibling,wikidata
Q15072599,Lord Ernest Hamilton,1764,Q1869870,Lord Frederick Spencer Hamilton,,sibling,wikidata
Q15072599,Lord Ernest Hamilton,1764,Q333628,Lord George Hamilton,,sibling,wikidata
Q15072599,Lord Ernest Hamilton,1764,Q335270,"James Hamilton, 2nd Duke of Abercorn",,sibling,wikidata
Q6679229,Lord Eustace Cecil,6639,Q5416293,"Evelyn Cecil, 1st Baron Rockley",,child,wikidata
Q6679229,Lord Eustace Cecil,6639,Q12702,Robert Cecil,,nephew/niece,wikidata
Q6679229,Lord Eustace Cecil,6639,Q334182,"Hugh Cecil, 1st Baron Quickswood",,nephew/niece,wikidata
Q6679229,Lord Eustace Cecil,6639,Q4381482,"James Gascoyne-Cecil, 4th Marquess of Salisbury",,nephew/niece,wikidata
Q6679229,Lord Eustace Cecil,6639,Q243705,"Robert Gascoyne-Cecil, 3rd Marquess of Salisbury",,sibling,wikidata
Q6679252,Lord Francis Hervey,2265,Q5498018,"Frederick Hervey, 2nd Marquess of Bristol",,father,wikidata
Q6679252,Lord Francis Hervey,2265,Q5498019,"Frederick Hervey, 4th Marquess of Bristol",,nephew/niece,wikidata
Q6679252,Lord Francis Hervey,2265,Q13529938,Lord Augustus Hervey,,sibling,wikidata
Q6679252,Lord Francis Hervey,2265,Q5498017,"Frederick Hervey, 3rd Marquess of Bristol",,sibling,wikidata
Q337520,Lord Frederick Cavendish,1346,Q337626,"William Cavendish, 7th Duke of Devonshire",,father,wikidata
Q337520,Lord Frederick Cavendish,1346,Q6679906,Lord Richard Cavendish,,nephew/niece,wikidata
Q337520,Lord Frederick Cavendish,1346,Q2411883,"Victor Cavendish, 9th Duke of Devonshire",,nephew/niece,wikidata
Q337520,Lord Frederick Cavendish,1346,Q337905,Lord Edward Cavendish,,sibling,wikidata
Q337520,Lord Frederick Cavendish,1346,Q334063,"Spencer Cavendish, 8th Duke of Devonshire",,sibling,wikidata
Q1869870,Lord Frederick Spencer Hamilton,1765,Q332813,"James Hamilton, 3rd Duke of Abercorn",,nephew/niece,wikidata
Q1869870,Lord Frederick Spencer Hamilton,1765,Q2679435,Lord Claud Hamilton,,sibling,wikidata
Q1869870,Lord Frederick Spencer Hamilton,1765,Q15072599,Lord Ernest Hamilton,,sibling,wikidata
Q1869870,Lord Frederick Spencer Hamilton,1765,Q333628,Lord George Hamilton,,sibling,wikidata
Q1869870,Lord Frederick Spencer Hamilton,1765,Q335270,"James Hamilton, 2nd Duke of Abercorn",,sibling,wikidata
Q332933,Lord George Bentinck,6556,Q6679336,Lord Henry Bentinck,,sibling,wikidata
Q6679279,Lord George Cavendish,1347,Q337905,Lord Edward Cavendish,,nephew/niece,wikidata
Q6679279,Lord George Cavendish,1347,Q334063,"Spencer Cavendish, 8th Duke of Devonshire",,nephew/niece,wikidata
Q6679279,Lord George Cavendish,1347,Q337520,Lord Frederick Cavendish,,nephew/niece,wikidata
Q6679279,Lord George Cavendish,1347,Q337626,"William Cavendish, 7th Duke of Devonshire",,sibling,wikidata
Q3760464,Lord George Gordon-Lennox,1703,Q6852229,Lord Walter Gordon-Lennox,,nephew/niece,wikidata
Q3760464,Lord George Gordon-Lennox,1703,Q333879,"Charles Gordon-Lennox, 7th Duke of Richmond",,nephew/niece,wikidata
Q3760464,Lord George Gordon-Lennox,1703,Q333488,"Charles Gordon-Lennox, 6th Duke of Richmond",,sibling,wikidata
Q3760464,Lord George Gordon-Lennox,1703,Q3784916,Lord Henry Lennox,,sibling,wikidata
Q3760464,Lord George Gordon-Lennox,1703,Q3610759,Lord Alexander Gordon-Lennox,,sibling,wikidata
Q333628,Lord George Hamilton,1902,Q332813,"James Hamilton, 3rd Duke of Abercorn",,nephew/niece,wikidata
Q333628,Lord George Hamilton,1902,Q2679435,Lord Claud Hamilton,,sibling,wikidata
Q333628,Lord George Hamilton,1902,Q1869870,Lord Frederick Spencer Hamilton,,sibling,wikidata
Q333628,Lord George Hamilton,1902,Q15072599,Lord Ernest Hamilton,,sibling,wikidata
Q333628,Lord George Hamilton,1902,Q335270,"James Hamilton, 2nd Duke of Abercorn",,sibling,wikidata
Q13529986,Lord George Manners,2567,Q13529987,Lord Cecil Manners,,nephew/niece,wikidata
Q13529986,Lord George Manners,2567,Q3784973,"Henry Manners, 8th Duke of Rutland",,nephew/niece,wikidata
Q13529986,Lord George Manners,2567,Q6679211,Lord Edward Manners,,nephew/niece,wikidata
Q13529986,Lord George Manners,2567,Q2086683,"John Manners, 7th Duke of Rutland",,sibling,wikidata
Q13529986,Lord George Manners,2567,Q3666446,"Charles Manners, 6th Duke of Rutland",,sibling,wikidata
Q10288965,Lord George Paget,7095,Q4733782,"Almeric Paget, 1st Baron Queenborough",,nephew/niece,wikidata
Q10288965,Lord George Paget,7095,Q5726659,"Henry Paget, 3rd Marquess of Anglesey",,nephew/niece,wikidata
Q10288965,Lord George Paget,7095,Q13582500,"Henry Paget, 2nd Marquess of Anglesey",,sibling,wikidata
Q10288965,Lord George Paget,7095,Q6679084,Clarence Paget,,sibling,wikidata
Q10288965,Lord George Paget,7095,Q6680031,William Paget,,sibling,wikidata
Q10288965,Lord George Paget,7095,Q369723,Lord Alfred Paget,,sibling,wikidata
Q6679302,Lord Granville Somerset,7229,Q3784915,"Henry Somerset, 8th Duke of Beaufort",,nephew/niece,wikidata
Q6679302,Lord Granville Somerset,7229,Q922318,"Henry Somerset, 7th Duke of Beaufort",,sibling,wikidata
Q6679336,Lord Henry Bentinck,6555,Q332933,Lord George Bentinck,,sibling,wikidata
Q3784916,Lord Henry Lennox,1704,Q6852229,Lord Walter Gordon-Lennox,,nephew/niece,wikidata
Q3784916,Lord Henry Lennox,1704,Q333879,"Charles Gordon-Lennox, 7th Duke of Richmond",,nephew/niece,wikidata
Q3784916,Lord Henry Lennox,1704,Q333488,"Charles Gordon-Lennox, 6th Duke of Richmond",,sibling,wikidata
Q3784916,Lord Henry Lennox,1704,Q3610759,Lord Alexander Gordon-Lennox,,sibling,wikidata
Q3784916,Lord Henry Lennox,1704,Q3760464,Lord George Gordon-Lennox,,sibling,wikidata
Q6679347,Lord Henry Percy,7120,Q6678906,Lord Algernon Percy,,nephew/niece,wikidata
Q6679347,Lord Henry Percy,7120,Q762750,"Henry Percy, 7th Duke of Northumberland",,nephew/niece,wikidata
Q6679347,Lord Henry Percy,7120,Q3810119,Lord Josceline Percy,,sibling,wikidata
Q6679347,Lord Henry Percy,7120,Q337686,"Algernon Percy, 6th Duke of Northumberland",,sibling,wikidata
Q11762579,Lord Henry Somerset,884,Q3784915,"Henry Somerset, 8th Duke of Beaufort",,father,wikidata
Q11762579,Lord Henry Somerset,884,Q922318,"Henry Somerset, 7th Duke of Beaufort",,grandparent,wikidata
Q6679354,Lord Henry Thynne,943,Q43895,"Henry Thynne, 3rd Marquess of Bath",,father,wikidata
Q16062449,Lord James Stuart,7255,Q19561079,James Crichton-Stuart,,child,wikidata
Q6679437,Lord John Chichester,3494,Q6678924,Lord Arthur Chichester,,sibling,wikidata
Q6679437,Lord John Chichester,3494,Q5537863,"George Chichester, 3rd Marquess of Donegall",,sibling,wikidata
Q6679448,Lord John Joicey-Cecil,4530,Q8006657,"William Cecil, 3rd Marquess of Exeter",,father,wikidata
Q6679448,Lord John Joicey-Cecil,4530,Q4976602,"Brownlow Cecil, 4th Marquess of Exeter",,sibling,wikidata
Q3810119,Lord Josceline Percy,7121,Q6678906,Lord Algernon Percy,,nephew/niece,wikidata
Q3810119,Lord Josceline Percy,7121,Q762750,"Henry Percy, 7th Duke of Northumberland",,nephew/niece,wikidata
Q3810119,Lord Josceline Percy,7121,Q6679347,Lord Henry Percy,,sibling,wikidata
Q3810119,Lord Josceline Percy,7121,Q337686,"Algernon Percy, 6th Duke of Northumberland",,sibling,wikidata
Q6679747,Lord Malcolm Douglas-Hamilton,3767,Q333795,"James Douglas-Hamilton, Baron Selkirk of Douglas",,nephew/niece,wikidata
Q6679747,Lord Malcolm Douglas-Hamilton,3767,Q332941,"Douglas Douglas-Hamilton, 14th Duke of Hamilton",,sibling,wikidata
Q6679791,Lord Montagu Graham,6830,Q495977,"James Graham, 4th Duke of Montrose",,sibling,wikidata
Q6679825,Lord Ninian Crichton-Stuart,7629,Q6679126,Lord Colum Edmund Crichton-Stuart,,sibling,wikidata
Q6679840,Lord Otho FitzGerald,1608,Q5077684,"Charles FitzGerald, 4th Duke of Leinster",,sibling,wikidata
Q314773,Lord Randolph Churchill,1371,Q8016,Winston Churchill,,child,wikidata
Q314773,Lord Randolph Churchill,1371,Q333355,"John Spencer-Churchill, 7th Duke of Marlborough",,father,wikidata
Q314773,Lord Randolph Churchill,1371,Q183105,Randolph Churchill,,grandchild,wikidata
Q314773,Lord Randolph Churchill,1371,Q333601,"George Spencer-Churchill, 6th Duke of Marlborough",,grandparent,wikidata
Q314773,Lord Randolph Churchill,1371,Q24288427,Lord Alfred Spencer-Churchill,,uncle/aunt,wikidata
Q6679906,Lord Richard Cavendish,1875,Q337905,Lord Edward Cavendish,,father,wikidata
Q6679906,Lord Richard Cavendish,1875,Q337626,"William Cavendish, 7th Duke of Devonshire",,grandparent,wikidata
Q6679906,Lord Richard Cavendish,1875,Q2761950,"Edward Cavendish, 10th Duke of Devonshire",,nephew/niece,wikidata
Q6679906,Lord Richard Cavendish,1875,Q2411883,"Victor Cavendish, 9th Duke of Devonshire",,sibling,wikidata
Q6679906,Lord Richard Cavendish,1875,Q334063,"Spencer Cavendish, 8th Duke of Devonshire",,uncle/aunt,wikidata
Q6679906,Lord Richard Cavendish,1875,Q337520,Lord Frederick Cavendish,,uncle/aunt,wikidata
Q6679913,Lord Robert Clinton,3529,Q6679205,Lord Edward Clinton,,nephew/niece,wikidata
Q6679913,Lord Robert Clinton,3529,Q2034621,"Henry Pelham-Clinton, 6th Duke of Newcastle",,nephew/niece,wikidata
Q6679913,Lord Robert Clinton,3529,Q6678926,Lord Arthur Clinton,,nephew/niece,wikidata
Q6679913,Lord Robert Clinton,3529,Q2492102,"Henry Pelham-Clinton, 5th Duke of Newcastle",,sibling,wikidata
Q6679913,Lord Robert Clinton,3529,Q6679041,Lord Charles Clinton,,sibling,wikidata
Q6679918,Lord Robert Manners,7009,Q16066259,Lord Charles Manners,,sibling,wikidata
Q6679922,Lord Robert Montagu,2619,Q859822,"George Montagu, 6th Duke of Manchester",,father,wikidata
Q6679922,Lord Robert Montagu,2619,Q336970,"George Montagu, 8th Duke of Manchester",,nephew/niece,wikidata
Q6679922,Lord Robert Montagu,2619,Q860041,"William Montagu, 7th Duke of Manchester",,sibling,wikidata
Q1242682,Lord Ronald Gower,2464,Q5187561,"Cromartie Sutherland-Leveson-Gower, 4th Duke of Sutherland",,nephew/niece,wikidata
Q1242682,Lord Ronald Gower,2464,Q333933,"George Sutherland-Leveson-Gower, 3rd Duke of Sutherland",,sibling,wikidata
Q6852229,Lord Walter Gordon-Lennox,4693,Q333488,"Charles Gordon-Lennox, 6th Duke of Richmond",,father,wikidata
Q6852229,Lord Walter Gordon-Lennox,4693,Q333879,"Charles Gordon-Lennox, 7th Duke of Richmond",,sibling,wikidata
Q6680030,Lord William Montagu Douglas Scott,5094,Q337464,"John Montagu Douglas Scott, 7th Duke of Buccleuch",,father,wikidata
Q6680030,Lord William Montagu Douglas Scott,5094,Q337468,"William Montagu Douglas Scott, 6th Duke of Buccleuch",,grandparent,wikidata
Q6680030,Lord William Montagu Douglas Scott,5094,Q333214,"John Scott, 9th Duke of Buccleuch",,nephew/niece,wikidata
Q6680030,Lord William Montagu Douglas Scott,5094,Q2602495,"Walter Montagu Douglas Scott, 8th Duke of Buccleuch",,sibling,wikidata
Q6694156,"Lowry Cole, 4th Earl of Enniskillen",1395,Q8006971,"William Cole, 3rd Earl of Enniskillen",,father,wikidata
Q6697588,"Lucius O'Brien, 13th Baron Inchiquin",7077,Q247141,William Smith O'Brien,,sibling,wikidata
Q26218356,Luke White,7342,Q5083590,Charles William White,,nephew/niece,wikidata
Q26218356,Luke White,7342,Q6702449,"Luke White, 2nd Baron Annaly",,nephew/niece,wikidata
Q26218356,Luke White,7342,Q5730053,"Henry White, 1st Baron Annaly",,sibling,wikidata
Q26218356,Luke White,7342,Q24248901,Samuel White,,sibling,wikidata
Q6702449,"Luke White, 2nd Baron Annaly",7343,Q5730053,"Henry White, 1st Baron Annaly",,father,wikidata
Q6702449,"Luke White, 2nd Baron Annaly",7343,Q5083590,Charles William White,,sibling,wikidata
Q26690029,Maitland Wilson,9400,Q5730351,Henry Wilson,,father,wikidata
Q333507,Malcolm MacDonald,8130,Q166646,Ramsay MacDonald,,father,wikidata
Q6742478,Malcolm Macnaghten,8131,Q1726897,"Edward Macnaghten, Baron Macnaghten",,father,wikidata
Q6742478,Malcolm Macnaghten,8131,Q19974263,"Sir Edmund Workman-Macnaghten, 2nd Baronet",,grandparent,wikidata
Q918902,"Marcus Kimball, Baron Kimball",4598,Q15527009,Lawrence Kimball,,father,wikidata
Q6758436,"Marcus Sandys, 3rd Baron Sandys",6890,Q24153864,George Hill,,sibling,wikidata
Q6758436,"Marcus Sandys, 3rd Baron Sandys",6890,Q4799783,"Arthur Moyses William Hill, 2nd Baron Sandys",,sibling,wikidata
Q6767617,Mark Fisher,276,Q7032378,Nigel Fisher,,father,wikidata
Q391222,Mark Garnier,9690,Q334339,Edward Garnier,298,cousin,rush
Q13529970,Mark Lennox-Boyd,4702,Q4707145,"Alan Lennox-Boyd, 1st Viscount Boyd of Merton",,father,wikidata
Q26215755,Mark Milbank,,Q5498400,Frederick Milbank,,child,wikidata
Q26215755,Mark Milbank,,Q7236918,Powlett Milbank,,grandchild,wikidata
Q575693,Mark Pawsey,9738,Q6197404,Jim Pawsey,,father,wikidata
Q6776167,Martin McLaren,8752,Q5481905,Francis McLaren,,father,wikidata
Q6776167,Martin McLaren,8752,Q5080854,"Charles McLaren, 1st Baron Aberconway",,grandparent,wikidata
Q6776167,Martin McLaren,8752,Q5725740,Henry McLaren,,uncle/aunt,wikidata
Q6776217,"Martin Morris, 2nd Baron Killanin",7601,Q1747637,"Michael Morris, 1st Baron Killanin",,father,wikidata
Q16063401,Martin Tucker Smith,7217,Q1510187,Gerard Smith,,child,wikidata
Q16063401,Martin Tucker Smith,7217,Q15458169,John Smith,,father,wikidata
Q16063401,Martin Tucker Smith,7217,Q26735896,Jervoise Smith,,nephew/niece,wikidata
Q16063401,Martin Tucker Smith,7217,Q15452761,John Abel Smith,,sibling,wikidata
Q26722125,Matthew Forster,6797,Q22001642,John Forster,,child,wikidata
Q6791301,Matthew Talbot Baines,6517,Q324276,Edward Baines,,father,wikidata
Q6791301,Matthew Talbot Baines,6517,Q5341716,Edward Baines,,sibling,wikidata
Q337696,"Matthew White Ridley, 1st Viscount Ridley",764,Q6791421,"Matthew White Ridley, 2nd Viscount Ridley",,child,wikidata
Q337696,"Matthew White Ridley, 1st Viscount Ridley",764,Q11802686,"Sir Matthew White Ridley, 4th Baronet",,father,wikidata
Q337696,"Matthew White Ridley, 1st Viscount Ridley",764,Q7528317,"Sir Matthew White Ridley, 3rd Baronet",,grandparent,wikidata
Q337696,"Matthew White Ridley, 1st Viscount Ridley",764,Q16030421,Edward Ridley,,sibling,wikidata
Q337696,"Matthew White Ridley, 1st Viscount Ridley",764,Q25863273,George Ridley,,uncle/aunt,wikidata
Q6791421,"Matthew White Ridley, 2nd Viscount Ridley",6479,Q337696,"Matthew White Ridley, 1st Viscount Ridley",,father,wikidata
Q6791421,"Matthew White Ridley, 2nd Viscount Ridley",6479,Q11802686,"Sir Matthew White Ridley, 4th Baronet",,grandparent,wikidata
Q6791421,"Matthew White Ridley, 2nd Viscount Ridley",6479,Q16030421,Edward Ridley,,uncle/aunt,wikidata
Q24192596,Matthias Attwood,3068,Q16065864,Matthias Wolverley Attwood,,child,wikidata
Q16065864,Matthias Wolverley Attwood,3070,Q24192596,Matthias Attwood,,father,wikidata
Q11771724,"Maurice Berkeley, 1st Baron FitzHardinge",6566,Q5480202,"Francis Berkeley, 2nd Baron FitzHardinge",,child,wikidata
Q11771724,"Maurice Berkeley, 1st Baron FitzHardinge",6566,Q5075565,"Charles Berkeley, 3rd Baron FitzHardinge",,child,wikidata
Q11771724,"Maurice Berkeley, 1st Baron FitzHardinge",6566,Q5721264,Henry FitzHardinge Berkeley,,sibling,wikidata
Q11771724,"Maurice Berkeley, 1st Baron FitzHardinge",6566,Q5182718,Craven Berkeley,,sibling,wikidata
Q11771724,"Maurice Berkeley, 1st Baron FitzHardinge",6566,Q333400,Grantley Berkeley,,sibling,wikidata
Q6793186,Maurice Healy,2151,Q16031046,Thomas Joseph Healy,,sibling,wikidata
Q6793186,Maurice Healy,2151,Q333199,Timothy Michael Healy,,sibling,wikidata
Q332897,Maurice Macmillan,4866,Q128985,Harold Macmillan,,father,wikidata
Q6793386,Maurice O'Connell,5244,Q21548703,Morgan O'Connell,5246,cousin,rush
Q6793386,Maurice O'Connell,5244,Q314917,Daniel O'Connell,,father,wikidata
Q6793386,Maurice O'Connell,5244,Q3809512,John O'Connell,,sibling,wikidata
Q6793386,Maurice O'Connell,5244,Q5218291,Daniel O'Connell,,sibling,wikidata
Q6793386,Maurice O'Connell,5244,Q6911794,Morgan O'Connell,,sibling,wikidata
Q1791630,"Maurice Roche, 4th Baron Fermoy",3950,Q1791624,"James Roche, 3rd Baron Fermoy",,father,wikidata
Q1791630,"Maurice Roche, 4th Baron Fermoy",3950,Q5338909,"Edmond Roche, 1st Baron Fermoy",,grandparent,wikidata
Q332454,"Max Aitken, 1st Baron Beaverbrook",2989,Q7528323,"Sir Max Aitken, 2nd Baronet",,child,wikidata
Q3853190,Mayer Amschel de Rothschild,785,Q334120,"Nathan Rothschild, 1st Baron Rothschild",,nephew/niece,wikidata
Q3853190,Mayer Amschel de Rothschild,785,Q333605,Lionel de Rothschild,,sibling,wikidata
Q6808694,Megan Lloyd George,8757,Q134982,David Lloyd George,,father,wikidata
Q6808694,Megan Lloyd George,8757,Q333823,"Gwilym Lloyd George, 1st Viscount Tenby",,sibling,wikidata
Q6820891,Mervyn Edward Archdale,1123,Q8012677,William Humphrys Archdale,,sibling,wikidata
Q7528325,Mervyn Manningham-Buller,8139,Q2271478,"Reginald Manningham-Buller, 1st Viscount Dilhorne",,child,wikidata
Q6828289,Michael Astor,3060,Q2619726,"Waldorf Astor, 2nd Viscount Astor",,father,wikidata
Q6828289,Michael Astor,3060,Q195013,"Nancy Astor, Viscountess Astor",,mother,wikidata
Q6828289,Michael Astor,3060,Q2580935,"William Astor, 3rd Viscount Astor",,sibling,wikidata
Q6828289,Michael Astor,3060,Q6125171,Jakie Astor,,sibling,wikidata
Q6828483,"Michael Bass, 1st Baron Burton",1181,Q337407,Michael Thomas Bass,,father,wikidata
Q6828483,"Michael Bass, 1st Baron Burton",1181,Q5644068,Hamar Alfred Bass,,sibling,wikidata
Q6828520,Michael Beaumont,8142,Q5927153,Hubert Beaumont,,father,wikidata
Q6828520,Michael Beaumont,8142,Q7983008,"Wentworth Beaumont, 1st Baron Allendale",,grandparent,wikidata
Q6828520,Michael Beaumont,8142,Q7983009,"Wentworth Beaumont, 1st Viscount Allendale",,uncle/aunt,wikidata
Q6828632,"Michael Biddulph, 1st Baron Biddulph",1219,Q7342094,Robert Biddulph,,father,wikidata
Q332419,Michael Foot,4007,Q6076320,Isaac Foot,,father,wikidata
Q332419,Michael Foot,4007,Q334651,Dingle Foot,,sibling,wikidata
Q332746,"Michael Hicks Beach, 1st Earl St Aldwyn",1859,Q6831126,"Michael Hicks Beach, Viscount Quenington",,child,wikidata
Q332746,"Michael Hicks Beach, 1st Earl St Aldwyn",1859,Q7528336,"Sir Michael Hicks Beach, 8th Baronet",,father,wikidata
Q332746,"Michael Hicks Beach, 1st Earl St Aldwyn",1859,Q8009392,William Frederick Hicks-Beach,,sibling,wikidata
Q6831126,"Michael Hicks Beach, Viscount Quenington",5485,Q332746,"Michael Hicks Beach, 1st Earl St Aldwyn",,father,wikidata
Q6831126,"Michael Hicks Beach, Viscount Quenington",5485,Q7528336,"Sir Michael Hicks Beach, 8th Baronet",,grandparent,wikidata
Q6831126,"Michael Hicks Beach, Viscount Quenington",5485,Q8009392,William Frederick Hicks-Beach,,uncle/aunt,wikidata
Q6832761,Michael McNair-Wilson,5020,Q76363401,Laura Farris,,child,wikidata
Q6832761,Michael McNair-Wilson,5020,Q7147189,Patrick McNair-Wilson,,sibling,wikidata
Q1747637,"Michael Morris, 1st Baron Killanin",7054,Q6776217,"Martin Morris, 2nd Baron Killanin",,child,wikidata
Q337407,Michael Thomas Bass,1182,Q5644068,Hamar Alfred Bass,,child,wikidata
Q337407,Michael Thomas Bass,1182,Q6828483,"Michael Bass, 1st Baron Burton",,child,wikidata
Q334072,Mohammad Sarwar,599,Q478812,Anas Sarwar,,child,wikidata
Q6904065,Montagu Curzon,6693,Q5538290,"George Curzon-Howe, 2nd Earl Howe",,sibling,wikidata
Q25863298,Montague Feilden,6766,Q13529896,William Feilden,,father,wikidata
Q6904116,Montague Guest,1749,Q6242277,John Josiah Guest,,father,wikidata
Q6904116,Montague Guest,1749,Q4798916,Arthur Guest,,sibling,wikidata
Q6911461,Moreton Frewen,4039,Q26293147,Thomas Turner,,father,wikidata
Q6911794,Morgan O'Connell,5242,Q21548703,Morgan O'Connell,5246,cousin,rush
Q21548703,Morgan O'Connell,5246,Q6793386,Maurice O'Connell,5244,cousin,rush
Q21548703,Morgan O'Connell,5246,Q6911794,Morgan O'Connell,5242,cousin,rush
Q21548703,Morgan O'Connell,5246,Q3809512,John O'Connell,5247,cousin,rush
Q21548703,Morgan O'Connell,5246,Q5218291,Daniel O'Connell,5245,cousin,rush
Q6911794,Morgan O'Connell,5242,Q314917,Daniel O'Connell,,father,wikidata
Q6911794,Morgan O'Connell,5242,Q6793386,Maurice O'Connell,,sibling,wikidata
Q6911794,Morgan O'Connell,5242,Q3809512,John O'Connell,,sibling,wikidata
Q6911794,Morgan O'Connell,5242,Q5218291,Daniel O'Connell,,sibling,wikidata
Q19324979,Moses Manfield,2565,Q5670875,Harry Manfield,,child,wikidata
Q6938655,Muriel Nichol,5207,Q7273536,R. C. Wallhead,,father,wikidata
Q6939233,"Murray Finch-Hatton, 12th Earl of Winchilsea",1600,Q5660670,Harold Finch-Hatton,,sibling,wikidata
Q6939233,"Murray Finch-Hatton, 12th Earl of Winchilsea",1600,Q5539271,"George Finch-Hatton, 11th Earl of Winchilsea",,sibling,wikidata
Q6947717,Myles O'Reilly,2702,Q8016257,William O'Reilly,,father,wikidata
Q195013,"Nancy Astor, Viscountess Astor",3059,Q2580935,"William Astor, 3rd Viscount Astor",,child,wikidata
Q195013,"Nancy Astor, Viscountess Astor",3059,Q6828289,Michael Astor,,child,wikidata
Q195013,"Nancy Astor, Viscountess Astor",3059,Q6125171,Jakie Astor,,child,wikidata
Q334120,"Nathan Rothschild, 1st Baron Rothschild",3705,Q316669,"Walter Rothschild, 2nd Baron Rothschild",,child,wikidata
Q334120,"Nathan Rothschild, 1st Baron Rothschild",3705,Q333605,Lionel de Rothschild,,father,wikidata
Q317258,Neil Kinnock,2933,Q3377178,Stephen Kinnock,,child,wikidata
Q6989174,Neil Primrose,5454,Q5671733,"Harry Primrose, 6th Earl of Rosebery",,sibling,wikidata
Q10664,Neville Chamberlain,7764,Q315999,Joseph Chamberlain,,father,wikidata
Q10664,Neville Chamberlain,7764,Q188999,Austen Chamberlain,,sibling,wikidata
Q7004840,Neville Sandelson,5662,Q333321,"Harold Lever, Baron Lever of Manchester",8783,cousin,rush
Q7004840,Neville Sandelson,5662,Q6530973,"Leslie Lever, Baron Lever",8743,cousin,rush
Q7020238,"Newton Fellowes, 4th Earl of Portsmouth",6769,Q5717438,Henry Arthur Wallop Fellowes,,child,wikidata
Q26214003,Nicholas Maher,4897,Q26719626,Valentine Maher,4896,cousin,rush
Q7026124,"Nicholas Ridley-Colborne, 1st Baron Colborne",3557,Q11802686,"Sir Matthew White Ridley, 4th Baronet",,nephew/niece,wikidata
Q7026124,"Nicholas Ridley-Colborne, 1st Baron Colborne",3557,Q25863273,George Ridley,,nephew/niece,wikidata
Q7026124,"Nicholas Ridley-Colborne, 1st Baron Colborne",3557,Q7528317,"Sir Matthew White Ridley, 3rd Baronet",,sibling,wikidata
Q390192,Nicholas Soames,625,Q336050,Christopher Soames,,father,wikidata
Q691299,Nick Hurd,9552,Q337375,Douglas Hurd,,father,wikidata
Q691299,Nick Hurd,9552,Q4772767,"Anthony Hurd, Baron Hurd",,grandparent,wikidata
Q17153067,Nicolson Calvert,2255,Q5076054,Charles Calvert,,sibling,wikidata
Q7032378,Nigel Fisher,8782,Q6767617,Mark Fisher,,child,wikidata
Q333231,Nigel Nicolson,5213,Q332956,Harold Nicolson,,father,wikidata
Q2365347,Noel Noel-Buxton,8151,Q334449,Thomas Fowell Buxton,,father,wikidata
Q2365347,Noel Noel-Buxton,8151,Q16066171,"Sir Edward Buxton, 2nd Baronet",,grandparent,wikidata
Q2365347,Noel Noel-Buxton,8151,Q18450,Charles Buxton,,sibling,wikidata
Q2365347,Noel Noel-Buxton,8151,Q5342118,Edward Buxton,,uncle/aunt,wikidata
Q2365347,Noel Noel-Buxton,8151,Q5480390,Francis Buxton,,uncle/aunt,wikidata
Q7052295,Norman Grosvenor,6850,Q14945417,"Robert Grosvenor, 1st Baron Ebury",,father,wikidata
Q7052295,Norman Grosvenor,6850,Q7344985,"Robert Grosvenor, 2nd Baron Ebury",,sibling,wikidata
Q7076834,Octavius Duncombe,1524,Q8008114,"William Duncombe, 1st Earl of Feversham",,nephew/niece,wikidata
Q7076834,Octavius Duncombe,1524,Q4798520,Arthur Duncombe,,nephew/niece,wikidata
Q7076834,Octavius Duncombe,1524,Q8008115,"William Duncombe, 2nd Baron Feversham",,sibling,wikidata
Q7076834,Octavius Duncombe,1524,Q4798519,Arthur Duncombe,,sibling,wikidata
Q5081341,Octavius Morgan,2627,Q5576507,"Godfrey Morgan, 1st Viscount Tredegar",,nephew/niece,wikidata
Q5081341,Octavius Morgan,2627,Q5497586,Frederick Courtenay Morgan,,nephew/niece,wikidata
Q5081341,Octavius Morgan,2627,Q5082144,Charles Rodney Morgan,,nephew/niece,wikidata
Q5081341,Octavius Morgan,2627,Q5081069,"Charles Morgan, 1st Baron Tredegar",,sibling,wikidata
Q4090718,"Oliver Baldwin, 2nd Earl Baldwin of Bewdley",3599,Q6307504,Julian Ridsdale,5578,cousin,rush
Q4090718,"Oliver Baldwin, 2nd Earl Baldwin of Bewdley",3599,Q166635,Stanley Baldwin,,father,wikidata
Q4090718,"Oliver Baldwin, 2nd Earl Baldwin of Bewdley",3599,Q4722280,Alfred Baldwin,,grandparent,wikidata
Q7087669,Oliver Locker-Lampson,4736,Q13529973,Godfrey Locker-Lampson,,sibling,wikidata
Q2892622,"Oliver Lyttelton, 1st Viscount Chandos",4809,Q6245664,"John Lyttelton, 9th Viscount Cobham",4808,cousin,rush
Q2892622,"Oliver Lyttelton, 1st Viscount Chandos",4809,Q3395941,Alfred Lyttelton,,father,wikidata
Q3497552,Oliver Stanley,8786,Q338427,"Edward Stanley, 17th Earl of Derby",,father,wikidata
Q3497552,Oliver Stanley,8786,Q222458,"Frederick Stanley, 16th Earl of Derby",,grandparent,wikidata
Q3497552,Oliver Stanley,8786,Q7329218,Richard Stanley,,nephew/niece,wikidata
Q3497552,Oliver Stanley,8786,Q5345413,"Edward Stanley, Lord Stanley",,sibling,wikidata
Q3497552,Oliver Stanley,8786,Q5539480,George Stanley,,uncle/aunt,wikidata
Q3497552,Oliver Stanley,8786,Q4800349,Arthur Stanley,,uncle/aunt,wikidata
Q7103052,"Orlando Bridgeman, 3rd Earl of Bradford",9042,Q2364372,Francis Charles Bridgeman,,child,wikidata
Q7103052,"Orlando Bridgeman, 3rd Earl of Bradford",9042,Q5537238,"George Bridgeman, 4th Earl of Bradford",,child,wikidata
Q7106014,Oscar Guest,8154,Q6099395,"Ivor Guest, 2nd Viscount Wimborne",,nephew/niece,wikidata
Q7106014,Oscar Guest,8154,Q17322488,"Ivor Guest, 1st Viscount Wimborne",,sibling,wikidata
Q7106014,Oscar Guest,8154,Q3425074,Frederick Guest,,sibling,wikidata
Q7106014,Oscar Guest,8154,Q5722290,Henry Guest,,sibling,wikidata
Q26204048,Osman Ricardo,5563,Q5590921,John Lewis Ricardo,5565,cousin,rush
Q26204048,Osman Ricardo,5563,Q5239023,David Ricardo,,sibling,wikidata
Q7108101,Oswald Cawley,7619,Q5497502,"Frederick Cawley, 1st Baron Cawley",,father,wikidata
Q7108101,Oswald Cawley,7619,Q2662125,Harold Thomas Cawley,,sibling,wikidata
Q7114546,Owen Lewis Cope Williams,1057,Q7793085,Thomas Peers Williams,,father,wikidata
Q7114546,Owen Lewis Cope Williams,1057,Q7114694,Owen Williams,,grandparent,wikidata
Q3359001,"Owen Philipps, 1st Baron Kylsant",5386,Q16023302,"John Philipps, 1st Viscount St Davids",,sibling,wikidata
Q3359001,"Owen Philipps, 1st Baron Kylsant",5386,Q6099477,Ivor Philipps,,sibling,wikidata
Q7114694,Owen Williams,,Q7793085,Thomas Peers Williams,,child,wikidata
Q7114694,Owen Williams,,Q7114546,Owen Lewis Cope Williams,,grandchild,wikidata
Q7141836,Pascoe Glyn,1690,Q5539756,"George Glyn, 1st Baron Wolverton",,father,wikidata
Q7141836,Pascoe Glyn,1690,Q5539757,"George Glyn, 2nd Baron Wolverton",,sibling,wikidata
Q7141836,Pascoe Glyn,1690,Q7509072,Sidney Glyn,,sibling,wikidata
Q7145583,Patricia Ford,4010,Q7945435,Walter Smiles,,father,wikidata
Q7146031,Patrick Aloysius Meehan,5039,Q7146874,Patrick Joseph Meehan,,child,wikidata
Q24082,Patrick Jenkin,9220,Q727852,Bernard Jenkin,,child,wikidata
Q7146874,Patrick Joseph Meehan,5038,Q7146031,Patrick Aloysius Meehan,,father,wikidata
Q1748216,"Patrick Maitland, 17th Earl of Lauderdale",8789,Q6470476,Lady Olga Maitland,,child,wikidata
Q334163,"Patrick Mayhew, Baron Mayhew of Twysden",4966,Q76237363,Jerome Mayhew,,child,wikidata
Q7147189,Patrick McNair-Wilson,5021,Q76363401,Laura Farris,,nephew/niece,wikidata
Q7147189,Patrick McNair-Wilson,5021,Q6832761,Michael McNair-Wilson,,sibling,wikidata
Q16066255,Patt Lalor,6968,Q7327223,Richard Lalor,,child,wikidata
Q3069915,"Paul Channon, Baron Kelvedon",3479,Q5719301,Henry Channon,,father,wikidata
Q7153985,"Paul Thompson, 1st Baron Wenlock",7279,Q4881234,"Beilby Lawley, 2nd Baron Wenlock",,child,wikidata
Q7153985,"Paul Thompson, 1st Baron Wenlock",7279,Q5480488,Francis Charles Lawley,,child,wikidata
Q7153985,"Paul Thompson, 1st Baron Wenlock",7279,Q4881236,"Beilby Lawley, 3rd Baron Wenlock",,grandchild,wikidata
Q7153985,"Paul Thompson, 1st Baron Wenlock",7279,Q26033702,"Sir Francis Lawley, 7th Baronet",,sibling,wikidata
Q24568662,Paulet St. John Mildmay,7032,Q52340523,Humphrey St John-Mildmay,,nephew/niece,wikidata
Q24568662,Paulet St. John Mildmay,7032,Q16065824,Humphrey St John-Mildmay,,sibling,wikidata
Q7164658,Penry Williams,8164,Q4761765,Aneurin Williams,,sibling,wikidata
Q7167232,Percy Barlow,7458,Q7527585,"Sir John Barlow, 2nd Baronet",,nephew/niece,wikidata
Q7167232,Percy Barlow,7458,Q16029286,"Sir John Barlow, 1st Baronet",,sibling,wikidata
Q7167269,Percy Burrell,1301,Q7526182,"Sir Charles Burrell, 3rd Baronet",,father,wikidata
Q7167269,Percy Burrell,1301,Q7529373,"Sir Walter Burrell, 5th Baronet",,sibling,wikidata
Q7167373,Percy Grieve,8968,Q332994,Dominic Grieve,,child,wikidata
Q7167325,Percy Herbert,2259,Q5546432,George Windsor-Clive,1073,cousin,rush
Q7167325,Percy Herbert,2259,Q5343428,"Edward Herbert, 2nd Earl of Powis",,father,wikidata
Q7167325,Percy Herbert,2259,Q5343429,"Edward Herbert, 3rd Earl of Powis",,sibling,wikidata
Q7167412,Percy Hurd,4459,Q4772767,"Anthony Hurd, Baron Hurd",,child,wikidata
Q7167412,Percy Hurd,4459,Q337375,Douglas Hurd,,grandchild,wikidata
Q7167413,Percy Illingworth,7420,Q4710526,"Albert Illingworth, 1st Baron Illingworth",,sibling,wikidata
Q7167656,Percy Wyndham,1096,Q275465,George Wyndham,,child,wikidata
Q7167656,Percy Wyndham,1096,Q5730572,"Henry Wyndham, 2nd Baron Leconfield",,sibling,wikidata
Q7167793,Peregrine Francis Cust,,Q7526539,"Sir Edward Cust, 1st Baronet",,sibling,wikidata
Q7172892,Peter Borthwick,6583,Q4724136,"Algernon Borthwick, 1st Baron Glenesk",,child,wikidata
Q334257,"Peter Brooke, Baron Brooke of Sutton Mandeville",150,Q333889,"Henry Brooke, Baron Brooke of Cumnor",,father,wikidata
Q18917218,Peter Greenall,6836,Q7526970,"Sir Gilbert Greenall, 1st Baronet",,sibling,wikidata
Q7175955,Peter Morrison,8803,Q6249506,"John Morrison, 1st Baron Margadale",,father,wikidata
Q7175955,Peter Morrison,8803,Q5932043,Hugh Morrison,,grandparent,wikidata
Q7175955,Peter Morrison,8803,Q5081103,Charles Morrison,,sibling,wikidata
Q7176565,Peter Remnant,5547,Q6141977,"James Remnant, 1st Baron Remnant",,father,wikidata
Q333858,"Peter Walker, Baron Walker of Worcester",8800,Q263076,Robin Walker,,child,wikidata
Q7178722,Petre Crowder,3650,Q5307835,John Crowder,,father,wikidata
Q7181222,"Phelim O'Neill, 2nd Baron Rathcavan",8809,Q16010090,"Hugh O'Neill, 1st Baron Rathcavan",,father,wikidata
Q7181222,"Phelim O'Neill, 2nd Baron Rathcavan",8809,Q5344670,"Edward O'Neill, 2nd Baron O'Neill",,grandparent,wikidata
Q7181222,"Phelim O'Neill, 2nd Baron Rathcavan",8809,Q4799859,Arthur O'Neill,,uncle/aunt,wikidata
Q7184323,Philip Dunne,3822,Q5344350,Edward Marten Dunne,,father,wikidata
Q7183720,Philip Henry Muntz,2645,Q13529999,"Sir Philip Muntz, 1st Baronet",,nephew/niece,wikidata
Q7183720,Philip Henry Muntz,2645,Q5539445,George Frederick Muntz,,sibling,wikidata
Q25927689,Philip John Miles,7034,Q7529690,"Sir William Miles, 1st Baronet",,child,wikidata
Q25927689,Philip John Miles,7034,Q26265459,Philip William Skynner Miles,,child,wikidata
Q25927689,Philip John Miles,7034,Q7528485,"Sir Philip Miles, 2nd Baronet",,grandchild,wikidata
Q211856,"Philip Noel-Baker, Baron Noel-Baker",5219,Q5482059,Francis Noel-Baker,,child,wikidata
Q211856,"Philip Noel-Baker, Baron Noel-Baker",5219,Q6280988,Joseph Allen Baker,,father,wikidata
Q7184217,Philip Pleydell-Bouverie,3273,Q5314705,Duncombe Pleydell-Bouverie,,sibling,wikidata
Q6233592,"Philip Stanhope, 1st Baron Weardale",2212,Q286118,"Philip Stanhope, 5th Earl Stanhope",,father,wikidata
Q6233592,"Philip Stanhope, 1st Baron Weardale",2212,Q4800348,"Arthur Stanhope, 6th Earl Stanhope",,sibling,wikidata
Q6233592,"Philip Stanhope, 1st Baron Weardale",2212,Q5345405,Edward Stanhope,,sibling,wikidata
Q286118,"Philip Stanhope, 5th Earl Stanhope",9027,Q4800348,"Arthur Stanhope, 6th Earl Stanhope",,child,wikidata
Q286118,"Philip Stanhope, 5th Earl Stanhope",9027,Q6233592,"Philip Stanhope, 1st Baron Weardale",,child,wikidata
Q286118,"Philip Stanhope, 5th Earl Stanhope",9027,Q5345405,Edward Stanhope,,child,wikidata
Q7184420,Philip Staveley Foster,7395,Q6242888,John Kenneth Foster,7393,cousin,rush
Q26265459,Philip William Skynner Miles,7035,Q25927689,Philip John Miles,,father,wikidata
Q26265459,Philip William Skynner Miles,7035,Q7528485,"Sir Philip Miles, 2nd Baronet",,nephew/niece,wikidata
Q26265459,Philip William Skynner Miles,7035,Q7529690,"Sir William Miles, 1st Baronet",,sibling,wikidata
Q7184589,Philip Wykeham-Martin,1094,Q5083737,Charles Wykeham-Martin,,father,wikidata
Q13530012,Phillip Oppenheim,5285,Q1533969,"Sally Oppenheim-Barnes, Baroness Oppenheim-Barnes",,mother,wikidata
Q7191778,Pierce Butler,8990,Q7191827,Pierce Somerset Butler,,child,wikidata
Q7191827,Pierce Somerset Butler,8991,Q7191778,Pierce Butler,,father,wikidata
Q7236918,Powlett Milbank,2601,Q5498400,Frederick Milbank,,father,wikidata
Q7236918,Powlett Milbank,2601,Q26215755,Mark Milbank,,grandparent,wikidata
Q7253236,Pryce Pryce-Jones,2796,Q26000446,"Sir Edward Pryce-Jones, 1st Baronet",,child,wikidata
Q26238259,Pryse Loveden,4763,Q19931188,Pryse Pryse,,father,wikidata
Q19931188,Pryse Pryse,1454,Q26238259,Pryse Loveden,,child,wikidata
Q175366,"Quintin Hogg, Baron Hailsham of St Marylebone",9279,Q333964,Douglas Hogg,,child,wikidata
Q175366,"Quintin Hogg, Baron Hailsham of St Marylebone",9279,Q332706,"Douglas Hogg, 1st Viscount Hailsham",,father,wikidata
Q175366,"Quintin Hogg, Baron Hailsham of St Marylebone",9279,Q1292946,Edward Marjoribanks,,sibling,wikidata
Q7273520,R. C. Lehmann,4687,Q5498260,Frederick Lehmann,,father,wikidata
Q7273536,R. C. Wallhead,6123,Q6938655,Muriel Nichol,,child,wikidata
Q182035,RAB Butler,9284,Q4678809,Adam Butler,,child,wikidata
Q76448943,Rachel Hopkins,10226,Q689421,Kelvin Hopkins,,father,wikidata
Q7283849,Raikes Currie,6692,Q26292607,Henry Currie,6691,cousin,rush
Q7284541,"Rainald Knightley, 1st Baron Knightley",2406,Q21548516,Charles Knightley,,father,wikidata
Q26689752,Ralph Anthony Thicknesse,5968,Q24568664,Ralph Thicknesse,,father,wikidata
Q7287229,Ralph Beaumont,8172,Q7983009,"Wentworth Beaumont, 1st Viscount Allendale",,father,wikidata
Q7287229,Ralph Beaumont,8172,Q7983008,"Wentworth Beaumont, 1st Baron Allendale",,grandparent,wikidata
Q7287229,Ralph Beaumont,8172,Q5927153,Hubert Beaumont,,uncle/aunt,wikidata
Q7287242,Ralph Bernal,3168,Q7287243,Ralph Bernal Osborne,,child,wikidata
Q7287243,Ralph Bernal Osborne,2706,Q7287242,Ralph Bernal,,father,wikidata
Q24568664,Ralph Thicknesse,5967,Q26689752,Ralph Anthony Thicknesse,,child,wikidata
Q166646,Ramsay MacDonald,7416,Q333507,Malcolm MacDonald,,child,wikidata
Q183105,Randolph Churchill,8174,Q332528,Winston Churchill,,child,wikidata
Q183105,Randolph Churchill,8174,Q8016,Winston Churchill,,father,wikidata
Q183105,Randolph Churchill,8174,Q314773,Lord Randolph Churchill,,grandparent,wikidata
Q7308602,Reginald Berkeley,8177,Q4084921,Humphry Berkeley,,child,wikidata
Q334210,"Reginald Brett, 2nd Viscount Esher",1258,Q328035,"William Brett, 1st Viscount Esher",,father,wikidata
Q16063606,Reginald Greville-Nugent,6845,Q5507949,"Fulke Greville-Nugent, 1st Baron Greville",,father,wikidata
Q16063606,Reginald Greville-Nugent,6845,Q7364912,Ronald Greville,,nephew/niece,wikidata
Q16063606,Reginald Greville-Nugent,6845,Q26756818,George Greville-Nugent,,sibling,wikidata
Q16063606,Reginald Greville-Nugent,6845,Q4724146,"Algernon Greville, 2nd Baron Greville",,sibling,wikidata
Q2271478,"Reginald Manningham-Buller, 1st Viscount Dilhorne",8821,Q7528325,Mervyn Manningham-Buller,,father,wikidata
Q7308844,Reginald Pole-Carew,5422,Q8016975,William Pole-Carew,,father,wikidata
Q1477948,Reginald Talbot,928,Q93669,"Henry Chetwynd-Talbot, 18th Earl of Shrewsbury",,father,wikidata
Q1477948,Reginald Talbot,928,Q19664755,Walter Carpenter,,sibling,wikidata
Q1477948,Reginald Talbot,928,Q5076220,"Charles Chetwynd-Talbot, 19th Earl of Shrewsbury",,sibling,wikidata
Q334511,"Rennell Rodd, 1st Baron Rennell",9440,Q5416313,"Evelyn Emmet, Baroness Emmet of Amberley",,child,wikidata
Q7321835,Rhys Rhys-Williams,8182,Q4957034,Brandon Rhys-Williams,,child,wikidata
Q26718791,Rice Clayton,3511,Q17279230,"Sir William Clayton, 5th Baronet",,sibling,wikidata
Q7323631,Richard Acland,24,Q5542038,"Sir Francis Dyke Acland, 14th Baronet",,father,wikidata
Q7323631,Richard Acland,24,Q606299,"Sir Arthur Dyke Acland, 13th Baronet",,grandparent,wikidata
Q5613675,"Richard Assheton Cross, 1st Viscount Cross",1424,Q13529886,William Cross,,child,wikidata
Q262931,Richard Benyon,9535,Q8005435,William Benyon,,father,wikidata
Q2614140,"Richard Bourke, 6th Earl of Mayo",5169,Q5036058,"Robert Bourke, 1st Baron Connemara",,sibling,wikidata
Q2904392,"Richard Boyle, 9th Earl of Cork",3814,Q8009772,William George Boyle,,sibling,wikidata
Q7324695,"Richard Chaloner, 1st Baron Gisborough",2109,Q7328362,Richard Penruddocke Long,,father,wikidata
Q7324695,"Richard Chaloner, 1st Baron Gisborough",2109,Q15460648,Walter Long,,grandparent,wikidata
Q7324695,"Richard Chaloner, 1st Baron Gisborough",2109,Q13529974,"Richard Long, 3rd Viscount Long",,nephew/niece,wikidata
Q7324695,"Richard Chaloner, 1st Baron Gisborough",2109,Q553229,"Walter Long, 1st Viscount Long",,sibling,wikidata
Q7324698,Richard Chamberlain,1353,Q10664,Neville Chamberlain,,nephew/niece,wikidata
Q7324698,Richard Chamberlain,1353,Q188999,Austen Chamberlain,,nephew/niece,wikidata
Q7324698,Richard Chamberlain,1353,Q315999,Joseph Chamberlain,,sibling,wikidata
Q7325013,"Richard Curzon, 4th Earl Howe",1439,Q333791,"Francis Curzon, 5th Earl Howe",,child,wikidata
Q7325642,Richard Fellowes Benyon,1210,Q8008975,"William Fellowes, 2nd Baron de Ramsey",,nephew/niece,wikidata
Q7325642,Richard Fellowes Benyon,1210,Q4697105,"Ailwyn Fellowes, 1st Baron Ailwyn",,nephew/niece,wikidata
Q7325642,Richard Fellowes Benyon,1210,Q5342877,"Edward Fellowes, 1st Baron de Ramsey",,sibling,wikidata
Q7325732,Richard Fort,6799,Q7325733,Richard Fort,,child,wikidata
Q7325732,Richard Fort,6799,Q6233710,John Fort,,father,wikidata
Q7325733,Richard Fort,1631,Q7325732,Richard Fort,,father,wikidata
Q7325733,Richard Fort,1631,Q6233710,John Fort,,grandparent,wikidata
Q7326097,"Richard Grosvenor, 1st Baron Stalbridge",1744,Q4171078,"Richard Grosvenor, 2nd Marquess of Westminster",,father,wikidata
Q7326097,"Richard Grosvenor, 1st Baron Stalbridge",1744,Q333256,"Hugh Grosvenor, 1st Duke of Westminster",,sibling,wikidata
Q4171078,"Richard Grosvenor, 2nd Marquess of Westminster",9013,Q7326097,"Richard Grosvenor, 1st Baron Stalbridge",,child,wikidata
Q4171078,"Richard Grosvenor, 2nd Marquess of Westminster",9013,Q333256,"Hugh Grosvenor, 1st Duke of Westminster",,child,wikidata
Q4171078,"Richard Grosvenor, 2nd Marquess of Westminster",9013,Q7052295,Norman Grosvenor,,nephew/niece,wikidata
Q4171078,"Richard Grosvenor, 2nd Marquess of Westminster",9013,Q7344985,"Robert Grosvenor, 2nd Baron Ebury",,nephew/niece,wikidata
Q4171078,"Richard Grosvenor, 2nd Marquess of Westminster",9013,Q14945417,"Robert Grosvenor, 1st Baron Ebury",,sibling,wikidata
Q26213260,Richard Gurney,,Q5928688,Hudson Gurney,,sibling,wikidata
Q7326246,"Richard Handcock, 3rd Baron Castlemaine",,Q26220083,Henry Handcock,,child,wikidata
Q7327054,Richard Ker,6959,Q26218307,David Guardi Ker,,father,wikidata
Q7327054,Richard Ker,6959,Q7329984,Richard William Blackwood Ker,,nephew/niece,wikidata
Q7327054,Richard Ker,6959,Q5240093,David Stewart Ker,,sibling,wikidata
Q7327223,Richard Lalor,2417,Q16066255,Patt Lalor,,father,wikidata
Q12411364,"Richard Law, 1st Baron Coleraine",8836,Q166663,Bonar Law,,father,wikidata
Q13529974,"Richard Long, 3rd Viscount Long",8185,Q553229,"Walter Long, 1st Viscount Long",,father,wikidata
Q13529974,"Richard Long, 3rd Viscount Long",8185,Q7328362,Richard Penruddocke Long,,grandparent,wikidata
Q13529974,"Richard Long, 3rd Viscount Long",8185,Q7324695,"Richard Chaloner, 1st Baron Gisborough",,uncle/aunt,wikidata
Q7328362,Richard Penruddocke Long,6990,Q7324695,"Richard Chaloner, 1st Baron Gisborough",,child,wikidata
Q7328362,Richard Penruddocke Long,6990,Q553229,"Walter Long, 1st Viscount Long",,child,wikidata
Q7328362,Richard Penruddocke Long,6990,Q15460648,Walter Long,,father,wikidata
Q7328362,Richard Penruddocke Long,6990,Q13529974,"Richard Long, 3rd Viscount Long",,grandchild,wikidata
Q7329218,Richard Stanley,8838,Q5345413,"Edward Stanley, Lord Stanley",,father,wikidata
Q7329218,Richard Stanley,8838,Q338427,"Edward Stanley, 17th Earl of Derby",,grandparent,wikidata
Q7329218,Richard Stanley,8838,Q3497552,Oliver Stanley,,uncle/aunt,wikidata
Q3701727,"Richard Temple-Nugent-Brydges-Chandos-Grenville, 2nd Duke of Buckingham and Chandos",3477,Q3701723,"Richard Temple-Nugent-Brydges-Chandos-Grenville, 3rd Duke of Buckingham and Chandos",,child,wikidata
Q3701723,"Richard Temple-Nugent-Brydges-Chandos-Grenville, 3rd Duke of Buckingham and Chandos",3476,Q3701727,"Richard Temple-Nugent-Brydges-Chandos-Grenville, 2nd Duke of Buckingham and Chandos",,father,wikidata
Q7329984,Richard William Blackwood Ker,2390,Q5240093,David Stewart Ker,,father,wikidata
Q7329984,Richard William Blackwood Ker,2390,Q26218307,David Guardi Ker,,grandparent,wikidata
Q7329984,Richard William Blackwood Ker,2390,Q7327054,Richard Ker,,uncle/aunt,wikidata
Q7323926,Richard Wingfield-Baker,1075,Q5079549,Charles John Wingfield,,sibling,wikidata
Q7330071,"Richard Wood, Baron Holderness",8831,Q333426,"Edward Wood, 1st Earl of Halifax",,father,wikidata
Q7330071,"Richard Wood, Baron Holderness",8831,Q5083684,"Charles Wood, 2nd Earl of Halifax",,sibling,wikidata
Q7341344,"Robert Adair, 1st Baron Waveney",32,Q5929788,Hugh Adair,,sibling,wikidata
Q333736,Robert Atkins,6426,Q19938362,Victoria Atkins,,child,wikidata
Q26272449,Robert Bagshaw,3082,Q6220251,John Bagshaw,,father,wikidata
Q7341932,Robert Bateson,6547,Q7528718,"Sir Robert Bateson, 1st Baronet",,father,wikidata
Q7341932,Robert Bateson,6547,Q7787471,"Thomas Bateson, 1st Baron Deramore",,sibling,wikidata
Q7342094,Robert Biddulph,6567,Q6828632,"Michael Biddulph, 1st Baron Biddulph",,child,wikidata
Q5036058,"Robert Bourke, 1st Baron Connemara",1247,Q2614140,"Richard Bourke, 6th Earl of Mayo",,sibling,wikidata
Q7342109,Robert Brassey,7595,Q4709792,Albert Brassey,,father,wikidata
Q7342746,"Robert Carew, 1st Baron Carew",6627,Q7342745,"Robert Carew, 2nd Baron Carew",,child,wikidata
Q7342745,"Robert Carew, 2nd Baron Carew",6628,Q7342746,"Robert Carew, 1st Baron Carew",,father,wikidata
Q7342786,"Robert Carrington, 2nd Baron Carrington",7218,Q8006547,William Carington,,child,wikidata
Q7342786,"Robert Carrington, 2nd Baron Carrington",7218,Q7380262,"Rupert Carington, 4th Baron Carrington",,child,wikidata
Q7342786,"Robert Carrington, 2nd Baron Carrington",7218,Q2462181,"Charles Wynn-Carington, 1st Marquess of Lincolnshire",,child,wikidata
Q7342786,"Robert Carrington, 2nd Baron Carrington",7218,Q4666622,Abel Smith,6467,cousin,rush
Q7342786,"Robert Carrington, 2nd Baron Carrington",7218,Q19902309,George Robert Smith,7211,cousin,rush
Q7342786,"Robert Carrington, 2nd Baron Carrington",7218,Q15452761,John Abel Smith,7215,cousin,rush
Q12702,Robert Cecil,8199,Q243705,"Robert Gascoyne-Cecil, 3rd Marquess of Salisbury",,father,wikidata
Q12702,Robert Cecil,8199,Q333205,"Robert Gascoyne-Cecil, 5th Marquess of Salisbury",,nephew/niece,wikidata
Q12702,Robert Cecil,8199,Q2605189,"David Ormsby-Gore, 5th Baron Harlech",,nephew/niece,wikidata
Q12702,Robert Cecil,8199,Q334182,"Hugh Cecil, 1st Baron Quickswood",,sibling,wikidata
Q12702,Robert Cecil,8199,Q4381482,"James Gascoyne-Cecil, 4th Marquess of Salisbury",,sibling,wikidata
Q24254896,Robert Clements,3518,Q8006887,"William Clements, 3rd Earl of Leitrim",,sibling,wikidata
Q24254896,Robert Clements,3518,Q26258111,Charles Clements,,sibling,wikidata
Q7342986,Robert Clive,6659,Q5546432,George Windsor-Clive,,child,wikidata
Q7342986,Robert Clive,6659,Q7351171,Robert Windsor-Clive,,child,wikidata
Q7342986,Robert Clive,6659,Q15526558,George Windsor-Clive,,grandchild,wikidata
Q7342986,Robert Clive,6659,Q7167325,Percy Herbert,,nephew/niece,wikidata
Q7342986,Robert Clive,6659,Q5343429,"Edward Herbert, 3rd Earl of Powis",,nephew/niece,wikidata
Q7342986,Robert Clive,6659,Q5343428,"Edward Herbert, 2nd Earl of Powis",,sibling,wikidata
Q25845810,Robert Clough,8198,Q16023409,William Clough,,sibling,wikidata
Q7343038,"Robert Collier, 1st Baron Monkswell",1400,Q26252877,John Collier,,father,wikidata
Q16066277,Robert Edward Boyle,3300,Q24254646,John Boyle,,sibling,wikidata
Q16863903,Robert Ferguson,6446,Q1386511,"Ronald Munro Ferguson, 1st Viscount Novar",,child,wikidata
Q16863903,Robert Ferguson,6446,Q7364764,Ronald Craufurd Ferguson,,father,wikidata
Q7344305,Robert Ferguson of Raith,6447,Q7527131,"Sir Henry Ferguson Davie, 1st Baronet",,child,wikidata
Q7344305,Robert Ferguson of Raith,6447,Q26704994,"Sir John Ferguson Davie, 2nd Baronet",,grandchild,wikidata
Q213756,Robert FitzRoy,3989,Q337872,"Henry FitzRoy, 5th Duke of Grafton",3903,cousin,rush
Q213756,Robert FitzRoy,3989,Q6679044,Lord Charles FitzRoy,3986,cousin,rush
Q213756,Robert FitzRoy,3989,Q24568589,James Fitzroy,3985,cousin,rush
Q213756,Robert FitzRoy,3989,Q560595,Charles FitzRoy,,sibling,wikidata
Q243705,"Robert Gascoyne-Cecil, 3rd Marquess of Salisbury",9003,Q12702,Robert Cecil,,child,wikidata
Q243705,"Robert Gascoyne-Cecil, 3rd Marquess of Salisbury",9003,Q334182,"Hugh Cecil, 1st Baron Quickswood",,child,wikidata
Q243705,"Robert Gascoyne-Cecil, 3rd Marquess of Salisbury",9003,Q4381482,"James Gascoyne-Cecil, 4th Marquess of Salisbury",,child,wikidata
Q243705,"Robert Gascoyne-Cecil, 3rd Marquess of Salisbury",9003,Q333205,"Robert Gascoyne-Cecil, 5th Marquess of Salisbury",,grandchild,wikidata
Q243705,"Robert Gascoyne-Cecil, 3rd Marquess of Salisbury",9003,Q2605189,"David Ormsby-Gore, 5th Baron Harlech",,grandchild,wikidata
Q243705,"Robert Gascoyne-Cecil, 3rd Marquess of Salisbury",9003,Q5416293,"Evelyn Cecil, 1st Baron Rockley",,nephew/niece,wikidata
Q243705,"Robert Gascoyne-Cecil, 3rd Marquess of Salisbury",9003,Q6679229,Lord Eustace Cecil,,sibling,wikidata
Q333205,"Robert Gascoyne-Cecil, 5th Marquess of Salisbury",8206,Q9310800,"Robert Gascoyne-Cecil, 6th Marquess of Salisbury",,child,wikidata
Q333205,"Robert Gascoyne-Cecil, 5th Marquess of Salisbury",8206,Q4381482,"James Gascoyne-Cecil, 4th Marquess of Salisbury",,father,wikidata
Q333205,"Robert Gascoyne-Cecil, 5th Marquess of Salisbury",8206,Q335589,"Robert Gascoyne-Cecil, 7th Marquess of Salisbury",,grandchild,wikidata
Q333205,"Robert Gascoyne-Cecil, 5th Marquess of Salisbury",8206,Q243705,"Robert Gascoyne-Cecil, 3rd Marquess of Salisbury",,grandparent,wikidata
Q333205,"Robert Gascoyne-Cecil, 5th Marquess of Salisbury",8206,Q12702,Robert Cecil,,uncle/aunt,wikidata
Q333205,"Robert Gascoyne-Cecil, 5th Marquess of Salisbury",8206,Q334182,"Hugh Cecil, 1st Baron Quickswood",,uncle/aunt,wikidata
Q9310800,"Robert Gascoyne-Cecil, 6th Marquess of Salisbury",8852,Q335589,"Robert Gascoyne-Cecil, 7th Marquess of Salisbury",,child,wikidata
Q9310800,"Robert Gascoyne-Cecil, 6th Marquess of Salisbury",8852,Q333205,"Robert Gascoyne-Cecil, 5th Marquess of Salisbury",,father,wikidata
Q9310800,"Robert Gascoyne-Cecil, 6th Marquess of Salisbury",8852,Q4381482,"James Gascoyne-Cecil, 4th Marquess of Salisbury",,grandparent,wikidata
Q9310800,"Robert Gascoyne-Cecil, 6th Marquess of Salisbury",8852,Q2605189,"David Ormsby-Gore, 5th Baron Harlech",,uncle/aunt,wikidata
Q335589,"Robert Gascoyne-Cecil, 7th Marquess of Salisbury",9311,Q9310800,"Robert Gascoyne-Cecil, 6th Marquess of Salisbury",,father,wikidata
Q335589,"Robert Gascoyne-Cecil, 7th Marquess of Salisbury",9311,Q333205,"Robert Gascoyne-Cecil, 5th Marquess of Salisbury",,grandparent,wikidata
Q2157350,Robert Grant,6835,Q333452,"Charles Grant, 1st Baron Glenelg",,sibling,wikidata
Q7344973,"Robert Grimston, 1st Baron Grimston of Westbury",8863,Q6236441,"John Grimston, 6th Earl of Verulam",8678,cousin,rush
Q14945417,"Robert Grosvenor, 1st Baron Ebury",6851,Q7052295,Norman Grosvenor,,child,wikidata
Q14945417,"Robert Grosvenor, 1st Baron Ebury",6851,Q7344985,"Robert Grosvenor, 2nd Baron Ebury",,child,wikidata
Q14945417,"Robert Grosvenor, 1st Baron Ebury",6851,Q7326097,"Richard Grosvenor, 1st Baron Stalbridge",,nephew/niece,wikidata
Q14945417,"Robert Grosvenor, 1st Baron Ebury",6851,Q333256,"Hugh Grosvenor, 1st Duke of Westminster",,nephew/niece,wikidata
Q14945417,"Robert Grosvenor, 1st Baron Ebury",6851,Q4171078,"Richard Grosvenor, 2nd Marquess of Westminster",,sibling,wikidata
Q7344985,"Robert Grosvenor, 2nd Baron Ebury",1745,Q14945417,"Robert Grosvenor, 1st Baron Ebury",,father,wikidata
Q7344985,"Robert Grosvenor, 2nd Baron Ebury",1745,Q7052295,Norman Grosvenor,,sibling,wikidata
Q7345003,"Robert Gurdon, 1st Baron Cranworth",1752,Q21554127,Brampton Gurdon,,father,wikidata
Q7345163,Robert Haldane Bradshaw,,Q49822556,James Bradshaw,,child,wikidata
Q7350597,Robert Harcourt,7377,Q775821,William Vernon Harcourt,,father,wikidata
Q7350597,Robert Harcourt,7377,Q5790068,"Lewis Harcourt, 1st Viscount Harcourt",,sibling,wikidata
Q26719445,Robert Heath,2247,Q7527435,"Sir James Heath, 1st Baronet",,child,wikidata
Q26719445,Robert Heath,2247,Q4799005,Arthur Heath,,child,wikidata
Q7345433,Robert Henry Hurst,6925,Q7345432,Robert Henry Hurst,,child,wikidata
Q7345432,Robert Henry Hurst,2332,Q7345433,Robert Henry Hurst,,father,wikidata
Q335822,"Robert Lindsay, 29th Earl of Crawford",3093,Q5236632,"David Lindsay, 28th Earl of Crawford",,father,wikidata
Q335822,"Robert Lindsay, 29th Earl of Crawford",3093,Q3703236,"David Lindsay, 27th Earl of Crawford",,grandparent,wikidata
Q335822,"Robert Lindsay, 29th Earl of Crawford",3093,Q6138080,James Lindsay,,uncle/aunt,wikidata
Q7347467,Robert McCalmont,8208,Q6139012,James Martin McCalmont,,father,wikidata
Q7348173,Robert Otway-Cave,6636,Q7526079,"Sir Arthur Otway, 3rd Baronet",2712,cousin,rush
Q181875,Robert Peel,6462,Q334165,Arthur Peel,,child,wikidata
Q181875,Robert Peel,6462,Q5498541,Frederick Peel,,child,wikidata
Q181875,Robert Peel,6462,Q4685934,"Sir Robert Peel, 3rd Baronet",,child,wikidata
Q181875,Robert Peel,6462,Q7509271,Sidney Peel,,grandchild,wikidata
Q181875,Robert Peel,6462,Q2920090,"William Peel, 1st Earl Peel",,grandchild,wikidata
Q181875,Robert Peel,6462,Q4798804,Arthur George Villiers Peel,,grandchild,wikidata
Q181875,Robert Peel,6462,Q20755914,Edmund Peel,,sibling,wikidata
Q181875,Robert Peel,6462,Q3041941,Jonathan Peel,,sibling,wikidata
Q181875,Robert Peel,6462,Q6107323,William Yates Peel,,sibling,wikidata
Q7348806,Robert Peel Dawson,1467,Q5543927,George Robert Dawson,,father,wikidata
Q7349025,Robert Preston Bruce,1284,Q335230,"James Bruce, 8th Earl of Elgin",,father,wikidata
Q7349602,"Robert Scarlett, 2nd Baron Abinger",5678,Q10305110,"James Scarlett, 1st Baron Abinger",,father,wikidata
Q7349602,"Robert Scarlett, 2nd Baron Abinger",5678,Q333223,James Yorke Scarlett,,sibling,wikidata
Q1346375,Robert Torrens,7285,Q7350436,Robert Torrens,,child,wikidata
Q7350436,Robert Torrens,952,Q1346375,Robert Torrens,,father,wikidata
Q7350434,Robert Torrens O'Neill,2912,Q4799859,Arthur O'Neill,,nephew/niece,wikidata
Q7350434,Robert Torrens O'Neill,2912,Q16010090,"Hugh O'Neill, 1st Baron Rathcavan",,nephew/niece,wikidata
Q7350434,Robert Torrens O'Neill,2912,Q5344670,"Edward O'Neill, 2nd Baron O'Neill",,sibling,wikidata
Q7350603,"Robert Vernon, 1st Baron Lyveden",7219,Q24963033,Greville Richard Vernon,,child,wikidata
Q7351045,Robert Wigram Crawford,1414,Q8007267,William Crawford,,father,wikidata
Q7351116,Robert Williams,6473,Q7351117,Robert Williams,,child,wikidata
Q7351117,Robert Williams,6430,Q7528866,"Sir Robert Williams, 1st Baronet",,child,wikidata
Q7351117,Robert Williams,6430,Q7351116,Robert Williams,,father,wikidata
Q7351116,Robert Williams,6473,Q7528866,"Sir Robert Williams, 1st Baronet",,grandchild,wikidata
Q7351171,Robert Windsor-Clive,6660,Q7342986,Robert Clive,,father,wikidata
Q7351171,Robert Windsor-Clive,6660,Q15526558,George Windsor-Clive,,nephew/niece,wikidata
Q7351171,Robert Windsor-Clive,6660,Q5546432,George Windsor-Clive,,sibling,wikidata
Q7351314,Robert Yerburgh,1789,Q7351315,"Robert Yerburgh, 1st Baron Alvingham",,child,wikidata
Q7351315,"Robert Yerburgh, 1st Baron Alvingham",6376,Q7351314,Robert Yerburgh,,father,wikidata
Q7352839,"Robin Vane-Tempest-Stewart, 8th Marquess of Londonderry",7858,Q333368,"Charles Vane-Tempest-Stewart, 7th Marquess of Londonderry",,father,wikidata
Q7352839,"Robin Vane-Tempest-Stewart, 8th Marquess of Londonderry",7858,Q5083121,"Charles Vane-Tempest-Stewart, 6th Marquess of Londonderry",,grandparent,wikidata
Q263076,Robin Walker,9871,Q333858,"Peter Walker, Baron Walker of Worcester",,father,wikidata
Q7364652,Ronald Atkins,6419,Q4936901,Charlotte Atkins,,child,wikidata
Q7364764,Ronald Craufurd Ferguson,6775,Q16863903,Robert Ferguson,,child,wikidata
Q7364764,Ronald Craufurd Ferguson,6775,Q1386511,"Ronald Munro Ferguson, 1st Viscount Novar",,grandchild,wikidata
Q7364912,Ronald Greville,7604,Q4724146,"Algernon Greville, 2nd Baron Greville",,father,wikidata
Q7364912,Ronald Greville,7604,Q5507949,"Fulke Greville-Nugent, 1st Baron Greville",,grandparent,wikidata
Q7364912,Ronald Greville,7604,Q26756818,George Greville-Nugent,,uncle/aunt,wikidata
Q7364912,Ronald Greville,7604,Q16063606,Reginald Greville-Nugent,,uncle/aunt,wikidata
Q1386511,"Ronald Munro Ferguson, 1st Viscount Novar",2138,Q16863903,Robert Ferguson,,father,wikidata
Q1386511,"Ronald Munro Ferguson, 1st Viscount Novar",2138,Q7364764,Ronald Craufurd Ferguson,,grandparent,wikidata
Q7365334,Ronald Tree,6026,Q5231233,"David Beatty, 2nd Earl Beatty",,sibling,wikidata
Q7369291,Ross Donnelly Mangles,4913,Q24567101,James Mangles,,father,wikidata
Q333413,"Roundell Palmer, 1st Earl of Selborne",2723,Q3643409,"William Palmer, 2nd Earl of Selborne",,child,wikidata
Q333413,"Roundell Palmer, 1st Earl of Selborne",2723,Q3443398,"Roundell Palmer, 3rd Earl of Selborne",,grandchild,wikidata
Q3443398,"Roundell Palmer, 3rd Earl of Selborne",6380,Q3643409,"William Palmer, 2nd Earl of Selborne",,father,wikidata
Q3443398,"Roundell Palmer, 3rd Earl of Selborne",6380,Q333413,"Roundell Palmer, 1st Earl of Selborne",,grandparent,wikidata
Q7372096,Rowland Barran,7661,Q7527588,"Sir John Barran, 1st Baronet",,father,wikidata
Q7372112,"Rowland Clegg-Hill, 3rd Viscount Hill",6894,Q7372142,"Rowland Hill, 2nd Viscount Hill",,father,wikidata
Q7372142,"Rowland Hill, 2nd Viscount Hill",6893,Q7372112,"Rowland Clegg-Hill, 3rd Viscount Hill",,child,wikidata
Q7372187,Rowland Smith,873,Q5497530,Frederick Chatfield Smith,,sibling,wikidata
Q7372187,Rowland Smith,873,Q7411475,Samuel George Smith,,sibling,wikidata
Q7372210,"Rowland Winn, 1st Baron St Oswald",1076,Q7372211,"Rowland Winn, 2nd Baron St Oswald",,child,wikidata
Q7372211,"Rowland Winn, 2nd Baron St Oswald",1077,Q7372210,"Rowland Winn, 1st Baron St Oswald",,father,wikidata
Q3341374,Rupert Allason,2973,Q13529752,James Allason,,father,wikidata
Q7380262,"Rupert Carington, 4th Baron Carrington",1333,Q7342786,"Robert Carrington, 2nd Baron Carrington",,father,wikidata
Q7380262,"Rupert Carington, 4th Baron Carrington",1333,Q8006547,William Carington,,sibling,wikidata
Q7380262,"Rupert Carington, 4th Baron Carrington",1333,Q2462181,"Charles Wynn-Carington, 1st Marquess of Lincolnshire",,sibling,wikidata
Q2176533,"Rupert Guinness, 2nd Earl of Iveagh",3874,Q332475,"Walter Guinness, 1st Baron Moyne",,sibling,wikidata
Q7381741,Russell Rea,5525,Q7965930,"Walter Rea, 1st Baron Rea",,child,wikidata
Q7396856,Sackville Lane-Fox,6806,Q5541527,George Lane-Fox,,sibling,wikidata
Q1533969,"Sally Oppenheim-Barnes, Baroness Oppenheim-Barnes",5284,Q13530012,Phillip Oppenheim,,child,wikidata
Q7410754,"Samuel Allsopp, 2nd Baron Hindlip",1111,Q5717273,"Henry Allsopp, 1st Baron Hindlip",,father,wikidata
Q7410754,"Samuel Allsopp, 2nd Baron Hindlip",1111,Q4723284,Alfred Percy Allsopp,,sibling,wikidata
Q7410754,"Samuel Allsopp, 2nd Baron Hindlip",1111,Q5540593,George Allsopp,,sibling,wikidata
Q7410921,Samuel Bignold,3201,Q4797999,Arthur Bignold,,child,wikidata
Q7411475,Samuel George Smith,874,Q5497530,Frederick Chatfield Smith,,sibling,wikidata
Q7411475,Samuel George Smith,874,Q7372187,Rowland Smith,,sibling,wikidata
Q5590851,Samuel H. Butcher,7443,Q13529891,"John Butcher, 1st Baron Danesfort",,sibling,wikidata
Q333429,"Samuel Hoare, 1st Viscount Templewood",8239,Q7528945,"Sir Samuel Hoare, 1st Baronet",,father,wikidata
Q334290,"Samuel Montagu, 1st Baron Swaythling",2620,Q332572,Edwin Samuel Montagu,,child,wikidata
Q7412225,Samuel Morley,2633,Q4795181,Arnold Morley,,child,wikidata
Q7412225,Samuel Morley,2633,Q15990183,Charles Morley,,child,wikidata
Q149062,Samuel Morton Peto,5378,Q4867241,Basil Peto,,child,wikidata
Q149062,Samuel Morton Peto,5378,Q7526332,"Sir Christopher Peto, 3rd Baronet",,grandchild,wikidata
Q149062,Samuel Morton Peto,5378,Q4867100,John Peto,,grandchild,wikidata
Q4364005,Samuel Pechell,5350,Q7526846,"Sir George Brooke-Pechell, 4th Baronet",,sibling,wikidata
Q7412628,"Samuel Silkin, Baron Silkin of Dulwich",5746,Q6537050,"Lewis Silkin, 1st Baron Silkin",,father,wikidata
Q7412628,"Samuel Silkin, Baron Silkin of Dulwich",5746,Q6257849,John Silkin,,sibling,wikidata
Q7412657,Samuel Smith,,Q4666622,Abel Smith,,child,wikidata
Q7412657,Samuel Smith,,Q4666623,Abel Smith,,grandchild,wikidata
Q7412657,Samuel Smith,,Q15452761,John Abel Smith,,nephew/niece,wikidata
Q7412657,Samuel Smith,,Q16063401,Martin Tucker Smith,,nephew/niece,wikidata
Q7412657,Samuel Smith,,Q15458169,John Smith,,sibling,wikidata
Q7412796,Samuel Trehawke Kekewich,2379,Q5546325,George William Kekewich,,child,wikidata
Q7412920,Samuel Whitbread,1030,Q7411737,Samuel Whitbread,,child,wikidata
Q7411737,Samuel Whitbread,2857,Q7412920,Samuel Whitbread,,father,wikidata
Q24248901,Samuel White,7344,Q5083590,Charles William White,,nephew/niece,wikidata
Q24248901,Samuel White,7344,Q6702449,"Luke White, 2nd Baron Annaly",,nephew/niece,wikidata
Q24248901,Samuel White,7344,Q5730053,"Henry White, 1st Baron Annaly",,sibling,wikidata
Q24248901,Samuel White,7344,Q26218356,Luke White,,sibling,wikidata
Q7428221,"Savile Crossley, 1st Baron Somerleyton",2041,Q16065524,Francis Crossley,,father,wikidata
Q7442401,Sebastian Dickinson,1489,Q5621480,"Willoughby Dickinson, 1st Baron Dickinson",,child,wikidata
Q7442401,Sebastian Dickinson,1489,Q5478591,"Frances Davidson, Viscountess Davidson",,grandchild,wikidata
Q7458155,Sewallis Shirley,852,Q5416444,Evelyn Philip Shirley,,father,wikidata
Q7458155,Sewallis Shirley,852,Q5416443,Evelyn John Shirley,,grandparent,wikidata
Q26237502,Seymour Ormsby-Gore,7613,Q8016373,"William Ormsby-Gore, 2nd Baron Harlech",,father,wikidata
Q26237502,Seymour Ormsby-Gore,7613,Q8016372,William Ormsby-Gore,,grandparent,wikidata
Q26237502,Seymour Ormsby-Gore,7613,Q2908365,"William Ormsby-Gore, 4th Baron Harlech",,nephew/niece,wikidata
Q26237502,Seymour Ormsby-Gore,7613,Q5543049,"George Ormsby-Gore, 3rd Baron Harlech",,sibling,wikidata
Q26237502,Seymour Ormsby-Gore,7613,Q6251316,"John Ormsby-Gore, 1st Baron Harlech",,uncle/aunt,wikidata
Q7498860,Shirley Summerskill,5919,Q665743,"Edith Summerskill, Baroness Summerskill",,mother,wikidata
Q7509072,Sidney Glyn,1691,Q5539756,"George Glyn, 1st Baron Wolverton",,father,wikidata
Q7509072,Sidney Glyn,1691,Q7141836,Pascoe Glyn,,sibling,wikidata
Q7509072,Sidney Glyn,1691,Q5539757,"George Glyn, 2nd Baron Wolverton",,sibling,wikidata
Q3960168,"Sidney Herbert, 14th Earl of Pembroke",2260,Q337595,"Sidney Herbert, 1st Baron Herbert of Lea",,father,wikidata
Q337595,"Sidney Herbert, 1st Baron Herbert of Lea",6456,Q3960168,"Sidney Herbert, 14th Earl of Pembroke",,child,wikidata
Q7509271,Sidney Peel,8242,Q334165,Arthur Peel,,father,wikidata
Q7509271,Sidney Peel,8242,Q181875,Robert Peel,,grandparent,wikidata
Q7509271,Sidney Peel,8242,Q2920090,"William Peel, 1st Earl Peel",,sibling,wikidata
Q7509271,Sidney Peel,8242,Q4798804,Arthur George Villiers Peel,,sibling,wikidata
Q7509271,Sidney Peel,8242,Q5498541,Frederick Peel,,uncle/aunt,wikidata
Q7509271,Sidney Peel,8242,Q4685934,"Sir Robert Peel, 3rd Baronet",,uncle/aunt,wikidata
Q16030681,Simon Watson Taylor,7269,Q16741855,George Watson-Taylor,,father,wikidata
Q7525922,"Sir Alexander Brown, 1st Baronet",1933,Q477587,"Douglas Clifton Brown, 1st Viscount Ruffside",,nephew/niece,wikidata
Q7525922,"Sir Alexander Brown, 1st Baronet",1933,Q5919321,Howard Clifton Brown,,nephew/niece,wikidata
Q7525922,"Sir Alexander Brown, 1st Baronet",1933,Q11803339,James Clifton Brown,,sibling,wikidata
Q26250760,"Sir Alexander Fuller-Acland-Hood, 3rd Baronet",6907,Q4718909,"Alexander Fuller-Acland-Hood, 1st Baron St Audries",,child,wikidata
Q26250760,"Sir Alexander Fuller-Acland-Hood, 3rd Baronet",6907,Q26701549,"Sir Alexander Hood, 2nd Baronet",,father,wikidata
Q26701549,"Sir Alexander Hood, 2nd Baronet",6906,Q26250760,"Sir Alexander Fuller-Acland-Hood, 3rd Baronet",,child,wikidata
Q26701549,"Sir Alexander Hood, 2nd Baronet",6906,Q4718909,"Alexander Fuller-Acland-Hood, 1st Baron St Audries",,grandchild,wikidata
Q7525969,"Sir Alfred Bird, 1st Baronet",3212,Q7528721,"Sir Robert Bird, 2nd Baronet",,child,wikidata
Q7525974,"Sir Alfred Hickman, 1st Baronet",1946,Q7789237,T. E. Hickman,,child,wikidata
Q7525972,"Sir Alfred Pease, 2nd Baronet",2057,Q7528199,"Sir Joseph Pease, 1st Baronet",,father,wikidata
Q7525972,"Sir Alfred Pease, 2nd Baronet",2057,Q6286166,Joseph Pease,,grandparent,wikidata
Q7525972,"Sir Alfred Pease, 2nd Baronet",2057,Q6114554,"Jack Pease, 1st Baron Gainford",,sibling,wikidata
Q7525972,"Sir Alfred Pease, 2nd Baronet",2057,Q4799939,Arthur Pease,,uncle/aunt,wikidata
Q26292023,"Sir Alfred Watkin, 2nd Baronet",7329,Q5345819,Edward Watkin,,father,wikidata
Q7525993,"Sir Andrew Agnew, 7th Baronet",6285,Q7525995,"Sir Andrew Agnew, 8th Baronet",,child,wikidata
Q7525993,"Sir Andrew Agnew, 7th Baronet",6285,Q7525997,"Sir Andrew Agnew, 9th Baronet",,grandchild,wikidata
Q7525995,"Sir Andrew Agnew, 8th Baronet",6286,Q7525997,"Sir Andrew Agnew, 9th Baronet",,child,wikidata
Q7525995,"Sir Andrew Agnew, 8th Baronet",6286,Q7525993,"Sir Andrew Agnew, 7th Baronet",,father,wikidata
Q7525997,"Sir Andrew Agnew, 9th Baronet",6328,Q7525995,"Sir Andrew Agnew, 8th Baronet",,father,wikidata
Q7525997,"Sir Andrew Agnew, 9th Baronet",6328,Q7525993,"Sir Andrew Agnew, 7th Baronet",,grandparent,wikidata
Q7526020,"Sir Anthony Meyer, 3rd Baronet",5054,Q13529993,"Sir Frank Meyer, 2nd Baronet",,father,wikidata
Q7526041,"Sir Archibald Orr-Ewing, 1st Baronet",2705,Q5080266,Charles Lindsay Orr-Ewing,,child,wikidata
Q7526041,"Sir Archibald Orr-Ewing, 1st Baronet",2705,Q5982042,Ian Orr-Ewing,,grandchild,wikidata
Q606299,"Sir Arthur Dyke Acland, 13th Baronet",21,Q5542038,"Sir Francis Dyke Acland, 14th Baronet",,child,wikidata
Q606299,"Sir Arthur Dyke Acland, 13th Baronet",21,Q7529108,"Sir Thomas Dyke Acland, 11th Baronet",,father,wikidata
Q606299,"Sir Arthur Dyke Acland, 13th Baronet",21,Q7323631,Richard Acland,,grandchild,wikidata
Q606299,"Sir Arthur Dyke Acland, 13th Baronet",21,Q3525076,"Sir Thomas Dyke Acland, 10th Baronet",,grandparent,wikidata
Q606299,"Sir Arthur Dyke Acland, 13th Baronet",21,Q7529110,"Sir Thomas Dyke Acland, 12th Baronet",,sibling,wikidata
Q7526079,"Sir Arthur Otway, 3rd Baronet",2712,Q7348173,Robert Otway-Cave,6636,cousin,rush
Q7526085,"Sir Arthur du Cros, 1st Baronet",3786,Q5677717,Harvey du Cros,,father,wikidata
Q7526095,"Sir Baldwin Leighton, 7th Baronet",7646,Q7526096,"Sir Baldwyn Leighton, 8th Baronet",,child,wikidata
Q7526095,"Sir Baldwin Leighton, 7th Baronet",7646,Q7599747,Stanley Leighton,,child,wikidata
Q7526095,"Sir Baldwin Leighton, 7th Baronet",7646,Q16741829,Bertie Leighton,,grandchild,wikidata
Q7526096,"Sir Baldwyn Leighton, 8th Baronet",2454,Q7526095,"Sir Baldwin Leighton, 7th Baronet",,father,wikidata
Q7526096,"Sir Baldwyn Leighton, 8th Baronet",2454,Q16741829,Bertie Leighton,,nephew/niece,wikidata
Q7526096,"Sir Baldwyn Leighton, 8th Baronet",2454,Q7599747,Stanley Leighton,,sibling,wikidata
Q26257714,"Sir Benjamin Chapman, 4th Baronet",2533,Q7528351,"Sir Montagu Chapman, 3rd Baronet",,sibling,wikidata
Q7526113,"Sir Benjamin Cohen, 1st Baronet",1912,Q6555706,Lionel Louis Cohen,,sibling,wikidata
Q7526182,"Sir Charles Burrell, 3rd Baronet",6614,Q7167269,Percy Burrell,,child,wikidata
Q7526182,"Sir Charles Burrell, 3rd Baronet",6614,Q7529373,"Sir Walter Burrell, 5th Baronet",,child,wikidata
Q7526191,"Sir Charles Cayzer, 1st Baronet",1883,Q5733773,"Herbert Cayzer, 1st Baron Rotherwick",,child,wikidata
Q7526194,"Sir Charles Clifford, 4th Baronet",1376,Q4821399,,,father,wikidata
Q7526200,"Sir Charles Dalrymple, 1st Baronet",1950,Q333781,James Fergusson,,sibling,wikidata
Q338114,"Sir Charles Dilke, 2nd Baronet",1821,Q338188,"Sir Wentworth Dilke, 1st Baronet",,father,wikidata
Q338114,"Sir Charles Dilke, 2nd Baronet",1821,Q4806083,Ashton Wentworth Dilke,,sibling,wikidata
Q7526258,"Sir Charles Mordaunt, 10th Baronet",5106,Q7527946,"Sir John Mordaunt, 9th Baronet",,father,wikidata
Q7526274,"Sir Charles Palmer, 1st Baronet",2719,Q5576500,Godfrey Mark Palmer,,child,wikidata
Q2960166,"Sir Charles Russell, 3rd Baronet",795,Q3101884,"Sir George Russell, 4th Baronet",,sibling,wikidata
Q7526292,"Sir Charles Seely, 1st Baronet",834,Q7526294,"Sir Charles Seely, 2nd Baronet",,child,wikidata
Q7526292,"Sir Charles Seely, 1st Baronet",834,Q6105456,"John Seely, 1st Baron Mottistone",,child,wikidata
Q7526292,"Sir Charles Seely, 1st Baronet",834,Q5082431,Charles Seely,,father,wikidata
Q7526292,"Sir Charles Seely, 1st Baronet",834,Q11802791,"Hugh Seely, 1st Baron Sherwood",,grandchild,wikidata
Q7526294,"Sir Charles Seely, 2nd Baronet",2866,Q11802791,"Hugh Seely, 1st Baron Sherwood",,child,wikidata
Q7526294,"Sir Charles Seely, 2nd Baronet",2866,Q7526292,"Sir Charles Seely, 1st Baronet",,father,wikidata
Q7526294,"Sir Charles Seely, 2nd Baronet",2866,Q5082431,Charles Seely,,grandparent,wikidata
Q7526294,"Sir Charles Seely, 2nd Baronet",2866,Q6105456,"John Seely, 1st Baron Mottistone",,sibling,wikidata
Q7526300,"Sir Charles Swann, 1st Baronet",1838,Q7526452,"Sir Duncan Swann, 2nd Baronet",,child,wikidata
Q7526303,"Sir Charles Tennant, 1st Baronet",936,Q5345573,"Edward Tennant, 1st Baron Glenconner",,child,wikidata
Q7526303,"Sir Charles Tennant, 1st Baronet",936,Q5662543,Harold Tennant,,child,wikidata
Q333358,"Sir Charles Trevelyan, 3rd Baronet",7799,Q333808,"Sir George Trevelyan, 2nd Baronet",,father,wikidata
Q13530066,"Sir Charles Welby, 5th Baronet",7638,Q7529817,"Sir William Welby-Gregory, 4th Baronet",,father,wikidata
Q13530066,"Sir Charles Welby, 5th Baronet",7638,Q7526983,"Sir Glynne Welby, 3rd Baronet",,grandparent,wikidata
Q13530066,"Sir Charles Welby, 5th Baronet",7638,Q19308194,Alfred Welby,,uncle/aunt,wikidata
Q7526332,"Sir Christopher Peto, 3rd Baronet",5376,Q4867241,Basil Peto,,father,wikidata
Q7526332,"Sir Christopher Peto, 3rd Baronet",5376,Q149062,Samuel Morton Peto,,grandparent,wikidata
Q7526332,"Sir Christopher Peto, 3rd Baronet",5376,Q4867100,John Peto,,sibling,wikidata
Q7526358,"Sir Colman O'Loghlen, 2nd Baronet",2697,Q7528339,"Sir Michael O'Loghlen, 1st Baronet",,father,wikidata
Q7526358,"Sir Colman O'Loghlen, 2nd Baronet",2697,Q4980274,Bryan O'Loghlen,,sibling,wikidata
Q17318846,"Sir Colman Rashleigh, 2nd Baronet",739,Q17318849,William Rashleigh,6159,cousin,rush
Q7526366,"Sir Courtenay Warner, 1st Baronet",2191,Q17180535,Edward Warner,,father,wikidata
Q7526376,"Sir Cuthbert Quilter, 2nd Baronet",7648,Q8017163,William Quilter,,father,wikidata
Q7526381,"Sir Daniel Dixon, 1st Baronet",7680,Q5733912,"Herbert Dixon, 1st Baron Glentoran",,child,wikidata
Q7526413,"Sir David Wedderburn, 3rd Baronet",1011,Q8020135,William Wedderburn,,sibling,wikidata
Q16078875,"Sir Douglas Thomson, 2nd Baronet",8648,Q7526794,"Sir Frederick Thomson, 1st Baronet",,father,wikidata
Q7526452,"Sir Duncan Swann, 2nd Baronet",5934,Q7526300,"Sir Charles Swann, 1st Baronet",,father,wikidata
Q7526465,"Sir Edmund Beckett, 4th Baronet",6711,Q8005295,William Beckett-Denison,,child,wikidata
Q7526465,"Sir Edmund Beckett, 4th Baronet",6711,Q5111934,Christopher Beckett Denison,,child,wikidata
Q7526465,"Sir Edmund Beckett, 4th Baronet",6711,Q5553468,Gervase Beckett,,grandchild,wikidata
Q7526465,"Sir Edmund Beckett, 4th Baronet",6711,Q5392782,"Ernest Beckett, 2nd Baron Grimthorpe",,grandchild,wikidata
Q7526465,"Sir Edmund Beckett, 4th Baronet",6711,Q7527597,"Sir John Beckett, 2nd Baronet",,sibling,wikidata
Q7526466,"Sir Edmund Buckley, 1st Baronet",1292,Q5339329,Edmund Buckley,,father,wikidata
Q7526475,"Sir Edmund Filmer, 8th Baronet",6448,Q7526476,"Sir Edmund Filmer, 9th Baronet",,child,wikidata
Q7526476,"Sir Edmund Filmer, 9th Baronet",1598,Q7526475,"Sir Edmund Filmer, 8th Baronet",,father,wikidata
Q7526496,"Sir Edmund Verney, 3rd Baronet",978,Q7527066,"Sir Harry Verney, 4th Baronet",,child,wikidata
Q7526496,"Sir Edmund Verney, 3rd Baronet",978,Q7527064,"Sir Harry Verney, 2nd Baronet",,father,wikidata
Q7526496,"Sir Edmund Verney, 3rd Baronet",978,Q5499113,Frederick William Verney,,sibling,wikidata
Q19974263,"Sir Edmund Workman-Macnaghten, 2nd Baronet",7004,Q1726897,"Edward Macnaghten, Baron Macnaghten",,child,wikidata
Q19974263,"Sir Edmund Workman-Macnaghten, 2nd Baronet",7004,Q6742478,Malcolm Macnaghten,,grandchild,wikidata
Q16066171,"Sir Edward Buxton, 2nd Baronet",6437,Q5342118,Edward Buxton,,child,wikidata
Q16066171,"Sir Edward Buxton, 2nd Baronet",6437,Q5480390,Francis Buxton,,child,wikidata
Q16066171,"Sir Edward Buxton, 2nd Baronet",6437,Q334449,Thomas Fowell Buxton,,child,wikidata
Q16066171,"Sir Edward Buxton, 2nd Baronet",6437,Q5591064,"Sir Thomas Buxton, 1st Baronet",,father,wikidata
Q16066171,"Sir Edward Buxton, 2nd Baronet",6437,Q2365347,Noel Noel-Buxton,,grandchild,wikidata
Q16066171,"Sir Edward Buxton, 2nd Baronet",6437,Q18450,Charles Buxton,,grandchild,wikidata
Q16066171,"Sir Edward Buxton, 2nd Baronet",6437,Q1645717,"Sydney Buxton, 1st Earl Buxton",,nephew/niece,wikidata
Q16066171,"Sir Edward Buxton, 2nd Baronet",6437,Q5075948,Charles Buxton,,sibling,wikidata
Q7526533,"Sir Edward Campbell, 1st Baronet",8493,Q1537987,Gordon Campbell,,sibling,wikidata
Q7526539,"Sir Edward Cust, 1st Baronet",,Q7167793,Peregrine Francis Cust,,sibling,wikidata
Q7526558,"Sir Edward Greene, 1st Baronet",7663,Q7528523,"Sir Raymond Greene, 2nd Baronet",,child,wikidata
Q7526558,"Sir Edward Greene, 1st Baronet",7663,Q5343165,Edward Greene,,father,wikidata
Q7526578,"Sir Edward Kerrison, 1st Baronet",4584,Q7526579,"Sir Edward Kerrison, 2nd Baronet",,child,wikidata
Q7526579,"Sir Edward Kerrison, 2nd Baronet",4583,Q7526578,"Sir Edward Kerrison, 1st Baronet",,father,wikidata
Q9250977,"Sir Edward Knatchbull, 9th Baronet",4613,Q5343961,"Edward Knatchbull-Hugessen, 1st Baron Brabourne",,child,wikidata
Q9250977,"Sir Edward Knatchbull, 9th Baronet",4613,Q5734817,Herbert Knatchbull-Hugessen,,child,wikidata
Q9250977,"Sir Edward Knatchbull, 9th Baronet",4613,Q5343962,"Edward Knatchbull-Hugessen, 2nd Baron Brabourne",,grandchild,wikidata
Q7526590,"Sir Edward Manningham-Buller, 1st Baronet",6609,Q6265095,"John Yarde-Buller, 1st Baron Churston",,sibling,wikidata
Q26000446,"Sir Edward Pryce-Jones, 1st Baronet",2133,Q7253236,Pryce Pryce-Jones,,father,wikidata
Q7526609,"Sir Edward Sassoon, 2nd Baronet, of Kensington Gore",5670,Q7528499,"Sir Philip Sassoon, 3rd Baronet",,child,wikidata
Q5345715,"Sir Edward Verner, 4th Baronet",976,Q16065605,"Sir William Verner, 1st Baronet",,father,wikidata
Q5345715,"Sir Edward Verner, 4th Baronet",976,Q7529810,"Sir William Verner, 2nd Baronet",,sibling,wikidata
Q5542038,"Sir Francis Dyke Acland, 14th Baronet",23,Q7323631,Richard Acland,,child,wikidata
Q5542038,"Sir Francis Dyke Acland, 14th Baronet",23,Q606299,"Sir Arthur Dyke Acland, 13th Baronet",,father,wikidata
Q5542038,"Sir Francis Dyke Acland, 14th Baronet",23,Q7529108,"Sir Thomas Dyke Acland, 11th Baronet",,grandparent,wikidata
Q5542038,"Sir Francis Dyke Acland, 14th Baronet",23,Q7529110,"Sir Thomas Dyke Acland, 12th Baronet",,uncle/aunt,wikidata
Q26033702,"Sir Francis Lawley, 7th Baronet",,Q4881234,"Beilby Lawley, 2nd Baron Wenlock",,nephew/niece,wikidata
Q26033702,"Sir Francis Lawley, 7th Baronet",,Q5480488,Francis Charles Lawley,,nephew/niece,wikidata
Q26033702,"Sir Francis Lawley, 7th Baronet",,Q7153985,"Paul Thompson, 1st Baron Wenlock",,sibling,wikidata
Q13529993,"Sir Frank Meyer, 2nd Baronet",5053,Q7526020,"Sir Anthony Meyer, 3rd Baronet",,child,wikidata
Q5498024,"Sir Frederick Heygate, 2nd Baronet",2267,Q16931294,William Unwin Heygate,,sibling,wikidata
Q26256311,"Sir Frederick Johnstone, 7th Baronet",6940,Q7526782,"Sir Frederick Johnstone, 8th Baronet",,child,wikidata
Q7526782,"Sir Frederick Johnstone, 8th Baronet",2367,Q26256311,"Sir Frederick Johnstone, 7th Baronet",,father,wikidata
Q7526789,"Sir Frederick Milner, 7th Baronet",1928,Q26695977,"Sir William Milner, 5th Baronet",,father,wikidata
Q7526794,"Sir Frederick Thomson, 1st Baronet",7911,Q16078875,"Sir Douglas Thomson, 2nd Baronet",,child,wikidata
Q7526795,"Sir Frederick Williams, 2nd Baronet",1054,Q5078985,Charles Henry Williams,,sibling,wikidata
Q7526796,"Sir Frederick Wills, 1st Baronet",7665,Q5561280,"Gilbert Wills, 1st Baron Dulverton",,child,wikidata
Q5536096,"Sir George Agnew, 2nd Baronet",6342,Q7529463,"Sir William Agnew, 1st Bt.",,father,wikidata
Q26197699,"Sir George Beresford, 2nd Baronet",6433,Q6661642,"Sir John Beresford, 1st Baronet",,father,wikidata
Q7526846,"Sir George Brooke-Pechell, 4th Baronet",5349,Q4364005,Samuel Pechell,,sibling,wikidata
Q5538071,"Sir George Colthurst, 5th Baronet",2806,Q21548522,David Colthurst,,sibling,wikidata
Q1314450,"Sir George Elliot, 1st Baronet",1552,Q7526878,"Sir George Elliot, 2nd Baronet",,child,wikidata
Q7526878,"Sir George Elliot, 2nd Baronet",1553,Q1314450,"Sir George Elliot, 1st Baronet",,father,wikidata
Q5771276,"Sir George Grey, 2nd Baronet",1739,Q5078440,Charles Grey,6846,cousin,rush
Q5771276,"Sir George Grey, 2nd Baronet",1739,Q7412920,Samuel Whitbread,1030,cousin,rush
Q16741841,"Sir George Philips, 1st Baronet",,Q7526908,"Sir George Philips, 2nd Baronet",,child,wikidata
Q7526908,"Sir George Philips, 2nd Baronet",7122,Q16741841,"Sir George Philips, 1st Baronet",,father,wikidata
Q7526913,"Sir George Renwick, 1st Baronet",5556,Q5621197,Gustav Renwick,,child,wikidata
Q3101884,"Sir George Russell, 4th Baronet",805,Q2960166,"Sir Charles Russell, 3rd Baronet",,sibling,wikidata
Q333808,"Sir George Trevelyan, 2nd Baronet",961,Q333358,"Sir Charles Trevelyan, 3rd Baronet",,child,wikidata
Q7526957,"Sir Gerard Noel, 2nd Baronet",7071,Q8016160,William Noel,,child,wikidata
Q7526970,"Sir Gilbert Greenall, 1st Baronet",1729,Q18917218,Peter Greenall,,sibling,wikidata
Q7526975,"Sir Gilbert Heathcote, 4th Baronet",4313,Q5560967,"Gilbert Heathcote, 1st Baron Aveland",,child,wikidata
Q7526975,"Sir Gilbert Heathcote, 4th Baronet",4313,Q7620761,"Gilbert Heathcote-Drummond-Willoughby, 1st Earl of Ancaster",,grandchild,wikidata
Q7526983,"Sir Glynne Welby, 3rd Baronet",7334,Q19308194,Alfred Welby,,child,wikidata
Q7526983,"Sir Glynne Welby, 3rd Baronet",7334,Q7529817,"Sir William Welby-Gregory, 4th Baronet",,child,wikidata
Q7526983,"Sir Glynne Welby, 3rd Baronet",7334,Q13530066,"Sir Charles Welby, 5th Baronet",,grandchild,wikidata
Q7526990,"Sir Godfrey Nicholson, 1st Baronet",8569,Q334097,Emma Nicholson,,child,wikidata
Q7526994,"Sir Gordon Touche, 1st Baronet",6011,Q5545281,George Touche,,father,wikidata
Q7527055,"Sir Harry Meysey-Thompson, 1st Baronet",7273,Q5725848,"Henry Meysey-Thompson, 1st Baron Knaresborough",,child,wikidata
Q7527064,"Sir Harry Verney, 2nd Baronet",979,Q5499113,Frederick William Verney,,child,wikidata
Q7527064,"Sir Harry Verney, 2nd Baronet",979,Q7526496,"Sir Edmund Verney, 3rd Baronet",,child,wikidata
Q7527064,"Sir Harry Verney, 2nd Baronet",979,Q7527066,"Sir Harry Verney, 4th Baronet",,grandchild,wikidata
Q7527064,"Sir Harry Verney, 2nd Baronet",979,Q26732784,Frederick Calvert,,sibling,wikidata
Q7527066,"Sir Harry Verney, 4th Baronet",7643,Q7526496,"Sir Edmund Verney, 3rd Baronet",,father,wikidata
Q7527066,"Sir Harry Verney, 4th Baronet",7643,Q7527064,"Sir Harry Verney, 2nd Baronet",,grandparent,wikidata
Q7527066,"Sir Harry Verney, 4th Baronet",7643,Q5499113,Frederick William Verney,,uncle/aunt,wikidata
Q11801410,"Sir Hedworth Williamson, 7th Baronet",6474,Q7527086,"Sir Hedworth Williamson, 8th Baronet",,child,wikidata
Q7527086,"Sir Hedworth Williamson, 8th Baronet",1060,Q11801410,"Sir Hedworth Williamson, 7th Baronet",,father,wikidata
Q7527111,"Sir Henry Bunbury, 7th Baronet",,Q5342065,Edward Bunbury,,child,wikidata
Q7527131,"Sir Henry Ferguson Davie, 1st Baronet",1457,Q26704994,"Sir John Ferguson Davie, 2nd Baronet",,child,wikidata
Q7527131,"Sir Henry Ferguson Davie, 1st Baronet",1457,Q7344305,Robert Ferguson of Raith,,father,wikidata
Q7527149,"Sir Henry Havelock-Allan, 1st Baronet",2238,Q7527151,"Sir Henry Havelock-Allan, 2nd Baronet",,child,wikidata
Q7527151,"Sir Henry Havelock-Allan, 2nd Baronet",7652,Q7527149,"Sir Henry Havelock-Allan, 1st Baronet",,father,wikidata
Q7527160,"Sir Henry Jackson, 2nd Baronet",2348,Q7529639,"Sir William Jackson, 1st Baronet",,father,wikidata
Q7527248,"Sir Herbert Huntington-Whiteley, 1st Baronet",1835,Q5546224,"George Whiteley, 1st Baron Marchamley",,sibling,wikidata
Q7527261,"Sir Herbert Williams-Wynn, 7th Baronet",6317,Q19819903,Herbert Williams-Wynn,,father,wikidata
Q7527261,"Sir Herbert Williams-Wynn, 7th Baronet",6317,Q7529424,"Sir Watkin Williams-Wynn, 5th Baronet",,grandparent,wikidata
Q7527261,"Sir Herbert Williams-Wynn, 7th Baronet",6317,Q7529429,"Sir Watkin Williams-Wynn, 6th Baronet",,uncle/aunt,wikidata
Q16741853,"Sir Horace St Paul, 1st Baronet",,Q26299011,"Sir Horace St Paul, 2nd Baronet",,child,wikidata
Q26299011,"Sir Horace St Paul, 2nd Baronet",5838,Q16741853,"Sir Horace St Paul, 1st Baronet",,father,wikidata
Q7527302,"Sir Hugh Cholmeley, 3rd Baronet",1368,Q7528355,"Sir Montague Cholmeley, 2nd Baronet",,father,wikidata
Q25558228,"Sir Hugh Owen Owen, 2nd Baronet",7089,Q7527984,"Sir John Owen, 1st Baronet",,father,wikidata
Q7527315,"Sir Hugh Shaw-Stewart, 8th Baronet",2015,Q11803653,"Sir Michael Shaw-Stewart, 7th Baronet",,father,wikidata
Q7527315,"Sir Hugh Shaw-Stewart, 8th Baronet",2015,Q26258168,"Sir Michael Shaw-Stewart, 6th Baronet",,grandparent,wikidata
Q3154745,"Sir Isaac Holden, 1st Baronet",2290,Q4764135,"Angus Holden, 1st Baron Holden",,child,wikidata
Q7527435,"Sir James Heath, 1st Baronet",1942,Q26719445,Robert Heath,,father,wikidata
Q7527435,"Sir James Heath, 1st Baronet",1942,Q4799005,Arthur Heath,,sibling,wikidata
Q7527438,"Sir James Hogg, 1st Baronet",9102,Q6139316,"James McGarel-Hogg, 1st Baron Magheramorne",,child,wikidata
Q7527452,"Sir James Lawrence, 1st Baronet",2429,Q8014353,William Lawrence,,sibling,wikidata
Q7527452,"Sir James Lawrence, 1st Baronet",2429,Q5346368,Edwin Durning-Lawrence,,sibling,wikidata
Q7527473,"Sir James Pender, 1st Baronet",2747,Q3485213,John Pender,,father,wikidata
Q26695991,"Sir James Power, 2nd Baronet",7139,Q50828546,"Sir John Power, 3rd Baronet",,child,wikidata
Q6142173,"Sir James Rivett-Carnac, 1st Baronet",3446,Q16063094,"Sir John Rivett-Carnac, 2nd Baronet",,child,wikidata
Q7527510,"Sir James Whitehead, 1st Baronet",1036,Q7528915,"Sir Rowland Whitehead, 3rd Baronet",,child,wikidata
Q7527560,"Sir John Arbuthnot, 1st Baronet",6411,Q259736,James Arbuthnot,,child,wikidata
Q16029286,"Sir John Barlow, 1st Baronet",2907,Q7527585,"Sir John Barlow, 2nd Baronet",,child,wikidata
Q16029286,"Sir John Barlow, 1st Baronet",2907,Q7167232,Percy Barlow,,sibling,wikidata
Q7527585,"Sir John Barlow, 2nd Baronet",8689,Q16029286,"Sir John Barlow, 1st Baronet",,father,wikidata
Q7527588,"Sir John Barran, 1st Baronet",1173,Q7372096,Rowland Barran,,child,wikidata
Q7527597,"Sir John Beckett, 2nd Baronet",6550,Q8005295,William Beckett-Denison,,nephew/niece,wikidata
Q7527597,"Sir John Beckett, 2nd Baronet",6550,Q5111934,Christopher Beckett Denison,,nephew/niece,wikidata
Q7527597,"Sir John Beckett, 2nd Baronet",6550,Q7526465,"Sir Edmund Beckett, 4th Baronet",,sibling,wikidata
Q7527599,"Sir John Benn, 1st Baronet",2906,Q677902,"William Wedgwood Benn, 1st Viscount Stansgate",,child,wikidata
Q7527599,"Sir John Benn, 1st Baronet",2906,Q332412,Tony Benn,,grandchild,wikidata
Q6661642,"Sir John Beresford, 1st Baronet",6558,Q26197699,"Sir George Beresford, 2nd Baronet",,child,wikidata
Q4097186,"Sir John Brunner, 1st Baronet",1785,Q7527629,"Sir John Brunner, 2nd Baronet",,child,wikidata
Q7527629,"Sir John Brunner, 2nd Baronet",8075,Q4097186,"Sir John Brunner, 1st Baronet",,father,wikidata
Q7527635,"Sir John Burke, 2nd Baronet",,Q7529071,"Sir Thomas Burke, 3rd Baronet",,child,wikidata
Q7527637,"Sir John Buxton, 2nd Baronet",,Q7528734,"Sir Robert Buxton, 3rd Baronet",,child,wikidata
Q7527724,"Sir John Dillwyn-Llewellyn, 1st Baronet",1496,Q5076881,Charles Dillwyn-Venables-Llewellyn,,child,wikidata
Q1699911,"Sir John Eardley-Wilmot, 1st Baronet",7359,Q7527746,"Sir John Eardley-Wilmot, 2nd Baronet",,child,wikidata
Q7527746,"Sir John Eardley-Wilmot, 2nd Baronet",1530,Q1699911,"Sir John Eardley-Wilmot, 1st Baronet",,father,wikidata
Q7527761,"Sir John Ennis, 1st Baronet",252,Q7527760,"Sir John Ennis, 2nd Baronet",,child,wikidata
Q7527760,"Sir John Ennis, 2nd Baronet",1565,Q7527761,"Sir John Ennis, 1st Baronet",,father,wikidata
Q16937367,"Sir John Esmonde, 10th Baronet",1570,Q7529116,"Sir Thomas Esmonde, 11th Baronet",,child,wikidata
Q7527764,"Sir John Esmonde, 14th Baronet",7476,Q6242146,John Joseph Esmonde,,father,wikidata
Q26704994,"Sir John Ferguson Davie, 2nd Baronet",9090,Q7527131,"Sir Henry Ferguson Davie, 1st Baronet",,father,wikidata
Q26704994,"Sir John Ferguson Davie, 2nd Baronet",9090,Q7344305,Robert Ferguson of Raith,,grandparent,wikidata
Q7527785,"Sir John Fuller, 1st Baronet",7650,Q5539524,George Fuller,,father,wikidata
Q5759238,"Sir John Gilmour, 2nd Baronet",4095,Q13529909,"Sir John Gilmour, 3rd Baronet",,child,wikidata
Q13529909,"Sir John Gilmour, 3rd Baronet",4096,Q5759238,"Sir John Gilmour, 2nd Baronet",,father,wikidata
Q7527819,"Sir John Hardy, 1st Baronet",2225,Q6500633,Laurence Hardy,,child,wikidata
Q7527819,"Sir John Hardy, 1st Baronet",2225,Q6237751,John Hardy,,father,wikidata
Q7527819,"Sir John Hardy, 1st Baronet",2225,Q4722710,Alfred Gathorne-Hardy,,nephew/niece,wikidata
Q7527819,"Sir John Hardy, 1st Baronet",2225,Q13529906,"John Gathorne-Hardy, 2nd Earl of Cranbrook",,nephew/niece,wikidata
Q7527819,"Sir John Hardy, 1st Baronet",2225,Q5527395,"Gathorne Gathorne-Hardy, 1st Earl of Cranbrook",,sibling,wikidata
Q7527888,"Sir John Leslie, 1st Baronet",2458,Q21079151,Charles Powell Leslie,,sibling,wikidata
Q7527921,"Sir John Maxwell, 7th Baronet",7023,Q18534207,"Sir John Maxwell, 8th Baronet",,child,wikidata
Q18534207,"Sir John Maxwell, 8th Baronet",7022,Q7527921,"Sir John Maxwell, 7th Baronet",,father,wikidata
Q7527946,"Sir John Mordaunt, 9th Baronet",9419,Q7526258,"Sir Charles Mordaunt, 10th Baronet",,child,wikidata
Q7527953,"Sir John Mowbray, 1st Baronet",2640,Q7528815,"Sir Robert Mowbray, 2nd Baronet",,child,wikidata
Q7527984,"Sir John Owen, 1st Baronet",7090,Q25558228,"Sir Hugh Owen Owen, 2nd Baronet",,child,wikidata
Q50828546,"Sir John Power, 3rd Baronet",2785,Q26695991,"Sir James Power, 2nd Baronet",,father,wikidata
Q11803853,"Sir John Ramsden, 5th Baronet",737,Q16741842,John Charles Ramsden,,father,wikidata
Q16063094,"Sir John Rivett-Carnac, 2nd Baronet",3447,Q6142173,"Sir James Rivett-Carnac, 1st Baronet",,father,wikidata
Q7528071,"Sir John Simeon, 3rd Baronet",859,Q7528073,"Sir John Simeon, 4th Baronet",,child,wikidata
Q7528071,"Sir John Simeon, 3rd Baronet",859,Q7528660,"Sir Richard Simeon, 2nd Baronet",,father,wikidata
Q7528073,"Sir John Simeon, 4th Baronet",1863,Q7528071,"Sir John Simeon, 3rd Baronet",,father,wikidata
Q7528073,"Sir John Simeon, 4th Baronet",1863,Q7528660,"Sir Richard Simeon, 2nd Baronet",,grandparent,wikidata
Q7528074,"Sir John Sinclair, 3rd Baronet",862,Q15646836,George Sinclair,,father,wikidata
Q7528085,"Sir John Starkey, 1st Baronet",8095,Q6536990,Lewis Randle Starkey,,father,wikidata
Q7528094,"Sir John Stirling-Maxwell, 10th Baronet",2011,Q334215,"Sir William Stirling-Maxwell, 9th Baronet",,father,wikidata
Q7528094,"Sir John Stirling-Maxwell, 10th Baronet",2011,Q20054043,Archibald Stirling,,sibling,wikidata
Q7528127,"Sir John Vanden-Bempde-Johnstone, 2nd Baronet",2369,Q5655049,"Harcourt Vanden-Bempde-Johnstone, 1st Baron Derwent",,child,wikidata
Q16066164,"Sir Joseph Bailey, 1st Baronet",6508,Q16240158,Joseph Bailey,,child,wikidata
Q16066164,"Sir Joseph Bailey, 1st Baronet",6508,Q6286713,"Joseph Russell Bailey, 1st Baron Glanusk",,grandchild,wikidata
Q7528199,"Sir Joseph Pease, 1st Baronet",1818,Q6114554,"Jack Pease, 1st Baron Gainford",,child,wikidata
Q7528199,"Sir Joseph Pease, 1st Baronet",1818,Q7525972,"Sir Alfred Pease, 2nd Baronet",,child,wikidata
Q7528199,"Sir Joseph Pease, 1st Baronet",1818,Q6286166,Joseph Pease,,father,wikidata
Q7528199,"Sir Joseph Pease, 1st Baronet",1818,Q5735228,"Herbert Pease, 1st Baron Daryngton",,nephew/niece,wikidata
Q7528199,"Sir Joseph Pease, 1st Baronet",1818,Q4799939,Arthur Pease,,sibling,wikidata
Q1907604,"Sir Massey Lopes, 3rd Baronet",2490,Q5725065,"Henry Lopes, 1st Baron Roborough",,child,wikidata
Q1907604,"Sir Massey Lopes, 3rd Baronet",2490,Q7528514,"Sir Ralph Lopes, 2nd Baronet",,father,wikidata
Q1907604,"Sir Massey Lopes, 3rd Baronet",2490,Q5725062,"Henry Lopes, 1st Baron Ludlow",,sibling,wikidata
Q7528317,"Sir Matthew White Ridley, 3rd Baronet",6464,Q11802686,"Sir Matthew White Ridley, 4th Baronet",,child,wikidata
Q7528317,"Sir Matthew White Ridley, 3rd Baronet",6464,Q25863273,George Ridley,,child,wikidata
Q7528317,"Sir Matthew White Ridley, 3rd Baronet",6464,Q16030421,Edward Ridley,,grandchild,wikidata
Q7528317,"Sir Matthew White Ridley, 3rd Baronet",6464,Q337696,"Matthew White Ridley, 1st Viscount Ridley",,grandchild,wikidata
Q7528317,"Sir Matthew White Ridley, 3rd Baronet",6464,Q7026124,"Nicholas Ridley-Colborne, 1st Baron Colborne",,sibling,wikidata
Q11802686,"Sir Matthew White Ridley, 4th Baronet",6465,Q16030421,Edward Ridley,,child,wikidata
Q11802686,"Sir Matthew White Ridley, 4th Baronet",6465,Q337696,"Matthew White Ridley, 1st Viscount Ridley",,child,wikidata
Q11802686,"Sir Matthew White Ridley, 4th Baronet",6465,Q7528317,"Sir Matthew White Ridley, 3rd Baronet",,father,wikidata
Q11802686,"Sir Matthew White Ridley, 4th Baronet",6465,Q6791421,"Matthew White Ridley, 2nd Viscount Ridley",,grandchild,wikidata
Q11802686,"Sir Matthew White Ridley, 4th Baronet",6465,Q25863273,George Ridley,,sibling,wikidata
Q7528319,"Sir Matthew Wood, 1st Baronet",7368,Q7988450,Western Wood,,child,wikidata
Q7528319,"Sir Matthew Wood, 1st Baronet",7368,Q285868,"William Wood, 1st Baron Hatherley",,child,wikidata
Q7528323,"Sir Max Aitken, 2nd Baronet",2990,Q332454,"Max Aitken, 1st Baron Beaverbrook",,father,wikidata
Q7528336,"Sir Michael Hicks Beach, 8th Baronet",6548,Q332746,"Michael Hicks Beach, 1st Earl St Aldwyn",,child,wikidata
Q7528336,"Sir Michael Hicks Beach, 8th Baronet",6548,Q8009392,William Frederick Hicks-Beach,,child,wikidata
Q7528336,"Sir Michael Hicks Beach, 8th Baronet",6548,Q6831126,"Michael Hicks Beach, Viscount Quenington",,grandchild,wikidata
Q7528339,"Sir Michael O'Loghlen, 1st Baronet",7084,Q7526358,"Sir Colman O'Loghlen, 2nd Baronet",,child,wikidata
Q7528339,"Sir Michael O'Loghlen, 1st Baronet",7084,Q4980274,Bryan O'Loghlen,,child,wikidata
Q26258168,"Sir Michael Shaw-Stewart, 6th Baronet",7244,Q11803653,"Sir Michael Shaw-Stewart, 7th Baronet",,child,wikidata
Q26258168,"Sir Michael Shaw-Stewart, 6th Baronet",7244,Q7527315,"Sir Hugh Shaw-Stewart, 8th Baronet",,grandchild,wikidata
Q26258168,"Sir Michael Shaw-Stewart, 6th Baronet",7244,Q16065355,Houston Stewart,,sibling,wikidata
Q11803653,"Sir Michael Shaw-Stewart, 7th Baronet",7243,Q7527315,"Sir Hugh Shaw-Stewart, 8th Baronet",,child,wikidata
Q11803653,"Sir Michael Shaw-Stewart, 7th Baronet",7243,Q26258168,"Sir Michael Shaw-Stewart, 6th Baronet",,father,wikidata
Q7528351,"Sir Montagu Chapman, 3rd Baronet",6643,Q26257714,"Sir Benjamin Chapman, 4th Baronet",,sibling,wikidata
Q7528355,"Sir Montague Cholmeley, 2nd Baronet",1369,Q7527302,"Sir Hugh Cholmeley, 3rd Baronet",,child,wikidata
Q16030721,"Sir Osmond Williams, 1st Baronet",5296,Q5241134,David Williams,,father,wikidata
Q741075,"Sir Patrick O'Brien, 2nd Baronet",2677,Q2435270,Timothy O'Brien,,father,wikidata
Q7528468,"Sir Peter Roberts, 3rd Baronet",8802,Q7528949,"Sir Samuel Roberts, 2nd Baronet",,father,wikidata
Q7528468,"Sir Peter Roberts, 3rd Baronet",8802,Q7528947,"Sir Samuel Roberts, 1st Baronet",,grandparent,wikidata
Q7528485,"Sir Philip Miles, 2nd Baronet",2602,Q7529690,"Sir William Miles, 1st Baronet",,father,wikidata
Q7528485,"Sir Philip Miles, 2nd Baronet",2602,Q25927689,Philip John Miles,,grandparent,wikidata
Q7528485,"Sir Philip Miles, 2nd Baronet",2602,Q26265459,Philip William Skynner Miles,,uncle/aunt,wikidata
Q13529999,"Sir Philip Muntz, 1st Baronet",2100,Q5539445,George Frederick Muntz,,father,wikidata
Q7528499,"Sir Philip Sassoon, 3rd Baronet",5669,Q7526609,"Sir Edward Sassoon, 2nd Baronet, of Kensington Gore",,father,wikidata
Q7528514,"Sir Ralph Lopes, 2nd Baronet",6992,Q5725062,"Henry Lopes, 1st Baron Ludlow",,child,wikidata
Q7528514,"Sir Ralph Lopes, 2nd Baronet",6992,Q1907604,"Sir Massey Lopes, 3rd Baronet",,child,wikidata
Q7528514,"Sir Ralph Lopes, 2nd Baronet",6992,Q5725065,"Henry Lopes, 1st Baron Roborough",,grandchild,wikidata
Q7528523,"Sir Raymond Greene, 2nd Baronet",1778,Q7526558,"Sir Edward Greene, 1st Baronet",,father,wikidata
Q7528523,"Sir Raymond Greene, 2nd Baronet",1778,Q5343165,Edward Greene,,grandparent,wikidata
Q7528660,"Sir Richard Simeon, 2nd Baronet",7207,Q7528071,"Sir John Simeon, 3rd Baronet",,child,wikidata
Q7528660,"Sir Richard Simeon, 2nd Baronet",7207,Q7528073,"Sir John Simeon, 4th Baronet",,grandchild,wikidata
Q7528702,"Sir Robert Anstruther, 5th Baronet",1121,Q5729236,Henry Torrens Anstruther,,child,wikidata
Q7528718,"Sir Robert Bateson, 1st Baronet",6546,Q7341932,Robert Bateson,,child,wikidata
Q7528718,"Sir Robert Bateson, 1st Baronet",6546,Q7787471,"Thomas Bateson, 1st Baron Deramore",,child,wikidata
Q7528721,"Sir Robert Bird, 2nd Baronet",3210,Q7525969,"Sir Alfred Bird, 1st Baronet",,father,wikidata
Q7528734,"Sir Robert Buxton, 3rd Baronet",1312,Q7527637,"Sir John Buxton, 2nd Baronet",,father,wikidata
Q7528805,"Sir Robert Loder, 1st Baronet",2487,Q5549352,"Gerald Loder, 1st Baron Wakehurst",,child,wikidata
Q7528805,"Sir Robert Loder, 1st Baronet",2487,Q3182815,"John Loder, 2nd Baron Wakehurst",,grandchild,wikidata
Q7528815,"Sir Robert Mowbray, 2nd Baronet",2054,Q7527953,"Sir John Mowbray, 1st Baronet",,father,wikidata
Q4685934,"Sir Robert Peel, 3rd Baronet",2741,Q181875,Robert Peel,,father,wikidata
Q4685934,"Sir Robert Peel, 3rd Baronet",2741,Q7509271,Sidney Peel,,nephew/niece,wikidata
Q4685934,"Sir Robert Peel, 3rd Baronet",2741,Q2920090,"William Peel, 1st Earl Peel",,nephew/niece,wikidata
Q4685934,"Sir Robert Peel, 3rd Baronet",2741,Q4798804,Arthur George Villiers Peel,,nephew/niece,wikidata
Q4685934,"Sir Robert Peel, 3rd Baronet",2741,Q334165,Arthur Peel,,sibling,wikidata
Q4685934,"Sir Robert Peel, 3rd Baronet",2741,Q5498541,Frederick Peel,,sibling,wikidata
Q7528832,"Sir Robert Phillimore, 1st Baronet",5389,Q6235155,John George Phillimore,,sibling,wikidata
Q7528866,"Sir Robert Williams, 1st Baronet",1845,Q7351117,Robert Williams,,father,wikidata
Q7528866,"Sir Robert Williams, 1st Baronet",1845,Q7351116,Robert Williams,,grandparent,wikidata
Q7528915,"Sir Rowland Whitehead, 3rd Baronet",7529,Q7527510,"Sir James Whitehead, 1st Baronet",,father,wikidata
Q7528945,"Sir Samuel Hoare, 1st Baronet",1924,Q333429,"Samuel Hoare, 1st Viscount Templewood",,child,wikidata
Q7528947,"Sir Samuel Roberts, 1st Baronet",8233,Q7528949,"Sir Samuel Roberts, 2nd Baronet",,child,wikidata
Q7528947,"Sir Samuel Roberts, 1st Baronet",8233,Q7528468,"Sir Peter Roberts, 3rd Baronet",,grandchild,wikidata
Q7528949,"Sir Samuel Roberts, 2nd Baronet",9438,Q7528468,"Sir Peter Roberts, 3rd Baronet",,child,wikidata
Q7528949,"Sir Samuel Roberts, 2nd Baronet",9438,Q7528947,"Sir Samuel Roberts, 1st Baronet",,father,wikidata
Q7528984,"Sir Stephen Furness, 1st Baronet",7649,Q7610101,Stephen Furness,,child,wikidata
Q7528999,"Sir Sydney Waterlow, 1st Baronet",999,Q16031339,David Waterlow,,child,wikidata
Q7529038,"Sir Thomas Baring, 2nd Baronet",,Q7787384,Thomas Baring,,child,wikidata
Q7529038,"Sir Thomas Baring, 2nd Baronet",,Q3750914,"Francis Baring, 1st Baron Northbrook",,child,wikidata
Q7529038,"Sir Thomas Baring, 2nd Baronet",,Q337771,"Thomas Baring, 1st Earl of Northbrook",,grandchild,wikidata
Q7529038,"Sir Thomas Baring, 2nd Baronet",,Q5480129,"Francis Baring, 3rd Baron Ashburton",,nephew/niece,wikidata
Q7529038,"Sir Thomas Baring, 2nd Baronet",,Q4914194,"Bingham Baring, 2nd Baron Ashburton",,nephew/niece,wikidata
Q7529038,"Sir Thomas Baring, 2nd Baronet",,Q652514,"Alexander Baring, 1st Baron Ashburton",,sibling,wikidata
Q7529041,"Sir Thomas Barrett-Lennard, 1st Baronet",4690,Q24239146,Thomas Barrett Lennard,,child,wikidata
Q7529071,"Sir Thomas Burke, 3rd Baronet",6613,Q7527635,"Sir John Burke, 2nd Baronet",,father,wikidata
Q5591064,"Sir Thomas Buxton, 1st Baronet",6617,Q5075948,Charles Buxton,,child,wikidata
Q5591064,"Sir Thomas Buxton, 1st Baronet",6617,Q16066171,"Sir Edward Buxton, 2nd Baronet",,child,wikidata
Q5591064,"Sir Thomas Buxton, 1st Baronet",6617,Q334449,Thomas Fowell Buxton,,grandchild,wikidata
Q5591064,"Sir Thomas Buxton, 1st Baronet",6617,Q5342118,Edward Buxton,,grandchild,wikidata
Q5591064,"Sir Thomas Buxton, 1st Baronet",6617,Q5480390,Francis Buxton,,grandchild,wikidata
Q5591064,"Sir Thomas Buxton, 1st Baronet",6617,Q1645717,"Sydney Buxton, 1st Earl Buxton",,grandchild,wikidata
Q3525076,"Sir Thomas Dyke Acland, 10th Baronet",6284,Q7529108,"Sir Thomas Dyke Acland, 11th Baronet",,child,wikidata
Q3525076,"Sir Thomas Dyke Acland, 10th Baronet",6284,Q606299,"Sir Arthur Dyke Acland, 13th Baronet",,grandchild,wikidata
Q3525076,"Sir Thomas Dyke Acland, 10th Baronet",6284,Q7529110,"Sir Thomas Dyke Acland, 12th Baronet",,grandchild,wikidata
Q7529108,"Sir Thomas Dyke Acland, 11th Baronet",25,Q606299,"Sir Arthur Dyke Acland, 13th Baronet",,child,wikidata
Q7529108,"Sir Thomas Dyke Acland, 11th Baronet",25,Q7529110,"Sir Thomas Dyke Acland, 12th Baronet",,child,wikidata
Q7529108,"Sir Thomas Dyke Acland, 11th Baronet",25,Q3525076,"Sir Thomas Dyke Acland, 10th Baronet",,father,wikidata
Q7529108,"Sir Thomas Dyke Acland, 11th Baronet",25,Q5542038,"Sir Francis Dyke Acland, 14th Baronet",,grandchild,wikidata
Q7529110,"Sir Thomas Dyke Acland, 12th Baronet",22,Q7529108,"Sir Thomas Dyke Acland, 11th Baronet",,father,wikidata
Q7529110,"Sir Thomas Dyke Acland, 12th Baronet",22,Q3525076,"Sir Thomas Dyke Acland, 10th Baronet",,grandparent,wikidata
Q7529110,"Sir Thomas Dyke Acland, 12th Baronet",22,Q5542038,"Sir Francis Dyke Acland, 14th Baronet",,nephew/niece,wikidata
Q7529110,"Sir Thomas Dyke Acland, 12th Baronet",22,Q606299,"Sir Arthur Dyke Acland, 13th Baronet",,sibling,wikidata
Q7529116,"Sir Thomas Esmonde, 11th Baronet",2189,Q16937367,"Sir John Esmonde, 10th Baronet",,father,wikidata
Q7529140,"Sir Thomas Gladstone, 2nd Baronet",6820,Q2347324,"Herbert Gladstone, 1st Viscount Gladstone",,nephew/niece,wikidata
Q7529140,"Sir Thomas Gladstone, 2nd Baronet",6820,Q4020043,William Henry Gladstone,,nephew/niece,wikidata
Q7529140,"Sir Thomas Gladstone, 2nd Baronet",6820,Q6250233,John Gladstone,,sibling,wikidata
Q7529140,"Sir Thomas Gladstone, 2nd Baronet",6820,Q160852,William Ewart Gladstone,,sibling,wikidata
Q7529253,"Sir Thomas Royden, 1st Baronet",791,Q7793665,"Thomas Royden, 1st Baron Royden",,child,wikidata
Q7529296,"Sir Thomas Western, 1st Baronet",6172,Q7529300,"Sir Thomas Western, 2nd Baronet",,child,wikidata
Q7529300,"Sir Thomas Western, 2nd Baronet",6171,Q7529296,"Sir Thomas Western, 1st Baronet",,father,wikidata
Q7529312,"Sir Thomas Winnington, 3rd Baronet",,Q11803732,"Sir Thomas Winnington, 4th Baronet",,child,wikidata
Q7529312,"Sir Thomas Winnington, 3rd Baronet",,Q15815164,Henry Winnington,,sibling,wikidata
Q11803732,"Sir Thomas Winnington, 4th Baronet",6231,Q7529312,"Sir Thomas Winnington, 3rd Baronet",,father,wikidata
Q7529373,"Sir Walter Burrell, 5th Baronet",1302,Q7526182,"Sir Charles Burrell, 3rd Baronet",,father,wikidata
Q7529373,"Sir Walter Burrell, 5th Baronet",1302,Q7167269,Percy Burrell,,sibling,wikidata
Q26248630,"Sir Walter Minto Townsend-Farquhar, 2nd Baronet",2392,Q16031557,"Horace Farquhar, 1st Earl Farquhar",,child,wikidata
Q7529396,"Sir Walter Palmer, 1st Baronet",7655,Q5543175,George Palmer,,father,wikidata
Q7529396,"Sir Walter Palmer, 1st Baronet",7655,Q5546342,George William Palmer,,sibling,wikidata
Q7529424,"Sir Watkin Williams-Wynn, 5th Baronet",6318,Q19819903,Herbert Williams-Wynn,,child,wikidata
Q7529424,"Sir Watkin Williams-Wynn, 5th Baronet",6318,Q7529429,"Sir Watkin Williams-Wynn, 6th Baronet",,child,wikidata
Q7529424,"Sir Watkin Williams-Wynn, 5th Baronet",6318,Q7527261,"Sir Herbert Williams-Wynn, 7th Baronet",,grandchild,wikidata
Q7529424,"Sir Watkin Williams-Wynn, 5th Baronet",6318,Q16059942,Charles Williams-Wynn,,nephew/niece,wikidata
Q7529424,"Sir Watkin Williams-Wynn, 5th Baronet",6318,Q213150,Charles Williams-Wynn,,sibling,wikidata
Q7529429,"Sir Watkin Williams-Wynn, 6th Baronet",1098,Q16059942,Charles Williams-Wynn,1097,cousin,rush
Q7529429,"Sir Watkin Williams-Wynn, 6th Baronet",1098,Q7529424,"Sir Watkin Williams-Wynn, 5th Baronet",,father,wikidata
Q7529429,"Sir Watkin Williams-Wynn, 6th Baronet",1098,Q7527261,"Sir Herbert Williams-Wynn, 7th Baronet",,nephew/niece,wikidata
Q7529429,"Sir Watkin Williams-Wynn, 6th Baronet",1098,Q19819903,Herbert Williams-Wynn,,sibling,wikidata
Q338188,"Sir Wentworth Dilke, 1st Baronet",6482,Q338114,"Sir Charles Dilke, 2nd Baronet",,child,wikidata
Q338188,"Sir Wentworth Dilke, 1st Baronet",6482,Q4806083,Ashton Wentworth Dilke,,child,wikidata
Q7529446,"Sir Wilfrid Lawson, 2nd Baronet",1796,Q7529449,"Sir Wilfrid Lawson, 3rd Baronet, of Brayton",,child,wikidata
Q7529449,"Sir Wilfrid Lawson, 3rd Baronet, of Brayton",7694,Q7529446,"Sir Wilfrid Lawson, 2nd Baronet",,father,wikidata
Q7529463,"Sir William Agnew, 1st Bt.",752,Q5536096,"Sir George Agnew, 2nd Baronet",,child,wikidata
Q7529526,"Sir William Chaytor, 1st Baronet",8993,Q7529524,"Sir William Chaytor, 2nd Baronet",,child,wikidata
Q7529524,"Sir William Chaytor, 2nd Baronet",9086,Q7529526,"Sir William Chaytor, 1st Baronet",,father,wikidata
Q17279230,"Sir William Clayton, 5th Baronet",3512,Q26718791,Rice Clayton,,sibling,wikidata
Q3496911,"Sir William Evans, 1st Baronet",1573,Q8008696,William Evans,,father,wikidata
Q7529613,"Sir William Gordon-Cumming, 2nd Baronet",,Q5076584,Charles Cumming-Bruce,,sibling,wikidata
Q7529624,"Sir William Hayter, 1st Baronet",6882,Q4798999,"Arthur Hayter, 1st Baron Haversham",,child,wikidata
Q7529634,"Sir William Hornby, 1st Baronet",1836,Q8012049,William Henry Hornby,,father,wikidata
Q7529636,"Sir William Ingram, 1st Baronet",2343,Q5734579,Herbert Ingram,,father,wikidata
Q7529639,"Sir William Jackson, 1st Baronet",6930,Q7527160,"Sir Henry Jackson, 2nd Baronet",,child,wikidata
Q7529690,"Sir William Miles, 1st Baronet",7036,Q7528485,"Sir Philip Miles, 2nd Baronet",,child,wikidata
Q7529690,"Sir William Miles, 1st Baronet",7036,Q25927689,Philip John Miles,,father,wikidata
Q7529690,"Sir William Miles, 1st Baronet",7036,Q26265459,Philip William Skynner Miles,,sibling,wikidata
Q26695977,"Sir William Milner, 5th Baronet",7045,Q7526789,"Sir Frederick Milner, 7th Baronet",,child,wikidata
Q7529701,"Sir William Mount, 1st Baronet",8323,Q11800502,William George Mount,,father,wikidata
Q7529701,"Sir William Mount, 1st Baronet",8323,Q8015892,William Mount,,grandparent,wikidata
Q7529726,"Sir William Pearce, 1st Baronet",2733,Q7529729,"Sir William Pearce, 2nd Baronet",,child,wikidata
Q7529729,"Sir William Pearce, 2nd Baronet",2734,Q7529726,"Sir William Pearce, 1st Baronet",,father,wikidata
Q7529740,"Sir William Prescott, 1st Baronet",9206,Q7599884,Stanley Prescott,,child,wikidata
Q7529765,"Sir William Salusbury-Trelawny, 8th Baronet",6030,Q6256551,John Salusbury-Trelawny,,child,wikidata
Q334215,"Sir William Stirling-Maxwell, 9th Baronet",2841,Q20054043,Archibald Stirling,,child,wikidata
Q334215,"Sir William Stirling-Maxwell, 9th Baronet",2841,Q7528094,"Sir John Stirling-Maxwell, 10th Baronet",,child,wikidata
Q16065605,"Sir William Verner, 1st Baronet",6470,Q7529810,"Sir William Verner, 2nd Baronet",,child,wikidata
Q16065605,"Sir William Verner, 1st Baronet",6470,Q5345715,"Sir Edward Verner, 4th Baronet",,child,wikidata
Q7529810,"Sir William Verner, 2nd Baronet",977,Q16065605,"Sir William Verner, 1st Baronet",,father,wikidata
Q7529810,"Sir William Verner, 2nd Baronet",977,Q5345715,"Sir Edward Verner, 4th Baronet",,sibling,wikidata
Q7529817,"Sir William Welby-Gregory, 4th Baronet",1014,Q13530066,"Sir Charles Welby, 5th Baronet",,child,wikidata
Q7529817,"Sir William Welby-Gregory, 4th Baronet",1014,Q7526983,"Sir Glynne Welby, 3rd Baronet",,father,wikidata
Q7529817,"Sir William Welby-Gregory, 4th Baronet",1014,Q19308194,Alfred Welby,,sibling,wikidata
Q7559823,Somerset Beaumont,1195,Q7794992,Thomas Wentworth Beaumont,,father,wikidata
Q7559823,Somerset Beaumont,1195,Q5927153,Hubert Beaumont,,nephew/niece,wikidata
Q7559823,Somerset Beaumont,1195,Q7983009,"Wentworth Beaumont, 1st Viscount Allendale",,nephew/niece,wikidata
Q7559823,Somerset Beaumont,1195,Q7983008,"Wentworth Beaumont, 1st Baron Allendale",,sibling,wikidata
Q7559889,"Somerset Maxwell, 8th Baron Farnham",7026,Q6139118,"James Maxwell, 9th Baron Farnham",,sibling,wikidata
Q7559889,"Somerset Maxwell, 8th Baron Farnham",7026,Q5725625,"Henry Maxwell, 7th Baron Farnham",,sibling,wikidata
Q334063,"Spencer Cavendish, 8th Duke of Devonshire",2235,Q337626,"William Cavendish, 7th Duke of Devonshire",,father,wikidata
Q334063,"Spencer Cavendish, 8th Duke of Devonshire",2235,Q6679906,Lord Richard Cavendish,,nephew/niece,wikidata
Q334063,"Spencer Cavendish, 8th Duke of Devonshire",2235,Q2411883,"Victor Cavendish, 9th Duke of Devonshire",,nephew/niece,wikidata
Q334063,"Spencer Cavendish, 8th Duke of Devonshire",2235,Q337905,Lord Edward Cavendish,,sibling,wikidata
Q334063,"Spencer Cavendish, 8th Duke of Devonshire",2235,Q337520,Lord Frederick Cavendish,,sibling,wikidata
Q7593650,"St John Brodrick, 1st Earl of Midleton",1951,Q8005969,"William Brodrick, 8th Viscount Midleton",,father,wikidata
Q332405,Stafford Cripps,8841,Q337704,"Charles Cripps, 1st Baron Parmoor",,father,wikidata
Q7596635,Stafford Howard,2312,Q5723318,Henry Howard,,father,wikidata
Q7596635,Stafford Howard,2312,Q16058834,Henry Howard,,sibling,wikidata
Q332650,"Stafford Northcote, 1st Earl of Iddesleigh",2672,Q333831,"Henry Northcote, 1st Baron Northcote",,child,wikidata
Q166635,Stanley Baldwin,7455,Q4090718,"Oliver Baldwin, 2nd Earl Baldwin of Bewdley",,child,wikidata
Q166635,Stanley Baldwin,7455,Q4722280,Alfred Baldwin,,father,wikidata
Q786474,Stanley Jackson,7899,Q8013386,"William Jackson, 1st Baron Allerton",,father,wikidata
Q7599747,Stanley Leighton,1932,Q16741829,Bertie Leighton,,child,wikidata
Q7599747,Stanley Leighton,1932,Q7526095,"Sir Baldwin Leighton, 7th Baronet",,father,wikidata
Q7599747,Stanley Leighton,1932,Q7526096,"Sir Baldwyn Leighton, 8th Baronet",,sibling,wikidata
Q7599884,Stanley Prescott,9302,Q7529740,"Sir William Prescott, 1st Baronet",,father,wikidata
Q7610101,Stephen Furness,8251,Q7528984,"Sir Stephen Furness, 1st Baronet",,father,wikidata
Q3377178,Stephen Kinnock,9986,Q317258,Neil Kinnock,,father,wikidata
Q7609831,Stephen Lushington,4787,Q18670887,Charles Lushington,,sibling,wikidata
Q7609917,Stephen Mason,2580,Q5237163,David Marshall Mason,,child,wikidata
Q7610126,Stephen O'Mara,2698,Q6140508,James O'Mara,,child,wikidata
Q7610422,Stephen Rumbold Lushington,4788,Q5080630,Charles Manners Lushington,,child,wikidata
Q7610865,Stephen Williamson,1062,Q4786553,"Archibald Williamson, 1st Baron Forres",,child,wikidata
Q7528992,Stuart Samuel,7666,Q335218,"Herbert Samuel, 1st Viscount Samuel",,sibling,wikidata
Q26321345,Swynfen Jervis,4518,Q15456740,John Jervis,4517,cousin,rush
Q1645717,"Sydney Buxton, 1st Earl Buxton",2073,Q5480390,Francis Buxton,1311,cousin,rush
Q1645717,"Sydney Buxton, 1st Earl Buxton",2073,Q334449,Thomas Fowell Buxton,6618,cousin,rush
Q1645717,"Sydney Buxton, 1st Earl Buxton",2073,Q5342118,Edward Buxton,1310,cousin,rush
Q1645717,"Sydney Buxton, 1st Earl Buxton",2073,Q5075948,Charles Buxton,,father,wikidata
Q1645717,"Sydney Buxton, 1st Earl Buxton",2073,Q5591064,"Sir Thomas Buxton, 1st Baronet",,grandparent,wikidata
Q1645717,"Sydney Buxton, 1st Earl Buxton",2073,Q16066171,"Sir Edward Buxton, 2nd Baronet",,uncle/aunt,wikidata
Q7660092,"Sydney Pierrepont, 3rd Earl Manvers",9111,Q5081660,"Charles Pierrepont, 4th Earl Manvers",,child,wikidata
Q7660092,"Sydney Pierrepont, 3rd Earl Manvers",9111,Q16066415,"Charles Evelyn Pierrepont, Viscount Newark",,sibling,wikidata
Q7789237,T. E. Hickman,8278,Q7525974,"Sir Alfred Hickman, 1st Baronet",,father,wikidata
Q7680454,Tam Galbraith,9295,Q7789900,"Thomas Galbraith, 1st Baron Strathclyde",,father,wikidata
Q7781789,Theodore Fry,1652,Q6536559,Lewis Fry,1651,cousin,rush
Q7786959,Thomas Agar-Robartes,6337,Q7786962,"Thomas Agar-Robartes, 6th Viscount Clifden",,father,wikidata
Q7786959,Thomas Agar-Robartes,6337,Q7786961,"Thomas Agar-Robartes, 1st Baron Robartes",,grandparent,wikidata
Q7786961,"Thomas Agar-Robartes, 1st Baron Robartes",5587,Q7786962,"Thomas Agar-Robartes, 6th Viscount Clifden",,child,wikidata
Q7786961,"Thomas Agar-Robartes, 1st Baron Robartes",5587,Q7786959,Thomas Agar-Robartes,,grandchild,wikidata
Q7786962,"Thomas Agar-Robartes, 6th Viscount Clifden",729,Q7786959,Thomas Agar-Robartes,,child,wikidata
Q7786962,"Thomas Agar-Robartes, 6th Viscount Clifden",729,Q7786961,"Thomas Agar-Robartes, 1st Baron Robartes",,father,wikidata
Q7786990,Thomas Alexander Dickson,1491,Q6132618,James Dickson,,child,wikidata
Q7787091,"Thomas Anson, 2nd Earl of Lichfield",6296,Q4821369,Augustus Anson,,sibling,wikidata
Q7787384,Thomas Baring,1167,Q7529038,"Sir Thomas Baring, 2nd Baronet",,father,wikidata
Q7787384,Thomas Baring,1167,Q337771,"Thomas Baring, 1st Earl of Northbrook",,nephew/niece,wikidata
Q7787384,Thomas Baring,1167,Q3750914,"Francis Baring, 1st Baron Northbrook",,sibling,wikidata
Q337771,"Thomas Baring, 1st Earl of Northbrook",6537,Q5480132,"Francis Baring, 2nd Earl of Northbrook",,child,wikidata
Q337771,"Thomas Baring, 1st Earl of Northbrook",6537,Q3750914,"Francis Baring, 1st Baron Northbrook",,father,wikidata
Q337771,"Thomas Baring, 1st Earl of Northbrook",6537,Q7529038,"Sir Thomas Baring, 2nd Baronet",,grandparent,wikidata
Q337771,"Thomas Baring, 1st Earl of Northbrook",6537,Q7787384,Thomas Baring,,uncle/aunt,wikidata
Q24239146,Thomas Barrett Lennard,4691,Q7529041,"Sir Thomas Barrett-Lennard, 1st Baronet",,father,wikidata
Q7787471,"Thomas Bateson, 1st Baron Deramore",1185,Q7528718,"Sir Robert Bateson, 1st Baronet",,father,wikidata
Q7787471,"Thomas Bateson, 1st Baron Deramore",1185,Q7341932,Robert Bateson,,sibling,wikidata
Q7787488,Thomas Bayley Potter,2782,Q14949006,John Potter,,sibling,wikidata
Q7790721,Thomas Benjamin Hobhouse,6898,Q332595,"John Hobhouse, 1st Baron Broughton",,sibling,wikidata
Q7790721,Thomas Benjamin Hobhouse,6898,Q26734725,Henry Hobhouse,,sibling,wikidata
Q15998931,Thomas Bethell,3181,Q6221791,"John Bethell, 1st Baron Bethell",,sibling,wikidata
Q337691,"Thomas Brassey, 1st Earl Brassey",1257,Q11802543,"Henry Brassey, 1st Baron Brassey of Apethorpe",,nephew/niece,wikidata
Q337691,"Thomas Brassey, 1st Earl Brassey",1257,Q7342109,Robert Brassey,,nephew/niece,wikidata
Q337691,"Thomas Brassey, 1st Earl Brassey",1257,Q5718544,Henry Brassey,,sibling,wikidata
Q337691,"Thomas Brassey, 1st Earl Brassey",1257,Q4709792,Albert Brassey,,sibling,wikidata
Q7788288,Thomas Cave,1344,Q334436,"George Cave, 1st Viscount Cave",,child,wikidata
Q7788337,Thomas Charles Bruce,1285,Q7349025,Robert Preston Bruce,,nephew/niece,wikidata
Q7788337,Thomas Charles Bruce,1285,Q335230,"James Bruce, 8th Earl of Elgin",,sibling,wikidata
Q7788361,Thomas Charlton Whitmore,7345,Q5730107,Henry Whitmore,,sibling,wikidata
Q25182977,Thomas Chester-Master,7019,Q7788382,Thomas Chester-Master,,child,wikidata
Q7788382,Thomas Chester-Master,1364,Q25182977,Thomas Chester-Master,,father,wikidata
Q26702418,Thomas Clifton,6655,Q6260189,John Talbot Clifton,,father,wikidata
Q7788487,Thomas Cobbold,1386,Q6226459,John Cobbold,,father,wikidata
Q7788487,Thomas Cobbold,1386,Q5442169,Felix Cobbold,,sibling,wikidata
Q7788487,Thomas Cobbold,1386,Q6226460,John Cobbold,,sibling,wikidata
Q7791336,Thomas Cochrane,6664,Q3610747,"Alexander Baillie-Cochrane, 1st Baron Lamington",,child,wikidata
Q7791336,Thomas Cochrane,6664,Q1063964,"Charles Cochrane-Baillie, 2nd Baron Lamington",,grandchild,wikidata
Q377175,"Thomas Cochrane, 1st Baron Cochrane of Cults",2135,Q4786278,Archibald Cochrane,,child,wikidata
Q5944748,"Thomas Coke, 1st Earl of Leicester",,Q5342350,Edward Coke,,child,wikidata
Q5944748,"Thomas Coke, 1st Earl of Leicester",,Q5610529,Wenman Coke,,child,wikidata
Q16063927,Thomas Conolly,2814,Q5344445,Edward Michael Conolly,,father,wikidata
Q26718795,Thomas Crosland,3643,Q26267988,Joseph Crosland,,sibling,wikidata
Q333102,"Thomas Denman, 1st Baron Denman",,Q5538488,George Denman,,child,wikidata
Q38367,"Thomas Dewar, 1st Baron Dewar",7683,Q6229296,"John Dewar, 1st Baron Forteviot",,sibling,wikidata
Q38367,"Thomas Dewar, 1st Baron Dewar",7683,Q4798455,"Arthur Dewar, Lord Dewar",,sibling,wikidata
Q6593713,"Thomas Dundas, 2nd Earl of Zetland",3180,Q3828136,"Lawrence Dundas, 1st Marquess of Zetland",,nephew/niece,wikidata
Q6593713,"Thomas Dundas, 2nd Earl of Zetland",3180,Q6230401,John Dundas,,nephew/niece,wikidata
Q6593713,"Thomas Dundas, 2nd Earl of Zetland",3180,Q6230399,John Dundas,,sibling,wikidata
Q7789575,Thomas Fielden,1596,Q6289810,Joshua Fielden,,father,wikidata
Q7789575,Thomas Fielden,1596,Q4484367,John Fielden,,grandparent,wikidata
Q7789575,Thomas Fielden,1596,Q5342020,Edward Brocklehurst Fielden,,sibling,wikidata
Q7789736,"Thomas Fortescue, 1st Baron Clermont",,Q1960282,"Chichester Parkinson-Fortescue, 1st Baron Carlingford",,sibling,wikidata
Q334449,Thomas Fowell Buxton,6618,Q2365347,Noel Noel-Buxton,,child,wikidata
Q334449,Thomas Fowell Buxton,6618,Q18450,Charles Buxton,,child,wikidata
Q334449,Thomas Fowell Buxton,6618,Q1645717,"Sydney Buxton, 1st Earl Buxton",2073,cousin,rush
Q334449,Thomas Fowell Buxton,6618,Q16066171,"Sir Edward Buxton, 2nd Baronet",,father,wikidata
Q334449,Thomas Fowell Buxton,6618,Q5591064,"Sir Thomas Buxton, 1st Baronet",,grandparent,wikidata
Q334449,Thomas Fowell Buxton,6618,Q5342118,Edward Buxton,,sibling,wikidata
Q334449,Thomas Fowell Buxton,6618,Q5480390,Francis Buxton,,sibling,wikidata
Q334449,Thomas Fowell Buxton,6618,Q5075948,Charles Buxton,,uncle/aunt,wikidata
Q7529126,Thomas Frankland Lewis,9319,Q1230681,George Cornewall Lewis,,child,wikidata
Q7789823,"Thomas Fremantle, 1st Baron Cottesloe",6449,Q7789824,"Thomas Fremantle, 2nd Baron Cottesloe",,child,wikidata
Q7789824,"Thomas Fremantle, 2nd Baron Cottesloe",1647,Q7789823,"Thomas Fremantle, 1st Baron Cottesloe",,father,wikidata
Q7789900,"Thomas Galbraith, 1st Baron Strathclyde",9294,Q7680454,Tam Galbraith,,child,wikidata
Q332712,Thomas Gibson,6817,Q3990628,Thomas Gibson Bowles,,child,wikidata
Q332712,Thomas Gibson,6817,Q5539446,George Frederic Stewart Bowles,,grandchild,wikidata
Q3990628,Thomas Gibson Bowles,2077,Q5539446,George Frederic Stewart Bowles,,child,wikidata
Q3990628,Thomas Gibson Bowles,2077,Q332712,Thomas Gibson,,father,wikidata
Q16066313,Thomas Grimston Estcourt,3899,Q7790328,Thomas Sotheron-Estcourt,,child,wikidata
Q26387320,Thomas Hay,8295,Q6679443,John Hay,,father,wikidata
Q7790796,Thomas Hope,9126,Q5079116,Charles Hope,,father,wikidata
Q7791305,Thomas Jeremiah Williams,8285,Q8020385,William Williams,,father,wikidata
Q16031046,Thomas Joseph Healy,2245,Q333199,Timothy Michael Healy,,sibling,wikidata
Q16031046,Thomas Joseph Healy,2245,Q6793186,Maurice Healy,,sibling,wikidata
Q25863363,Thomas Kavanagh,6949,Q4799620,Arthur MacMorrough Kavanagh,,child,wikidata
Q25863363,Thomas Kavanagh,6949,Q7965529,Walter MacMurrough Kavanagh,,grandchild,wikidata
Q7791584,"Thomas Knox, 2nd Earl of Ranfurly",5228,Q8014090,William Knox,,child,wikidata
Q7791584,"Thomas Knox, 2nd Earl of Ranfurly",5228,Q7791585,"Thomas Knox, 3rd Earl of Ranfurly",,child,wikidata
Q7791584,"Thomas Knox, 2nd Earl of Ranfurly",5228,Q22344373,James Knox,,sibling,wikidata
Q7791584,"Thomas Knox, 2nd Earl of Ranfurly",5228,Q6238860,John Henry Knox,,sibling,wikidata
Q7791585,"Thomas Knox, 3rd Earl of Ranfurly",5227,Q7791584,"Thomas Knox, 2nd Earl of Ranfurly",,father,wikidata
Q7791585,"Thomas Knox, 3rd Earl of Ranfurly",5227,Q8014090,William Knox,,sibling,wikidata
Q2599142,Thomas Langlois Lefroy,6979,Q4772933,Anthony Lefroy,,child,wikidata
Q17326575,"Thomas Legh, 2nd Baron Newton",2448,Q8014460,"William Legh, 1st Baron Newton",,father,wikidata
Q26239952,Thomas Lloyd,2481,Q7529192,"Sir Thomas Lloyd, 1st Baronet",2480,cousin,rush
Q7791887,Thomas Lloyd-Mostyn,5130,Q5344181,"Edward Lloyd-Mostyn, 2nd Baron Mostyn",,father,wikidata
Q7791887,Thomas Lloyd-Mostyn,5130,Q5344180,"Edward Lloyd, 1st Baron Mostyn",,grandparent,wikidata
Q7791928,Thomas Lorimer Corbett,7503,Q4786274,"Archibald Corbett, 1st Baron Rowallan",,sibling,wikidata
Q7792234,Thomas Matthias Weguelin,1013,Q26258131,Christopher Weguelin,,child,wikidata
Q7614508,"Thomas Parker, 6th Earl of Macclesfield",7104,Q5482140,Francis Parker,,child,wikidata
Q7793085,Thomas Peers Williams,7355,Q7114546,Owen Lewis Cope Williams,,child,wikidata
Q7793085,Thomas Peers Williams,7355,Q7114694,Owen Williams,,father,wikidata
Q7793195,Thomas Plumer Halsey,6862,Q5497944,Frederick Halsey,,child,wikidata
Q7793665,"Thomas Royden, 1st Baron Royden",8265,Q7529253,"Sir Thomas Royden, 1st Baronet",,father,wikidata
Q1765791,"Thomas Shaw, 1st Baron Craigmyle",2914,Q4720072,"Alexander Shaw, 2nd Baron Craigmyle",,child,wikidata
Q890109,Thomas Slingsby Duncombe,3350,Q4798519,Arthur Duncombe,6439,cousin,rush
Q890109,Thomas Slingsby Duncombe,3350,Q8008115,"William Duncombe, 2nd Baron Feversham",6739,cousin,rush
Q890109,Thomas Slingsby Duncombe,3350,Q7076834,Octavius Duncombe,1524,cousin,rush
Q7790328,Thomas Sotheron-Estcourt,3898,Q16066313,Thomas Grimston Estcourt,,father,wikidata
Q7794388,"Thomas Taylour, 3rd Marquess of Headfort",1198,Q7794391,"Thomas Taylour, Earl of Bective",,child,wikidata
Q7794391,"Thomas Taylour, Earl of Bective",1199,Q7794388,"Thomas Taylour, 3rd Marquess of Headfort",,father,wikidata
Q338382,"Thomas Thynne, 5th Marquess of Bath",1026,Q5729188,"Henry Thynne, 6th Marquess of Bath",,child,wikidata
Q338382,"Thomas Thynne, 5th Marquess of Bath",1026,Q6678901,Lord Alexander Thynne,,sibling,wikidata
Q7794563,"Thomas Trevor, 22nd Baron Dacre",6033,Q4798072,Arthur Brand,,nephew/niece,wikidata
Q7794563,"Thomas Trevor, 22nd Baron Dacre",6033,Q3132661,"Henry Brand, 2nd Viscount Hampden",,nephew/niece,wikidata
Q7794563,"Thomas Trevor, 22nd Baron Dacre",6033,Q336732,"Henry Brand, 1st Viscount Hampden",,sibling,wikidata
Q26293147,Thomas Turner,6034,Q6911461,Moreton Frewen,,child,wikidata
Q26293147,Thomas Turner,6034,Q5077886,Charles Frewen,,sibling,wikidata
Q7794992,Thomas Wentworth Beaumont,6549,Q7559823,Somerset Beaumont,,child,wikidata
Q7794992,Thomas Wentworth Beaumont,6549,Q7983008,"Wentworth Beaumont, 1st Baron Allendale",,child,wikidata
Q7794992,Thomas Wentworth Beaumont,6549,Q5927153,Hubert Beaumont,,grandchild,wikidata
Q7794992,Thomas Wentworth Beaumont,6549,Q7983009,"Wentworth Beaumont, 1st Viscount Allendale",,grandchild,wikidata
Q334491,Tim Boswell,138,Q20054083,Victoria Prentis,,child,wikidata
Q7804145,Tim Rathbone,8718,Q6254287,John Rathbone,,father,wikidata
Q7804145,Tim Rathbone,8718,Q4877214,Beatrice Wright,,mother,wikidata
Q3991506,Timothy Daniel Sullivan,915,Q4719558,Alexander Martin Sullivan,,sibling,wikidata
Q333199,Timothy Michael Healy,2164,Q16031046,Thomas Joseph Healy,,sibling,wikidata
Q333199,Timothy Michael Healy,2164,Q6793186,Maurice Healy,,sibling,wikidata
Q2435270,Timothy O'Brien,7078,Q741075,"Sir Patrick O'Brien, 2nd Baronet",,child,wikidata
Q7816227,Tom Hooson,4408,Q333639,"Emlyn Hooson, Baron Hooson",4407,cousin,rush
Q332412,Tony Benn,119,Q262742,Hilary Benn,,child,wikidata
Q332412,Tony Benn,119,Q677902,"William Wedgwood Benn, 1st Viscount Stansgate",,father,wikidata
Q332412,Tony Benn,119,Q7527599,"Sir John Benn, 1st Baronet",,grandparent,wikidata
Q7851529,Tufton Beamish,3129,Q7851527,"Tufton Beamish, Baron Chelwood",,child,wikidata
Q7851527,"Tufton Beamish, Baron Chelwood",3128,Q7851529,Tufton Beamish,,father,wikidata
Q7878979,"Ulick de Burgh, Lord Dunkellin",3815,Q5927716,"Hubert de Burgh-Canning, 2nd Marquess of Clanricarde",,sibling,wikidata
Q7917288,Vaughan Vaughan-Lee,974,Q6244393,John Lee Lee,,father,wikidata
Q7924986,Vicary Gibbs,1866,Q5928148,"Hucks Gibbs, 1st Baron Aldenham",,father,wikidata
Q7924986,Vicary Gibbs,1866,Q4709004,"Alban Gibbs, 2nd Baron Aldenham",,sibling,wikidata
Q2411883,"Victor Cavendish, 9th Duke of Devonshire",1801,Q2761950,"Edward Cavendish, 10th Duke of Devonshire",,child,wikidata
Q2411883,"Victor Cavendish, 9th Duke of Devonshire",1801,Q337905,Lord Edward Cavendish,,father,wikidata
Q2411883,"Victor Cavendish, 9th Duke of Devonshire",1801,Q337626,"William Cavendish, 7th Duke of Devonshire",,grandparent,wikidata
Q2411883,"Victor Cavendish, 9th Duke of Devonshire",1801,Q6679906,Lord Richard Cavendish,,sibling,wikidata
Q2411883,"Victor Cavendish, 9th Duke of Devonshire",1801,Q334063,"Spencer Cavendish, 8th Duke of Devonshire",,uncle/aunt,wikidata
Q2411883,"Victor Cavendish, 9th Duke of Devonshire",1801,Q337520,Lord Frederick Cavendish,,uncle/aunt,wikidata
Q7926168,Victor Montagu,4372,Q5542573,"George Montagu, 9th Earl of Sandwich",,father,wikidata
Q19938362,Victoria Atkins,9761,Q333736,Robert Atkins,,father,wikidata
Q20054083,Victoria Prentis,9809,Q334491,Tim Boswell,,father,wikidata
Q18735550,Vincent Scully,5696,Q16065945,Francis Scully,5695,cousin,rush
Q2619726,"Waldorf Astor, 2nd Viscount Astor",3058,Q2580935,"William Astor, 3rd Viscount Astor",,child,wikidata
Q2619726,"Waldorf Astor, 2nd Viscount Astor",3058,Q6828289,Michael Astor,,child,wikidata
Q2619726,"Waldorf Astor, 2nd Viscount Astor",3058,Q6125171,Jakie Astor,,child,wikidata
Q2619726,"Waldorf Astor, 2nd Viscount Astor",3058,Q6219659,John Astor,,nephew/niece,wikidata
Q2619726,"Waldorf Astor, 2nd Viscount Astor",3058,Q332783,"John Jacob Astor, 1st Baron Astor of Hever",,sibling,wikidata
Q7961641,Waldron Smithers,5783,Q4723580,Alfred Waldron Smithers,,father,wikidata
Q19664755,Walter Carpenter,7264,Q93669,"Henry Chetwynd-Talbot, 18th Earl of Shrewsbury",,father,wikidata
Q19664755,Walter Carpenter,7264,Q1477948,Reginald Talbot,,sibling,wikidata
Q19664755,Walter Carpenter,7264,Q5076220,"Charles Chetwynd-Talbot, 19th Earl of Shrewsbury",,sibling,wikidata
Q7966333,Walter Faber,9137,Q5339450,"Edmund Faber, 1st Baron Faber",,sibling,wikidata
Q7966333,Walter Faber,9137,Q5539164,"George Faber, 1st Baron Wittenham",,sibling,wikidata
Q332475,"Walter Guinness, 1st Baron Moyne",8300,Q2176533,"Rupert Guinness, 2nd Earl of Iveagh",,sibling,wikidata
Q7965252,"Walter James, 1st Baron Northbourne",6933,Q7965251,"Walter James, 2nd Baron Northbourne",,child,wikidata
Q7965252,"Walter James, 1st Baron Northbourne",6933,Q5196793,Cuthbert James,,grandchild,wikidata
Q7965252,"Walter James, 1st Baron Northbourne",6933,Q5078764,"Charles Hardinge, 2nd Viscount Hardinge",,sibling,wikidata
Q7965251,"Walter James, 2nd Baron Northbourne",2352,Q5196793,Cuthbert James,,child,wikidata
Q7965251,"Walter James, 2nd Baron Northbourne",2352,Q7965252,"Walter James, 1st Baron Northbourne",,father,wikidata
Q15460648,Walter Long,6991,Q7328362,Richard Penruddocke Long,,child,wikidata
Q15460648,Walter Long,6991,Q7324695,"Richard Chaloner, 1st Baron Gisborough",,grandchild,wikidata
Q15460648,Walter Long,6991,Q553229,"Walter Long, 1st Viscount Long",,grandchild,wikidata
Q553229,"Walter Long, 1st Viscount Long",2183,Q13529974,"Richard Long, 3rd Viscount Long",,child,wikidata
Q553229,"Walter Long, 1st Viscount Long",2183,Q7328362,Richard Penruddocke Long,,father,wikidata
Q553229,"Walter Long, 1st Viscount Long",2183,Q15460648,Walter Long,,grandparent,wikidata
Q553229,"Walter Long, 1st Viscount Long",2183,Q7324695,"Richard Chaloner, 1st Baron Gisborough",,sibling,wikidata
Q7965529,Walter MacMurrough Kavanagh,7486,Q4799620,Arthur MacMorrough Kavanagh,,father,wikidata
Q7965529,Walter MacMurrough Kavanagh,7486,Q25863363,Thomas Kavanagh,,grandparent,wikidata
Q7965601,Walter McLaren,2880,Q5314516,Duncan McLaren,,father,wikidata
Q7965601,Walter McLaren,2880,Q5725740,Henry McLaren,,nephew/niece,wikidata
Q7965601,Walter McLaren,2880,Q5481905,Francis McLaren,,nephew/niece,wikidata
Q7965601,Walter McLaren,2880,Q6248044,John McLaren,,sibling,wikidata
Q7965601,Walter McLaren,2880,Q5080854,"Charles McLaren, 1st Baron Aberconway",,sibling,wikidata
Q2602495,"Walter Montagu Douglas Scott, 8th Duke of Buccleuch",8304,Q333214,"John Scott, 9th Duke of Buccleuch",,child,wikidata
Q2602495,"Walter Montagu Douglas Scott, 8th Duke of Buccleuch",8304,Q337464,"John Montagu Douglas Scott, 7th Duke of Buccleuch",,father,wikidata
Q2602495,"Walter Montagu Douglas Scott, 8th Duke of Buccleuch",8304,Q337468,"William Montagu Douglas Scott, 6th Duke of Buccleuch",,grandparent,wikidata
Q2602495,"Walter Montagu Douglas Scott, 8th Duke of Buccleuch",8304,Q6680030,Lord William Montagu Douglas Scott,,sibling,wikidata
Q7965678,Walter Morrison,2636,Q6140050,James Morrison,,father,wikidata
Q7965930,"Walter Rea, 1st Baron Rea",5526,Q7381741,Russell Rea,,father,wikidata
Q7965958,"Walter Rice, 7th Baron Dynevor",5569,Q5081999,"Charles Rhys, 8th Baron Dynevor",,child,wikidata
Q316669,"Walter Rothschild, 2nd Baron Rothschild",3949,Q334120,"Nathan Rothschild, 1st Baron Rothschild",,father,wikidata
Q316669,"Walter Rothschild, 2nd Baron Rothschild",3949,Q333605,Lionel de Rothschild,,grandparent,wikidata
Q7966016,"Walter Runciman, 1st Baron Runciman",5637,Q333376,"Walter Runciman, 1st Viscount Runciman of Doxford",,child,wikidata
Q333376,"Walter Runciman, 1st Viscount Runciman of Doxford",5636,Q7966016,"Walter Runciman, 1st Baron Runciman",,father,wikidata
Q7945435,Walter Smiles,5778,Q7145583,Patricia Ford,,child,wikidata
Q7966382,Walter Waring,8298,Q26235811,Charles Waring,,father,wikidata
Q387525,"Wavell Wakefield, 1st Baron Wakefield of Kendal",6107,Q5345769,Edward Wakefield,,sibling,wikidata
Q5612753,"Weetman Pearson, 1st Viscount Cowdray",1854,Q5661985,"Harold Pearson, 2nd Viscount Cowdray",,child,wikidata
Q5610529,Wenman Coke,3556,Q5944748,"Thomas Coke, 1st Earl of Leicester",,father,wikidata
Q5610529,Wenman Coke,3556,Q5342350,Edward Coke,,sibling,wikidata
Q7983008,"Wentworth Beaumont, 1st Baron Allendale",1196,Q5927153,Hubert Beaumont,,child,wikidata
Q7983008,"Wentworth Beaumont, 1st Baron Allendale",1196,Q7983009,"Wentworth Beaumont, 1st Viscount Allendale",,child,wikidata
Q7983008,"Wentworth Beaumont, 1st Baron Allendale",1196,Q7794992,Thomas Wentworth Beaumont,,father,wikidata
Q7983008,"Wentworth Beaumont, 1st Baron Allendale",1196,Q7287229,Ralph Beaumont,,grandchild,wikidata
Q7983008,"Wentworth Beaumont, 1st Baron Allendale",1196,Q6828520,Michael Beaumont,,grandchild,wikidata
Q7983008,"Wentworth Beaumont, 1st Baron Allendale",1196,Q7559823,Somerset Beaumont,,sibling,wikidata
Q7983009,"Wentworth Beaumont, 1st Viscount Allendale",2081,Q7287229,Ralph Beaumont,,child,wikidata
Q7983009,"Wentworth Beaumont, 1st Viscount Allendale",2081,Q7983008,"Wentworth Beaumont, 1st Baron Allendale",,father,wikidata
Q7983009,"Wentworth Beaumont, 1st Viscount Allendale",2081,Q7794992,Thomas Wentworth Beaumont,,grandparent,wikidata
Q7983009,"Wentworth Beaumont, 1st Viscount Allendale",2081,Q6828520,Michael Beaumont,,nephew/niece,wikidata
Q7983009,"Wentworth Beaumont, 1st Viscount Allendale",2081,Q5927153,Hubert Beaumont,,sibling,wikidata
Q7983009,"Wentworth Beaumont, 1st Viscount Allendale",2081,Q7559823,Somerset Beaumont,,uncle/aunt,wikidata
Q7988450,Western Wood,7371,Q7528319,"Sir Matthew Wood, 1st Baronet",,father,wikidata
Q7988450,Western Wood,7371,Q285868,"William Wood, 1st Baron Hatherley",,sibling,wikidata
Q7619928,"Wilbraham Egerton, 1st Earl Egerton",1547,Q8008502,"William Egerton, 1st Baron Egerton",,father,wikidata
Q7619928,"Wilbraham Egerton, 1st Earl Egerton",1547,Q4706577,"Alan Egerton, 3rd Baron Egerton",,sibling,wikidata
Q8000141,"Wilbraham Tollemache, 2nd Baron Tollemache",949,Q6260980,"John Tollemache, 1st Baron Tollemache",,father,wikidata
Q13529783,"Wilfrid Ashley, 1st Baron Mount Temple",6383,Q1147508,Evelyn Ashley,,father,wikidata
Q13529783,"Wilfrid Ashley, 1st Baron Mount Temple",6383,Q333294,"Anthony Ashley-Cooper, 7th Earl of Shaftesbury",,grandparent,wikidata
Q13529783,"Wilfrid Ashley, 1st Baron Mount Temple",6383,Q4772029,"Anthony Ashley-Cooper, 8th Earl of Shaftesbury",,uncle/aunt,wikidata
Q8001983,Wilfrid Roberts,8940,Q5078970,Charles Henry Roberts,,father,wikidata
Q8004211,William Aitken,2988,Q332881,Jonathan Aitken,,child,wikidata
Q8004277,William Alexander Mackinnon,4852,Q15990151,William Alexander Mackinnon,,child,wikidata
Q15990151,William Alexander Mackinnon,4853,Q8004277,William Alexander Mackinnon,,father,wikidata
Q14945396,"William Amherst, 2nd Earl Amherst",,Q16043442,"William Amherst, 3rd Earl Amherst",,child,wikidata
Q16043442,"William Amherst, 3rd Earl Amherst",2299,Q14945396,"William Amherst, 2nd Earl Amherst",,father,wikidata
Q8004468,"William Annesley, 4th Earl Annesley",6293,Q5929861,"Hugh Annesley, 5th Earl Annesley",,sibling,wikidata
Q8004480,William Anstruther-Gray,3030,Q8004479,"William Anstruther-Gray, Baron Kilmany",,child,wikidata
Q8004479,"William Anstruther-Gray, Baron Kilmany",3029,Q8004480,William Anstruther-Gray,,father,wikidata
Q8004519,William Archer Redmond,743,Q225392,John Redmond,,child,wikidata
Q8004519,William Archer Redmond,743,Q8021781,Willie Redmond,,child,wikidata
Q8004519,William Archer Redmond,743,Q8017428,William Redmond,,grandchild,wikidata
Q2580935,"William Astor, 3rd Viscount Astor",3057,Q2619726,"Waldorf Astor, 2nd Viscount Astor",,father,wikidata
Q2580935,"William Astor, 3rd Viscount Astor",3057,Q195013,"Nancy Astor, Viscountess Astor",,mother,wikidata
Q2580935,"William Astor, 3rd Viscount Astor",3057,Q6828289,Michael Astor,,sibling,wikidata
Q2580935,"William Astor, 3rd Viscount Astor",3057,Q6125171,Jakie Astor,,sibling,wikidata
Q11806757,William Baird,6519,Q6129250,James Baird,,sibling,wikidata
Q8005118,"William Barrington, 6th Viscount Barrington",8984,Q5536757,"George Barrington, 7th Viscount Barrington",,child,wikidata
Q8005118,"William Barrington, 6th Viscount Barrington",8984,Q5536758,George Barrington,,sibling,wikidata
Q8005295,William Beckett-Denison,6712,Q5553468,Gervase Beckett,,child,wikidata
Q8005295,William Beckett-Denison,6712,Q5392782,"Ernest Beckett, 2nd Baron Grimthorpe",,child,wikidata
Q8005295,William Beckett-Denison,6712,Q7526465,"Sir Edmund Beckett, 4th Baronet",,father,wikidata
Q8005295,William Beckett-Denison,6712,Q5111934,Christopher Beckett Denison,,sibling,wikidata
Q8005435,William Benyon,8970,Q262931,Richard Benyon,,child,wikidata
Q328035,"William Brett, 1st Viscount Esher",6586,Q334210,"Reginald Brett, 2nd Viscount Esher",,child,wikidata
Q8006927,William Brocklehurst,1272,Q6223273,John Brocklehurst,,father,wikidata
Q8005969,"William Brodrick, 8th Viscount Midleton",1273,Q7593650,"St John Brodrick, 1st Earl of Midleton",,child,wikidata
Q8005976,William Bromley-Davenport,1455,Q6613959,William Bromley-Davenport,,child,wikidata
Q6613959,William Bromley-Davenport,1784,Q8005976,William Bromley-Davenport,,father,wikidata
Q8005994,"William Brougham, 2nd Baron Brougham and Vaux",3364,Q6130302,James Brougham,,sibling,wikidata
Q8006140,William Burdett-Coutts,2190,Q5365836,Ellis Ashmead-Bartlett,,nephew/niece,wikidata
Q8006140,William Burdett-Coutts,2190,Q5365837,Ellis Ashmead-Bartlett,,sibling,wikidata
Q8006488,"William Campbell, 2nd Baron Stratheden and Campbell",2306,Q332738,"John Campbell, 1st Baron Campbell",,father,wikidata
Q8006547,William Carington,1330,Q7342786,"Robert Carrington, 2nd Baron Carrington",,father,wikidata
Q8006547,William Carington,1330,Q7380262,"Rupert Carington, 4th Baron Carrington",,sibling,wikidata
Q8006547,William Carington,1330,Q2462181,"Charles Wynn-Carington, 1st Marquess of Lincolnshire",,sibling,wikidata
Q16063121,"William Cavendish, 2nd Baron Chesham",2569,Q5076148,"Charles Cavendish, 1st Baron Chesham",,father,wikidata
Q16063121,"William Cavendish, 2nd Baron Chesham",2569,Q337887,"George Cavendish, 1st Earl of Burlington",,grandparent,wikidata
Q16063121,"William Cavendish, 2nd Baron Chesham",2569,Q5719237,Henry Cavendish,,uncle/aunt,wikidata
Q337626,"William Cavendish, 7th Duke of Devonshire",9085,Q337905,Lord Edward Cavendish,,child,wikidata
Q337626,"William Cavendish, 7th Duke of Devonshire",9085,Q334063,"Spencer Cavendish, 8th Duke of Devonshire",,child,wikidata
Q337626,"William Cavendish, 7th Duke of Devonshire",9085,Q337520,Lord Frederick Cavendish,,child,wikidata
Q337626,"William Cavendish, 7th Duke of Devonshire",9085,Q6679906,Lord Richard Cavendish,,grandchild,wikidata
Q337626,"William Cavendish, 7th Duke of Devonshire",9085,Q2411883,"Victor Cavendish, 9th Duke of Devonshire",,grandchild,wikidata
Q337626,"William Cavendish, 7th Duke of Devonshire",9085,Q6679279,Lord George Cavendish,,sibling,wikidata
Q26701524,William Cavendish-Bentinck,1349,Q600636,George Cavendish-Bentinck,,father,wikidata
Q8006657,"William Cecil, 3rd Marquess of Exeter",8989,Q6679448,Lord John Joicey-Cecil,,child,wikidata
Q8006657,"William Cecil, 3rd Marquess of Exeter",8989,Q4976602,"Brownlow Cecil, 4th Marquess of Exeter",,child,wikidata
Q8006887,"William Clements, 3rd Earl of Leitrim",3521,Q26258111,Charles Clements,,sibling,wikidata
Q8006887,"William Clements, 3rd Earl of Leitrim",3521,Q24254896,Robert Clements,,sibling,wikidata
Q16023409,William Clough,7484,Q25845810,Robert Clough,,sibling,wikidata
Q8006971,"William Cole, 3rd Earl of Enniskillen",8997,Q6694156,"Lowry Cole, 4th Earl of Enniskillen",,child,wikidata
Q8006971,"William Cole, 3rd Earl of Enniskillen",8997,Q26388219,John Cole,,sibling,wikidata
Q8006971,"William Cole, 3rd Earl of Enniskillen",8997,Q5719665,Henry Cole,,sibling,wikidata
Q8007035,"William Compton, 5th Marquess of Northampton",2811,Q6678911,Lord Alwyne Compton,,sibling,wikidata
Q8007128,William Cornwallis-West,1022,Q16066050,Frederick Richard West,,father,wikidata
Q8007168,"William Courtenay, 11th Earl of Devon",9002,Q5342426,"Edward Courtenay, 12th Earl of Devon",,child,wikidata
Q8007204,"William Cowper-Temple, 1st Baron Mount Temple",1405,Q5719917,Henry Cowper,1404,cousin,rush
Q8007204,"William Cowper-Temple, 1st Baron Mount Temple",1405,Q5719917,Henry Cowper,,nephew/niece,wikidata
Q8007204,"William Cowper-Temple, 1st Baron Mount Temple",1405,Q5538175,"George Cowper, 6th Earl Cowper",,sibling,wikidata
Q8007217,"William Cozens-Hardy, 2nd Baron Cozens-Hardy",8345,Q5733833,"Herbert Cozens-Hardy, 1st Baron Cozens-Hardy",,father,wikidata
Q8007267,William Crawford,6438,Q7351045,Robert Wigram Crawford,,child,wikidata
Q13529886,William Cross,1425,Q5613675,"Richard Assheton Cross, 1st Viscount Cross",,father,wikidata
Q8007679,"William Dawnay, 7th Viscount Downe",6707,Q6536955,Lewis Payn Dawnay,,child,wikidata
Q8007679,"William Dawnay, 7th Viscount Downe",6707,Q5622196,Guy Dawnay,,child,wikidata
Q8007733,William Deedes,3712,Q11283925,William Deedes,,child,wikidata
Q11283925,William Deedes,3714,Q8007733,William Deedes,,father,wikidata
Q8007758,"William Denison, 1st Earl of Londesborough",6714,Q4710027,"Albert Denison, 1st Baron Londesborough",,father,wikidata
Q8007964,William Dowdeswell,6730,Q8008430,William Edward Dowdeswell,,child,wikidata
Q8007964,William Dowdeswell,6730,Q26213073,John Edmund Dowdeswell,,father,wikidata
Q8008114,"William Duncombe, 1st Earl of Feversham",6740,Q26129113,Hubert Duncombe,,child,wikidata
Q8008114,"William Duncombe, 1st Earl of Feversham",6740,Q8008117,"William Duncombe, Viscount Helmsley",,child,wikidata
Q8008114,"William Duncombe, 1st Earl of Feversham",6740,Q8008115,"William Duncombe, 2nd Baron Feversham",,father,wikidata
Q8008114,"William Duncombe, 1st Earl of Feversham",6740,Q5077003,"Charles Duncombe, 2nd Earl of Feversham",,grandchild,wikidata
Q8008115,"William Duncombe, 2nd Baron Feversham",6739,Q8008114,"William Duncombe, 1st Earl of Feversham",,child,wikidata
Q8008115,"William Duncombe, 2nd Baron Feversham",6739,Q890109,Thomas Slingsby Duncombe,3350,cousin,rush
Q8008115,"William Duncombe, 2nd Baron Feversham",6739,Q26129113,Hubert Duncombe,,grandchild,wikidata
Q8008115,"William Duncombe, 2nd Baron Feversham",6739,Q8008117,"William Duncombe, Viscount Helmsley",,grandchild,wikidata
Q8008115,"William Duncombe, 2nd Baron Feversham",6739,Q4798520,Arthur Duncombe,,nephew/niece,wikidata
Q8008115,"William Duncombe, 2nd Baron Feversham",6739,Q4798519,Arthur Duncombe,,sibling,wikidata
Q8008115,"William Duncombe, 2nd Baron Feversham",6739,Q7076834,Octavius Duncombe,,sibling,wikidata
Q8008117,"William Duncombe, Viscount Helmsley",2249,Q5077003,"Charles Duncombe, 2nd Earl of Feversham",,child,wikidata
Q8008117,"William Duncombe, Viscount Helmsley",2249,Q8008114,"William Duncombe, 1st Earl of Feversham",,father,wikidata
Q8008117,"William Duncombe, Viscount Helmsley",2249,Q8008115,"William Duncombe, 2nd Baron Feversham",,grandparent,wikidata
Q8008117,"William Duncombe, Viscount Helmsley",2249,Q26129113,Hubert Duncombe,,sibling,wikidata
Q8008387,"William Edgcumbe, 4th Earl of Mount Edgcumbe",6074,Q6814689,"Ernest Edgcumbe, 3rd Earl of Mount Edgcumbe",,father,wikidata
Q8008430,William Edward Dowdeswell,1509,Q8007964,William Dowdeswell,,father,wikidata
Q8008430,William Edward Dowdeswell,1509,Q26213073,John Edmund Dowdeswell,,grandparent,wikidata
Q8008456,William Edward Powell,7137,Q44691153,William Powell,,child,wikidata
Q8008502,"William Egerton, 1st Baron Egerton",6602,Q4706577,"Alan Egerton, 3rd Baron Egerton",,child,wikidata
Q8008502,"William Egerton, 1st Baron Egerton",6602,Q7619928,"Wilbraham Egerton, 1st Earl Egerton",,child,wikidata
Q8008502,"William Egerton, 1st Baron Egerton",6602,Q5342743,Edward Christopher Egerton,,sibling,wikidata
Q8008524,"William Eliot, 4th Earl of St Germans",3865,Q5342752,"Edward Eliot, 3rd Earl of St Germans",,father,wikidata
Q7620964,"William Elliot-Murray-Kynynmound, 3rd Earl of Minto",5040,Q5930668,Hugh Elliot,,child,wikidata
Q7620964,"William Elliot-Murray-Kynynmound, 3rd Earl of Minto",5040,Q4798589,Arthur Elliot,,child,wikidata
Q7620964,"William Elliot-Murray-Kynynmound, 3rd Earl of Minto",5040,Q5538954,George Elliot,1554,cousin,rush
Q2578654,William Ellison-Macartney,2022,Q6231682,John Ellison-Macartney,,father,wikidata
Q26701526,William Entwisle,3887,Q26477030,John Entwisle,3886,cousin,rush
Q8008696,William Evans,6762,Q3496911,"Sir William Evans, 1st Baronet",,child,wikidata
Q8008717,William Ewart,6445,Q26678496,Joseph Christopher Ewart,,sibling,wikidata
Q160852,William Ewart Gladstone,1687,Q2347324,"Herbert Gladstone, 1st Viscount Gladstone",,child,wikidata
Q160852,William Ewart Gladstone,1687,Q4020043,William Henry Gladstone,,child,wikidata
Q160852,William Ewart Gladstone,1687,Q8009936,William Glynne Charles Gladstone,,grandchild,wikidata
Q160852,William Ewart Gladstone,1687,Q6250233,John Gladstone,,sibling,wikidata
Q160852,William Ewart Gladstone,1687,Q7529140,"Sir Thomas Gladstone, 2nd Baronet",,sibling,wikidata
Q26208404,William Fagan,1580,Q8019496,William Trant Fagan,,father,wikidata
Q11802744,William Farnworth Handley,4243,Q6237583,John Handley,4245,cousin,rush
Q11802744,William Farnworth Handley,4243,Q4888762,Benjamin Handley,4244,cousin,rush
Q11802744,William Farnworth Handley,4243,Q26234470,Henry Handley,4242,cousin,rush
Q13529896,William Feilden,6767,Q25863298,Montague Feilden,,child,wikidata
Q8008975,"William Fellowes, 2nd Baron de Ramsey",1590,Q5342877,"Edward Fellowes, 1st Baron de Ramsey",,father,wikidata
Q8008975,"William Fellowes, 2nd Baron de Ramsey",1590,Q4697105,"Ailwyn Fellowes, 1st Baron Ailwyn",,sibling,wikidata
Q338004,"William FitzRoy, 6th Duke of Grafton",3904,Q337872,"Henry FitzRoy, 5th Duke of Grafton",,father,wikidata
Q25843198,William Fletcher,6787,Q21165155,Isaac Fletcher,1615,cousin,rush
Q8009392,William Frederick Hicks-Beach,7385,Q7528336,"Sir Michael Hicks Beach, 8th Baronet",,father,wikidata
Q8009392,William Frederick Hicks-Beach,7385,Q6831126,"Michael Hicks Beach, Viscount Quenington",,nephew/niece,wikidata
Q8009392,William Frederick Hicks-Beach,7385,Q332746,"Michael Hicks Beach, 1st Earl St Aldwyn",,sibling,wikidata
Q8009772,William George Boyle,3302,Q2904392,"Richard Boyle, 9th Earl of Cork",,sibling,wikidata
Q11800502,William George Mount,2639,Q7529701,"Sir William Mount, 1st Baronet",,child,wikidata
Q11800502,William George Mount,2639,Q8015892,William Mount,,father,wikidata
Q8009936,William Glynne Charles Gladstone,7399,Q4020043,William Henry Gladstone,,father,wikidata
Q8009936,William Glynne Charles Gladstone,7399,Q160852,William Ewart Gladstone,,grandparent,wikidata
Q8009936,William Glynne Charles Gladstone,7399,Q2347324,"Herbert Gladstone, 1st Viscount Gladstone",,uncle/aunt,wikidata
Q16741823,William Gore-Langton,4648,Q5722087,Henry Gore-Langton,,child,wikidata
Q8010034,William Gore-Langton,1706,Q7619672,"William Temple-Gore-Langton, 4th Earl Temple of Stowe",,child,wikidata
Q6109153,William Goulding,6828,Q5343145,"Edward Goulding, 1st Baron Wargrave",,child,wikidata
Q8010084,William Graham Nicholson,8339,Q8016134,William Nicholson,,father,wikidata
Q8010084,William Graham Nicholson,8339,Q6256600,John Sanctuary Nicholson,,sibling,wikidata
Q333887,"William Grenfell, 1st Baron Desborough",2044,Q5078425,Charles Grenfell,,father,wikidata
Q333887,"William Grenfell, 1st Baron Desborough",2044,Q5078424,Charles Grenfell,,grandparent,wikidata
Q333887,"William Grenfell, 1st Baron Desborough",2044,Q5722211,Henry Grenfell,,uncle/aunt,wikidata
Q8011045,"William Hay, 10th Marquess of Tweeddale",6881,Q26387320,Thomas Hay,,nephew/niece,wikidata
Q8011045,"William Hay, 10th Marquess of Tweeddale",6881,Q5540333,"George Hay, Earl of Gifford",,sibling,wikidata
Q8011045,"William Hay, 10th Marquess of Tweeddale",6881,Q6679443,John Hay,,sibling,wikidata
Q8011845,"William Henderson, 1st Baron Henderson",8359,Q208665,Arthur Henderson,,father,wikidata
Q8011845,"William Henderson, 1st Baron Henderson",8359,Q4799010,"Arthur Henderson, Baron Rowley",,sibling,wikidata
Q4020043,William Henry Gladstone,1688,Q8009936,William Glynne Charles Gladstone,,child,wikidata
Q4020043,William Henry Gladstone,1688,Q160852,William Ewart Gladstone,,father,wikidata
Q4020043,William Henry Gladstone,1688,Q2347324,"Herbert Gladstone, 1st Viscount Gladstone",,sibling,wikidata
Q8012049,William Henry Hornby,2309,Q7529634,"Sir William Hornby, 1st Baronet",,child,wikidata
Q8012049,William Henry Hornby,2309,Q26690970,John Hornby,,sibling,wikidata
Q8012075,William Henry Leatham,2439,Q5341531,Edward Aldam Leatham,,sibling,wikidata
Q26156134,William Henry Ord,9433,Q16066265,William Ord,,father,wikidata
Q176472,William Henry Smith,877,Q5498747,"Frederick Smith, 2nd Viscount Hambleden",,child,wikidata
Q8012677,William Humphrys Archdale,1125,Q6820891,Mervyn Edward Archdale,,sibling,wikidata
Q8013386,"William Jackson, 1st Baron Allerton",1987,Q786474,Stanley Jackson,,child,wikidata
Q322902,William John Codrington,3551,Q5113428,Christopher Codrington,6665,cousin,rush
Q322902,William John Codrington,3551,Q958853,Edward Codrington,,father,wikidata
Q8013712,"William Jolliffe, 1st Baron Hylton",4532,Q17279383,William Sydney Hylton Jolliffe,,child,wikidata
Q8013712,"William Jolliffe, 1st Baron Hylton",4532,Q5697772,"Hedworth Jolliffe, 2nd Baron Hylton",,child,wikidata
Q8013712,"William Jolliffe, 1st Baron Hylton",4532,Q13529955,"Hylton Jolliffe, 3rd Baron Hylton",,grandchild,wikidata
Q330604,"William Joynson-Hicks, 1st Viscount Brentford",4538,Q6483622,"Lancelot Joynson-Hicks, 3rd Viscount Brentford",,child,wikidata
Q628089,"William Keppel, 7th Earl of Albemarle",1304,Q4795125,"Arnold Keppel, 8th Earl of Albemarle",,child,wikidata
Q628089,"William Keppel, 7th Earl of Albemarle",1304,Q652281,"George Keppel, 6th Earl of Albemarle",,father,wikidata
Q167076,William Keswick,4590,Q15990103,Henry Keswick,,child,wikidata
Q8014090,William Knox,2410,Q7791584,"Thomas Knox, 2nd Earl of Ranfurly",,father,wikidata
Q8014090,William Knox,2410,Q7791585,"Thomas Knox, 3rd Earl of Ranfurly",,sibling,wikidata
Q8014327,William Lascelles,4654,Q5346601,Edwin Lascelles,,sibling,wikidata
Q8014353,William Lawrence,2431,Q7527452,"Sir James Lawrence, 1st Baronet",,sibling,wikidata
Q8014353,William Lawrence,2431,Q5346368,Edwin Durning-Lawrence,,sibling,wikidata
Q8014397,William Leader Maberly,4819,Q6246032,John Maberly,,father,wikidata
Q8014407,William Leatham Bright,1265,Q176524,John Bright,,father,wikidata
Q8014407,William Leatham Bright,1265,Q6218435,John Albert Bright,,sibling,wikidata
Q7613861,"William Legge, 5th Earl of Dartmouth",9024,Q8014457,"William Legge, 6th Earl of Dartmouth",,child,wikidata
Q7613861,"William Legge, 5th Earl of Dartmouth",9024,Q8014459,"William Legge, 7th Earl of Dartmouth",,grandchild,wikidata
Q7613861,"William Legge, 5th Earl of Dartmouth",9024,Q5714134,Heneage Legge,,sibling,wikidata
Q8014457,"William Legge, 6th Earl of Dartmouth",2471,Q8014459,"William Legge, 7th Earl of Dartmouth",,child,wikidata
Q8014457,"William Legge, 6th Earl of Dartmouth",2471,Q7613861,"William Legge, 5th Earl of Dartmouth",,father,wikidata
Q8014459,"William Legge, 7th Earl of Dartmouth",7696,Q8014457,"William Legge, 6th Earl of Dartmouth",,father,wikidata
Q8014459,"William Legge, 7th Earl of Dartmouth",7696,Q7613861,"William Legge, 5th Earl of Dartmouth",,grandparent,wikidata
Q8014460,"William Legh, 1st Baron Newton",2449,Q17326575,"Thomas Legh, 2nd Baron Newton",,child,wikidata
Q6680026,William Lennox,4700,Q2865197,Lord Arthur Lennox,,sibling,wikidata
Q6680026,William Lennox,4700,Q6679449,John Lennox,,sibling,wikidata
Q26255125,William Lister,4727,Q5365871,Ellis Cunliffe Lister,,father,wikidata
Q8014752,William Lowther,2498,Q5056199,Cecil Lowther,,child,wikidata
Q8014752,William Lowther,2498,Q1680725,"James William Lowther, 1st Viscount Ullswater",,child,wikidata
Q8014752,William Lowther,2498,Q5725113,Henry Lowther,,father,wikidata
Q8014752,William Lowther,2498,Q5112765,Christopher Lowther,,grandchild,wikidata
Q8014752,William Lowther,2498,Q5725106,"Henry Lowther, 3rd Earl of Lonsdale",,sibling,wikidata
Q8014747,"William Lowther, 2nd Earl of Lonsdale",9026,Q7527900,"Sir John Lowther, 2nd Baronet, of Swillington",6994,cousin,rush
Q8014747,"William Lowther, 2nd Earl of Lonsdale",9026,Q5725106,"Henry Lowther, 3rd Earl of Lonsdale",,nephew/niece,wikidata
Q8014747,"William Lowther, 2nd Earl of Lonsdale",9026,Q8014752,William Lowther,,nephew/niece,wikidata
Q8014747,"William Lowther, 2nd Earl of Lonsdale",9026,Q5725113,Henry Lowther,,sibling,wikidata
Q26214250,William Lyon,,Q17423536,David Lyon,,sibling,wikidata
Q8015152,William Marshall,9035,Q6246844,John Marshall,,sibling,wikidata
Q8015152,William Marshall,9035,Q6134516,James Garth Marshall,,sibling,wikidata
Q8015248,"William Maule, 1st Baron Panmure",,Q333304,"Fox Maule-Ramsay, 11th Earl of Dalhousie",,child,wikidata
Q8015248,"William Maule, 1st Baron Panmure",,Q11806802,Lauderdale Maule,,child,wikidata
Q8015338,William McClintock-Bunbury,3391,Q6247503,"John McClintock, 1st Baron Rathdonnell",,sibling,wikidata
Q337468,"William Montagu Douglas Scott, 6th Duke of Buccleuch",1445,Q337464,"John Montagu Douglas Scott, 7th Duke of Buccleuch",,child,wikidata
Q337468,"William Montagu Douglas Scott, 6th Duke of Buccleuch",1445,Q2602495,"Walter Montagu Douglas Scott, 8th Duke of Buccleuch",,grandchild,wikidata
Q337468,"William Montagu Douglas Scott, 6th Duke of Buccleuch",1445,Q6680030,Lord William Montagu Douglas Scott,,grandchild,wikidata
Q337468,"William Montagu Douglas Scott, 6th Duke of Buccleuch",1445,Q6229878,"John Douglas-Scott-Montagu, 2nd Baron Montagu of Beaulieu",,nephew/niece,wikidata
Q337468,"William Montagu Douglas Scott, 6th Duke of Buccleuch",1445,Q664073,"Henry Douglas-Scott-Montagu, 1st Baron Montagu of Beaulieu",,sibling,wikidata
Q860041,"William Montagu, 7th Duke of Manchester",9031,Q336970,"George Montagu, 8th Duke of Manchester",,child,wikidata
Q860041,"William Montagu, 7th Duke of Manchester",9031,Q859822,"George Montagu, 6th Duke of Manchester",,father,wikidata
Q860041,"William Montagu, 7th Duke of Manchester",9031,Q6679922,Lord Robert Montagu,,sibling,wikidata
Q8015892,William Mount,,Q11800502,William George Mount,,child,wikidata
Q8015892,William Mount,,Q7529701,"Sir William Mount, 1st Baronet",,grandchild,wikidata
Q942299,William Mundy,5153,Q5344467,Edward Miller Mundy,5152,cousin,rush
Q8015942,William Mure,6460,Q8015941,William Mure,,child,wikidata
Q8015941,William Mure,2647,Q8015942,William Mure,,father,wikidata
Q8016134,William Nicholson,2662,Q8010084,William Graham Nicholson,,child,wikidata
Q8016134,William Nicholson,2662,Q6256600,John Sanctuary Nicholson,,child,wikidata
Q8016160,William Noel,7072,Q7526957,"Sir Gerard Noel, 2nd Baronet",,father,wikidata
Q8016257,William O'Reilly,9432,Q6947717,Myles O'Reilly,,child,wikidata
Q16066265,William Ord,5288,Q26156134,William Henry Ord,,child,wikidata
Q8016372,William Ormsby-Gore,4140,Q6251316,"John Ormsby-Gore, 1st Baron Harlech",,child,wikidata
Q8016372,William Ormsby-Gore,4140,Q8016373,"William Ormsby-Gore, 2nd Baron Harlech",,child,wikidata
Q8016372,William Ormsby-Gore,4140,Q5543049,"George Ormsby-Gore, 3rd Baron Harlech",,grandchild,wikidata
Q8016372,William Ormsby-Gore,4140,Q26237502,Seymour Ormsby-Gore,,grandchild,wikidata
Q8016373,"William Ormsby-Gore, 2nd Baron Harlech",4137,Q5543049,"George Ormsby-Gore, 3rd Baron Harlech",,child,wikidata
Q8016373,"William Ormsby-Gore, 2nd Baron Harlech",4137,Q26237502,Seymour Ormsby-Gore,,child,wikidata
Q8016373,"William Ormsby-Gore, 2nd Baron Harlech",4137,Q8016372,William Ormsby-Gore,,father,wikidata
Q8016373,"William Ormsby-Gore, 2nd Baron Harlech",4137,Q2908365,"William Ormsby-Gore, 4th Baron Harlech",,grandchild,wikidata
Q8016373,"William Ormsby-Gore, 2nd Baron Harlech",4137,Q6251316,"John Ormsby-Gore, 1st Baron Harlech",,sibling,wikidata
Q2908365,"William Ormsby-Gore, 4th Baron Harlech",8335,Q2605189,"David Ormsby-Gore, 5th Baron Harlech",,child,wikidata
Q2908365,"William Ormsby-Gore, 4th Baron Harlech",8335,Q5543049,"George Ormsby-Gore, 3rd Baron Harlech",,father,wikidata
Q2908365,"William Ormsby-Gore, 4th Baron Harlech",8335,Q8016373,"William Ormsby-Gore, 2nd Baron Harlech",,grandparent,wikidata
Q2908365,"William Ormsby-Gore, 4th Baron Harlech",8335,Q26237502,Seymour Ormsby-Gore,,uncle/aunt,wikidata
Q13132369,William Owen Stanley,900,Q5345410,"Edward Stanley, 4th Baron Stanley of Alderley",,nephew/niece,wikidata
Q13132369,William Owen Stanley,900,Q17321359,"Edward Stanley, 2nd Baron Stanley of Alderley",,sibling,wikidata
Q6680031,William Paget,7096,Q5537867,"George Child Villiers, 6th Earl of Jersey",9050,cousin,rush
Q6680031,William Paget,7096,Q4733782,"Almeric Paget, 1st Baron Queenborough",,nephew/niece,wikidata
Q6680031,William Paget,7096,Q5726659,"Henry Paget, 3rd Marquess of Anglesey",,nephew/niece,wikidata
Q6680031,William Paget,7096,Q13582500,"Henry Paget, 2nd Marquess of Anglesey",,sibling,wikidata
Q6680031,William Paget,7096,Q6679084,Clarence Paget,,sibling,wikidata
Q6680031,William Paget,7096,Q369723,Lord Alfred Paget,,sibling,wikidata
Q6680031,William Paget,7096,Q10288965,Lord George Paget,,sibling,wikidata
Q3643409,"William Palmer, 2nd Earl of Selborne",1081,Q3443398,"Roundell Palmer, 3rd Earl of Selborne",,child,wikidata
Q3643409,"William Palmer, 2nd Earl of Selborne",1081,Q333413,"Roundell Palmer, 1st Earl of Selborne",,father,wikidata
Q4020120,William Patrick Adam,36,Q4057244,Charles Adam,,father,wikidata
Q2920090,"William Peel, 1st Earl Peel",7616,Q334165,Arthur Peel,,father,wikidata
Q2920090,"William Peel, 1st Earl Peel",7616,Q181875,Robert Peel,,grandparent,wikidata
Q2920090,"William Peel, 1st Earl Peel",7616,Q7509271,Sidney Peel,,sibling,wikidata
Q2920090,"William Peel, 1st Earl Peel",7616,Q4798804,Arthur George Villiers Peel,,sibling,wikidata
Q2920090,"William Peel, 1st Earl Peel",7616,Q5498541,Frederick Peel,,uncle/aunt,wikidata
Q2920090,"William Peel, 1st Earl Peel",7616,Q4685934,"Sir Robert Peel, 3rd Baronet",,uncle/aunt,wikidata
Q8016840,"William Petty-FitzMaurice, Earl of Kerry",4585,Q337913,"Edmond Fitzmaurice, 1st Baron Fitzmaurice",,nephew/niece,wikidata
Q8016840,"William Petty-FitzMaurice, Earl of Kerry",4585,Q5935407,"Henry Petty-Fitzmaurice, 4th Marquess of Lansdowne",,sibling,wikidata
Q7620919,"William Pleydell-Bouverie, 5th Earl of Radnor",1624,Q6119114,"Jacob Pleydell-Bouverie, 6th Earl of Radnor",,child,wikidata
Q8016975,William Pole-Carew,6629,Q7308844,Reginald Pole-Carew,,child,wikidata
Q8016999,"William Ponsonby, 1st Baron de Mauley",5428,Q5081706,"Charles Ponsonby, 2nd Baron de Mauley",,child,wikidata
Q8016999,"William Ponsonby, 1st Baron de Mauley",5428,Q4805554,Ashley Ponsonby,,child,wikidata
Q8016999,"William Ponsonby, 1st Baron de Mauley",5428,Q6253140,"John Ponsonby, 5th Earl of Bessborough",,nephew/niece,wikidata
Q8016999,"William Ponsonby, 1st Baron de Mauley",5428,Q6253138,"John Ponsonby, 4th Earl of Bessborough",,sibling,wikidata
Q44691153,William Powell,7138,Q8008456,William Edward Powell,,father,wikidata
Q8017163,William Quilter,1947,Q7526376,"Sir Cuthbert Quilter, 2nd Baronet",,child,wikidata
Q8017337,William Ralph Cartwright,6635,Q26577004,Henry Cartwright,,child,wikidata
Q17318849,William Rashleigh,6159,Q17318846,"Sir Colman Rashleigh, 2nd Baronet",739,cousin,rush
Q8017389,William Rathbone,740,Q333992,Eleanor Rathbone,,child,wikidata
Q8017428,William Redmond,6498,Q225392,John Redmond,,father,wikidata
Q8017428,William Redmond,6498,Q8004519,William Archer Redmond,,grandparent,wikidata
Q8017428,William Redmond,6498,Q8021781,Willie Redmond,,uncle/aunt,wikidata
Q20878060,William Robert Maurice Wynne,6271,Q8020060,William Watkin Edward Wynne,,father,wikidata
Q6834882,"William Russell, 8th Duke of Bedford",7181,Q6084189,George W. E. Russell,806,cousin,rush
Q6834882,"William Russell, 8th Duke of Bedford",7181,Q31178,"Francis Russell, 9th Duke of Bedford",798,cousin,rush
Q6834882,"William Russell, 8th Duke of Bedford",7181,Q6678929,Lord Arthur Russell,794,cousin,rush
Q6834882,"William Russell, 8th Duke of Bedford",7181,Q25689,"Francis Russell, 7th Duke of Bedford",,father,wikidata
Q8018184,William Scholefield,5683,Q16741844,Joshua Scholefield,,father,wikidata
Q247141,William Smith O'Brien,7079,Q6697588,"Lucius O'Brien, 13th Baron Inchiquin",,sibling,wikidata
Q8018902,William Stratford Dugdale,6735,Q13529892,John Dugdale,,child,wikidata
Q8018938,William Stuart,7256,Q8018942,William Stuart,,child,wikidata
Q8018942,William Stuart,7257,Q8018938,William Stuart,,father,wikidata
Q17279383,William Sydney Hylton Jolliffe,2371,Q8013712,"William Jolliffe, 1st Baron Hylton",,father,wikidata
Q17279383,William Sydney Hylton Jolliffe,2371,Q13529955,"Hylton Jolliffe, 3rd Baron Hylton",,nephew/niece,wikidata
Q17279383,William Sydney Hylton Jolliffe,2371,Q5697772,"Hedworth Jolliffe, 2nd Baron Hylton",,sibling,wikidata
Q7619672,"William Temple-Gore-Langton, 4th Earl Temple of Stowe",1707,Q8010034,William Gore-Langton,,father,wikidata
Q8019496,William Trant Fagan,6765,Q26208404,William Fagan,,child,wikidata
Q16931294,William Unwin Heygate,2803,Q5498024,"Sir Frederick Heygate, 2nd Baronet",,sibling,wikidata
Q338053,"William Vane, 3rd Duke of Cleveland",5444,Q5609972,"Henry Vane, 2nd Duke of Cleveland",,sibling,wikidata
Q338053,"William Vane, 3rd Duke of Cleveland",5444,Q5609970,"Harry Powlett, 4th Duke of Cleveland",,sibling,wikidata
Q775821,William Vernon Harcourt,2338,Q7350597,Robert Harcourt,,child,wikidata
Q775821,William Vernon Harcourt,2338,Q5790068,"Lewis Harcourt, 1st Viscount Harcourt",,child,wikidata
Q775821,William Vernon Harcourt,2338,Q3048714,Edward William Harcourt,,sibling,wikidata
Q8019718,William Vesey-FitzGerald,1607,Q8019721,"William Vesey-FitzGerald, 2nd Baron FitzGerald and Vesey",,father,wikidata
Q8019721,"William Vesey-FitzGerald, 2nd Baron FitzGerald and Vesey",,Q8019718,William Vesey-FitzGerald,,child,wikidata
Q8019953,William Walrond,7607,Q8019954,"William Walrond, 1st Baron Waleran",,father,wikidata
Q8019953,William Walrond,7607,Q26689989,John Walrond,,grandparent,wikidata
Q8019954,"William Walrond, 1st Baron Waleran",1806,Q8019953,William Walrond,,child,wikidata
Q8019954,"William Walrond, 1st Baron Waleran",1806,Q26689989,John Walrond,,father,wikidata
Q8019994,"William Ward, 3rd Earl of Dudley",3861,Q5545875,"George Ward, 1st Viscount Ward of Witley",,sibling,wikidata
Q8020060,William Watkin Edward Wynne,6319,Q20878060,William Robert Maurice Wynne,,child,wikidata
Q1766037,William Watson,7331,Q1967797,"William Watson, Baron Thankerton",,child,wikidata
Q1967797,"William Watson, Baron Thankerton",8318,Q1766037,William Watson,,father,wikidata
Q8020135,William Wedderburn,1012,Q7526413,"Sir David Wedderburn, 3rd Baronet",,sibling,wikidata
Q677902,"William Wedgwood Benn, 1st Viscount Stansgate",8361,Q332412,Tony Benn,,child,wikidata
Q677902,"William Wedgwood Benn, 1st Viscount Stansgate",8361,Q7527599,"Sir John Benn, 1st Baronet",,father,wikidata
Q677902,"William Wedgwood Benn, 1st Viscount Stansgate",8361,Q262742,Hilary Benn,,grandchild,wikidata
Q8020193,"William Wentworth-FitzWilliam, Viscount Milton",2608,Q7614395,"William Wentworth-Fitzwilliam, 7th Earl Fitzwilliam",,child,wikidata
Q8020193,"William Wentworth-FitzWilliam, Viscount Milton",2608,Q8020195,"William Wentworth-Fitzwilliam, 6th Earl Fitzwilliam",,father,wikidata
Q8020193,"William Wentworth-FitzWilliam, Viscount Milton",2608,Q5083446,"Charles Wentworth-Fitzwilliam, 5th Earl Fitzwilliam",,grandparent,wikidata
Q8020193,"William Wentworth-FitzWilliam, Viscount Milton",2608,Q5730014,Henry Wentworth-FitzWilliam,,sibling,wikidata
Q8020193,"William Wentworth-FitzWilliam, Viscount Milton",2608,Q6263500,John Wentworth-FitzWilliam,,sibling,wikidata
Q8020193,"William Wentworth-FitzWilliam, Viscount Milton",2608,Q5083442,Charles Wentworth-FitzWilliam,,uncle/aunt,wikidata
Q8020193,"William Wentworth-FitzWilliam, Viscount Milton",2608,Q26254028,"William Wentworth-Fitzwilliam, Viscount Milton",,uncle/aunt,wikidata
Q8020193,"William Wentworth-FitzWilliam, Viscount Milton",2608,Q5546159,George Wentworth-FitzWilliam,,uncle/aunt,wikidata
Q8020195,"William Wentworth-Fitzwilliam, 6th Earl Fitzwilliam",9038,Q5730014,Henry Wentworth-FitzWilliam,,child,wikidata
Q8020195,"William Wentworth-Fitzwilliam, 6th Earl Fitzwilliam",9038,Q8020193,"William Wentworth-FitzWilliam, Viscount Milton",,child,wikidata
Q8020195,"William Wentworth-Fitzwilliam, 6th Earl Fitzwilliam",9038,Q6263500,John Wentworth-FitzWilliam,,child,wikidata
Q8020195,"William Wentworth-Fitzwilliam, 6th Earl Fitzwilliam",9038,Q5083446,"Charles Wentworth-Fitzwilliam, 5th Earl Fitzwilliam",,father,wikidata
Q8020195,"William Wentworth-Fitzwilliam, 6th Earl Fitzwilliam",9038,Q7614395,"William Wentworth-Fitzwilliam, 7th Earl Fitzwilliam",,grandchild,wikidata
Q8020195,"William Wentworth-Fitzwilliam, 6th Earl Fitzwilliam",9038,Q26254028,"William Wentworth-Fitzwilliam, Viscount Milton",,sibling,wikidata
Q8020195,"William Wentworth-Fitzwilliam, 6th Earl Fitzwilliam",9038,Q5083442,Charles Wentworth-FitzWilliam,,sibling,wikidata
Q8020195,"William Wentworth-Fitzwilliam, 6th Earl Fitzwilliam",9038,Q5546159,George Wentworth-FitzWilliam,,sibling,wikidata
Q7614395,"William Wentworth-Fitzwilliam, 7th Earl Fitzwilliam",1990,Q8020193,"William Wentworth-FitzWilliam, Viscount Milton",,father,wikidata
Q7614395,"William Wentworth-Fitzwilliam, 7th Earl Fitzwilliam",1990,Q8020195,"William Wentworth-Fitzwilliam, 6th Earl Fitzwilliam",,grandparent,wikidata
Q7614395,"William Wentworth-Fitzwilliam, 7th Earl Fitzwilliam",1990,Q5730014,Henry Wentworth-FitzWilliam,,uncle/aunt,wikidata
Q7614395,"William Wentworth-Fitzwilliam, 7th Earl Fitzwilliam",1990,Q6263500,John Wentworth-FitzWilliam,,uncle/aunt,wikidata
Q26254028,"William Wentworth-Fitzwilliam, Viscount Milton",9037,Q5083446,"Charles Wentworth-Fitzwilliam, 5th Earl Fitzwilliam",,father,wikidata
Q26254028,"William Wentworth-Fitzwilliam, Viscount Milton",9037,Q5730014,Henry Wentworth-FitzWilliam,,nephew/niece,wikidata
Q26254028,"William Wentworth-Fitzwilliam, Viscount Milton",9037,Q8020193,"William Wentworth-FitzWilliam, Viscount Milton",,nephew/niece,wikidata
Q26254028,"William Wentworth-Fitzwilliam, Viscount Milton",9037,Q6263500,John Wentworth-FitzWilliam,,nephew/niece,wikidata
Q26254028,"William Wentworth-Fitzwilliam, Viscount Milton",9037,Q8020195,"William Wentworth-Fitzwilliam, 6th Earl Fitzwilliam",,sibling,wikidata
Q26254028,"William Wentworth-Fitzwilliam, Viscount Milton",9037,Q5083442,Charles Wentworth-FitzWilliam,,sibling,wikidata
Q26254028,"William Wentworth-Fitzwilliam, Viscount Milton",9037,Q5546159,George Wentworth-FitzWilliam,,sibling,wikidata
Q8020294,William Whitelaw,1039,Q18619569,Alexander Whitelaw,,father,wikidata
Q8020294,William Whitelaw,1039,Q26690007,Graeme Whitelaw,,sibling,wikidata
Q8020385,William Williams,9403,Q7791305,Thomas Jeremiah Williams,,child,wikidata
Q285868,"William Wood, 1st Baron Hatherley",7373,Q7528319,"Sir Matthew Wood, 1st Baronet",,father,wikidata
Q285868,"William Wood, 1st Baron Hatherley",7373,Q7988450,Western Wood,,sibling,wikidata
Q6107323,William Yates Peel,7114,Q334165,Arthur Peel,,nephew/niece,wikidata
Q6107323,William Yates Peel,7114,Q5498541,Frederick Peel,,nephew/niece,wikidata
Q6107323,William Yates Peel,7114,Q4685934,"Sir Robert Peel, 3rd Baronet",,nephew/niece,wikidata
Q6107323,William Yates Peel,7114,Q181875,Robert Peel,,sibling,wikidata
Q6107323,William Yates Peel,7114,Q20755914,Edmund Peel,,sibling,wikidata
Q6107323,William Yates Peel,7114,Q3041941,Jonathan Peel,,sibling,wikidata
Q8020939,"William à Court-Holmes, 2nd Baron Heytesbury",6905,Q5074782,Charles A'Court,15,cousin,rush
Q8021781,Willie Redmond,2146,Q8004519,William Archer Redmond,,father,wikidata
Q8021781,Willie Redmond,2146,Q8017428,William Redmond,,nephew/niece,wikidata
Q8021781,Willie Redmond,2146,Q225392,John Redmond,,sibling,wikidata
Q5621480,"Willoughby Dickinson, 1st Baron Dickinson",7682,Q5478591,"Frances Davidson, Viscountess Davidson",,child,wikidata
Q5621480,"Willoughby Dickinson, 1st Baron Dickinson",7682,Q7442401,Sebastian Dickinson,,father,wikidata
Q334015,Winnie Ewing,9304,Q564093,Annabelle Ewing,,child,wikidata
Q8016,Winston Churchill,8363,Q183105,Randolph Churchill,,child,wikidata
Q332528,Winston Churchill,8979,Q183105,Randolph Churchill,,father,wikidata
Q8016,Winston Churchill,8363,Q314773,Lord Randolph Churchill,,father,wikidata
Q8016,Winston Churchill,8363,Q332528,Winston Churchill,,grandchild,wikidata
Q332528,Winston Churchill,8979,Q8016,Winston Churchill,,grandparent,wikidata
Q8016,Winston Churchill,8363,Q333355,"John Spencer-Churchill, 7th Duke of Marlborough",,grandparent,wikidata
Q4821399,,,Q7526194,"Sir Charles Clifford, 4th Baronet",,child,wikidata
Q7790384,,,Q5497958,Frederick Hanbury-Tracy,,child,wikidata
Q7790384,,,Q5078743,"Charles Hanbury-Tracy, 4th Baron Sudeley",,child,wikidata
