rushid_int,has_relative_rush,closeness_rush,relation_types_rush,n_relatives_rush,multiple_relatives_rush,has_blood_relative_rush,relative_names_rush
200,1,grandparent,grandparent; indirect,2,1,1,3525 | 9241
3525,1,indirect,indirect,2,1,1,200 | 9241
6656,1,child,child; grandchild; indirect,5,1,1,1378 | 1379 | 6659 | 6660 | 7624
1379,1,child,child; indirect; parent,5,1,1,1378 | 6656 | 6659 | 6660 | 7624
6658,1,indirect,indirect,5,1,1,6659 | 6660 | 7624 | 8995 | 8996
8996,1,parent,cousin; indirect; parent; pibling; sibling,8,1,1,1073 | 2259 | 6359 | 6658 | 6659 | 6660 | 7624 | 8995
8995,1,child,child; indirect; nibling; sibling,8,1,1,1073 | 2259 | 6359 | 6658 | 6659 | 6660 | 7624 | 8996
6659,1,child,child; grandchild; indirect; nibling; sibling,9,1,1,1073 | 1379 | 2259 | 6359 | 6656 | 6658 | 6660 | 8995 | 8996
6660,1,parent,indirect; parent; sibling,8,1,1,1073 | 1378 | 1379 | 6656 | 6658 | 6659 | 8995 | 8996
1378,1,parent,grandparent; indirect; parent,4,1,1,1379 | 6656 | 6660 | 7624
6666,1,sibling,indirect; nibling; sibling,4,1,1,1393 | 1395 | 6667 | 8997
1393,1,sibling,indirect; nibling; sibling,4,1,1,1395 | 6666 | 6667 | 8997
6670,1,child,child; indirect,2,1,1,2810 | 7500
7500,1,indirect,indirect,2,1,1,2810 | 6670
2810,1,parent,indirect; parent,2,1,1,6670 | 7500
7624,1,indirect,indirect,6,1,1,1378 | 1379 | 6656 | 6658 | 8995 | 8996
8245,1,indirect,indirect,1,0,1,1365
1365,1,indirect,indirect,1,0,1,8245
9241,1,grandchild,grandchild; indirect,2,1,1,200 | 3525
6359,1,parent,grandparent; indirect; parent,5,1,1,1073 | 2412 | 6659 | 8995 | 8996
2412,1,indirect,indirect,1,0,1,6359
1488,1,grandchild,grandchild; indirect; pibling,3,1,1,2183 | 6717 | 6990
6990,1,parent,child; indirect; parent,4,1,1,1488 | 2109 | 2183 | 6991
1422,1,indirect,indirect,1,0,1,7498
7498,1,indirect,indirect,1,0,1,1422
1426,1,indirect,indirect,3,1,1,1427 | 1428 | 2041
2041,1,parent,indirect; parent,3,1,1,1426 | 1427 | 1428
1427,1,child,child; indirect; sibling,3,1,1,1426 | 1428 | 2041
1428,1,sibling,indirect; sibling,3,1,1,1426 | 1427 | 2041
1430,1,indirect,indirect,1,0,1,7778
7778,1,indirect,indirect,1,0,1,1430
6688,1,indirect,indirect,1,0,1,6689
6689,1,indirect,indirect,1,0,1,6688
8206,1,child,child; grandchild; grandparent; indirect; parent,6,1,1,1873 | 1875 | 7867 | 8852 | 9003 | 9311
1875,1,parent,grandparent; indirect; parent; pibling; sibling,5,1,1,1345 | 1801 | 2235 | 8206 | 9085
9311,1,parent,grandparent; indirect; parent,4,1,1,1873 | 8206 | 8852 | 9003
9003,1,child,child; grandchild; indirect; nibling; sibling,9,1,1,1081 | 1873 | 1988 | 2186 | 6380 | 6639 | 8199 | 8206 | 9311
1873,1,parent,child; cousin; grandchild; indirect; parent; sibling,10,1,1,1988 | 2186 | 7867 | 8199 | 8206 | 8335 | 8852 | 8949 | 9003 | 9311
8151,1,parent,grandparent; indirect; parent; pibling; sibling; spouse,9,1,1,1309 | 1310 | 1311 | 2073 | 5221 | 6437 | 6617 | 6618 | 7801
1309,1,child,child; indirect; nibling; parent; pibling; sibling,8,1,1,1310 | 1311 | 2073 | 6437 | 6617 | 6618 | 7801 | 8151
6617,1,child,child; grandchild; indirect; nibling,9,1,1,1309 | 1310 | 1311 | 2073 | 6437 | 6457 | 6618 | 7801 | 8151
7801,1,parent,grandparent; indirect; parent; pibling; sibling,8,1,1,1309 | 1310 | 1311 | 2073 | 6437 | 6617 | 6618 | 8151
1455,1,child,child; indirect,3,1,1,1454 | 1784 | 6700
6700,1,grandchild,grandchild; indirect,2,1,1,1455 | 4373
1485,1,indirect,indirect,1,0,1,6716
6716,1,indirect,indirect,1,0,1,1485
3712,1,child,child; indirect,2,1,1,3713 | 3714
3713,1,indirect,indirect,2,1,1,3712 | 3714
3714,1,parent,indirect; parent,2,1,1,3712 | 3713
6693,1,child,child; indirect; nibling; parent; sibling,3,1,1,1439 | 1440 | 7897
7897,1,parent,indirect; parent,3,1,1,1439 | 1440 | 6693
6695,1,sibling,indirect; nibling; sibling,4,1,1,1442 | 2042 | 2997 | 6694
2042,1,parent,cousin; indirect; parent,3,1,1,1442 | 6694 | 6695
6698,1,child,child; grandchild; indirect,4,1,1,6697 | 6699 | 7468 | 7617
6699,1,grandchild,grandchild; indirect,4,1,1,6697 | 6698 | 7468 | 7617
6697,1,indirect,indirect,3,1,1,6698 | 6699 | 7617
7468,1,parent,grandparent; indirect; parent; pibling,3,1,1,6698 | 6699 | 7617
6713,1,indirect,indirect,1,0,1,6714
6714,1,parent,indirect; parent,4,1,1,6254 | 6672 | 6713 | 864
7617,1,child,child; grandparent; indirect; nibling; parent,4,1,1,6697 | 6698 | 6699 | 7468
1440,1,child,child; indirect; nibling; sibling,4,1,1,1439 | 6693 | 7897 | 884
8932,1,parent,grandparent; indirect; parent,3,1,1,1445 | 2018 | 8304
1445,1,child,child; grandchild; indirect; pibling; sibling,5,1,1,2018 | 7191 | 7193 | 8304 | 8932
9185,1,indirect,indirect; spouse,2,1,1,7682 | 9235
7682,1,parent,child; indirect; parent,3,1,1,1489 | 9185 | 9235
8979,1,parent,grandparent; indirect; parent,3,1,1,1371 | 8174 | 8363
1371,1,child,child; grandchild; grandparent; indirect; parent,5,1,1,3235 | 3236 | 8174 | 8363 | 8979
1494,1,parent,indirect; parent; sibling,2,1,1,1821 | 6482
6482,1,child,child; indirect,2,1,1,1494 | 1821
231,1,indirect,indirect,1,0,1,6176
6176,1,pibling,indirect; pibling,2,1,1,231 | 6178
1503,1,indirect,indirect,1,0,1,6922
6922,1,indirect,indirect,1,0,1,1503
1522,1,parent,indirect; parent; pibling,5,1,1,1523 | 1524 | 6439 | 6739 | 6740
1523,1,pibling,indirect; pibling,5,1,1,1522 | 1524 | 6439 | 6739 | 6740
1524,1,sibling,cousin; indirect; nibling; sibling,7,1,1,1522 | 1523 | 2249 | 3350 | 6439 | 6739 | 6740
6739,1,child,child; cousin; grandchild; indirect; nibling; sibling,8,1,1,1522 | 1523 | 1524 | 2249 | 2446 | 3350 | 6439 | 6740
6740,1,parent,child; grandchild; indirect; parent; pibling,9,1,1,1522 | 1523 | 1524 | 2249 | 6439 | 6739 | 6829 | 7382 | 7642
6439,1,child,child; cousin; indirect; nibling; sibling,6,1,1,1522 | 1523 | 1524 | 3350 | 6739 | 6740
1600,1,sibling,indirect; sibling,3,1,1,1599 | 2220 | 4898
2220,1,sibling,indirect; sibling,2,1,1,1600 | 2338
1527,1,indirect,indirect,1,0,1,8324
8324,1,indirect,indirect,1,0,1,1527
3743,1,indirect,indirect,1,0,1,3742
3742,1,indirect,indirect,1,0,1,3743
1555,1,parent,indirect; parent,4,1,1,1552 | 1553 | 5040 | 6752
1552,1,child,child; indirect,3,1,1,1553 | 1555 | 6752
3154,1,indirect,indirect,1,0,1,3155
3155,1,sibling,indirect; sibling,2,1,1,3154 | 3156
1979,1,indirect,indirect,1,0,1,7906
7906,1,indirect,indirect,1,0,1,1979
2073,1,parent,cousin; grandparent; indirect; parent; pibling,8,1,1,1309 | 1310 | 1311 | 6437 | 6617 | 6618 | 7801 | 8151
1395,1,parent,indirect; parent; pibling; sibling,4,1,1,1393 | 1418 | 6666 | 8997
3520,1,indirect,indirect,3,1,1,3518 | 3519 | 3521
3521,1,sibling,indirect; sibling,3,1,1,3518 | 3519 | 3520
3988,1,indirect,indirect,1,0,1,3995
3995,1,indirect,indirect,1,0,1,3988
3992,1,parent,indirect; nibling; parent; sibling,8,1,1,1018 | 1019 | 1020 | 1990 | 2608 | 5265 | 9037 | 9038
1990,1,parent,grandparent; indirect; parent; pibling,10,1,1,1018 | 1019 | 1020 | 2608 | 3992 | 5265 | 5606 | 6745 | 9037 | 9038
1659,1,child,child; indirect,2,1,1,1660 | 2616
2616,1,indirect,indirect,1,0,1,1659
4097,1,cousin,cousin; indirect,2,1,1,5052 | 6403
5052,1,sibling,indirect; sibling,4,1,1,2885 | 4097 | 6970 | 8391
7399,1,parent,grandparent; indirect; parent; pibling,5,1,1,1687 | 1688 | 2118 | 6819 | 6820
6820,1,sibling,indirect; nibling; sibling,5,1,1,1687 | 1688 | 2118 | 6819 | 7399
1454,1,child,child; indirect,3,1,1,1455 | 4763 | 5476
3272,1,indirect,indirect,1,0,1,3821
3821,1,indirect,indirect,1,0,1,3272
3797,1,indirect,indirect,1,0,1,3798
3798,1,indirect,indirect,1,0,1,3797
3810,1,indirect,indirect,1,0,1,3811
3811,1,indirect,indirect,3,1,1,3810 | 4695 | 9033
6309,1,indirect,indirect,1,0,1,7991
7991,1,indirect,indirect,1,0,1,6309
8616,1,indirect,indirect,2,1,1,1642 | 1643
1642,1,indirect,indirect,2,1,1,1643 | 8616
1643,1,indirect,indirect,2,1,1,1642 | 8616
1018,1,parent,indirect; nibling; parent; sibling,8,1,1,1019 | 1020 | 1990 | 2608 | 3992 | 5265 | 9037 | 9038
9037,1,parent,indirect; nibling; parent; sibling,8,1,1,1018 | 1019 | 1020 | 1990 | 2608 | 3992 | 5265 | 9038
5265,1,child,child; grandchild; indirect,8,1,1,1018 | 1019 | 1020 | 1990 | 2608 | 3992 | 9037 | 9038
1075,1,sibling,indirect; sibling,2,1,1,1074 | 2218
2218,1,pibling,indirect; pibling,2,1,1,1075 | 6871
6747,1,nibling,indirect; nibling,3,1,1,1526 | 6440 | 6745
1526,1,parent,indirect; nibling; parent; pibling; sibling,5,1,1,3180 | 5606 | 6440 | 6745 | 6747
6745,1,child,child; indirect; parent; pibling; sibling,6,1,1,1526 | 1990 | 3180 | 5606 | 6440 | 6747
8814,1,indirect,indirect,1,0,1,8481
8481,1,parent,child; indirect; parent,5,1,1,6127 | 7592 | 8363 | 8814 | 9852
8890,1,indirect,indirect,1,0,1,1492
1492,1,indirect,indirect,1,0,1,8890
1544,1,sibling,indirect; nibling; sibling,4,1,1,1546 | 1547 | 1787 | 6602
1546,1,child,child; indirect,3,1,1,1542 | 1544 | 1547
1542,1,parent,grandparent; indirect; parent; pibling,6,1,1,1543 | 1545 | 1546 | 3313 | 6442 | 6602
1553,1,parent,indirect; parent,3,1,1,1552 | 1555 | 6752
3872,1,parent,indirect; parent; sibling,3,1,1,3873 | 4792 | 4793
3873,1,grandparent,grandparent; indirect,2,1,1,3872 | 4792
2135,1,child,child; grandparent; indirect; pibling,5,1,1,3298 | 4851 | 4852 | 4853 | 7747
3298,1,grandchild,grandchild; indirect,2,1,1,2135 | 7747
270,1,indirect,indirect,2,1,1,4172 | 9304
4172,1,parent,indirect; parent,2,1,1,270 | 9304
1234,1,indirect,indirect,2,1,1,1233 | 6579
6579,1,indirect,indirect,2,1,1,1233 | 1234
3518,1,sibling,indirect; sibling,3,1,1,3519 | 3520 | 3521
3519,1,sibling,indirect; sibling,3,1,1,3518 | 3520 | 3521
2028,1,indirect,indirect,1,0,1,3308
3308,1,indirect,indirect,1,0,1,2028
2905,1,sibling,indirect; pibling; sibling,3,1,1,1211 | 6067 | 6811
6811,1,indirect,indirect,1,0,1,2905
1830,1,parent,child; grandchild; indirect; parent,7,1,1,2474 | 2744 | 3092 | 3093 | 8657 | 8750 | 8821
2744,1,grandchild,grandchild; indirect,3,1,1,1830 | 3092 | 8657
7440,1,parent,indirect; parent,2,1,1,1872 | 2077
1872,1,indirect,indirect,1,0,1,7440
1719,1,child,child; indirect,3,1,1,1718 | 6833 | 6834
6834,1,parent,indirect; parent,2,1,1,1719 | 6833
1030,1,child,child; cousin; indirect; nibling,4,1,1,1739 | 2857 | 6112 | 7339
7339,1,indirect,indirect,1,0,1,1030
6833,1,child,child; indirect,3,1,1,1718 | 1719 | 6834
1738,1,parent,indirect; parent; pibling,5,1,1,1739 | 2082 | 4438 | 6846 | 8424
1739,1,nibling,cousin; indirect; nibling,4,1,1,1030 | 1738 | 6846 | 7070
2082,1,indirect,indirect,3,1,1,1096 | 1738 | 6846
8424,1,indirect,indirect,1,0,1,1738
1361,1,indirect,indirect,2,1,1,2900 | 6645
2900,1,parent,indirect; parent,2,1,1,1361 | 6645
3422,1,indirect,indirect,1,0,1,3421
3421,1,indirect,indirect,1,0,1,3422
6752,1,sibling,indirect; nibling; sibling,6,1,1,1552 | 1553 | 1554 | 1555 | 5040 | 6444
6843,1,child,child; indirect,3,1,1,52 | 6136 | 7856
52,1,indirect,indirect,2,1,1,6843 | 7856
6846,1,child,child; cousin; indirect; sibling,4,1,1,1738 | 1739 | 2082 | 4438
1758,1,indirect,indirect,1,0,1,7743
7743,1,indirect,indirect,1,0,1,1758
6762,1,child,child; indirect,2,1,1,1573 | 4102
4102,1,indirect,indirect,1,0,1,6762
3415,1,sibling,indirect; nibling; sibling,3,1,1,1563 | 3416 | 9092
1563,1,parent,grandparent; indirect; parent,5,1,1,3313 | 3415 | 3416 | 6442 | 9092
3989,1,cousin,cousin; indirect,5,1,1,3903 | 3904 | 3985 | 3986 | 3987
3904,1,parent,indirect; parent; pibling; sibling,5,1,1,3903 | 3985 | 3986 | 3987 | 3989
2227,1,indirect,indirect,2,1,1,7708 | 7993
7993,1,sibling,indirect; sibling,2,1,1,2227 | 7708
7708,1,sibling,indirect; sibling,2,1,1,2227 | 7993
4231,1,indirect,indirect,1,0,1,4232
4232,1,indirect,indirect,1,0,1,4231
6865,1,child,child; indirect,7,1,1,1761 | 1762 | 1764 | 1765 | 1766 | 1768 | 7379
1762,1,sibling,indirect; pibling; sibling,7,1,1,1761 | 1764 | 1765 | 1768 | 1902 | 6865 | 8651
1765,1,sibling,indirect; pibling; sibling,8,1,1,1761 | 1762 | 1764 | 1768 | 1902 | 6865 | 7379 | 8651
1768,1,child,child; indirect; pibling; sibling,8,1,1,1761 | 1762 | 1764 | 1765 | 1902 | 6865 | 7379 | 8651
1764,1,sibling,indirect; pibling; sibling,8,1,1,1761 | 1762 | 1765 | 1768 | 1902 | 6865 | 7379 | 8651
7746,1,parent,indirect; parent,2,1,1,1062 | 2263
2263,1,indirect,indirect,1,0,1,7746
1648,1,indirect,indirect,1,0,1,1649
1649,1,indirect,indirect,1,0,1,1648
8747,1,indirect,indirect,1,0,1,7960
7960,1,indirect,indirect,1,0,1,8747
1056,1,child,child; indirect,3,1,1,1054 | 7733 | 8421
1054,1,sibling,grandchild; indirect; sibling,4,1,1,1052 | 1056 | 7733 | 8421
8421,1,parent,grandparent; indirect; parent; sibling,4,1,1,1054 | 1056 | 1237 | 7733
1237,1,indirect,indirect,1,0,1,8421
6200,1,indirect,indirect,2,1,1,6199 | 9006
9006,1,parent,child; indirect; parent,4,1,1,1534 | 3680 | 6200 | 9005
1550,1,parent,indirect; parent,3,1,1,1096 | 1549 | 1951
1096,1,child,child; indirect; pibling; sibling,7,1,1,1095 | 1550 | 1829 | 2082 | 6312 | 6313 | 7688
2880,1,parent,indirect; nibling; parent; sibling,6,1,1,2540 | 2541 | 7609 | 7651 | 7983 | 8752
8752,1,parent,grandparent; indirect; parent; pibling,6,1,1,2074 | 2540 | 2541 | 2880 | 7609 | 7983
8782,1,child,child; indirect; spouse,3,1,1,276 | 4010 | 5714
5714,1,indirect,indirect,1,0,1,8782
6429,1,sibling,indirect; sibling,2,1,1,1969 | 7014
1969,1,indirect,indirect,2,1,1,6429 | 7014
7008,1,sibling,indirect; sibling,2,1,1,2567 | 7009
2567,1,sibling,indirect; nibling; pibling; sibling,5,1,1,2566 | 2568 | 7008 | 7009 | 7630
1035,1,indirect,indirect,4,1,1,1385 | 1386 | 2899 | 6662
1385,1,parent,indirect; parent; sibling,4,1,1,1035 | 1386 | 2899 | 6662
1386,1,parent,indirect; parent; sibling,4,1,1,1035 | 1385 | 2899 | 6662
2899,1,parent,indirect; parent; sibling,4,1,1,1035 | 1385 | 1386 | 6662
1348,1,child,child; indirect; pibling,3,1,1,1349 | 2458 | 6557
2458,1,sibling,indirect; nibling; sibling,3,1,1,1348 | 1349 | 2457
7233,1,indirect,indirect,1,0,1,5448
5448,1,indirect,indirect,1,0,1,7233
1718,1,parent,indirect; parent,2,1,1,1719 | 6833
1722,1,indirect,indirect,3,1,1,1208 | 7175 | 787
1208,1,indirect,indirect,1,0,1,1722
6845,1,parent,indirect; parent; sibling,4,1,1,1736 | 1737 | 5233 | 7604
7604,1,parent,indirect; parent,2,1,1,1736 | 6845
5229,1,grandchild,grandchild; indirect,2,1,1,5983 | 5984
5983,1,child,child; indirect,2,1,1,5229 | 5984
2912,1,sibling,indirect; nibling; sibling,4,1,1,2699 | 7610 | 8809 | 8864
8809,1,parent,grandparent; indirect; parent; pibling,4,1,1,2699 | 2912 | 7610 | 8864
7610,1,parent,indirect; nibling; parent; pibling; sibling,4,1,1,2699 | 2912 | 8809 | 8864
2158,1,indirect,indirect,1,0,1,2184
2184,1,indirect,indirect,1,0,1,2158
6821,1,child,child; cousin; indirect,5,1,1,1689 | 1690 | 1691 | 5416 | 6841
6841,1,child,child; grandchild; indirect; nibling,7,1,1,1689 | 1690 | 1691 | 2044 | 6136 | 6821 | 6842
5248,1,child,child; cousin; indirect; nibling,8,1,1,5242 | 5243 | 5244 | 5245 | 5246 | 5247 | 6523 | 9442
5243,1,indirect,indirect,1,0,1,5248
7076,1,sibling,indirect; sibling,3,1,1,7059 | 7074 | 7075
7059,1,indirect,indirect,1,0,1,7076
7074,1,indirect,indirect,2,1,1,7075 | 7076
7075,1,sibling,indirect; sibling,2,1,1,7074 | 7076
1745,1,parent,indirect; parent; sibling,5,1,1,1743 | 1744 | 6850 | 6851 | 9013
9013,1,child,child; grandchild; indirect; sibling,6,1,1,1743 | 1744 | 1745 | 2015 | 6850 | 6851
5587,1,child,child; grandchild; indirect,3,1,1,6337 | 6629 | 729
6629,1,nibling,indirect; nibling,2,1,1,5587 | 729
7193,1,nibling,indirect; nibling,3,1,1,1445 | 2018 | 7191
2018,1,child,child; grandchild; indirect; parent; pibling,5,1,1,1445 | 7191 | 7193 | 8304 | 8932
739,1,cousin,cousin; indirect,2,1,1,4566 | 6159
4566,1,indirect,indirect,1,0,1,739
8017,1,indirect,indirect,2,1,1,740 | 8498
740,1,child,child; indirect,2,1,1,8017 | 8498
8498,1,parent,indirect; parent,3,1,1,740 | 8017 | 8718
5519,1,indirect,indirect,2,1,1,6141 | 6296
6296,1,sibling,great-pibling; indirect; pibling; sibling,5,1,1,1120 | 5519 | 6142 | 6294 | 6295
6602,1,child,child; indirect; sibling,5,1,1,1542 | 1544 | 1547 | 1787 | 4743
4743,1,nibling,indirect; nibling,3,1,1,1547 | 1787 | 6602
5606,1,parent,grandparent; indirect; parent; pibling,4,1,1,1526 | 1990 | 6440 | 6745
1647,1,parent,indirect; nibling; parent,3,1,1,1273 | 1951 | 6449
1273,1,child,child; indirect,3,1,1,1647 | 1951 | 6449
1292,1,indirect,indirect,1,0,1,6436
6436,1,indirect,indirect,1,0,1,1292
8651,1,indirect,indirect,5,1,1,1761 | 1762 | 1764 | 1765 | 1768
1158,1,indirect,indirect,1,0,1,7455
7455,1,child,child; indirect; nibling; parent,4,1,1,1158 | 2110 | 3599 | 5578
3054,1,child,child; indirect; nibling; sibling,6,1,1,3055 | 3056 | 3057 | 3058 | 3059 | 3060
3059,1,child,child; indirect; spouse,6,1,1,3054 | 3055 | 3056 | 3057 | 3058 | 3060
6850,1,parent,indirect; parent; sibling,5,1,1,1743 | 1744 | 1745 | 6851 | 9013
1761,1,nibling,indirect; nibling,8,1,1,1762 | 1764 | 1765 | 1768 | 1902 | 6865 | 8651 | 949
8678,1,grandparent,cousin; grandparent; indirect,4,1,1,1742 | 6849 | 8863 | 9012
6849,1,sibling,indirect; nibling; sibling,3,1,1,1742 | 8678 | 9012
9012,1,child,child; indirect; nibling; sibling,4,1,1,1624 | 1742 | 6849 | 8678
2921,1,grandparent,grandparent; indirect,4,1,1,1467 | 3150 | 3494 | 3495
3150,1,sibling,indirect; sibling,3,1,1,2921 | 3494 | 3495
1467,1,grandchild,grandchild; indirect,2,1,1,2921 | 6462
6462,1,indirect,indirect,2,1,1,1467 | 9050
1198,1,child,child; indirect,3,1,1,1199 | 5660 | 7277
7277,1,grandchild,grandchild; indirect,2,1,1,1198 | 1199
8172,1,indirect,indirect,1,0,1,8142
8142,1,parent,indirect; parent,2,1,1,7606 | 8172
8361,1,parent,child; grandchild; indirect; parent,4,1,1,119 | 2906 | 63 | 7425
7425,1,grandchild,grandchild; indirect,2,1,1,119 | 8361
4195,1,indirect,indirect,1,0,1,4010
4010,1,parent,indirect; parent; spouse,3,1,1,4195 | 5778 | 8782
1233,1,indirect,indirect,2,1,1,1234 | 6579
9304,1,child,child; indirect,2,1,1,270 | 4172
63,1,parent,grandparent; indirect; parent,3,1,1,119 | 2906 | 8361
2906,1,child,child; grandchild; indirect,3,1,1,119 | 63 | 8361
346,1,pibling,indirect; pibling,2,1,1,2248 | 9227
2248,1,indirect,indirect,3,1,1,346 | 4312 | 9227
2235,1,parent,grandchild; indirect; nibling; parent; sibling,6,1,1,1345 | 1346 | 1801 | 1875 | 7867 | 9085
7867,1,parent,grandparent; indirect; parent,4,1,1,1801 | 1873 | 2235 | 8206
2244,1,indirect,indirect,1,0,1,8444
8444,1,indirect,indirect,1,0,1,2244
4312,1,indirect,indirect,1,0,1,2248
9227,1,nibling,indirect; nibling,2,1,1,2248 | 346
2250,1,parent,indirect; parent; pibling,3,1,1,6454 | 6883 | 7765
7765,1,grandparent,grandparent; indirect,3,1,1,2250 | 6454 | 6883
2253,1,indirect,indirect,1,0,1,2254
2254,1,indirect,indirect,1,0,1,2253
6883,1,child,child; indirect; sibling,4,1,1,2250 | 6454 | 6559 | 7765
6886,1,indirect,indirect,1,0,1,7770
7770,1,indirect,indirect,1,0,1,6886
5565,1,pibling,cousin; indirect; pibling,5,1,1,5563 | 5564 | 5566 | 6731 | 6732
6732,1,sibling,indirect; sibling,2,1,1,5565 | 6731
6731,1,sibling,indirect; sibling,2,1,1,5565 | 6732
2991,1,indirect,indirect,1,0,1,7742
7742,1,indirect,indirect,1,0,1,2991
3032,1,grandparent,grandparent; indirect; pibling; spouse,4,1,1,1186 | 1857 | 3033 | 3034
3034,1,nibling,indirect; nibling,3,1,1,1186 | 1857 | 3032
7826,1,grandparent,grandparent; indirect,2,1,1,1297 | 8989
8989,1,child,child; indirect,2,1,1,1297 | 7826
7487,1,child,child; grandparent; indirect; parent,6,1,1,1341 | 2847 | 5699 | 7858 | 8786 | 8992
8992,1,sibling,indirect; nibling; sibling,4,1,1,1341 | 5699 | 5955 | 7487
3766,1,parent,indirect; parent; pibling,3,1,1,3765 | 3767 | 6059
6059,1,indirect,indirect,2,1,1,3766 | 9184
2500,1,indirect,indirect,1,0,1,8507
8507,1,indirect,indirect,1,0,1,2500
6645,1,child,child; indirect,2,1,1,1361 | 2900
1801,1,child,child; grandparent; indirect; parent; pibling; sibling,7,1,1,1345 | 1347 | 1875 | 2235 | 6638 | 7867 | 9085
1347,1,sibling,indirect; nibling; sibling,5,1,1,1345 | 1346 | 1801 | 6637 | 9085
6638,1,sibling,indirect; nibling; sibling,4,1,1,1801 | 6637 | 6970 | 9085
2098,1,indirect,indirect,1,0,1,1355
1355,1,indirect,indirect,1,0,1,2098
3495,1,sibling,indirect; sibling,3,1,1,2921 | 3150 | 3494
3494,1,sibling,indirect; sibling,3,1,1,2921 | 3150 | 3495
3428,1,indirect,indirect,1,0,1,3429
3429,1,indirect,indirect,1,0,1,3428
3467,1,indirect,indirect,1,0,1,3468
3468,1,indirect,indirect,1,0,1,3467
2279,1,indirect,indirect,1,0,1,4372
4372,1,indirect,indirect,1,0,1,2279
6891,1,sibling,indirect; nibling; sibling,3,1,1,2153 | 4368 | 6890
2153,1,parent,grandparent; indirect; parent,5,1,1,2275 | 2278 | 4368 | 6890 | 6891
6919,1,indirect,indirect,3,1,1,2311 | 6914 | 6915
6914,1,sibling,indirect; sibling,5,1,1,2311 | 5118 | 6915 | 6919 | 7917
6915,1,sibling,indirect; nibling; sibling,6,1,1,2311 | 5118 | 6914 | 6919 | 7024 | 7917
7917,1,parent,grandparent; indirect; nibling; parent; sibling,7,1,1,2311 | 5117 | 6914 | 6915 | 7024 | 7798 | 8940
9103,1,child,child; indirect; nibling,3,1,1,9018 | 9020 | 9126
9126,1,parent,indirect; parent,3,1,1,9017 | 9020 | 9103
9020,1,sibling,indirect; pibling; sibling,3,1,1,9017 | 9103 | 9126
2572,1,parent,indirect; nibling; parent,4,1,1,2571 | 6479 | 6488 | 764
764,1,parent,child; cousin; grandparent; indirect; parent; pibling; sibling,8,1,1,2571 | 2572 | 6464 | 6465 | 6479 | 7161 | 7162 | 7212
6479,1,parent,grandchild; grandparent; indirect; parent; pibling,9,1,1,2571 | 2572 | 6464 | 6465 | 7161 | 7162 | 7611 | 764 | 8778
7162,1,parent,indirect; nibling; parent; sibling,5,1,1,6464 | 6465 | 6479 | 7161 | 764
7611,1,child,child; indirect; sibling,6,1,1,6479 | 7546 | 7808 | 7912 | 8021 | 8154
7798,1,child,child; indirect,4,1,1,5117 | 7024 | 7917 | 8940
5117,1,parent,grandparent; indirect; nibling; parent; sibling,5,1,1,2311 | 7024 | 7798 | 7917 | 8940
2039,1,indirect,indirect,2,1,1,2128 | 2207
2128,1,parent,indirect; parent,2,1,1,2039 | 767
2275,1,parent,child; indirect; parent; pibling,4,1,1,2153 | 2233 | 2278 | 4368
2233,1,indirect,indirect,1,0,1,2275
6636,1,cousin,cousin; indirect,2,1,1,2712 | 3394
3394,1,indirect,indirect,1,0,1,6636
9050,1,sibling,cousin; indirect; sibling,4,1,1,6462 | 7096 | 7306 | 7309
8649,1,indirect,indirect,2,1,1,5431 | 8763
5431,1,indirect,indirect,2,1,1,8649 | 8763
8300,1,sibling,indirect; sibling,2,1,1,3874 | 4497
4497,1,indirect,indirect; spouse,3,1,1,3874 | 4701 | 8300
1789,1,child,child; indirect,2,1,1,5988 | 6376
5988,1,grandchild,grandchild; indirect,2,1,1,1789 | 6376
3680,1,child,child; grandchild; indirect,3,1,1,1468 | 1534 | 9006
6358,1,grandchild,grandchild; indirect,2,1,1,6403 | 6412
6403,1,pibling,cousin; indirect; pibling,3,1,1,4097 | 6358 | 6412
2063,1,indirect,indirect,1,0,1,1981
1981,1,indirect,indirect,1,0,1,2063
9033,1,child,child; indirect; nibling,3,1,1,2570 | 3811 | 4693
4695,1,sibling,indirect; pibling; sibling,7,1,1,1703 | 1704 | 3811 | 4696 | 4699 | 4700 | 6018
7969,1,indirect,indirect,1,0,1,5470
5470,1,indirect,indirect,1,0,1,7969
1099,1,parent,indirect; parent,2,1,1,1975 | 6320
1975,1,indirect,indirect,1,0,1,1099
6317,1,parent,grandparent; indirect; parent; pibling,5,1,1,1097 | 1098 | 6316 | 6318 | 7027
1097,1,parent,cousin; indirect; parent; pibling,5,1,1,1098 | 6316 | 6317 | 6318 | 7027
6316,1,child,child; indirect; nibling; sibling,5,1,1,1097 | 1098 | 6317 | 6318 | 7027
1993,1,indirect,indirect,1,0,1,51
51,1,indirect,indirect,1,0,1,1993
1829,1,parent,indirect; parent; pibling,3,1,1,1095 | 1096 | 6313
6313,1,sibling,indirect; nibling; sibling,4,1,1,1095 | 1096 | 1829 | 6312
6257,1,indirect,indirect,1,0,1,6416
6416,1,grandparent,grandparent; indirect,2,1,1,1136 | 6257
7024,1,child,child; grandchild; indirect; parent; pibling,7,1,1,2311 | 5117 | 5118 | 6915 | 7798 | 7917 | 8940
6970,1,indirect,indirect,3,1,1,2885 | 5052 | 6638
4635,1,parent,indirect; parent,2,1,1,4634 | 4636
4634,1,indirect,indirect,2,1,1,4635 | 4636
4636,1,child,child; indirect,2,1,1,4634 | 4635
6457,1,child,child; indirect,2,1,1,2366 | 6617
6959,1,nibling,indirect; nibling,2,1,1,2390 | 6958
6958,1,child,child; indirect,2,1,1,2390 | 6959
2885,1,sibling,grandchild; indirect; sibling,3,1,1,5052 | 6970 | 8391
4617,1,parent,indirect; parent,2,1,1,2081 | 2403
2081,1,parent,indirect; parent,4,1,1,1196 | 1341 | 4617 | 5699
2388,1,indirect,indirect,1,0,1,2102
2102,1,child,child; cousin; indirect; sibling,5,1,1,1353 | 2200 | 2388 | 3486 | 7764
6952,1,indirect,indirect,1,0,1,6535
6535,1,child,child; grandchild; indirect,3,1,1,1166 | 6537 | 6952
7594,1,parent,grandparent; indirect; parent; pibling,5,1,1,2264 | 2265 | 4512 | 4513 | 6676
6676,1,sibling,indirect; nibling; sibling,5,1,1,2264 | 2265 | 4512 | 4513 | 7594
1086,1,indirect,indirect,1,0,1,4378
4378,1,indirect,indirect,1,0,1,1086
5591,1,grandparent,grandparent; indirect,2,1,1,2784 | 7633
7633,1,indirect,indirect,1,0,1,5591
5611,1,indirect,indirect,1,0,1,8746
8746,1,indirect,indirect,1,0,1,5611
5618,1,indirect,indirect,1,0,1,2543
2543,1,indirect,indirect,1,0,1,5618
7782,1,indirect,indirect,1,0,1,2904
2904,1,indirect,indirect,1,0,1,7782
6357,1,indirect,indirect,1,0,1,2060
2060,1,indirect,indirect,1,0,1,6357
1772,1,sibling,indirect; sibling,3,1,1,2429 | 2431 | 872
872,1,indirect,indirect,1,0,1,1772
2207,1,indirect,indirect,1,0,1,2039
2448,1,parent,grandchild; indirect; parent; pibling,4,1,1,1784 | 2447 | 2449 | 8808
1784,1,child,child; indirect; parent,3,1,1,1455 | 2448 | 8956
784,1,nibling,indirect; nibling,3,1,1,3705 | 3706 | 3949
3705,1,child,child; indirect; parent; pibling,4,1,1,3706 | 3949 | 784 | 785
3706,1,child,child; grandchild; indirect; sibling,4,1,1,3705 | 3949 | 784 | 785
3949,1,parent,grandparent; indirect; parent; pibling,4,1,1,3705 | 3706 | 784 | 785
785,1,sibling,indirect; nibling; sibling,3,1,1,3705 | 3706 | 3949
7175,1,nibling,indirect; nibling,3,1,1,1722 | 7176 | 787
7176,1,indirect,indirect,2,1,1,7175 | 787
787,1,pibling,indirect; pibling,3,1,1,1722 | 7175 | 7176
2844,1,child,child; indirect,2,1,1,5636 | 5638
5636,1,parent,indirect; parent; spouse,3,1,1,2844 | 5637 | 5638
4701,1,child,child; indirect,2,1,1,4497 | 4702
4779,1,indirect,indirect,1,0,1,8569
8569,1,child,child; indirect,2,1,1,4779 | 9381
6994,1,cousin,cousin; indirect,5,1,1,2497 | 6993 | 7810 | 7812 | 9026
7810,1,indirect,indirect,1,0,1,6994
2497,1,parent,indirect; parent; pibling; sibling,4,1,1,2498 | 6993 | 6994 | 9026
6993,1,child,child; grandchild; indirect; sibling,5,1,1,1795 | 2497 | 2498 | 6994 | 9026
9026,1,sibling,cousin; indirect; nibling; sibling,3,1,1,2497 | 6993 | 6994
8069,1,parent,grandparent; indirect; parent,3,1,1,1964 | 2487 | 7842
7842,1,child,child; indirect,2,1,1,8069 | 8405
5638,1,parent,indirect; parent; spouse,3,1,1,2844 | 5636 | 5637
5637,1,child,child; indirect,2,1,1,5636 | 5638
4728,1,indirect,indirect,1,0,1,8706
8706,1,indirect,indirect,1,0,1,4728
8146,1,indirect,indirect,1,0,1,2601
2601,1,parent,indirect; parent,2,1,1,2600 | 8146
2115,1,child,child; indirect,2,1,1,6680 | 7784
6680,1,sibling,grandchild; indirect; sibling,3,1,1,2115 | 2837 | 7784
1530,1,parent,indirect; parent,2,1,1,3384 | 7359
3384,1,indirect,indirect,1,0,1,1530
1060,1,parent,indirect; parent,2,1,1,6474 | 9025
9025,1,child,child; indirect; nibling,4,1,1,1060 | 2472 | 5146 | 792
7345,1,sibling,indirect; sibling,2,1,1,1041 | 7346
7346,1,indirect,indirect,2,1,1,1041 | 7345
478,1,indirect,indirect,1,0,1,9068
9068,1,indirect,indirect,1,0,1,478
7591,1,indirect,indirect,1,0,1,1551
1551,1,parent,indirect; parent; pibling,3,1,1,6443 | 6751 | 7591
3987,1,parent,indirect; parent; pibling; sibling,5,1,1,3903 | 3904 | 3985 | 3986 | 3989
3852,1,nibling,indirect; nibling,2,1,1,3853 | 8337
8337,1,parent,grandparent; indirect; parent; pibling; sibling,5,1,1,1480 | 1974 | 3852 | 6711 | 6712
7026,1,sibling,indirect; nibling; sibling,4,1,1,7020 | 7021 | 824 | 8246
8246,1,indirect,indirect,3,1,1,7020 | 7021 | 7026
7021,1,sibling,indirect; sibling,2,1,1,7026 | 8246
7020,1,sibling,indirect; nibling; sibling,3,1,1,7026 | 824 | 8246
2541,1,parent,indirect; nibling; parent; sibling,6,1,1,2540 | 2880 | 7609 | 7651 | 7983 | 8752
2540,1,child,child; grandchild; indirect,6,1,1,2541 | 2880 | 7609 | 7651 | 7983 | 8752
894,1,parent,grandparent; indirect; parent; sibling,4,1,1,4584 | 7234 | 9027 | 9028
7234,1,indirect,indirect,1,0,1,894
4046,1,indirect,indirect,1,0,1,3922
3922,1,indirect,indirect,1,0,1,4046
6805,1,indirect,indirect,1,0,1,6802
6802,1,indirect,indirect,1,0,1,6805
1934,1,indirect,indirect,1,0,1,8663
8663,1,indirect,indirect,1,0,1,1934
2667,1,sibling,indirect; sibling,3,1,1,2666 | 7070 | 7071
7071,1,child,child; indirect,2,1,1,2667 | 7072
5078,1,indirect,indirect,1,0,1,5077
5077,1,indirect,indirect,1,0,1,5078
5127,1,indirect,indirect,1,0,1,5128
5128,1,indirect,indirect; spouse,3,1,1,1441 | 5127 | 5129
7035,1,parent,indirect; parent; sibling,3,1,1,2602 | 7034 | 7036
2602,1,child,child; grandparent; indirect; parent; sibling,4,1,1,7033 | 7034 | 7035 | 7036
7066,1,indirect,indirect,1,0,1,7067
7067,1,indirect,indirect,1,0,1,7066
8821,1,parent,indirect; parent,2,1,1,1830 | 8139
1015,1,parent,indirect; parent; pibling,3,1,1,3771 | 6163 | 7355
7355,1,child,child; indirect,2,1,1,1015 | 1057
4875,1,indirect,indirect,1,0,1,5640
5640,1,indirect,indirect,1,0,1,4875
6160,1,indirect,indirect,1,0,1,1954
1954,1,indirect,indirect,1,0,1,6160
3056,1,parent,cousin; indirect; parent; pibling,6,1,1,3054 | 3055 | 3057 | 3058 | 3059 | 3060
2963,1,indirect,indirect,1,0,1,8157
8157,1,indirect,indirect,1,0,1,2963
6115,1,indirect,indirect,1,0,1,9301
9301,1,indirect,indirect,1,0,1,6115
2645,1,sibling,indirect; nibling; sibling,2,1,1,2100 | 7057
2100,1,parent,indirect; parent; pibling,2,1,1,2645 | 7057
7845,1,parent,grandparent; indirect; parent,3,1,1,7510 | 821 | 9115
9115,1,child,child; indirect; nibling; sibling,5,1,1,7184 | 7510 | 7845 | 809 | 821
984,1,indirect,indirect,1,0,1,1110
1110,1,child,child; indirect,4,1,1,1109 | 1111 | 1972 | 984
4212,1,sibling,indirect; pibling; sibling,4,1,1,1699 | 6450 | 6633 | 6826
6633,1,indirect,indirect,1,0,1,4212
6769,1,child,child; grandchild; indirect,3,1,1,2505 | 6768 | 9005
9005,1,child,child; grandchild; indirect,3,1,1,1534 | 6769 | 9006
1589,1,child,child; indirect; sibling,4,1,1,1210 | 1590 | 1868 | 2604
2604,1,grandparent,grandparent; indirect,2,1,1,1589 | 4613
1857,1,parent,indirect; nibling; parent,3,1,1,1186 | 3032 | 3034
6127,1,indirect,indirect,1,0,1,8481
2553,1,indirect,indirect,1,0,1,2740
2740,1,child,child; indirect,2,1,1,2553 | 7616
4168,1,nibling,indirect; nibling,2,1,1,3016 | 3017
3017,1,child,child; indirect,2,1,1,3016 | 4168
3016,1,parent,indirect; parent; pibling,4,1,1,3017 | 4168 | 4866 | 4867
4867,1,child,child; grandchild; indirect,3,1,1,271 | 3016 | 4866
4866,1,parent,indirect; parent,2,1,1,3016 | 4867
8718,1,parent,indirect; parent,3,1,1,6347 | 8096 | 8498
7856,1,parent,indirect; parent,2,1,1,52 | 6843
9098,1,indirect,indirect,1,0,1,1735
1735,1,indirect,indirect,1,0,1,9098
2088,1,indirect,indirect,2,1,1,1119 | 6293
6293,1,sibling,indirect; sibling,2,1,1,1119 | 2088
1119,1,sibling,indirect; sibling,2,1,1,2088 | 6293
1405,1,cousin,cousin; indirect,3,1,1,1404 | 4629 | 5313
5313,1,indirect,indirect,1,0,1,1405
4629,1,indirect,indirect,1,0,1,1405
15,1,pibling,cousin; indirect; pibling,3,1,1,16 | 6456 | 6905
6456,1,child,child; indirect,3,1,1,1475 | 15 | 2260
1219,1,grandparent,grandparent; indirect,2,1,1,6567 | 7113
7113,1,indirect,indirect,1,0,1,1219
6623,1,child,child; indirect,5,1,1,2223 | 2306 | 5676 | 5677 | 5678
5676,1,child,child; grandchild; indirect,4,1,1,2306 | 5677 | 5678 | 6623
5678,1,parent,indirect; nibling; parent; sibling,4,1,1,2306 | 5676 | 5677 | 6623
5677,1,parent,indirect; nibling; parent; sibling,4,1,1,2306 | 5676 | 5678 | 6623
7546,1,pibling,indirect; pibling,2,1,1,1115 | 7611
2122,1,sibling,indirect; sibling,2,1,1,5075 | 7642
5075,1,indirect,indirect,1,0,1,2122
7642,1,sibling,indirect; sibling,2,1,1,2122 | 6740
5987,1,indirect,indirect,1,0,1,4650
4650,1,indirect,indirect,1,0,1,5987
7283,1,nibling,indirect; nibling,3,1,1,1026 | 7631 | 943
7631,1,sibling,indirect; nibling; pibling; sibling,4,1,1,1026 | 7283 | 7984 | 943
1026,1,child,child; indirect; pibling; sibling,5,1,1,2015 | 7283 | 7631 | 7984 | 943
7566,1,sibling,indirect; sibling,2,1,1,2687 | 4649
4649,1,indirect,indirect,1,0,1,7566
959,1,parent,indirect; parent,3,1,1,6030 | 7291 | 960
960,1,sibling,indirect; pibling; sibling,4,1,1,4689 | 7291 | 7311 | 959
7291,1,sibling,indirect; pibling; sibling,3,1,1,4689 | 959 | 960
961,1,child,child; indirect,2,1,1,2756 | 7799
2756,1,grandchild,grandchild; indirect,2,1,1,7799 | 961
6033,1,sibling,indirect; nibling; sibling,4,1,1,1254 | 1255 | 2903 | 6637
6637,1,child,child; indirect; nibling; sibling,6,1,1,1347 | 2569 | 6033 | 6638 | 9085 | 9092
6043,1,indirect,indirect,1,0,1,2854
2854,1,parent,cousin; indirect; nibling; parent; pibling; sibling,8,1,1,1369 | 2499 | 2853 | 2855 | 6043 | 7311 | 7313 | 7314
6046,1,indirect,indirect,1,0,1,7036
7036,1,parent,child; indirect; parent; sibling,5,1,1,2602 | 6046 | 7033 | 7034 | 7035
9184,1,indirect,indirect,1,0,1,6059
545,1,indirect,indirect,1,0,1,8778
8778,1,grandparent,grandparent; indirect,2,1,1,545 | 6479
8844,1,indirect,indirect,1,0,1,5665
5665,1,indirect,indirect,1,0,1,8844
5955,1,sibling,indirect; sibling,3,1,1,4716 | 5699 | 8992
4716,1,child,child; indirect; sibling,6,1,1,3527 | 3528 | 3529 | 3530 | 4717 | 5955
7688,1,parent,indirect; parent; sibling,4,1,1,1096 | 2136 | 2208 | 936
2136,1,parent,indirect; parent; sibling,3,1,1,2208 | 7688 | 936
2208,1,grandchild,grandchild; indirect,4,1,1,2136 | 3256 | 7688 | 936
936,1,child,child; indirect,3,1,1,2136 | 2208 | 7688
5964,1,indirect,indirect,2,1,1,2116 | 6394
2116,1,grandchild,grandchild; indirect,2,1,1,5964 | 6394
6394,1,grandparent,grandparent; indirect,2,1,1,2116 | 5964
4955,1,sibling,cousin; indirect; sibling,3,1,1,4957 | 736 | 9114
736,1,sibling,indirect; sibling,3,1,1,4955 | 4957 | 7621
4957,1,sibling,cousin; indirect; sibling,3,1,1,4955 | 736 | 9114
8808,1,grandparent,grandparent; indirect,3,1,1,1943 | 2448 | 2449
2449,1,child,child; indirect; parent,3,1,1,2447 | 2448 | 8808
8776,1,child,child; indirect,2,1,1,310 | 9263
9263,1,indirect,indirect; spouse,2,1,1,310 | 8776
2507,1,child,child; indirect; nibling; sibling,5,1,1,2569 | 3476 | 4808 | 4809 | 4810
2569,1,parent,grandchild; indirect; parent,4,1,1,2507 | 4808 | 6637 | 9092
3476,1,parent,indirect; nibling; parent,5,1,1,1706 | 1707 | 2507 | 3477 | 5234
4828,1,indirect,indirect,1,0,1,4829
4829,1,indirect,indirect,1,0,1,4828
7379,1,parent,indirect; parent; sibling,4,1,1,1764 | 1765 | 1768 | 6865
9040,1,sibling,indirect; nibling; sibling,3,1,1,2626 | 9041 | 9110
2626,1,parent,grandparent; indirect; parent,4,1,1,4644 | 9040 | 9041 | 9110
8335,1,child,child; grandparent; indirect; parent; pibling,6,1,1,1873 | 2703 | 4137 | 7613 | 7614 | 8949
2703,1,parent,indirect; nibling; parent; sibling,5,1,1,4137 | 4140 | 7613 | 7614 | 8335
7613,1,parent,grandparent; indirect; nibling; parent; pibling; sibling,6,1,1,2703 | 4137 | 4140 | 7614 | 8335 | 8949
8949,1,parent,grandparent; indirect; parent,4,1,1,1873 | 7613 | 7614 | 8335
6444,1,child,child; indirect; nibling; sibling,3,1,1,1554 | 5040 | 6752
5040,1,child,child; cousin; indirect; pibling,5,1,1,1554 | 1555 | 2043 | 6444 | 6752
2249,1,child,child; grandparent; indirect; parent; pibling,5,1,1,1524 | 4475 | 6739 | 6740 | 7382
2339,1,indirect,indirect,1,0,1,2290
2290,1,child,child; grandchild; indirect,5,1,1,2289 | 2339 | 7420 | 7685 | 7711
2888,1,indirect,indirect,1,0,1,1937
1937,1,child,child; indirect,2,1,1,2888 | 7760
4436,1,indirect,indirect,2,1,1,6916 | 8574
6916,1,sibling,indirect; nibling; sibling,4,1,1,3021 | 3022 | 4436 | 7006
8574,1,indirect,indirect,1,0,1,4436
6890,1,sibling,indirect; nibling; sibling,5,1,1,1598 | 2153 | 2278 | 4368 | 6891
2311,1,child,child; grandchild; indirect; nibling; sibling,8,1,1,5117 | 5118 | 6914 | 6915 | 6919 | 7024 | 7917 | 9117
2278,1,sibling,indirect; nibling; pibling; sibling,4,1,1,2153 | 2275 | 4368 | 6890
6319,1,child,child; indirect,2,1,1,5768 | 6271
5768,1,grandchild,grandchild; indirect,2,1,1,2090 | 6319
4530,1,indirect,indirect,1,0,1,2370
2370,1,indirect,indirect,1,0,1,4530
4586,1,grandparent,grandparent; indirect,2,1,1,4585 | 5724
4585,1,sibling,indirect; sibling,4,1,1,2259 | 4586 | 5724 | 5897
4614,1,indirect,indirect,1,0,1,4613
4613,1,child,child; grandchild; indirect; pibling,5,1,1,2403 | 2404 | 2604 | 4611 | 4614
1081,1,parent,child; indirect; parent,3,1,1,2723 | 6380 | 9003
744,1,indirect,indirect,1,0,1,6431
6431,1,child,child; indirect,3,1,1,1155 | 6517 | 744
1496,1,child,child; grandparent; indirect; pibling,5,1,1,1495 | 1859 | 6090 | 6548 | 6723
1859,1,child,child; indirect; nibling; parent; sibling,5,1,1,1496 | 5485 | 6090 | 6548 | 7385
6548,1,child,child; grandchild; indirect,5,1,1,1496 | 1859 | 5485 | 6090 | 7385
1951,1,parent,grandparent; indirect; parent; pibling,5,1,1,1273 | 1549 | 1550 | 1647 | 6449
1549,1,child,child; indirect,3,1,1,1550 | 1951 | 8988
6449,1,child,child; grandchild; indirect,3,1,1,1273 | 1647 | 1951
2571,1,child,child; grandchild; indirect,4,1,1,2572 | 6479 | 6488 | 764
6464,1,child,child; grandchild; indirect,6,1,1,6465 | 6479 | 7161 | 7162 | 7212 | 764
6018,1,sibling,indirect; sibling,2,1,1,4695 | 6019
8391,1,grandparent,grandparent; indirect,2,1,1,2885 | 5052
788,1,indirect,indirect,1,0,1,949
949,1,parent,indirect; parent,3,1,1,1761 | 788 | 948
930,1,parent,indirect; parent; pibling,7,1,1,7177 | 7180 | 7181 | 794 | 798 | 806 | 8538
7177,1,child,child; indirect; nibling; sibling,8,1,1,7178 | 7180 | 7181 | 794 | 798 | 806 | 8538 | 930
7178,1,indirect,indirect,3,1,1,7177 | 7180 | 8538
7180,1,child,child; indirect; nibling; sibling,9,1,1,3014 | 7177 | 7178 | 7181 | 794 | 798 | 806 | 8538 | 930
8538,1,sibling,indirect; nibling; sibling,8,1,1,7177 | 7178 | 7180 | 7181 | 794 | 798 | 806 | 930
7181,1,pibling,cousin; indirect; pibling,7,1,1,7177 | 7180 | 794 | 798 | 806 | 8538 | 930
806,1,parent,cousin; indirect; parent; pibling,7,1,1,7177 | 7180 | 7181 | 794 | 798 | 8538 | 930
799,1,indirect,indirect,1,0,1,6511
6511,1,parent,indirect; parent; sibling,4,1,1,6512 | 6513 | 6514 | 799
4696,1,sibling,indirect; nibling; sibling,6,1,1,1703 | 1704 | 4695 | 4699 | 4700 | 805
805,1,sibling,indirect; pibling; sibling,3,1,1,4696 | 6466 | 795
8097,1,indirect,indirect,1,0,1,2182
2182,1,indirect,indirect,1,0,1,8097
809,1,parent,cousin; indirect; parent; pibling,4,1,1,7184 | 7510 | 821 | 9115
7510,1,child,child; indirect; pibling,6,1,1,7184 | 7845 | 809 | 821 | 877 | 9115
877,1,child,child; indirect,2,1,1,2071 | 7510
5918,1,child,child; indirect,2,1,1,5649 | 5919
5649,1,indirect,indirect; spouse,2,1,1,5918 | 5919
1418,1,indirect,indirect,2,1,1,1395 | 8997
729,1,parent,child; indirect; parent; pibling,4,1,1,5587 | 6337 | 6629 | 728
728,1,cousin,cousin; indirect,3,1,1,5118 | 5891 | 729
6286,1,child,child; indirect,2,1,1,6328 | 7070
7070,1,sibling,cousin; indirect; pibling; sibling,5,1,1,1739 | 2666 | 2667 | 6286 | 6618
5660,1,indirect,indirect,1,0,1,1198
7187,1,indirect,indirect,1,0,1,5929
5929,1,indirect,indirect,1,0,1,7187
3139,1,indirect,indirect,1,0,1,6603
6603,1,indirect,indirect,1,0,1,3139
5699,1,child,child; grandchild; indirect; sibling,5,1,1,1341 | 2081 | 5955 | 7487 | 8992
1341,1,parent,child; grandchild; indirect; parent; pibling,5,1,1,2081 | 5699 | 7487 | 7858 | 8992
1199,1,parent,grandparent; indirect; parent,3,1,1,1198 | 4368 | 7277
4368,1,child,child; grandchild; indirect; pibling; sibling,6,1,1,1199 | 2153 | 2275 | 2278 | 6890 | 6891
6559,1,parent,indirect; parent,3,1,1,1211 | 6454 | 6883
6454,1,sibling,grandchild; indirect; nibling; sibling,4,1,1,2250 | 6559 | 6883 | 7765
5893,1,indirect,indirect,1,0,1,5688
5688,1,indirect,indirect,1,0,1,5893
3313,1,parent,child; indirect; parent; sibling,6,1,1,1542 | 1543 | 1545 | 1563 | 6442 | 9007
5234,1,nibling,indirect; nibling,2,1,1,3476 | 3477
2259,1,parent,cousin; indirect; parent; pibling; sibling,5,1,1,1073 | 4585 | 6659 | 8995 | 8996
833,1,child,child; grandchild; indirect,4,1,1,2866 | 8016 | 8073 | 834
8016,1,parent,grandparent; indirect; parent; pibling,4,1,1,2866 | 8073 | 833 | 834
3674,1,grandchild,grandchild; indirect,2,1,1,3675 | 9027
9027,1,child,child; indirect,4,1,1,3674 | 4584 | 894 | 9028
2080,1,parent,grandparent; indirect; parent; pibling; sibling,6,1,1,1818 | 2057 | 2238 | 2736 | 7109 | 7652
7652,1,parent,indirect; parent,2,1,1,2080 | 2238
7616,1,parent,indirect; parent,2,1,1,1061 | 2740
1061,1,indirect,indirect,1,0,1,7616
845,1,pibling,indirect; pibling,2,1,1,7202 | 9110
9110,1,parent,child; indirect; parent; pibling,5,1,1,2626 | 4644 | 845 | 9040 | 9041
898,1,child,child; grandchild; indirect; parent,6,1,1,1877 | 4467 | 7862 | 7935 | 8786 | 9049
4467,1,nibling,indirect; nibling; pibling,3,1,1,1877 | 2851 | 898
8786,1,parent,grandparent; indirect; nibling; parent; pibling; sibling,7,1,1,1877 | 7487 | 7858 | 7862 | 7935 | 8838 | 898
7858,1,parent,grandparent; indirect; parent,3,1,1,1341 | 7487 | 8786
8838,1,parent,grandparent; indirect; parent; pibling,4,1,1,1877 | 7862 | 7935 | 8786
7935,1,parent,indirect; nibling; parent; sibling,5,1,1,1877 | 7862 | 8786 | 8838 | 898
844,1,parent,indirect; parent,2,1,1,3633 | 842
3633,1,indirect,indirect,1,0,1,844
9303,1,indirect,indirect,1,0,1,8296
8296,1,indirect,indirect,1,0,1,9303
5736,1,indirect,indirect,1,0,1,9121
9121,1,indirect,indirect,1,0,1,5736
2945,1,indirect,indirect,1,0,1,8749
8749,1,indirect,indirect,1,0,1,2945
7812,1,indirect,indirect,1,0,1,6994
6819,1,sibling,indirect; nibling; sibling,5,1,1,1687 | 1688 | 2118 | 6820 | 7399
5654,1,indirect,indirect,1,0,1,719
719,1,indirect,indirect,1,0,1,5654
864,1,indirect,indirect,1,0,1,6714
6254,1,child,child; indirect; sibling,4,1,1,6253 | 6714 | 7184 | 7229
7403,1,indirect,indirect,1,0,1,5772
5772,1,indirect,indirect,1,0,1,7403
2742,1,nibling,indirect; nibling,2,1,1,1823 | 867
867,1,child,child; indirect; parent,3,1,1,1823 | 2742 | 6467
884,1,pibling,indirect; pibling,3,1,1,1440 | 3842 | 885
3842,1,parent,indirect; parent,2,1,1,3843 | 884
885,1,indirect,indirect,2,1,1,7228 | 884
7228,1,indirect,indirect,1,0,1,885
887,1,parent,indirect; parent,2,1,1,7231 | 7232
7232,1,cousin,cousin; indirect,2,1,1,7231 | 887
3730,1,indirect,indirect,1,0,1,9007
9007,1,child,child; indirect,3,1,1,1562 | 3313 | 3730
2743,1,indirect,indirect,1,0,1,4223
4223,1,indirect,indirect,1,0,1,2743
2753,1,parent,indirect; nibling; parent; pibling; sibling,5,1,1,2754 | 4761 | 6074 | 7120 | 7882
6074,1,indirect,indirect,1,0,1,2753
4459,1,child,child; grandchild; indirect,3,1,1,4458 | 4460 | 9552
9552,1,parent,grandparent; indirect; parent,3,1,1,4458 | 4459 | 4460
8763,1,indirect,indirect,2,1,1,5431 | 8649
6218,1,parent,indirect; parent; pibling,3,1,1,2893 | 3058 | 6219
3058,1,child,child; indirect; nibling; sibling; spouse,7,1,1,3054 | 3055 | 3056 | 3057 | 3059 | 3060 | 6218
2086,1,indirect,indirect,1,0,1,2261
2261,1,indirect,indirect,1,0,1,2086
2847,1,sibling,indirect; sibling,2,1,1,1357 | 7487
7767,1,indirect,indirect,1,0,1,1598
1598,1,parent,indirect; parent,3,1,1,6448 | 6890 | 7767
6662,1,child,child; indirect,4,1,1,1035 | 1385 | 1386 | 2899
4584,1,child,child; grandchild; indirect,4,1,1,4583 | 894 | 9027 | 9028
4644,1,grandchild,grandchild; indirect,2,1,1,2626 | 9110
3057,1,parent,cousin; indirect; parent; pibling; sibling,7,1,1,3054 | 3055 | 3056 | 3058 | 3059 | 3060 | 4454
4454,1,indirect,indirect,1,0,1,3057
9119,1,sibling,grandchild; indirect; sibling,3,1,1,3699 | 5067 | 942
5067,1,indirect,indirect,1,0,1,9119
6131,1,pibling,indirect; pibling,2,1,1,30 | 4697
4697,1,indirect,indirect,1,0,1,6131
6136,1,indirect,indirect,3,1,1,6841 | 6842 | 6843
6842,1,child,child; indirect; parent,3,1,1,2044 | 6136 | 6841
6141,1,indirect,indirect,1,0,1,5519
998,1,indirect,indirect,1,0,1,6441
6441,1,indirect,indirect,1,0,1,998
6142,1,indirect,indirect,1,0,1,6296
968,1,indirect,indirect,1,0,1,2223
2223,1,indirect,indirect,2,1,1,6623 | 968
7311,1,parent,cousin; indirect; parent; pibling; sibling,6,1,1,2853 | 2854 | 2855 | 7313 | 7314 | 960
1706,1,child,child; indirect; parent,4,1,1,1707 | 3476 | 3477 | 4648
3477,1,child,child; grandchild; indirect; pibling,4,1,1,1706 | 1707 | 3476 | 5234
4475,1,parent,grandchild; indirect; parent; sibling,6,1,1,2249 | 4476 | 6694 | 7264 | 7382 | 928
6829,1,indirect,indirect,1,0,1,6740
7031,1,child,child; indirect; sibling,3,1,1,6533 | 7030 | 7032
6533,1,child,child; grandchild; indirect; nibling,7,1,1,1167 | 6534 | 7030 | 7031 | 793 | 832 | 943
4137,1,child,child; grandchild; indirect; parent; sibling,6,1,1,2703 | 4140 | 7613 | 7614 | 8335 | 840
840,1,nibling,indirect; nibling,2,1,1,1100 | 4137
7648,1,parent,indirect; parent,3,1,1,1506 | 1507 | 1947
1507,1,child,child; indirect; parent,3,1,1,1506 | 5355 | 7648
1506,1,parent,grandparent; indirect; parent,3,1,1,1507 | 5355 | 7648
9404,1,sibling,indirect; nibling; sibling,3,1,1,2659 | 4732 | 9111
4732,1,child,child; indirect,2,1,1,4731 | 9404
7152,1,indirect,indirect,1,0,1,3886
3886,1,cousin,cousin; indirect,2,1,1,3887 | 7152
7191,1,child,child; indirect; nibling; pibling; sibling,5,1,1,1445 | 2018 | 5691 | 6262 | 7193
6262,1,sibling,cousin; grandchild; indirect; nibling; sibling,6,1,1,4761 | 5691 | 6261 | 6263 | 7191 | 927
9024,1,child,child; grandchild; indirect; sibling,4,1,1,2471 | 4196 | 4685 | 7696
4196,1,indirect,indirect,1,0,1,9024
5891,1,indirect,indirect,2,1,1,6282 | 728
8363,1,parent,child; grandchild; grandparent; indirect; parent,6,1,1,1371 | 3236 | 625 | 8174 | 8481 | 8979
3290,1,grandparent,grandparent; indirect,2,1,1,3236 | 6696
3236,1,child,child; grandchild; indirect; parent,5,1,1,1371 | 1439 | 3235 | 3290 | 8363
6618,1,child,child; cousin; grandparent; indirect; parent; pibling; sibling,9,1,1,1309 | 1310 | 1311 | 2073 | 6437 | 6617 | 7070 | 7801 | 8151
6282,1,indirect,indirect,1,0,1,5891
9049,1,child,child; grandchild; indirect,5,1,1,1877 | 1938 | 6199 | 896 | 898
6199,1,nibling,indirect; nibling,3,1,1,6200 | 896 | 9049
2238,1,child,child; indirect,2,1,1,2080 | 7652
2015,1,grandparent,grandparent; indirect; pibling,3,1,1,1026 | 1743 | 9013
6222,1,indirect,indirect,1,0,1,827
827,1,indirect,indirect,1,0,1,6222
1041,1,sibling,indirect; sibling,2,1,1,7345 | 7346
7014,1,sibling,indirect; sibling,2,1,1,1969 | 6429
2451,1,indirect,indirect,1,0,1,7214
7214,1,child,child; grandchild; indirect; nibling,4,1,1,2451 | 7213 | 7215 | 7218
811,1,indirect,indirect,1,0,1,6021
6021,1,child,child; indirect; pibling,3,1,1,1 | 5524 | 811
873,1,sibling,indirect; sibling,3,1,1,7229 | 870 | 874
7229,1,sibling,indirect; nibling; sibling,3,1,1,6253 | 6254 | 873
9424,1,indirect,indirect,1,0,1,6940
6940,1,nibling,indirect; nibling,2,1,1,2367 | 9424
7034,1,child,child; grandchild; indirect,4,1,1,2602 | 7033 | 7035 | 7036
2607,1,child,child; indirect; parent,3,1,1,2606 | 7618 | 7620
7618,1,indirect,indirect,1,0,1,2607
2660,1,indirect,indirect,1,0,1,2101
2101,1,indirect,indirect,1,0,1,2660
2666,1,cousin,cousin; indirect,2,1,1,2667 | 7070
7033,1,parent,indirect; parent; sibling,3,1,1,2602 | 7034 | 7036
7638,1,parent,grandparent; indirect; parent; pibling,4,1,1,1014 | 2061 | 2264 | 7334
2264,1,child,child; indirect; parent; pibling; sibling,6,1,1,2265 | 4512 | 4513 | 6676 | 7594 | 7638
1441,1,child,child; indirect,2,1,1,5128 | 5129
7010,1,sibling,indirect; sibling,2,1,1,7011 | 768
7011,1,indirect,indirect,1,0,1,7010
1369,1,child,child; indirect,2,1,1,1368 | 2854
6098,1,indirect,indirect,1,0,1,4532
4532,1,child,child; grandchild; indirect,4,1,1,2371 | 4531 | 4533 | 6098
943,1,grandparent,grandparent; indirect; nibling; pibling,6,1,1,1026 | 6533 | 7283 | 7631 | 7984 | 832
7984,1,parent,indirect; parent; pibling,3,1,1,1026 | 7631 | 943
5289,1,indirect,indirect,1,0,1,1674
1674,1,indirect,indirect,1,0,1,5289
7184,1,child,child; indirect; nibling; sibling,5,1,1,6254 | 7510 | 809 | 821 | 9115
821,1,parent,cousin; grandchild; indirect; nibling; parent; pibling,5,1,1,7184 | 7510 | 7845 | 809 | 9115
6792,1,indirect,indirect,1,0,1,3043
3043,1,sibling,indirect; sibling,2,1,1,6792 | 6913
3180,1,sibling,indirect; nibling; sibling,4,1,1,1526 | 6440 | 6474 | 6745
6474,1,child,child; indirect,2,1,1,1060 | 3180
5225,1,indirect,indirect,1,0,1,6873
6873,1,sibling,indirect; sibling,2,1,1,5225 | 6872
6694,1,parent,cousin; indirect; parent; pibling,6,1,1,1442 | 2042 | 2997 | 4475 | 4476 | 6695
4476,1,child,child; indirect,4,1,1,4475 | 6694 | 7264 | 928
1439,1,child,child; indirect; parent; pibling,4,1,1,1440 | 3236 | 6693 | 7897
8997,1,child,child; indirect; pibling; sibling,5,1,1,1393 | 1395 | 1418 | 6666 | 6667
8237,1,indirect,indirect,2,1,1,2771 | 3929
2771,1,parent,child; indirect; parent,3,1,1,1362 | 8237 | 8994
3929,1,parent,indirect; parent,2,1,1,2392 | 8237
5094,1,indirect,indirect,1,0,1,3768
3768,1,indirect,indirect,1,0,1,5094
6442,1,child,child; grandchild; indirect,5,1,1,1542 | 1543 | 1545 | 1563 | 3313
9092,1,child,child; indirect; parent; pibling,5,1,1,1563 | 2569 | 3415 | 3416 | 6637
5696,1,cousin,cousin; indirect,2,1,1,5695 | 9099
9099,1,indirect,indirect,1,0,1,5696
8988,1,child,child; indirect,2,1,1,1275 | 1549
2826,1,indirect,indirect,1,0,1,7747
7747,1,parent,grandparent; indirect; parent,3,1,1,2135 | 2826 | 3298
1475,1,parent,indirect; parent,2,1,1,4119 | 6456
9146,1,indirect,indirect,1,0,1,1714
1714,1,parent,indirect; parent; pibling,3,1,1,2568 | 9011 | 9146
5897,1,indirect,indirect,2,1,1,4585 | 5724
5724,1,sibling,grandchild; indirect; sibling,3,1,1,4585 | 4586 | 5897
857,1,sibling,indirect; sibling,2,1,1,856 | 858
856,1,indirect,indirect,2,1,1,857 | 858
858,1,sibling,indirect; sibling,2,1,1,856 | 857
9764,1,indirect,indirect,1,0,1,368
368,1,indirect,indirect,1,0,1,9764
8750,1,indirect,indirect,1,0,1,1830
1073,1,parent,child; cousin; parent; pibling; sibling,6,1,1,2259 | 6359 | 6659 | 6660 | 8995 | 8996
6665,1,pibling,cousin; pibling,2,1,1,2922 | 3551
3551,1,parent,cousin; parent,2,1,1,2922 | 6665
7218,1,pibling,cousin; pibling,4,1,1,6467 | 7211 | 7214 | 7215
6467,1,child,child; cousin; grandchild,3,1,1,1823 | 7218 | 867
1404,1,cousin,cousin,1,0,1,1405
1311,1,parent,cousin; grandparent; nibling; parent; pibling; sibling,8,1,1,1309 | 1310 | 2073 | 6437 | 6617 | 6618 | 7801 | 8151
6691,1,cousin,cousin,1,0,1,6692
6692,1,cousin,cousin,1,0,1,6691
1310,1,parent,cousin; grandparent; nibling; parent; pibling; sibling,8,1,1,1309 | 1311 | 2073 | 6437 | 6617 | 6618 | 7801 | 8151
3350,1,cousin,cousin,3,1,1,1524 | 6439 | 6739
3887,1,cousin,cousin,1,0,1,3886
4243,1,cousin,cousin,3,1,1,4242 | 4244 | 4245
4245,1,cousin,cousin,3,1,1,4242 | 4243 | 4244
4244,1,cousin,cousin,3,1,1,4242 | 4243 | 4245
4242,1,cousin,cousin,3,1,1,4243 | 4244 | 4245
4809,1,parent,cousin; parent; pibling,3,1,1,2507 | 4808 | 4810
4808,1,parent,cousin; grandparent; parent; pibling,4,1,1,2507 | 2569 | 4809 | 4810
4897,1,sibling,cousin; sibling,1,1,1,4896
4896,1,sibling,cousin; sibling,1,1,1,4897
5416,1,cousin,cousin,1,0,1,6821
5246,1,pibling,cousin; pibling,5,1,1,5242 | 5244 | 5245 | 5247 | 5248
5244,1,parent,cousin; parent; sibling,5,1,1,5242 | 5245 | 5246 | 5247 | 5248
5242,1,parent,cousin; parent; sibling,5,1,1,5244 | 5245 | 5246 | 5247 | 5248
5247,1,parent,cousin; parent; sibling,5,1,1,5242 | 5244 | 5245 | 5246 | 5248
5245,1,parent,cousin; parent; sibling,5,1,1,5242 | 5244 | 5246 | 5247 | 5248
6159,1,cousin,cousin,1,0,1,739
9436,1,cousin,cousin,4,1,1,7091 | 7094 | 7095 | 7096
7096,1,sibling,cousin; nibling; sibling,6,1,1,6073 | 7091 | 7094 | 7095 | 9050 | 9436
8863,1,cousin,cousin,1,0,1,8678
5566,1,sibling,cousin; pibling; sibling,3,1,1,5563 | 5564 | 5565
5563,1,sibling,cousin; pibling; sibling,3,1,1,5564 | 5565 | 5566
4280,1,cousin,cousin,1,0,1,4281
4281,1,cousin,cousin,1,0,1,4280
9437,1,cousin,cousin,1,0,1,7160
7160,1,cousin,cousin,1,0,1,9437
1442,1,child,child; cousin; sibling,3,1,1,2042 | 6694 | 6695
2983,1,cousin,cousin,1,0,1,2984
2984,1,cousin,cousin,1,0,1,2983
3486,1,cousin,cousin,1,0,1,2102
6278,1,cousin,cousin,1,0,1,6934
6934,1,cousin,cousin,1,0,1,6278
1098,1,parent,cousin; nibling; parent; pibling; sibling,5,1,1,1097 | 6316 | 6317 | 6318 | 7027
7027,1,parent,child; cousin; parent; pibling; sibling,5,1,1,1097 | 1098 | 6316 | 6317 | 6318
4517,1,child,child; cousin,2,1,1,4518 | 4519
4518,1,cousin,cousin,1,0,1,4517
2481,1,cousin,cousin,1,0,1,2480
2480,1,cousin,cousin,1,0,1,2481
3903,1,child,child; cousin; sibling,5,1,1,3904 | 3985 | 3986 | 3987 | 3989
3986,1,sibling,cousin; nibling; sibling,5,1,1,3903 | 3904 | 3985 | 3987 | 3989
3985,1,sibling,cousin; nibling; sibling,5,1,1,3903 | 3904 | 3986 | 3987 | 3989
1633,1,cousin,cousin,1,0,1,6800
6800,1,cousin,cousin,1,0,1,1633
1651,1,cousin,cousin,1,0,1,1652
1652,1,cousin,cousin,1,0,1,1651
6787,1,cousin,cousin,1,0,1,1615
1615,1,cousin,cousin,1,0,1,6787
7393,1,cousin,cousin,1,0,1,7395
7395,1,cousin,cousin,1,0,1,7393
5152,1,cousin,cousin,1,0,1,5153
5153,1,cousin,cousin,1,0,1,5152
3055,1,parent,cousin; parent; pibling; sibling,6,1,1,3054 | 3056 | 3057 | 3058 | 3059 | 3060
1624,1,child,child; cousin; pibling,4,1,1,1622 | 1742 | 2768 | 9012
1742,1,parent,cousin; grandchild; parent; pibling,4,1,1,1624 | 6849 | 8678 | 9012
2853,1,parent,cousin; nibling; parent; pibling; sibling,6,1,1,2499 | 2854 | 2855 | 7311 | 7313 | 7314
927,1,pibling,cousin; pibling,4,1,1,2123 | 6261 | 6262 | 6263
6261,1,pibling,cousin; pibling,3,1,1,6262 | 6263 | 927
798,1,child,child; cousin; pibling; sibling,7,1,1,7177 | 7180 | 7181 | 794 | 806 | 8538 | 930
9114,1,cousin,cousin,2,1,1,4955 | 4957
2712,1,cousin,cousin,1,0,1,6636
1554,1,parent,cousin; parent; pibling,3,1,1,5040 | 6444 | 6752
4407,1,cousin,cousin,1,0,1,4408
4408,1,cousin,cousin,1,0,1,4407
7095,1,sibling,cousin; nibling; sibling,5,1,1,6073 | 7091 | 7094 | 7096 | 9436
7094,1,sibling,cousin; nibling; sibling,5,1,1,6073 | 7091 | 7095 | 7096 | 9436
7091,1,sibling,cousin; nibling; sibling,5,1,1,6073 | 7094 | 7095 | 7096 | 9436
6905,1,pibling,cousin; pibling,2,1,1,15 | 16
9442,1,cousin,cousin,1,0,1,5248
794,1,sibling,cousin; nibling; pibling; sibling,7,1,1,7177 | 7180 | 7181 | 798 | 806 | 8538 | 930
5118,1,sibling,cousin; nibling; sibling,5,1,1,2311 | 6914 | 6915 | 7024 | 728
2186,1,sibling,cousin; pibling; sibling,3,1,1,1873 | 1988 | 9003
1988,1,sibling,cousin; pibling; sibling,3,1,1,1873 | 2186 | 9003
5695,1,cousin,cousin,1,0,1,5696
6523,1,cousin,cousin,1,0,1,5248
7211,1,cousin,cousin,1,0,1,7218
7212,1,parent,cousin; grandparent; parent; pibling,4,1,1,6464 | 6465 | 7217 | 764
7215,1,child,child; cousin; parent,3,1,1,7213 | 7214 | 7218
3599,1,parent,cousin; grandparent; parent,3,1,1,2110 | 5578 | 7455
5578,1,pibling,cousin; pibling,3,1,1,3599 | 5577 | 7455
7231,1,child,child; cousin,2,1,1,7232 | 887
9690,1,cousin,cousin,1,0,1,298
298,1,cousin,cousin,1,0,1,9690
5662,1,cousin,cousin,2,1,1,8743 | 8783
8783,1,sibling,cousin; sibling,2,1,1,5662 | 8743
8743,1,sibling,cousin; sibling,2,1,1,5662 | 8783
1048,1,cousin,cousin,1,0,1,1612
1612,1,cousin,cousin,1,0,1,1048
3060,1,parent,cousin; parent; pibling; sibling,6,1,1,3054 | 3055 | 3056 | 3057 | 3058 | 3059
2855,1,parent,cousin; parent; pibling; sibling,5,1,1,2853 | 2854 | 7311 | 7313 | 7314
2123,1,cousin,cousin,1,0,1,927
4761,1,child,child; cousin; grandchild; sibling,7,1,1,2753 | 2754 | 6262 | 7120 | 7121 | 7518 | 7882
1691,1,parent,parent; pibling; sibling,4,1,1,1689 | 1690 | 6821 | 6841
1690,1,parent,parent; pibling; sibling,4,1,1,1689 | 1691 | 6821 | 6841
6667,1,sibling,pibling; sibling,3,1,1,1393 | 6666 | 8997
2457,1,sibling,sibling,1,0,1,2458
2837,1,sibling,sibling,1,0,1,6680
3626,1,sibling,sibling,1,0,1,3627
3627,1,sibling,sibling,1,0,1,3626
3642,1,sibling,sibling,1,0,1,3643
3643,1,sibling,sibling,1,0,1,3642
7503,1,sibling,sibling,1,0,1,2917
2917,1,sibling,sibling,1,0,1,7503
7629,1,sibling,sibling,1,0,1,7818
7818,1,sibling,sibling,1,0,1,7629
6437,1,child,child; grandchild; nibling; parent; sibling,8,1,1,1309 | 1310 | 1311 | 2073 | 6617 | 6618 | 7801 | 8151
3726,1,sibling,sibling,1,0,1,3727
3727,1,sibling,sibling,1,0,1,3726
7463,1,sibling,sibling,2,1,1,7683 | 7684
7683,1,sibling,sibling,2,1,1,7463 | 7684
3156,1,sibling,sibling,1,0,1,3155
3173,1,sibling,nibling; pibling; sibling,3,1,1,3169 | 3170 | 3171
3170,1,sibling,pibling; sibling,2,1,1,3169 | 3173
3181,1,sibling,sibling,1,0,1,3183
3183,1,sibling,sibling,1,0,1,3181
6564,1,sibling,sibling,1,0,1,6560
6560,1,sibling,nibling; sibling,3,1,1,6562 | 6564 | 6566
6566,1,sibling,pibling; sibling,2,1,1,6560 | 6562
6562,1,sibling,sibling,2,1,1,6560 | 6566
9328,1,sibling,sibling,1,0,1,9327
9327,1,sibling,sibling,1,0,1,9328
2181,1,parent,parent; sibling,3,1,1,6639 | 7885 | 8199
8199,1,parent,parent; pibling; sibling,4,1,1,1873 | 2181 | 6639 | 9003
7885,1,parent,parent; sibling,2,1,1,2181 | 6639
1667,1,parent,parent; sibling,2,1,1,1668 | 2224
1668,1,parent,parent; sibling,2,1,1,1667 | 2224
1687,1,child,child; grandchild; sibling,5,1,1,1688 | 2118 | 6819 | 6820 | 7399
1688,1,child,child; parent; pibling; sibling,5,1,1,1687 | 2118 | 6819 | 6820 | 7399
2118,1,parent,nibling; parent; pibling; sibling,5,1,1,1687 | 1688 | 6819 | 6820 | 7399
1868,1,parent,parent; pibling; sibling,3,1,1,1210 | 1589 | 1590
1590,1,parent,parent; pibling; sibling,3,1,1,1210 | 1589 | 1868
2062,1,parent,parent; sibling,2,1,1,1866 | 7406
1866,1,parent,parent; sibling,2,1,1,2062 | 7406
7619,1,parent,parent; sibling,2,1,1,1833 | 7488
7488,1,parent,parent; sibling,2,1,1,1833 | 7619
1464,1,parent,parent; sibling,2,1,1,6706 | 6707
6706,1,parent,parent; sibling,2,1,1,1464 | 6707
1480,1,parent,nibling; parent; sibling,4,1,1,1974 | 6711 | 6712 | 8337
6712,1,parent,child; parent; sibling,4,1,1,1480 | 1974 | 6711 | 8337
3663,1,child,child; sibling,2,1,1,3662 | 3664
3664,1,sibling,nibling; sibling,2,1,1,3662 | 3663
3667,1,sibling,sibling,1,0,1,3668
3668,1,sibling,sibling,1,0,1,3667
9131,1,sibling,sibling,2,1,1,9130 | 9137
9137,1,sibling,sibling,2,1,1,9130 | 9131
1912,1,sibling,sibling,1,0,1,1391
1391,1,sibling,sibling,1,0,1,1912
3957,1,parent,grandparent; parent; sibling,3,1,1,1595 | 1596 | 6778
1596,1,parent,grandparent; parent; sibling,3,1,1,1595 | 3957 | 6778
9038,1,parent,child; grandchild; parent; sibling,8,1,1,1018 | 1019 | 1020 | 1990 | 2608 | 3992 | 5265 | 9037
4001,1,sibling,sibling,1,0,1,4000
4000,1,sibling,sibling,1,0,1,4001
1020,1,parent,grandparent; nibling; parent; pibling; sibling,8,1,1,1018 | 1019 | 1990 | 2608 | 3992 | 5265 | 9037 | 9038
2608,1,child,child; grandparent; parent; pibling; sibling,8,1,1,1018 | 1019 | 1020 | 1990 | 3992 | 5265 | 9037 | 9038
4040,1,sibling,nibling; sibling,2,1,1,4039 | 6034
6034,1,child,child; sibling,2,1,1,4039 | 4040
4078,1,sibling,sibling,1,0,1,4079
4079,1,sibling,sibling,1,0,1,4078
6447,1,sibling,nibling; sibling,2,1,1,6446 | 6775
6446,1,sibling,pibling; sibling,1,1,1,6447
6775,1,sibling,sibling,1,0,1,6447
3773,1,sibling,sibling,1,0,1,3774
3774,1,sibling,sibling,1,0,1,3773
3785,1,parent,parent; sibling,2,1,1,3786 | 3787
3786,1,parent,parent; sibling,2,1,1,3785 | 3787
3767,1,sibling,nibling; sibling,2,1,1,3765 | 3766
3765,1,child,child; sibling,2,1,1,3766 | 3767
9009,1,sibling,sibling,1,0,1,9094
9094,1,sibling,sibling,1,0,1,9009
8575,1,parent,parent; sibling,2,1,1,2206 | 8757
8757,1,parent,parent; sibling,2,1,1,2206 | 8575
1074,1,sibling,sibling,1,0,1,1075
7684,1,sibling,sibling,2,1,1,7463 | 7683
1210,1,sibling,nibling; sibling,3,1,1,1589 | 1590 | 1868
261,1,sibling,sibling,1,0,1,262
262,1,sibling,sibling,1,0,1,261
1547,1,parent,parent; pibling; sibling,5,1,1,1544 | 1546 | 1787 | 4743 | 6602
1545,1,parent,nibling; parent; sibling,4,1,1,1542 | 1543 | 3313 | 6442
1543,1,parent,nibling; parent; sibling,4,1,1,1542 | 1545 | 3313 | 6442
3897,1,parent,parent; sibling,2,1,1,3898 | 3899
3898,1,parent,parent; sibling,2,1,1,3897 | 3899
2805,1,sibling,sibling,1,0,1,2806
2806,1,sibling,sibling,1,0,1,2805
2811,1,sibling,sibling,1,0,1,1773
1773,1,sibling,sibling,1,0,1,2811
3527,1,sibling,nibling; sibling,5,1,1,3528 | 3529 | 3530 | 4716 | 4717
3529,1,sibling,nibling; sibling,5,1,1,3527 | 3528 | 3530 | 4716 | 4717
3528,1,parent,parent; pibling; sibling,5,1,1,3527 | 3529 | 3530 | 4716 | 4717
3530,1,parent,parent; pibling; sibling,5,1,1,3527 | 3528 | 3529 | 4716 | 4717
3555,1,sibling,sibling,1,0,1,3556
3556,1,sibling,sibling,1,0,1,3555
3565,1,sibling,sibling,1,0,1,3566
3566,1,sibling,sibling,1,0,1,3565
1255,1,parent,parent; pibling; sibling,3,1,1,1254 | 2903 | 6033
2903,1,parent,parent; pibling; sibling,3,1,1,1254 | 1255 | 6033
1256,1,child,child; sibling,2,1,1,1257 | 7990
1257,1,sibling,nibling; sibling,3,1,1,1256 | 1930 | 7990
1930,1,child,child; sibling,2,1,1,1257 | 7595
1262,1,sibling,sibling,2,1,1,1263 | 7442
1263,1,child,child; sibling,3,1,1,1262 | 1265 | 7442
7442,1,parent,parent; sibling,2,1,1,1262 | 1263
3050,1,sibling,sibling,1,0,1,3051
3051,1,sibling,sibling,1,0,1,3050
8546,1,sibling,sibling,1,0,1,8882
8882,1,sibling,sibling,1,0,1,8546
3092,1,parent,child; grandparent; parent; sibling,5,1,1,1830 | 2474 | 2744 | 3093 | 8657
8657,1,parent,grandparent; nibling; parent; sibling,5,1,1,1830 | 2474 | 2744 | 3092 | 3093
1689,1,parent,parent; pibling; sibling,4,1,1,1690 | 1691 | 6821 | 6841
1695,1,sibling,nibling; sibling,2,1,1,1696 | 6824
6824,1,child,child; sibling,2,1,1,1695 | 1696
2619,1,parent,nibling; parent; sibling,3,1,1,9030 | 9031 | 9032
9031,1,parent,child; parent; sibling,3,1,1,2619 | 9030 | 9032
1729,1,sibling,sibling,1,0,1,6836
6836,1,sibling,sibling,1,0,1,1729
6630,1,sibling,sibling,2,1,1,1330 | 1333
1333,1,sibling,sibling,2,1,1,1330 | 6630
4146,1,sibling,sibling,1,0,1,4147
4147,1,sibling,sibling,1,0,1,4146
4156,1,sibling,sibling,1,0,1,4155
4155,1,sibling,sibling,1,0,1,4156
6826,1,sibling,pibling; sibling,3,1,1,1699 | 4212 | 6450
6832,1,sibling,sibling,1,0,1,6835
6835,1,sibling,sibling,1,0,1,6832
1736,1,parent,child; parent; sibling,4,1,1,1737 | 5233 | 6845 | 7604
1095,1,sibling,nibling; pibling; sibling,4,1,1,1096 | 1829 | 6312 | 6313
7398,1,sibling,sibling,1,0,1,7400
7400,1,sibling,sibling,1,0,1,7398
1743,1,parent,nibling; parent; pibling; sibling,6,1,1,1744 | 1745 | 2015 | 6850 | 6851 | 9013
1744,1,parent,parent; pibling; sibling,5,1,1,1743 | 1745 | 6850 | 6851 | 9013
1748,1,parent,parent; sibling,2,1,1,1749 | 6852
1749,1,parent,parent; sibling,2,1,1,1748 | 6852
1902,1,sibling,pibling; sibling,5,1,1,1761 | 1762 | 1764 | 1765 | 1768
2214,1,sibling,grandparent; sibling,2,1,1,2215 | 7290
2215,1,sibling,grandparent; sibling,2,1,1,2214 | 7290
2338,1,child,child; sibling,3,1,1,2220 | 7376 | 7377
2224,1,child,child; nibling; parent; sibling,5,1,1,1667 | 1668 | 1826 | 2225 | 6451
2225,1,child,child; parent; sibling,3,1,1,1826 | 2224 | 6451
9130,1,sibling,sibling,2,1,1,9131 | 9137
1588,1,parent,parent; sibling,2,1,1,1586 | 1587
1586,1,parent,parent; sibling,2,1,1,1587 | 1588
2228,1,sibling,sibling,1,0,1,2155
2155,1,sibling,sibling,1,0,1,2228
2889,1,sibling,sibling,2,1,1,7823 | 7932
7823,1,sibling,sibling,2,1,1,2889 | 7932
4197,1,sibling,sibling,1,0,1,4198
4198,1,sibling,sibling,1,0,1,4197
4225,1,sibling,sibling,1,0,1,4226
4226,1,sibling,sibling,1,0,1,4225
4260,1,sibling,sibling,1,0,1,4261
4261,1,sibling,sibling,1,0,1,4260
6856,1,child,child; sibling,3,1,1,1752 | 742 | 7662
742,1,sibling,nibling; sibling,3,1,1,1752 | 6856 | 7662
6872,1,sibling,sibling,1,0,1,6873
7377,1,parent,parent; sibling,2,1,1,2338 | 7376
7376,1,parent,parent; sibling,2,1,1,2338 | 7377
8154,1,sibling,nibling; sibling,4,1,1,7611 | 7808 | 7912 | 8021
7912,1,sibling,nibling; sibling,4,1,1,7611 | 7808 | 8021 | 8154
9008,1,parent,child; parent; sibling,3,1,1,2427 | 6973 | 7279
6973,1,parent,nibling; parent; sibling,3,1,1,2427 | 7279 | 9008
9111,1,child,child; sibling,2,1,1,2659 | 9404
1052,1,sibling,sibling,1,0,1,1054
7733,1,parent,grandparent; parent; sibling,3,1,1,1054 | 1056 | 8421
7350,1,sibling,sibling,1,0,1,7349
7349,1,sibling,sibling,1,0,1,7350
1043,1,child,child; sibling,2,1,1,1044 | 1045
1045,1,sibling,nibling; sibling,2,1,1,1043 | 1044
2508,1,child,child; sibling,2,1,1,1793 | 2510
2510,1,sibling,nibling; sibling,2,1,1,1793 | 2508
4810,1,child,child; nibling; sibling,3,1,1,2507 | 4808 | 4809
4824,1,sibling,sibling,1,0,1,4825
4825,1,sibling,sibling,1,0,1,4824
4851,1,parent,nibling; parent; sibling,3,1,1,2135 | 4852 | 4853
4853,1,parent,nibling; parent; sibling,3,1,1,2135 | 4851 | 4852
1019,1,parent,grandparent; nibling; parent; pibling; sibling,8,1,1,1018 | 1020 | 1990 | 2608 | 3992 | 5265 | 9037 | 9038
1038,1,parent,parent; sibling,2,1,1,1037 | 1039
1039,1,parent,parent; sibling,2,1,1,1037 | 1038
7983,1,sibling,grandparent; nibling; pibling; sibling,5,1,1,2540 | 2541 | 2880 | 7609 | 8752
7609,1,child,child; grandparent; pibling; sibling,5,1,1,2540 | 2541 | 2880 | 7983 | 8752
8562,1,sibling,sibling,1,0,1,8680
8680,1,sibling,sibling,1,0,1,8562
8796,1,sibling,nibling; sibling,2,1,1,8888 | 9973
8888,1,sibling,nibling; sibling,2,1,1,8796 | 9973
9034,1,sibling,sibling,2,1,1,9035 | 9106
9035,1,sibling,sibling,2,1,1,9034 | 9106
9106,1,sibling,sibling,2,1,1,9034 | 9035
9408,1,sibling,sibling,1,0,1,9107
9107,1,sibling,nibling; sibling,2,1,1,2583 | 9408
2632,1,parent,parent; sibling,2,1,1,1991 | 2633
1991,1,parent,parent; sibling,2,1,1,2632 | 2633
2634,1,sibling,nibling; sibling,2,1,1,7054 | 7601
7054,1,child,child; sibling,2,1,1,2634 | 7601
7057,1,child,child; sibling,2,1,1,2100 | 2645
5020,1,child,child; sibling,2,1,1,10204 | 5021
5021,1,sibling,sibling,1,0,1,5020
5057,1,parent,parent; sibling,2,1,1,1943 | 7273
1943,1,parent,grandchild; parent; sibling,3,1,1,5057 | 7273 | 8808
5108,1,sibling,sibling,1,0,1,5109
5109,1,sibling,sibling,1,0,1,5108
5120,1,sibling,sibling,1,0,1,5121
5121,1,sibling,sibling,1,0,1,5120
5227,1,parent,parent; pibling; sibling,3,1,1,1548 | 2410 | 5228
2410,1,parent,parent; pibling; sibling,3,1,1,1548 | 5227 | 5228
8864,1,parent,child; parent; pibling; sibling,4,1,1,2699 | 2912 | 7610 | 8809
2699,1,child,child; grandchild; sibling,4,1,1,2912 | 7610 | 8809 | 8864
21,1,child,child; grandchild; parent; sibling,4,1,1,22 | 23 | 24 | 25
22,1,parent,grandparent; parent; sibling,3,1,1,21 | 25 | 6284
7077,1,sibling,sibling,1,0,1,7079
7079,1,sibling,sibling,1,0,1,7077
6639,1,child,child; nibling; sibling,4,1,1,2181 | 7885 | 8199 | 9003
8046,1,sibling,sibling,1,0,1,8204
8204,1,sibling,sibling,1,0,1,8046
1787,1,parent,parent; pibling; sibling,4,1,1,1544 | 1547 | 4743 | 6602
2175,1,child,child; parent; sibling,3,1,1,2146 | 6498 | 743
2146,1,parent,nibling; parent; sibling,3,1,1,2175 | 6498 | 743
5535,1,sibling,sibling,1,0,1,5541
5541,1,sibling,sibling,1,0,1,5535
1287,1,sibling,nibling; sibling,2,1,1,1286 | 1288
1286,1,sibling,nibling; sibling,2,1,1,1287 | 1288
1301,1,parent,parent; sibling,2,1,1,1302 | 6614
1302,1,parent,parent; sibling,2,1,1,1301 | 6614
1330,1,sibling,sibling,2,1,1,1333 | 6630
7384,1,parent,parent; sibling,2,1,1,1942 | 2247
1942,1,parent,parent; sibling,2,1,1,2247 | 7384
6303,1,parent,parent; sibling,2,1,1,1135 | 6302
1135,1,parent,child; parent; sibling,3,1,1,6302 | 6303 | 6383
6334,1,sibling,sibling,1,0,1,6340
6340,1,sibling,sibling,1,0,1,6334
1179,1,parent,parent; sibling,2,1,1,1181 | 1182
1181,1,parent,parent; sibling,2,1,1,1179 | 1182
3068,1,child,child; sibling,2,1,1,3067 | 3070
3067,1,sibling,sibling,1,0,1,3068
6851,1,child,child; nibling; sibling,5,1,1,1743 | 1744 | 1745 | 6850 | 9013
6512,1,child,child; sibling,2,1,1,6511 | 6513
6513,1,sibling,sibling,2,1,1,6511 | 6512
6518,1,sibling,sibling,1,0,1,6519
6519,1,sibling,sibling,1,0,1,6518
6547,1,parent,parent; sibling,2,1,1,1185 | 6546
1185,1,parent,parent; sibling,2,1,1,6546 | 6547
1196,1,child,child; parent; sibling,4,1,1,1195 | 2081 | 6549 | 7606
1195,1,parent,parent; sibling,2,1,1,1196 | 6549
7766,1,sibling,sibling,1,0,1,8019
8019,1,sibling,sibling,1,0,1,7766
3416,1,child,child; grandchild; sibling,3,1,1,1563 | 3415 | 9092
6275,1,sibling,sibling,1,0,1,6609
6609,1,sibling,sibling,1,0,1,6275
6435,1,child,child; sibling,2,1,1,1289 | 6604
6604,1,sibling,nibling; sibling,2,1,1,1289 | 6435
1288,1,sibling,pibling; sibling,2,1,1,1286 | 1287
1109,1,parent,parent; sibling,3,1,1,1110 | 1111 | 1972
1111,1,parent,parent; sibling,3,1,1,1109 | 1110 | 1972
1120,1,sibling,great-pibling; pibling; sibling,3,1,1,6294 | 6295 | 6296
1123,1,sibling,pibling; sibling,2,1,1,1125 | 1665
1125,1,sibling,pibling; sibling,2,1,1,1123 | 1665
1972,1,parent,parent; sibling,3,1,1,1109 | 1110 | 1111
7451,1,sibling,sibling,1,0,1,2902
2902,1,sibling,sibling,1,0,1,7451
1345,1,child,child; parent; pibling; sibling,6,1,1,1346 | 1347 | 1801 | 1875 | 2235 | 9085
1346,1,parent,parent; pibling; sibling,4,1,1,1345 | 1347 | 2235 | 9085
1353,1,sibling,sibling,1,0,1,2102
1357,1,sibling,sibling,1,0,1,2847
2012,1,sibling,sibling,1,0,1,2913
2913,1,sibling,sibling,1,0,1,2012
2109,1,parent,parent; sibling,2,1,1,2183 | 6990
2183,1,parent,grandparent; parent; sibling,4,1,1,1488 | 2109 | 6990 | 6991
7161,1,parent,grandparent; nibling; parent; pibling; sibling,5,1,1,6464 | 6465 | 6479 | 7162 | 764
6465,1,child,child; grandchild; nibling; parent; sibling,6,1,1,6464 | 6479 | 7161 | 7162 | 7212 | 764
2200,1,parent,parent; sibling,2,1,1,2102 | 7764
7764,1,parent,parent; sibling,2,1,1,2102 | 2200
3469,1,sibling,sibling,1,0,1,4556
4556,1,sibling,sibling,1,0,1,3469
6751,1,sibling,nibling; sibling,2,1,1,1551 | 6443
6443,1,child,child; sibling,2,1,1,1551 | 6751
1599,1,sibling,sibling,2,1,1,1600 | 4898
1620,1,sibling,sibling,1,0,1,1621
1621,1,sibling,sibling,1,0,1,1620
7420,1,sibling,grandparent; sibling,2,1,1,2290 | 7711
7711,1,sibling,grandparent; sibling,2,1,1,2290 | 7420
8984,1,child,child; sibling,2,1,1,1174 | 6542
6542,1,sibling,nibling; sibling,2,1,1,1174 | 8984
978,1,parent,child; parent; sibling,3,1,1,7548 | 7643 | 979
7548,1,parent,nibling; parent; sibling,3,1,1,7643 | 978 | 979
5651,1,sibling,sibling,1,0,1,5652
5652,1,sibling,sibling,1,0,1,5651
6897,1,sibling,sibling,2,1,1,6896 | 6898
6898,1,sibling,sibling,1,0,1,6897
4438,1,sibling,nibling; sibling,2,1,1,1738 | 6846
1835,1,sibling,sibling,1,0,1,1790
1790,1,sibling,sibling,1,0,1,1835
3686,1,sibling,sibling,1,0,1,6078
6078,1,sibling,sibling,1,0,1,3686
6321,1,child,child; sibling,3,1,1,1103 | 6322 | 792
6322,1,sibling,nibling; sibling,3,1,1,1103 | 6321 | 792
6318,1,child,child; grandchild; nibling; sibling,5,1,1,1097 | 1098 | 6316 | 6317 | 7027
6312,1,sibling,nibling; sibling,3,1,1,1095 | 1096 | 6313
9117,1,child,child; pibling; sibling,3,1,1,2311 | 2464 | 893
2464,1,sibling,nibling; sibling,2,1,1,893 | 9117
1091,1,sibling,sibling,1,0,1,1090
1090,1,sibling,sibling,1,0,1,1091
8831,1,parent,parent; sibling,2,1,1,4495 | 7859
4495,1,parent,parent; sibling,2,1,1,7859 | 8831
6263,1,sibling,nibling; sibling,3,1,1,6261 | 6262 | 927
2371,1,parent,nibling; parent; sibling,3,1,1,4531 | 4532 | 4533
4533,1,child,child; parent; sibling,3,1,1,2371 | 4531 | 4532
2403,1,parent,child; parent; sibling,3,1,1,2404 | 4613 | 4617
2404,1,parent,nibling; parent; sibling,2,1,1,2403 | 4613
768,1,sibling,sibling,1,0,1,7010
8169,1,sibling,pibling; sibling,2,1,1,2090 | 8440
8440,1,sibling,sibling,1,0,1,8169
4513,1,child,child; grandchild; sibling,5,1,1,2264 | 2265 | 4512 | 6676 | 7594
4512,1,parent,nibling; parent; pibling; sibling,5,1,1,2264 | 2265 | 4513 | 6676 | 7594
2265,1,parent,nibling; parent; pibling; sibling,5,1,1,2264 | 4512 | 4513 | 6676 | 7594
2568,1,child,child; pibling; sibling,6,1,1,1714 | 2566 | 2567 | 7009 | 7630 | 9011
7373,1,parent,parent; sibling,2,1,1,7368 | 7371
7371,1,parent,parent; sibling,2,1,1,7368 | 7373
5605,1,sibling,sibling,2,1,1,5603 | 5604
5603,1,sibling,sibling,2,1,1,5604 | 5605
5604,1,sibling,sibling,2,1,1,5603 | 5605
7365,1,sibling,sibling,1,0,1,7368
7368,1,child,child; sibling,3,1,1,7365 | 7371 | 7373
1704,1,sibling,pibling; sibling,5,1,1,1703 | 4695 | 4696 | 4699 | 4700
2429,1,sibling,sibling,2,1,1,1772 | 2431
2431,1,sibling,sibling,2,1,1,1772 | 2429
2438,1,sibling,sibling,1,0,1,2439
2439,1,sibling,sibling,1,0,1,2438
2462,1,child,child; sibling,2,1,1,2463 | 4708
4708,1,sibling,grandchild; sibling,2,1,1,2462 | 2463
2473,1,sibling,nibling; sibling,2,1,1,2474 | 4447
2474,1,child,child; grandchild; pibling; sibling,5,1,1,1830 | 2473 | 3092 | 4447 | 8657
4447,1,sibling,nibling; sibling,2,1,1,2473 | 2474
2488,1,parent,nibling; parent; sibling,3,1,1,2489 | 2490 | 6992
2490,1,child,child; parent; sibling,3,1,1,2488 | 2489 | 6992
2498,1,parent,child; parent; sibling,4,1,1,1795 | 2497 | 6993 | 7981
4654,1,sibling,nibling; sibling,2,1,1,4655 | 4656
4656,1,sibling,nibling; sibling,2,1,1,4654 | 4655
4700,1,sibling,nibling; sibling,5,1,1,1703 | 1704 | 4695 | 4696 | 4699
4699,1,sibling,nibling; sibling,5,1,1,1703 | 1704 | 4695 | 4696 | 4700
6231,1,parent,parent; sibling,2,1,1,10366 | 6230
6230,1,sibling,sibling,1,0,1,6231
7627,1,parent,parent; sibling,2,1,1,1067 | 9397
9397,1,parent,parent; sibling,2,1,1,1067 | 7627
6220,1,sibling,sibling,1,0,1,6221
6221,1,sibling,sibling,1,0,1,6220
1031,1,parent,parent; pibling; sibling,4,1,1,7341 | 7342 | 7343 | 7344
7343,1,parent,parent; pibling; sibling,3,1,1,1031 | 7341 | 7342
3874,1,sibling,grandchild; sibling; spouse,3,1,1,3479 | 4497 | 8300
1703,1,sibling,pibling; sibling,5,1,1,1704 | 4695 | 4696 | 4699 | 4700
6170,1,sibling,sibling,1,0,1,6169
6169,1,sibling,sibling,1,0,1,6170
9054,1,sibling,sibling,1,0,1,9062
9062,1,sibling,sibling,1,0,1,9054
2491,1,sibling,sibling,1,0,1,1321
1321,1,sibling,sibling,1,0,1,2491
1014,1,child,child; parent; sibling,3,1,1,2061 | 7334 | 7638
2061,1,parent,nibling; parent; sibling,3,1,1,1014 | 7334 | 7638
9011,1,sibling,nibling; sibling,2,1,1,1714 | 2568
1699,1,sibling,sibling,2,1,1,4212 | 6826
4717,1,parent,parent; pibling; sibling,5,1,1,3527 | 3528 | 3529 | 3530 | 4716
384,1,sibling,sibling,1,0,1,8432
8432,1,sibling,sibling,1,0,1,384
988,1,sibling,sibling,1,0,1,9051
9051,1,sibling,sibling,1,0,1,988
5476,1,parent,parent; sibling,2,1,1,1454 | 4763
4763,1,parent,parent; sibling,2,1,1,1454 | 5476
8560,1,sibling,pibling; sibling,2,1,1,3861 | 993
3861,1,sibling,pibling; sibling,2,1,1,8560 | 993
5233,1,parent,parent; sibling,3,1,1,1736 | 1737 | 6845
7305,1,sibling,sibling,1,0,1,7216
7216,1,sibling,sibling,1,0,1,7305
1974,1,parent,grandparent; parent; pibling; sibling,4,1,1,1480 | 6711 | 6712 | 8337
3274,1,sibling,nibling; sibling,2,1,1,2768 | 3273
3273,1,sibling,nibling; sibling,2,1,1,2768 | 3274
3364,1,sibling,sibling,1,0,1,3365
3365,1,sibling,sibling,1,0,1,3364
1548,1,sibling,nibling; sibling,3,1,1,2410 | 5227 | 5228
5228,1,child,child; sibling,3,1,1,1548 | 2410 | 5227
1752,1,parent,parent; pibling; sibling,3,1,1,6856 | 742 | 7662
7662,1,parent,parent; pibling; sibling,3,1,1,1752 | 6856 | 742
6019,1,sibling,sibling,1,0,1,6018
1254,1,child,child; sibling,3,1,1,1255 | 2903 | 6033
928,1,parent,parent; sibling,3,1,1,4475 | 4476 | 7264
7264,1,parent,parent; sibling,3,1,1,4475 | 4476 | 928
5962,1,child,child; sibling,2,1,1,5961 | 5963
5963,1,sibling,nibling; sibling,2,1,1,5961 | 5962
7808,1,sibling,nibling; sibling,4,1,1,7611 | 7912 | 8021 | 8154
7932,1,sibling,sibling; spouse,3,1,1,2889 | 7700 | 7823
6804,1,sibling,sibling,1,0,1,6806
6806,1,sibling,sibling,1,0,1,6804
786,1,sibling,nibling; sibling,2,1,1,3095 | 3262
3095,1,sibling,nibling; sibling,2,1,1,3262 | 786
1226,1,parent,parent; sibling,2,1,1,2321 | 2322
2321,1,parent,parent; sibling,2,1,1,1226 | 2322
7385,1,parent,nibling; parent; sibling,3,1,1,1859 | 5485 | 6548
2267,1,sibling,sibling,1,0,1,2803
2803,1,sibling,sibling,1,0,1,2267
2300,1,sibling,sibling,1,0,1,2301
2301,1,sibling,sibling,1,0,1,2300
2312,1,sibling,sibling,1,0,1,2313
2313,1,sibling,sibling,1,0,1,2312
4464,1,parent,parent; sibling,2,1,1,4465 | 7925
4465,1,parent,parent; sibling,2,1,1,4464 | 7925
6896,1,sibling,sibling,1,0,1,6897
3021,1,child,child; sibling,2,1,1,3022 | 6916
7006,1,sibling,sibling,1,0,1,6916
2373,1,sibling,sibling,1,0,1,6944
6944,1,sibling,sibling,1,0,1,2373
2376,1,sibling,sibling,1,0,1,6948
6948,1,sibling,sibling,1,0,1,2376
2382,1,sibling,pibling; sibling,2,1,1,6953 | 6954
6953,1,sibling,pibling; sibling,2,1,1,2382 | 6954
6225,1,sibling,sibling,1,0,1,6224
6224,1,sibling,sibling,1,0,1,6225
792,1,parent,parent; pibling; sibling,4,1,1,1103 | 6321 | 6322 | 9025
1103,1,parent,parent; pibling; sibling,3,1,1,6321 | 6322 | 792
795,1,sibling,pibling; sibling,2,1,1,6466 | 805
1795,1,parent,grandparent; parent; sibling,3,1,1,2498 | 6993 | 7981
7981,1,parent,parent; sibling,2,1,1,1795 | 2498
818,1,parent,parent; sibling,2,1,1,7504 | 817
7504,1,parent,parent; sibling,2,1,1,817 | 818
6556,1,sibling,pibling; sibling,2,1,1,6555 | 6557
6555,1,sibling,pibling; sibling,2,1,1,6556 | 6557
1932,1,child,child; parent; sibling,3,1,1,2454 | 7646 | 7779
2454,1,parent,parent; sibling,2,1,1,1932 | 7646
8073,1,parent,grandparent; great-great-nibling; nibling; parent; sibling,5,1,1,2866 | 8016 | 833 | 834 | 9910
2866,1,child,child; grandparent; parent; sibling,4,1,1,8016 | 8073 | 833 | 834
2754,1,child,child; parent; pibling; sibling,6,1,1,2753 | 4761 | 7120 | 7121 | 7518 | 7882
2057,1,parent,parent; sibling,2,1,1,2080 | 7520
7882,1,parent,grandparent; parent; pibling; sibling,4,1,1,2753 | 2754 | 4761 | 7518
7518,1,parent,grandparent; parent; sibling,3,1,1,2754 | 4761 | 7882
1877,1,child,child; grandchild; grandparent; parent; pibling; sibling,7,1,1,4467 | 7862 | 7935 | 8786 | 8838 | 898 | 9049
7862,1,parent,child; grandparent; parent; pibling; sibling,5,1,1,1877 | 7935 | 8786 | 8838 | 898
5720,1,sibling,sibling,1,0,1,5719
5719,1,sibling,sibling,1,0,1,5720
4735,1,sibling,sibling,1,0,1,4736
4736,1,sibling,sibling,1,0,1,4735
870,1,sibling,sibling,2,1,1,873 | 874
874,1,sibling,sibling,2,1,1,870 | 873
880,1,sibling,sibling,1,0,1,7223
7223,1,sibling,sibling,1,0,1,880
6163,1,child,child; sibling,2,1,1,1015 | 3771
3771,1,sibling,nibling; sibling,2,1,1,1015 | 6163
5303,1,sibling,sibling,1,0,1,5304
5304,1,sibling,sibling,1,0,1,5303
7959,1,sibling,sibling,1,0,1,8493
8493,1,sibling,sibling,1,0,1,7959
9085,1,child,child; grandchild; pibling; sibling,8,1,1,1345 | 1346 | 1347 | 1801 | 1875 | 2235 | 6637 | 6638
4786,1,sibling,sibling,1,0,1,4787
4787,1,sibling,sibling,1,0,1,4786
4693,1,parent,parent; pibling; sibling,2,1,1,2570 | 9033
2570,1,parent,parent; sibling,2,1,1,4693 | 9033
9028,1,parent,grandparent; parent; sibling,3,1,1,4584 | 894 | 9027
5308,1,sibling,sibling,1,0,1,5309
5309,1,sibling,sibling,1,0,1,5308
9494,1,sibling,sibling,1,0,1,5301
5301,1,sibling,sibling,1,0,1,9494
6789,1,sibling,sibling,1,0,1,6791
6791,1,sibling,sibling,1,0,1,6789
1821,1,parent,parent; sibling,2,1,1,1494 | 6482
6514,1,sibling,sibling,1,0,1,6511
4005,1,parent,parent; sibling,2,1,1,4006 | 4007
4007,1,parent,parent; sibling,2,1,1,4005 | 4006
2893,1,child,child; parent; sibling,3,1,1,4310 | 6218 | 6219
6219,1,parent,nibling; parent; sibling,3,1,1,2893 | 4310 | 6218
2151,1,sibling,sibling,2,1,1,2164 | 2245
2245,1,sibling,sibling,2,1,1,2151 | 2164
2164,1,sibling,sibling,2,1,1,2151 | 2245
2240,1,sibling,pibling; sibling,3,1,1,4089 | 6452 | 6881
6881,1,parent,parent; pibling; sibling,3,1,1,2240 | 4089 | 6452
2256,1,parent,parent; sibling,2,1,1,2257 | 6885
2257,1,parent,parent; sibling,2,1,1,2256 | 6885
4089,1,sibling,pibling; sibling,3,1,1,2240 | 6452 | 6881
4275,1,sibling,sibling,1,0,1,4278
4278,1,sibling,sibling,1,0,1,4275
8359,1,parent,parent; sibling,2,1,1,7755 | 8398
8398,1,parent,parent; sibling,2,1,1,7755 | 8359
6256,1,child,child; sibling,2,1,1,6258 | 7115
7115,1,sibling,nibling; sibling,2,1,1,6256 | 6258
1295,1,sibling,sibling,1,0,1,4811
4811,1,sibling,sibling,1,0,1,1295
4983,1,sibling,pibling; sibling,2,1,1,3391 | 3392
3391,1,sibling,pibling; sibling,2,1,1,3392 | 4983
6913,1,sibling,sibling,1,0,1,3043
6445,1,sibling,sibling,1,0,1,6763
6763,1,sibling,sibling,1,0,1,6445
832,1,parent,nibling; parent; sibling,4,1,1,6533 | 6534 | 793 | 943
793,1,child,child; parent; sibling,3,1,1,6533 | 6534 | 832
1079,1,sibling,sibling,1,0,1,1078
1078,1,sibling,sibling,1,0,1,1079
4855,1,sibling,sibling,1,0,1,4856
4856,1,sibling,sibling,1,0,1,4855
4904,1,parent,parent; sibling,2,1,1,4903 | 4905
4905,1,parent,parent; sibling,2,1,1,4903 | 4904
4913,1,parent,parent; sibling,2,1,1,4912 | 4914
4914,1,parent,parent; sibling,2,1,1,4912 | 4913
4942,1,sibling,sibling,1,0,1,4943
4943,1,sibling,sibling,1,0,1,4942
7009,1,sibling,nibling; sibling,3,1,1,2567 | 2568 | 7008
7342,1,sibling,nibling; sibling,4,1,1,1031 | 7341 | 7343 | 7344
7341,1,child,child; sibling,4,1,1,1031 | 7342 | 7343 | 7344
5188,1,sibling,sibling,1,0,1,5189
5189,1,sibling,sibling,1,0,1,5188
6460,1,child,child; sibling,2,1,1,2647 | 7058
7058,1,sibling,nibling; sibling,2,1,1,2647 | 6460
7032,1,sibling,nibling; sibling,2,1,1,7030 | 7031
7043,1,sibling,sibling,1,0,1,7044
7044,1,sibling,sibling,1,0,1,7043
7590,1,sibling,sibling,2,1,1,7757 | 7795
7757,1,sibling,sibling,2,1,1,7590 | 7795
7795,1,sibling,sibling,2,1,1,7590 | 7757
7593,1,sibling,sibling,1,0,1,8011
8011,1,sibling,sibling,1,0,1,7593
8060,1,parent,parent; sibling,2,1,1,2662 | 8339
8339,1,parent,child; parent; sibling,3,1,1,2662 | 8060 | 8156
8382,1,sibling,nibling; sibling,2,1,1,518 | 8429
8429,1,sibling,sibling,1,0,1,8382
8423,1,parent,parent; sibling,2,1,1,8702 | 8803
8803,1,parent,parent; sibling,2,1,1,8423 | 8702
9041,1,child,child; grandchild; sibling,3,1,1,2626 | 9040 | 9110
2858,1,parent,parent; sibling,2,1,1,7328 | 8066
8066,1,parent,parent; sibling,2,1,1,2858 | 7328
6067,1,sibling,sibling,1,0,1,2905
7278,1,sibling,sibling,1,0,1,5692
5692,1,sibling,sibling,1,0,1,7278
9017,1,child,child; sibling,3,1,1,9020 | 9126 | 9153
3983,1,sibling,sibling,1,0,1,6876
6876,1,sibling,sibling,1,0,1,3983
7088,1,child,child; sibling,2,1,1,7086 | 7087
7087,1,sibling,nibling; sibling,2,1,1,7086 | 7088
2697,1,parent,parent; sibling,2,1,1,7083 | 7084
7083,1,parent,parent; sibling,2,1,1,2697 | 7084
1294,1,sibling,sibling,1,0,1,6608
6608,1,sibling,sibling,1,0,1,1294
2687,1,sibling,sibling,1,0,1,7566
7559,1,sibling,sibling,1,0,1,9434
9434,1,sibling,sibling,1,0,1,7559
2684,1,parent,parent; sibling,2,1,1,2683 | 7082
2683,1,parent,parent; sibling,2,1,1,2684 | 7082
7621,1,sibling,sibling,1,0,1,736
7630,1,parent,parent; pibling; sibling,3,1,1,2566 | 2567 | 2568
2566,1,parent,parent; pibling; sibling,3,1,1,2567 | 2568 | 7630
7651,1,parent,parent; sibling,3,1,1,2540 | 2541 | 2880
7344,1,sibling,nibling; sibling,3,1,1,1031 | 7341 | 7342
2997,1,child,child; sibling,2,1,1,6694 | 6695
4898,1,sibling,sibling,2,1,1,1599 | 1600
1012,1,sibling,sibling,1,0,1,1011
1011,1,sibling,sibling,1,0,1,1012
3699,1,sibling,sibling,1,0,1,9119
6106,1,sibling,sibling,1,0,1,6107
6107,1,sibling,sibling,1,0,1,6106
5747,1,parent,parent; sibling,2,1,1,5746 | 5748
5746,1,parent,parent; sibling,2,1,1,5747 | 5748
7306,1,sibling,sibling,2,1,1,7309 | 9050
7309,1,sibling,sibling,2,1,1,7306 | 9050
7314,1,child,child; nibling; sibling,5,1,1,2853 | 2854 | 2855 | 7311 | 7313
7313,1,child,child; grandchild; nibling; sibling,6,1,1,2499 | 2853 | 2854 | 2855 | 7311 | 7314
4792,1,parent,grandchild; parent; sibling,3,1,1,3872 | 3873 | 4793
971,1,sibling,sibling,1,0,1,947
947,1,sibling,sibling,1,0,1,971
7614,1,child,child; grandchild; grandparent; parent; pibling; sibling,6,1,1,2703 | 4137 | 4140 | 7613 | 8335 | 8949
6440,1,child,child; grandchild; pibling; sibling,5,1,1,1526 | 3180 | 5606 | 6745 | 6747
4685,1,sibling,sibling,1,0,1,9024
7196,1,sibling,sibling,1,0,1,7197
7197,1,sibling,sibling,1,0,1,7196
7120,1,sibling,nibling; sibling,4,1,1,2753 | 2754 | 4761 | 7121
7121,1,sibling,nibling; sibling,3,1,1,2754 | 4761 | 7120
9696,1,sibling,sibling,1,0,1,4823
4823,1,sibling,sibling,1,0,1,9696
683,1,sibling,sibling,1,0,1,10140
10140,1,sibling,sibling,1,0,1,683
10130,1,sibling,sibling,1,0,1,10048
10048,1,sibling,sibling,1,0,1,10130
10696,1,sibling,sibling,1,0,1,10275
10275,1,sibling,sibling,1,0,1,10696
2514,1,parent,parent,1,0,1,2513
2513,1,child,child,1,0,1,2514
223,1,parent,parent,2,1,1,222 | 2930
2930,1,child,child; spouse,2,1,1,222 | 223
4702,1,parent,parent,1,0,1,4701
222,1,child,child; spouse,2,1,1,223 | 2930
1403,1,parent,parent,1,0,1,2840
2840,1,child,child,1,0,1,1403
1650,1,parent,parent,1,0,1,6808
6808,1,child,child,1,0,1,1650
1425,1,parent,parent,1,0,1,1424
1424,1,child,child,1,0,1,1425
2831,1,parent,parent,1,0,1,6677
6677,1,child,child,1,0,1,2831
2835,1,parent,parent,1,0,1,9002
9002,1,child,child,1,0,1,2835
2838,1,parent,parent,1,0,1,2839
2839,1,child,child,1,0,1,2838
3650,1,parent,parent,1,0,1,3649
3649,1,child,child,1,0,1,3650
6687,1,parent,parent,1,0,1,6686
6686,1,child,child,1,0,1,6687
7494,1,parent,parent,1,0,1,1409
1409,1,child,child,1,0,1,7494
7497,1,parent,parent,1,0,1,7679
7679,1,child,child,1,0,1,7497
8345,1,parent,parent,1,0,1,1408
1408,1,child,child,1,0,1,8345
8841,1,parent,parent,1,0,1,1856
1856,1,child,child,1,0,1,8841
8852,1,parent,child; grandparent; parent,3,1,1,1873 | 8206 | 9311
6711,1,child,child; grandchild,4,1,1,1480 | 1974 | 6712 | 8337
8304,1,child,child; grandparent; parent,3,1,1,1445 | 2018 | 8932
9090,1,parent,parent,1,0,1,1457
1457,1,child,child,1,0,1,9090
8174,1,parent,child; grandparent; parent,3,1,1,1371 | 8363 | 8979
1495,1,parent,nibling; parent,2,1,1,1496 | 6723
6723,1,child,child; grandchild,2,1,1,1495 | 1496
5355,1,child,child; grandchild,2,1,1,1506 | 1507
1518,1,parent,parent,1,0,1,6735
6735,1,child,child,1,0,1,1518
3787,1,child,child,2,1,1,3785 | 3786
7441,1,parent,parent,1,0,1,1222
1222,1,child,child,1,0,1,7441
7359,1,child,child,1,0,1,1530
1227,1,parent,parent,1,0,1,6434
6434,1,child,child,1,0,1,1227
3128,1,parent,parent,1,0,1,3129
3129,1,child,child,1,0,1,3128
3212,1,parent,parent,1,0,1,3210
3210,1,child,child,1,0,1,3212
6552,1,parent,parent,1,0,1,6551
6551,1,child,child,1,0,1,6552
8075,1,parent,parent,1,0,1,1785
1785,1,child,child,1,0,1,8075
1680,1,parent,parent,1,0,1,1679
1679,1,child,child,1,0,1,1680
7406,1,child,child,2,1,1,1866 | 2062
2089,1,parent,parent,1,0,1,6780
6780,1,child,child,1,0,1,2089
2392,1,child,child,1,0,1,3929
1461,1,child,child; parent,2,1,1,1460 | 5542
1460,1,child,child; grandchild,2,1,1,1461 | 5542
1468,1,parent,parent,1,0,1,3680
3662,1,parent,parent; pibling,2,1,1,3663 | 3664
6707,1,child,child,2,1,1,1464 | 6706
1595,1,child,child; parent,3,1,1,1596 | 3957 | 6778
4006,1,child,child,2,1,1,4005 | 4007
4039,1,parent,parent; pibling,2,1,1,4040 | 6034
4096,1,parent,parent,1,0,1,4095
4095,1,child,child,1,0,1,4096
6768,1,parent,parent,1,0,1,6769
6786,1,parent,parent,1,0,1,6785
6785,1,child,child,1,0,1,6786
6796,1,parent,parent,1,0,1,6797
6797,1,child,child,1,0,1,6796
2167,1,parent,parent,1,0,1,6722
6722,1,child,child,1,0,1,2167
3466,1,parent,parent,1,0,1,1520
1520,1,child,child,1,0,1,3466
3822,1,parent,parent,1,0,1,3820
3820,1,child,child,1,0,1,3822
3235,1,child,child; grandchild,2,1,1,1371 | 3236
7650,1,parent,parent,1,0,1,1654
1654,1,child,child,1,0,1,7650
8251,1,parent,parent,1,0,1,7649
7649,1,child,child; pibling,2,1,1,2891 | 8251
5778,1,child,child,1,0,1,4010
2206,1,child,child,2,1,1,8575 | 8757
6741,1,parent,parent,1,0,1,6744
6744,1,child,child,1,0,1,6741
1489,1,child,child,1,0,1,7682
7996,1,parent,parent,1,0,1,7680
7680,1,child,child,1,0,1,7996
562,1,parent,parent,1,0,1,9259
9259,1,child,child,1,0,1,562
1534,1,parent,grandparent; parent,3,1,1,3680 | 9005 | 9006
1562,1,parent,parent,1,0,1,9007
3843,1,child,child,1,0,1,3842
4793,1,child,child,2,1,1,3872 | 4792
3899,1,child,child,2,1,1,3897 | 3898
1384,1,parent,parent,1,0,1,6661
6661,1,child,child,1,0,1,1384
1387,1,parent,parent,1,0,1,1150
1150,1,parent,child; parent,2,1,1,1387 | 6664
1397,1,parent,parent,1,0,1,1398
1398,1,child,child,1,0,1,1397
1400,1,parent,parent,1,0,1,6668
6668,1,child,child,1,0,1,1400
2814,1,parent,parent,1,0,1,6671
6671,1,child,child,1,0,1,2814
2923,1,parent,parent,1,0,1,3557
3557,1,child,child,1,0,1,2923
8774,1,parent,parent,1,0,1,8641
8641,1,child,child,1,0,1,8774
3534,1,parent,parent,1,0,1,3535
3535,1,child,child,1,0,1,3534
6655,1,parent,parent,1,0,1,6653
6653,1,child,child,1,0,1,6655
1265,1,parent,parent,1,0,1,1263
3226,1,parent,parent,1,0,1,3225
3225,1,child,child,1,0,1,3226
3294,1,parent,parent,1,0,1,3247
3247,1,child,child,1,0,1,3294
2077,1,child,child,1,0,1,7440
7595,1,parent,parent,1,0,1,1930
2192,1,parent,parent,1,0,1,803
803,1,child,child,1,0,1,2192
2987,1,parent,parent,1,0,1,2988
2988,1,child,child; pibling,2,1,1,2987 | 2989
3025,1,parent,parent,1,0,1,3026
3026,1,child,child,1,0,1,3025
6320,1,child,child,1,0,1,1099
8991,1,parent,parent,1,0,1,8990
8990,1,child,child,1,0,1,8991
3093,1,parent,grandparent; parent; pibling,3,1,1,1830 | 3092 | 8657
1692,1,parent,parent,1,0,1,6822
6822,1,child,child,1,0,1,1692
6302,1,child,child,2,1,1,1135 | 6303
9030,1,child,child; grandchild,3,1,1,2619 | 9031 | 9032
1723,1,parent,parent,1,0,1,1724
1724,1,child,child,1,0,1,1723
1737,1,child,child,3,1,1,1736 | 5233 | 6845
1770,1,parent,parent,1,0,1,1701
1701,1,child,child,1,0,1,1770
1778,1,parent,parent,1,0,1,7663
7663,1,child,child; parent,2,1,1,1730 | 1778
1437,1,parent,parent,1,0,1,1436
1436,1,child,child,1,0,1,1437
2704,1,parent,parent,1,0,1,1883
1883,1,child,child,1,0,1,2704
2044,1,parent,grandparent; parent,2,1,1,6841 | 6842
2198,1,parent,parent,1,0,1,6828
6828,1,child,child,1,0,1,2198
4140,1,child,child; grandchild,4,1,1,2703 | 4137 | 7613 | 7614
4163,1,parent,parent,1,0,1,4166
4166,1,child,child,1,0,1,4163
1707,1,parent,grandparent; parent; pibling,4,1,1,1706 | 3476 | 3477 | 4648
6383,1,parent,parent,1,0,1,1135
1730,1,child,child,1,0,1,7663
6852,1,child,child,2,1,1,1748 | 1749
6778,1,child,child; grandchild,3,1,1,1595 | 1596 | 3957
6451,1,child,child; grandchild,3,1,1,1826 | 2224 | 2225
4253,1,parent,parent,1,0,1,6654
6654,1,child,child,1,0,1,4253
1964,1,parent,child; parent,2,1,1,2487 | 8069
8836,1,parent,parent,1,0,1,7412
7412,1,child,child,1,0,1,8836
8285,1,parent,parent,1,0,1,9403
9403,1,child,child,1,0,1,8285
6430,1,child,child; parent,2,1,1,1845 | 6473
6473,1,child,child; grandchild,2,1,1,1845 | 6430
1845,1,parent,grandparent; parent,2,1,1,6430 | 6473
1057,1,parent,parent,1,0,1,7355
5296,1,parent,parent,1,0,1,1053
1053,1,child,child,1,0,1,5296
6283,1,parent,parent,1,0,1,8387
8387,1,child,child,1,0,1,6283
1044,1,parent,parent; pibling,2,1,1,1043 | 1045
1793,1,parent,parent; pibling,2,1,1,2508 | 2510
2549,1,parent,child; parent,2,1,1,7004 | 8131
7004,1,child,child; grandchild,2,1,1,2549 | 8131
2578,1,parent,parent,1,0,1,7018
7018,1,child,child,1,0,1,2578
4852,1,child,child; grandchild,3,1,1,2135 | 4851 | 4853
318,1,parent,parent,1,0,1,8968
8968,1,child,child,1,0,1,318
1037,1,child,child,2,1,1,1038 | 1039
8130,1,parent,parent,1,0,1,7416
7416,1,child,child,1,0,1,8130
8131,1,parent,grandparent; parent,2,1,1,2549 | 7004
8598,1,parent,parent,1,0,1,2165
2165,1,child,child,1,0,1,8598
7529,1,parent,parent,1,0,1,1036
1036,1,child,child,1,0,1,7529
8139,1,child,child,1,0,1,8821
9389,1,parent,parent,1,0,1,8789
8789,1,child,child,1,0,1,9389
2606,1,child,child; grandchild,2,1,1,2607 | 7620
2622,1,parent,parent,1,0,1,2623
2623,1,child,child,1,0,1,2622
2633,1,child,child,2,1,1,1991 | 2632
2636,1,parent,parent,1,0,1,7056
7056,1,child,child,1,0,1,2636
2647,1,parent,parent; pibling,2,1,1,6460 | 7058
2659,1,parent,parent; pibling,2,1,1,9111 | 9404
2661,1,parent,parent,1,0,1,9042
9042,1,child,child,1,0,1,2661
2671,1,parent,parent,1,0,1,2672
2672,1,child,child,1,0,1,2671
5054,1,parent,parent,1,0,1,5053
5053,1,child,child,1,0,1,5054
7273,1,child,child,2,1,1,1943 | 5057
5079,1,parent,parent,1,0,1,5080
5080,1,child,child,1,0,1,5079
5106,1,parent,parent,1,0,1,9419
9419,1,child,child,1,0,1,5106
2857,1,parent,parent,1,0,1,1030
1962,1,parent,parent,1,0,1,1708
1708,1,child,child,1,0,1,1962
5124,1,parent,parent,1,0,1,5123
5123,1,child,child,1,0,1,5124
150,1,parent,parent,1,0,1,8592
8592,1,child,child,1,0,1,150
9433,1,parent,parent,1,0,1,5288
5288,1,child,child,1,0,1,9433
8027,1,parent,parent,1,0,1,2698
2698,1,child,child,1,0,1,8027
7084,1,child,child,2,1,1,2697 | 7083
2677,1,parent,parent,1,0,1,7078
7078,1,child,child,1,0,1,2677
6337,1,parent,grandparent; parent,2,1,1,5587 | 729
737,1,parent,parent,1,0,1,7154
7154,1,child,child,1,0,1,737
5524,1,parent,parent,1,0,1,6021
5526,1,parent,parent,1,0,1,5525
5525,1,child,child,1,0,1,5526
743,1,child,child; grandchild,3,1,1,2146 | 2175 | 6498
6498,1,parent,grandparent; parent; pibling,3,1,1,2146 | 2175 | 743
5542,1,parent,grandparent; parent,2,1,1,1460 | 1461
5547,1,parent,parent,1,0,1,5548
5548,1,child,child,1,0,1,5547
750,1,parent,parent,1,0,1,9043
9043,1,child,child,1,0,1,750
7953,1,parent,parent,1,0,1,2027
2027,1,child,child,1,0,1,7953
5555,1,parent,parent,1,0,1,5556
5556,1,child,child,1,0,1,5555
5561,1,parent,parent,1,0,1,5569
5569,1,child,child,1,0,1,5561
2942,1,parent,parent,1,0,1,8182
8182,1,child,child,1,0,1,2942
1275,1,parent,parent,1,0,1,8988
1289,1,parent,parent; pibling,2,1,1,6435 | 6604
1297,1,parent,grandchild; parent,2,1,1,7826 | 8989
6614,1,child,child,2,1,1,1301 | 1302
1303,1,parent,grandparent; parent,2,1,1,1304 | 4573
1304,1,parent,child; parent,2,1,1,1303 | 4573
1306,1,parent,parent,1,0,1,6615
6615,1,child,child,1,0,1,1306
1241,1,parent,parent,1,0,1,6632
6632,1,child,child,1,0,1,1241
24,1,parent,grandparent; parent,2,1,1,21 | 23
23,1,child,child; parent,2,1,1,21 | 24
6328,1,parent,parent,1,0,1,6286
6353,1,parent,parent,1,0,1,1989
1989,1,child,child,1,0,1,6353
6368,1,parent,parent,1,0,1,6369
6369,1,child,child,1,0,1,6368
6395,1,parent,parent,1,0,1,6362
6362,1,child,child,1,0,1,6395
1144,1,parent,parent,1,0,1,1145
1145,1,child,child,1,0,1,1144
1148,1,parent,parent,1,0,1,6509
6509,1,child,child; parent,2,1,1,1148 | 6508
6664,1,child,child,1,0,1,1150
1155,1,parent,parent,1,0,1,6431
1166,1,parent,grandparent; parent,2,1,1,6535 | 6537
6537,1,child,child; parent,2,1,1,1166 | 6535
1182,1,child,child,2,1,1,1179 | 1181
6546,1,child,child,2,1,1,1185 | 6547
3082,1,parent,parent,1,0,1,3083
3083,1,child,child,1,0,1,3082
3086,1,parent,parent,1,0,1,3087
3087,1,child,child,1,0,1,3086
6508,1,child,child,1,0,1,6509
6517,1,parent,parent,1,0,1,6431
6525,1,parent,parent,1,0,1,6524
6524,1,child,child,1,0,1,6525
7452,1,parent,parent,1,0,1,1824
1824,1,child,child,1,0,1,7452
2110,1,child,child; grandchild,2,1,1,3599 | 7455
7661,1,parent,parent,1,0,1,1173
1173,1,child,child,1,0,1,7661
119,1,parent,child; grandparent; parent,4,1,1,2906 | 63 | 7425 | 8361
6549,1,child,child,2,1,1,1195 | 1196
6568,1,parent,parent,1,0,1,6567
6567,1,child,child; grandchild,2,1,1,1219 | 6568
7606,1,parent,child; parent,2,1,1,1196 | 8142
1246,1,parent,parent,1,0,1,6583
6583,1,child,child,1,0,1,1246
1250,1,parent,parent,1,0,1,6585
6585,1,child,child,1,0,1,1250
25,1,parent,child; parent,3,1,1,21 | 22 | 6284
6284,1,child,child; grandchild,2,1,1,22 | 25
5934,1,parent,parent,1,0,1,1838
1838,1,child,child,1,0,1,5934
762,1,parent,parent,1,0,1,761
761,1,child,child,1,0,1,762
95,1,parent,parent,1,0,1,6399
6399,1,child,child,1,0,1,95
2005,1,parent,parent,1,0,1,1121
1121,1,child,child,1,0,1,2005
3022,1,parent,parent; pibling,2,1,1,3021 | 6916
3029,1,parent,parent,1,0,1,3030
3030,1,child,child,1,0,1,3029
1368,1,parent,parent,1,0,1,1369
7597,1,parent,grandparent; parent,2,1,1,1272 | 6589
1272,1,parent,child; parent,2,1,1,6589 | 7597
8008,1,parent,parent,1,0,1,6594
6594,1,child,child,1,0,1,8008
8956,1,parent,parent,1,0,1,1784
1332,1,parent,parent,1,0,1,6619
6619,1,child,child,1,0,1,1332
1349,1,parent,parent; pibling,2,1,1,1348 | 2458
1359,1,parent,parent,1,0,1,6644
6644,1,child,child,1,0,1,1359
1364,1,parent,parent,1,0,1,7019
7019,1,child,child,1,0,1,1364
8994,1,child,child; grandchild,2,1,1,1362 | 2771
3447,1,parent,parent,1,0,1,3446
3446,1,child,child,1,0,1,3447
3479,1,parent,grandparent; parent,2,1,1,3478 | 3874
3478,1,child,child,1,0,1,3479
6628,1,parent,parent,1,0,1,6627
6627,1,child,child,1,0,1,6628
6634,1,parent,parent,1,0,1,6635
6635,1,child,child,2,1,1,1339 | 6634
1833,1,child,child,2,1,1,7488 | 7619
7491,1,parent,parent,1,0,1,1358
1358,1,child,child,1,0,1,7491
4502,1,parent,parent,1,0,1,4503
4503,1,child,child,1,0,1,4502
7427,1,parent,parent,1,0,1,1794
1794,1,child,child,1,0,1,7427
7760,1,parent,parent,1,0,1,1937
7771,1,parent,parent,1,0,1,2307
2307,1,child,child,1,0,1,7771
8239,1,parent,parent,1,0,1,1924
1924,1,child,child,1,0,1,8239
8278,1,parent,parent,1,0,1,1946
1946,1,child,child,1,0,1,8278
8405,1,parent,parent,1,0,1,7842
8464,1,parent,parent,2,1,1,379 | 7752
379,1,child,child,1,0,1,8464
9018,1,parent,parent,1,0,1,9103
9153,1,parent,parent,2,1,1,9017 | 9178
9178,1,child,child,1,0,1,9153
767,1,child,child,1,0,1,2128
1174,1,parent,parent; pibling,2,1,1,6542 | 8984
979,1,child,child; grandchild,3,1,1,7548 | 7643 | 978
7643,1,parent,grandparent; parent; pibling,3,1,1,7548 | 978 | 979
5645,1,parent,parent,1,0,1,5646
5646,1,child,child,1,0,1,5645
5485,1,parent,grandparent; parent; pibling,3,1,1,1859 | 6548 | 7385
7592,1,child,child; grandchild,2,1,1,8481 | 9852
6336,1,parent,parent,1,0,1,1105
1105,1,child,child,1,0,1,6336
6376,1,parent,grandparent; parent,2,1,1,1789 | 5988
3070,1,parent,parent,1,0,1,3068
8802,1,parent,grandparent; parent,2,1,1,8233 | 9438
9438,1,parent,child; parent,2,1,1,8233 | 8802
8233,1,child,child; grandchild,2,1,1,8802 | 9438
8940,1,parent,grandparent; parent; pibling,4,1,1,5117 | 7024 | 7798 | 7917
893,1,parent,parent; pibling,2,1,1,2464 | 9117
1094,1,parent,parent,1,0,1,1093
1093,1,child,child,1,0,1,1094
7859,1,child,child; grandparent,3,1,1,4495 | 7366 | 8831
4589,1,parent,parent,1,0,1,4590
4590,1,child,child,1,0,1,4589
7670,1,parent,parent,1,0,1,2379
2379,1,child,child,1,0,1,7670
7577,1,parent,parent,1,0,1,1807
1807,1,child,child,1,0,1,7577
8549,1,parent,parent,1,0,1,1822
1822,1,child,child,1,0,1,8549
6253,1,parent,parent; pibling,2,1,1,6254 | 7229
774,1,parent,child; parent,2,1,1,3950 | 7166
7166,1,child,child; grandchild,2,1,1,3950 | 774
782,1,parent,parent,1,0,1,7171
7171,1,child,child,1,0,1,782
2487,1,child,child; grandchild,2,1,1,1964 | 8069
2444,1,parent,parent,1,0,1,2443
2443,1,child,child,1,0,1,2444
2445,1,parent,parent,1,0,1,6979
6979,1,child,child,1,0,1,2445
7646,1,child,child; grandchild,3,1,1,1932 | 2454 | 7779
2463,1,parent,grandparent; parent,2,1,1,2462 | 4708
2471,1,child,child; parent,2,1,1,7696 | 9024
2472,1,parent,parent,1,0,1,9025
2484,1,parent,parent,1,0,1,6987
6987,1,child,child,1,0,1,2484
6992,1,child,child; grandchild,3,1,1,2488 | 2489 | 2490
2489,1,parent,grandparent; parent; pibling,3,1,1,2488 | 2490 | 6992
8874,1,parent,parent,1,0,1,783
783,1,child,child,1,0,1,8874
3950,1,parent,grandparent; parent,2,1,1,7166 | 774
6672,1,child,child; nibling,2,1,1,2817 | 6714
4691,1,parent,parent,1,0,1,4690
4690,1,child,child,1,0,1,4691
4727,1,parent,parent,1,0,1,4725
4725,1,child,child,1,0,1,4727
4783,1,parent,parent,1,0,1,4782
4782,1,child,child,1,0,1,4783
1077,1,parent,parent,1,0,1,1076
1076,1,child,child,1,0,1,1077
1067,1,child,child,2,1,1,7627 | 9397
7784,1,parent,grandparent; parent,2,1,1,2115 | 6680
1065,1,parent,parent,1,0,1,7358
7358,1,child,child,1,0,1,1065
7954,1,parent,parent,1,0,1,7665
7665,1,child,child,1,0,1,7954
4310,1,child,child; grandparent; parent,4,1,1,2893 | 4311 | 4313 | 6219
1062,1,child,child,1,0,1,7746
7477,1,parent,parent,1,0,1,1571
1571,1,child,child,1,0,1,7477
1622,1,parent,parent,1,0,1,1624
1625,1,parent,parent,1,0,1,6793
6793,1,child,child,1,0,1,1625
1628,1,parent,parent,1,0,1,6794
6794,1,child,child,1,0,1,1628
1362,1,parent,grandparent; parent,2,1,1,2771 | 8994
1631,1,parent,parent,1,0,1,6799
6799,1,child,child,1,0,1,1631
6766,1,parent,parent,1,0,1,6767
6767,1,child,child,1,0,1,6766
476,1,parent,parent,1,0,1,9210
9210,1,child,child,1,0,1,476
484,1,parent,parent,1,0,1,9254
9254,1,child,child,1,0,1,484
5285,1,parent,parent,1,0,1,5284
5284,1,child,child,1,0,1,5285
276,1,parent,parent,1,0,1,8782
1587,1,child,child,2,1,1,1586 | 1588
1591,1,parent,parent,1,0,1,6771
6771,1,child,child,1,0,1,1591
6448,1,child,child,1,0,1,1598
1660,1,parent,parent,1,0,1,1659
1666,1,parent,parent,1,0,1,6814
6814,1,child,child,1,0,1,1666
4648,1,child,child; grandchild,3,1,1,1706 | 1707 | 4647
5130,1,parent,parent,1,0,1,5131
5131,1,child,child,1,0,1,5130
9381,1,parent,parent,1,0,1,8569
6171,1,parent,parent,1,0,1,6172
6172,1,child,child,1,0,1,6171
6167,1,parent,parent,1,0,1,6166
6166,1,child,child,1,0,1,6167
5219,1,child,child; parent,2,1,1,5220 | 7453
7453,1,child,child; grandchild,2,1,1,5219 | 5220
9295,1,parent,parent,1,0,1,9294
9294,1,child,child,1,0,1,9295
1186,1,child,child; grandchild; pibling,3,1,1,1857 | 3032 | 3034
1806,1,parent,child; parent,2,1,1,7321 | 7607
7321,1,child,child; grandchild,2,1,1,1806 | 7607
7607,1,parent,grandparent; parent,2,1,1,1806 | 7321
990,1,parent,child; parent,2,1,1,7322 | 991
7322,1,child,child; grandchild,2,1,1,990 | 991
991,1,parent,grandparent; parent,2,1,1,7322 | 990
5207,1,parent,parent,1,0,1,6123
6123,1,child,child,1,0,1,5207
8096,1,child,child; spouse,2,1,1,6347 | 8718
1696,1,parent,parent; pibling,2,1,1,1695 | 6824
8298,1,parent,parent,1,0,1,7326
7326,1,child,child,1,0,1,8298
6089,1,parent,parent,1,0,1,6088
6088,1,child,child,1,0,1,6089
976,1,parent,parent,1,0,1,6470
6470,1,child,child,2,1,1,976 | 977
977,1,parent,parent,1,0,1,6470
7302,1,parent,parent,1,0,1,7303
7303,1,child,child,1,0,1,7302
6063,1,parent,parent,1,0,1,6064
6064,1,child,child,1,0,1,6063
2306,1,parent,grandparent; parent; pibling,4,1,1,5676 | 5677 | 5678 | 6623
1750,1,parent,parent,1,0,1,6853
6853,1,child,child,1,0,1,1750
952,1,parent,parent,1,0,1,7285
7285,1,child,child,1,0,1,952
2776,1,parent,parent,1,0,1,7286
7286,1,child,child,1,0,1,2776
6011,1,parent,parent,1,0,1,6012
6012,1,child,child,1,0,1,6011
6015,1,parent,parent,1,0,1,6016
6016,1,child,child,1,0,1,6015
6030,1,child,child,1,0,1,959
6049,1,parent,parent,1,0,1,6048
6048,1,child,child,1,0,1,6049
2775,1,parent,parent,1,0,1,5423
5423,1,child,child,1,0,1,2775
965,1,parent,parent,1,0,1,7299
7299,1,child,child,1,0,1,965
654,1,parent,parent,1,0,1,8450
8450,1,child,child,1,0,1,654
1766,1,parent,parent,1,0,1,6865
1826,1,parent,grandparent; parent; pibling,3,1,1,2224 | 2225 | 6451
1867,1,parent,parent,1,0,1,6862
6862,1,child,child,1,0,1,1867
661,1,parent,parent,1,0,1,8160
8160,1,child,child,1,0,1,661
5961,1,parent,parent; pibling,2,1,1,5962 | 5963
5968,1,parent,parent,1,0,1,5967
5967,1,child,child,1,0,1,5968
310,1,parent,parent; spouse,2,1,1,8776 | 9263
8744,1,parent,parent,1,0,1,8039
8039,1,child,child,1,0,1,8744
7553,1,parent,parent,1,0,1,939
939,1,child,child,1,0,1,7553
7279,1,child,child; grandchild,3,1,1,2427 | 6973 | 9008
8021,1,parent,parent; pibling,4,1,1,7611 | 7808 | 7912 | 8154
6907,1,child,child; grandchild; parent,3,1,1,1808 | 26 | 6906
6906,1,child,child; grandchild; nibling,3,1,1,2304 | 26 | 6907
7755,1,child,child,2,1,1,8359 | 8398
2322,1,child,child,2,1,1,1226 | 2321
1836,1,parent,parent,1,0,1,2309
2309,1,child,child,2,1,1,1836 | 6909
2294,1,parent,parent,1,0,1,2293
2293,1,child,child,1,0,1,2294
2332,1,parent,parent,1,0,1,6925
6925,1,child,child,1,0,1,2332
2343,1,parent,parent,1,0,1,6928
6928,1,child,child,1,0,1,2343
4376,1,parent,parent,1,0,1,4377
4377,1,child,child,1,0,1,4376
4389,1,parent,parent,1,0,1,4388
4388,1,child,child,1,0,1,4389
4452,1,parent,parent,1,0,1,4453
4453,1,child,child,1,0,1,4452
4458,1,parent,child; grandchild; parent,3,1,1,4459 | 4460 | 9552
4460,1,child,child; grandparent; parent,3,1,1,4458 | 4459 | 9552
7925,1,child,child,2,1,1,4464 | 4465
4489,1,parent,parent,1,0,1,4488
4488,1,child,child,1,0,1,4489
6894,1,parent,parent,1,0,1,6893
6893,1,child,child,1,0,1,6894
6909,1,parent,parent,1,0,1,2309
2366,1,parent,parent,1,0,1,6457
2368,1,parent,parent,1,0,1,2369
2369,1,child,child,2,1,1,2023 | 2368
2374,1,parent,parent,1,0,1,7106
7106,1,child,child,1,0,1,2374
2406,1,parent,parent,1,0,1,6966
6966,1,child,child,1,0,1,2406
2417,1,parent,parent,1,0,1,6968
6968,1,child,child,1,0,1,2417
2977,1,parent,parent,1,0,1,8400
8400,1,child,child,1,0,1,2977
4539,1,parent,parent,1,0,1,4538
4538,1,child,child,1,0,1,4539
4598,1,parent,parent,1,0,1,4597
4597,1,child,child,1,0,1,4598
7486,1,parent,grandparent; parent,2,1,1,2377 | 6949
2377,1,child,child; parent,2,1,1,6949 | 7486
7600,1,parent,parent,1,0,1,2360
2360,1,child,child,1,0,1,7600
7370,1,parent,parent,1,0,1,7369
7369,1,child,child,1,0,1,7370
7851,1,parent,parent,1,0,1,8050
8050,1,child,child,1,0,1,7851
2723,1,child,child; grandchild,2,1,1,1081 | 6380
6380,1,parent,grandparent; parent,3,1,1,1081 | 2723 | 9003
974,1,parent,parent,1,0,1,6977
6977,1,child,child,1,0,1,974
5086,1,parent,parent,1,0,1,5087
5087,1,child,child,1,0,1,5086
2352,1,parent,parent,1,0,1,6933
6933,1,child,child,1,0,1,2352
8265,1,parent,parent,1,0,1,791
791,1,child,child,1,0,1,8265
5632,1,parent,parent,1,0,1,5631
5631,1,child,child,1,0,1,5632
8085,1,parent,parent,1,0,1,8360
8360,1,child,child,1,0,1,8085
817,1,child,child,2,1,1,7504 | 818
2071,1,parent,parent,1,0,1,877
7718,1,parent,parent,1,0,1,2914
2914,1,child,child,1,0,1,7718
842,1,child,child,1,0,1,844
7206,1,parent,child; parent,2,1,1,7205 | 852
7205,1,child,child; grandchild,2,1,1,7206 | 852
852,1,parent,grandparent; parent,2,1,1,7205 | 7206
5741,1,parent,parent,1,0,1,5742
5742,1,child,child,1,0,1,5741
859,1,child,child; parent,2,1,1,1863 | 7207
7207,1,child,child; grandchild,2,1,1,1863 | 859
1863,1,parent,grandparent; parent,2,1,1,7207 | 859
862,1,parent,parent,1,0,1,7208
7208,1,child,child,1,0,1,862
1995,1,parent,parent,1,0,1,6971
6971,1,child,child,1,0,1,1995
4731,1,parent,parent,1,0,1,4732
4765,1,parent,parent,1,0,1,4766
4766,1,child,child,1,0,1,4765
1823,1,parent,grandparent; parent; pibling,3,1,1,2742 | 6467 | 867
7217,1,child,child,1,0,1,7212
7213,1,parent,grandparent; parent,2,1,1,7214 | 7215
9086,1,parent,parent,1,0,1,8993
8993,1,child,child,1,0,1,9086
2922,1,child,child; nibling,2,1,1,3551 | 6665
4789,1,parent,parent,1,0,1,4788
4788,1,child,child,1,0,1,4789
4791,1,parent,parent,1,0,1,4790
4790,1,child,child,1,0,1,4791
6090,1,parent,grandparent; parent; pibling,3,1,1,1496 | 1859 | 6548
6991,1,child,child; grandchild,2,1,1,2183 | 6990
7603,1,parent,parent,1,0,1,2504
2504,1,child,child,1,0,1,7603
7694,1,parent,parent,1,0,1,1796
1796,1,child,child,1,0,1,7694
7696,1,parent,grandparent; parent,2,1,1,2471 | 9024
7779,1,parent,grandparent; parent,2,1,1,1932 | 7646
7827,1,parent,parent,1,0,1,2008
2008,1,child,child,1,0,1,7827
1413,1,parent,parent,1,0,1,6685
6685,1,child,child,2,1,1,1413 | 1414
1414,1,parent,parent,2,1,1,6438 | 6685
1952,1,parent,parent,1,0,1,1433
1433,1,child,child,1,0,1,1952
7493,1,parent,parent,1,0,1,6681
6681,1,child,child,1,0,1,7493
1509,1,parent,parent,1,0,1,6730
6730,1,child,child,1,0,1,1509
6720,1,parent,parent,1,0,1,1491
1491,1,child,child,1,0,1,6720
1258,1,parent,parent,1,0,1,6586
6586,1,child,child,1,0,1,1258
3265,1,parent,parent,1,0,1,3266
3266,1,child,child,1,0,1,3265
6589,1,child,child; grandchild,2,1,1,1272 | 7597
1290,1,parent,parent,1,0,1,6605
6605,1,child,child,1,0,1,1290
1164,1,parent,parent,1,0,1,6532
6532,1,child,child,1,0,1,1164
6534,1,parent,grandparent; parent; pibling,3,1,1,6533 | 793 | 832
3202,1,parent,parent,1,0,1,3201
3201,1,child,child,1,0,1,3202
1211,1,child,child; nibling,2,1,1,2905 | 6559
8621,1,parent,parent,1,0,1,8177
8177,1,child,child,1,0,1,8621
36,1,parent,parent,1,0,1,34
34,1,child,child,1,0,1,36
7695,1,parent,parent,1,0,1,1344
1344,1,child,child,1,0,1,7695
1592,1,parent,parent,1,0,1,6773
6773,1,child,child,1,0,1,1592
1635,1,parent,parent,1,0,1,6801
6801,1,child,child,1,0,1,1635
8425,1,parent,parent,1,0,1,7794
7794,1,child,child,1,0,1,8425
1900,1,parent,parent,1,0,1,6812
6812,1,child,child,1,0,1,1900
7999,1,parent,parent,1,0,1,1746
1746,1,child,child,1,0,1,7999
26,1,parent,grandparent; parent,2,1,1,6906 | 6907
7990,1,parent,parent; pibling,2,1,1,1256 | 1257
9279,1,parent,child; parent,2,1,1,358 | 9053
9053,1,child,child; grandchild,2,1,1,358 | 9279
358,1,parent,grandparent; parent,2,1,1,9053 | 9279
2247,1,child,child,2,1,1,1942 | 7384
2046,1,parent,parent,1,0,1,6882
6882,1,child,child,1,0,1,2046
2229,1,parent,parent,1,0,1,6877
6877,1,child,child,1,0,1,2229
2239,1,parent,parent,1,0,1,6612
6612,1,child,child,1,0,1,2239
6885,1,child,child,2,1,1,2256 | 2257
2258,1,parent,parent,1,0,1,6455
6455,1,child,child,1,0,1,2258
2260,1,parent,parent,1,0,1,6456
4311,1,child,child; parent,2,1,1,4310 | 4313
4313,1,child,child; grandchild,2,1,1,4310 | 4311
4333,1,parent,parent,1,0,1,4334
4334,1,child,child,1,0,1,4333
6452,1,child,child; nibling,3,1,1,2240 | 4089 | 6881
7382,1,parent,grandparent; parent,3,1,1,2249 | 4475 | 6740
8295,1,parent,parent,1,0,1,2241
2241,1,child,child,1,0,1,8295
6258,1,parent,parent; pibling,2,1,1,6256 | 7115
387,1,parent,parent,1,0,1,9220
9220,1,child,child,1,0,1,387
5919,1,parent,parent; spouse,2,1,1,5649 | 5918
2990,1,parent,parent,1,0,1,2989
2989,1,child,child; nibling,2,1,1,2988 | 2990
2289,1,parent,parent,1,0,1,2290
2348,1,parent,parent,1,0,1,6930
6930,1,child,child,1,0,1,2348
6271,1,parent,parent,1,0,1,6319
9235,1,parent,parent; spouse,2,1,1,7682 | 9185
1022,1,parent,parent,1,0,1,7335
7335,1,child,child,1,0,1,1022
2390,1,parent,parent; pibling,2,1,1,6958 | 6959
4519,1,parent,parent,1,0,1,4517
4531,1,parent,grandparent; parent; pibling,3,1,1,2371 | 4532 | 4533
2427,1,parent,grandparent; parent; pibling,3,1,1,6973 | 7279 | 9008
7413,1,parent,parent,1,0,1,2426
2426,1,child,child,1,0,1,7413
4868,1,parent,parent,1,0,1,4872
4872,1,child,child,1,0,1,4868
4903,1,child,child,2,1,1,4904 | 4905
4912,1,child,child,2,1,1,4913 | 4914
4938,1,parent,parent,1,0,1,4937
4937,1,child,child,1,0,1,4938
7000,1,parent,parent,1,0,1,7001
7001,1,child,child; grandchild,2,1,1,7000 | 8703
7022,1,parent,parent,1,0,1,7023
7023,1,child,child,1,0,1,7022
7578,1,parent,parent,1,0,1,2560
2560,1,child,child,1,0,1,7578
7589,1,parent,parent,1,0,1,2565
2565,1,child,child,1,0,1,7589
8208,1,parent,parent,1,0,1,2911
2911,1,child,child,1,0,1,8208
9032,1,parent,grandparent; parent; pibling,3,1,1,2619 | 9030 | 9031
1976,1,parent,parent,1,0,1,7028
7028,1,child,child,1,0,1,1976
2054,1,parent,parent,1,0,1,2640
2640,1,child,child,1,0,1,2054
7337,1,parent,parent,1,0,1,1027
1027,1,child,child,1,0,1,7337
2600,1,child,child,1,0,1,2601
5134,1,parent,parent,1,0,1,5135
5135,1,child,child,1,0,1,5134
5201,1,parent,parent,1,0,1,5202
5202,1,child,child,1,0,1,5201
5213,1,parent,parent,1,0,1,7968
7968,1,child,child,1,0,1,5213
5220,1,parent,grandparent; parent,2,1,1,5219 | 7453
7030,1,parent,grandparent; parent; pibling,3,1,1,6533 | 7031 | 7032
7072,1,parent,parent,1,0,1,7071
7571,1,parent,parent,1,0,1,2877
2877,1,child,child,1,0,1,7571
7601,1,parent,parent; pibling,2,1,1,2634 | 7054
7620,1,parent,grandparent; parent,2,1,1,2606 | 2607
2662,1,child,child,2,1,1,8060 | 8339
8156,1,parent,parent,1,0,1,8339
8323,1,parent,parent,1,0,1,2639
2639,1,child,child,1,0,1,8323
8702,1,child,child,2,1,1,8423 | 8803
7329,1,parent,parent,1,0,1,1000
1000,1,child,child,1,0,1,7329
992,1,parent,parent,1,0,1,6472
6472,1,child,child,1,0,1,992
6347,1,child,child; spouse,2,1,1,8096 | 8718
2191,1,parent,parent,1,0,1,7327
7327,1,child,child,1,0,1,2191
7328,1,child,child,2,1,1,2858 | 8066
7530,1,parent,parent,1,0,1,999
999,1,child,child,1,0,1,7530
7799,1,parent,grandparent; parent,2,1,1,2756 | 961
8648,1,parent,parent,1,0,1,7911
7911,1,child,child,1,0,1,8648
7089,1,parent,parent,1,0,1,7090
7090,1,child,child,1,0,1,7089
6528,1,parent,parent,1,0,1,6529
6529,1,child,child,1,0,1,6528
7086,1,parent,parent; pibling,2,1,1,7087 | 7088
2706,1,parent,parent,1,0,1,3168
3168,1,child,child,1,0,1,2706
8625,1,parent,grandparent; parent,2,1,1,1999 | 2705
1999,1,child,child; parent,2,1,1,2705 | 8625
2705,1,child,child; grandchild,2,1,1,1999 | 8625
7082,1,child,child,2,1,1,2683 | 2684
1947,1,child,child,1,0,1,7648
5683,1,parent,parent,1,0,1,5684
5684,1,child,child,1,0,1,5683
9738,1,parent,parent,1,0,1,5344
5344,1,child,child,1,0,1,9738
1928,1,parent,grandchild; parent,2,1,1,6281 | 7045
7045,1,child,child,1,0,1,1928
7334,1,child,child; grandchild,3,1,1,1014 | 2061 | 7638
5129,1,parent,parent; spouse,2,1,1,1441 | 5128
8318,1,parent,parent,1,0,1,7331
7331,1,child,child,1,0,1,8318
4573,1,child,child; grandchild,2,1,1,1303 | 1304
18,1,parent,parent,1,0,1,19
19,1,child,child,1,0,1,18
2022,1,parent,parent,1,0,1,1559
1559,1,child,child,1,0,1,2022
6121,1,parent,parent,1,0,1,6120
6120,1,child,child,1,0,1,6121
6117,1,parent,parent,1,0,1,6116
6116,1,child,child,1,0,1,6117
5748,1,child,child,2,1,1,5746 | 5747
5984,1,parent,grandparent; parent,2,1,1,5229 | 5983
8531,1,parent,parent,1,0,1,7880
7880,1,child,child,1,0,1,8531
3014,1,parent,parent,1,0,1,7180
7869,1,parent,parent,1,0,1,2620
2620,1,child,child,1,0,1,7869
5691,1,parent,grandparent; parent,2,1,1,6262 | 7191
834,1,child,child; grandchild; parent,4,1,1,2866 | 8016 | 8073 | 833
837,1,parent,parent,1,0,1,7195
7195,1,child,child,1,0,1,837
4119,1,child,child,1,0,1,1475
896,1,parent,parent; pibling,2,1,1,6199 | 9049
1818,1,child,child,1,0,1,2080
7520,1,child,child,1,0,1,2057
9747,1,parent,parent,1,0,1,324
324,1,child,child,1,0,1,9747
9761,1,parent,parent,1,0,1,6426
6426,1,child,child,1,0,1,9761
9809,1,parent,parent,1,0,1,138
138,1,child,child,1,0,1,9809
9852,1,parent,grandparent; parent,2,1,1,7592 | 8481
9871,1,parent,parent,1,0,1,8800
8800,1,child,child,1,0,1,9871
9924,1,parent,parent,1,0,1,543
543,1,child,child,1,0,1,9924
9986,1,parent,parent,1,0,1,2933
2933,1,child,child,1,0,1,9986
10134,1,parent,parent,1,0,1,599
599,1,child,child,1,0,1,10134
10146,1,parent,parent,1,0,1,601
601,1,child,child,1,0,1,10146
10248,1,parent,parent,1,0,1,4966
4966,1,child,child,1,0,1,10248
10204,1,parent,parent,1,0,1,5020
10226,1,parent,parent,1,0,1,363
363,1,child,child,1,0,1,10226
10234,1,parent,parent,1,0,1,9352
9352,1,child,child,1,0,1,10234
1469,1,parent,parent,1,0,1,10357
10357,1,child,child,1,0,1,1469
10342,1,parent,parent,1,0,1,1804
1804,1,child,child,1,0,1,10342
370,1,parent,parent,1,0,1,8504
8504,1,child,child,1,0,1,370
10586,1,parent,parent,1,0,1,3324
3324,1,child,child,1,0,1,10586
10469,1,parent,parent,1,0,1,173
173,1,child,child,1,0,1,10469
10590,1,parent,parent,1,0,1,10088
10088,1,child,child,1,0,1,10590
2056,1,parent,parent,1,0,1,2720
2720,1,child,child,1,0,1,2056
6438,1,child,child,1,0,1,1414
3864,1,child,child,1,0,1,3865
3865,1,parent,parent,1,0,1,3864
2580,1,child,child,1,0,1,7829
7829,1,parent,parent,1,0,1,2580
5039,1,child,child,1,0,1,5038
5038,1,parent,parent,1,0,1,5039
4647,1,parent,parent,1,0,1,4648
1611,1,child,child,1,0,1,1610
1610,1,parent,parent,1,0,1,1611
7752,1,child,child,1,0,1,8464
2447,1,child,child; nibling,2,1,1,2448 | 2449
6765,1,child,child,1,0,1,1580
1580,1,parent,parent,1,0,1,6765
9421,1,child,child,1,0,1,5157
5157,1,parent,parent,1,0,1,9421
7685,1,parent,parent,1,0,1,2290
2023,1,parent,parent,1,0,1,2369
4583,1,parent,parent,1,0,1,4584
6949,1,child,child; grandchild,2,1,1,2377 | 7486
5670,1,child,child,1,0,1,5669
5669,1,parent,parent,1,0,1,5670
1339,1,parent,parent,1,0,1,6635
1573,1,parent,parent,1,0,1,6762
2043,1,parent,parent,1,0,1,5040
1013,1,child,child,1,0,1,7333
7333,1,parent,parent,1,0,1,1013
948,1,child,child,1,0,1,949
1938,1,parent,parent,1,0,1,9049
10366,1,child,child,1,0,1,6231
2909,1,pibling,pibling,1,0,1,1629
1629,1,nibling,nibling,1,0,1,2909
6295,1,nibling,nibling; pibling,3,1,1,1120 | 6294 | 6296
6294,1,nibling,great-nibling; nibling,3,1,1,1120 | 6295 | 6296
2817,1,pibling,pibling,1,0,1,6672
9000,1,pibling,pibling,1,0,1,9001
9001,1,nibling,nibling,1,0,1,9000
1786,1,pibling,pibling,1,0,1,1498
1498,1,nibling,nibling,1,0,1,1786
6557,1,nibling,nibling,3,1,1,1348 | 6555 | 6556
2891,1,nibling,nibling,1,0,1,7649
3853,1,pibling,pibling,1,0,1,3852
2768,1,nibling,nibling; pibling,3,1,1,1624 | 3273 | 3274
3302,1,pibling,pibling,1,0,1,3300
3300,1,nibling,nibling,2,1,1,3302 | 3814
1731,1,pibling,pibling,1,0,1,7147
7147,1,nibling,nibling,1,0,1,1731
1971,1,pibling,pibling,1,0,1,6823
6823,1,nibling,nibling,1,0,1,1971
6450,1,nibling,nibling,2,1,1,4212 | 6826
6189,1,pibling,pibling,1,0,1,4304
4304,1,nibling,nibling,1,0,1,6189
2559,1,pibling,pibling,1,0,1,7007
7007,1,nibling,nibling,1,0,1,2559
2679,1,pibling,pibling,1,0,1,7080
7080,1,nibling,nibling,1,0,1,2679
6871,1,nibling,nibling,1,0,1,2218
5564,1,nibling,nibling,3,1,1,5563 | 5565 | 5566
1284,1,pibling,pibling,1,0,1,1285
1285,1,nibling,nibling,1,0,1,1284
1167,1,pibling,pibling,1,0,1,6533
1665,1,nibling,nibling,2,1,1,1123 | 1125
3011,1,pibling,pibling,1,0,1,3012
3012,1,nibling,nibling,1,0,1,3011
2268,1,pibling,pibling,1,0,1,6314
6314,1,nibling,nibling,1,0,1,2268
1100,1,pibling,pibling,1,0,1,840
6412,1,grandparent,grandparent; nibling,2,1,1,6358 | 6403
16,1,nibling,nibling,2,1,1,15 | 6905
3814,1,pibling,pibling,1,0,1,3300
2496,1,pibling,pibling,1,0,1,2495
2495,1,nibling,nibling,1,0,1,2496
4655,1,pibling,pibling,2,1,1,4654 | 4656
1626,1,pibling,pibling,1,0,1,1627
1627,1,nibling,nibling,1,0,1,1626
6178,1,nibling,nibling,1,0,1,6176
1965,1,pibling,pibling,1,0,1,1298
1298,1,nibling,nibling,1,0,1,1965
30,1,nibling,nibling,1,0,1,6131
993,1,nibling,nibling,2,1,1,3861 | 8560
6073,1,pibling,pibling,4,1,1,7091 | 7094 | 7095 | 7096
1,1,nibling,nibling,1,0,1,6021
6057,1,pibling,pibling,1,0,1,6058
6058,1,nibling,nibling,1,0,1,6057
2499,1,grandparent,grandparent; pibling,3,1,1,2853 | 2854 | 7313
2304,1,pibling,pibling,1,0,1,6906
6954,1,nibling,nibling,2,1,1,2382 | 6953
6466,1,nibling,nibling,2,1,1,795 | 805
824,1,pibling,pibling,2,1,1,7020 | 7026
3262,1,pibling,pibling,2,1,1,3095 | 786
2736,1,nibling,nibling,1,0,1,2080
7202,1,nibling,nibling,1,0,1,845
847,1,grandparent,grandparent; pibling,2,1,1,6264 | 7203
7203,1,nibling,nibling,1,0,1,847
518,1,pibling,pibling,1,0,1,8382
2752,1,pibling,pibling,1,0,1,7119
7119,1,nibling,nibling,1,0,1,2752
7598,1,pibling,pibling,1,0,1,2234
2234,1,pibling,nibling; pibling,2,1,1,3344 | 7598
3169,1,nibling,nibling,2,1,1,3170 | 3173
3392,1,nibling,nibling,2,1,1,3391 | 4983
2367,1,pibling,pibling,1,0,1,6940
2090,1,grandparent,grandparent; nibling,2,1,1,5768 | 8169
1926,1,pibling,pibling,1,0,1,6967
6967,1,nibling,nibling,1,0,1,1926
9406,1,pibling,pibling,1,0,1,8631
8631,1,nibling,nibling,1,0,1,9406
6488,1,grandparent,grandparent; pibling,2,1,1,2571 | 2572
4689,1,nibling,nibling,2,1,1,7291 | 960
5146,1,pibling,pibling,1,0,1,9025
2446,1,pibling,pibling,1,0,1,6739
6717,1,nibling,nibling,1,0,1,1488
7951,1,pibling,pibling,1,0,1,2505
2505,1,grandparent,grandparent; nibling,2,1,1,6769 | 7951
5577,1,nibling,nibling,1,0,1,5578
6112,1,pibling,pibling,1,0,1,1030
2851,1,nibling,nibling,1,0,1,4467
1115,1,nibling,nibling,1,0,1,7546
9,1,pibling,pibling,1,0,1,3
3,1,nibling,nibling,1,0,1,9
831,1,pibling,pibling,1,0,1,7194
7194,1,nibling,nibling,1,0,1,831
9825,1,pibling,pibling,1,0,1,6051
6051,1,nibling,nibling,1,0,1,9825
9966,1,pibling,pibling,1,0,1,160
160,1,nibling,nibling,1,0,1,9966
9973,1,pibling,pibling,2,1,1,8796 | 8888
10183,1,grandparent,grandparent; pibling,2,1,1,3693 | 9848
9848,1,nibling,nibling,1,0,1,10183
3344,1,nibling,nibling,1,0,1,2234
6125,1,grandparent,grandparent,1,0,1,7750
7750,1,grandchild,grandchild,1,0,1,6125
3940,1,grandparent,grandparent,1,0,1,3939
3939,1,grandchild,grandchild,1,0,1,3940
625,1,grandparent,grandparent,1,0,1,8363
1593,1,grandparent,grandparent,1,0,1,6777
6777,1,grandchild,grandchild,1,0,1,1593
8703,1,grandparent,grandparent,1,0,1,7001
2074,1,grandchild,grandchild,1,0,1,8752
1137,1,grandparent,grandparent,1,0,1,6305
6305,1,grandchild,grandchild,1,0,1,1137
465,1,grandparent,grandparent,1,0,1,8610
8610,1,grandchild,grandchild,1,0,1,465
6281,1,grandparent,grandparent,1,0,1,1928
3256,1,grandparent,grandparent,1,0,1,2208
2784,1,grandchild,grandchild,1,0,1,5591
4373,1,grandparent,grandparent,1,0,1,6700
2014,1,grandparent,grandparent,1,0,1,6964
6964,1,grandchild,grandchild,1,0,1,2014
7366,1,grandchild,grandchild,1,0,1,7859
1808,1,grandparent,grandparent,1,0,1,6907
6696,1,grandchild,grandchild,1,0,1,3290
6264,1,grandchild,grandchild,1,0,1,847
271,1,grandparent,grandparent,1,0,1,4867
3675,1,grandparent,grandparent,1,0,1,3674
1136,1,grandchild,grandchild,1,0,1,6416
4611,1,grandparent,grandparent,1,0,1,4613
7928,1,grandparent,grandparent,1,0,1,2479
2479,1,grandchild,grandchild,1,0,1,7928
7290,1,grandchild,grandchild,2,1,1,2214 | 2215
7280,1,grandparent,grandparent,1,0,1,7281
7281,1,grandchild,grandchild,1,0,1,7280
942,1,grandparent,grandparent,1,0,1,9119
5294,1,grandparent,grandparent,1,0,1,4395
4395,1,grandchild,grandchild,1,0,1,5294
1810,1,grandparent,grandparent,1,0,1,5700
5700,1,grandchild,grandchild,1,0,1,1810
7109,1,grandchild,grandchild,1,0,1,2080
9606,1,grandparent,grandparent,1,0,1,8581
8581,1,grandchild,grandchild,1,0,1,9606
3693,1,grandchild,grandchild,1,0,1,10183
6942,1,grandchild,grandchild,1,0,1,6943
6943,1,grandparent,grandparent,1,0,1,6942
5221,1,spouse,spouse,1,0,0,8151
260,1,spouse,spouse,1,0,0,9268
9268,1,spouse,spouse,1,0,0,260
3188,1,spouse,spouse,1,0,0,8665
8665,1,spouse,spouse,1,0,0,3188
3678,1,spouse,spouse,1,0,0,3677
3677,1,spouse,spouse,1,0,0,3678
515,1,spouse,spouse,1,0,0,516
516,1,spouse,spouse,1,0,0,515
715,1,spouse,spouse,1,0,0,716
716,1,spouse,spouse,1,0,0,715
7700,1,spouse,spouse,1,0,0,7932
610,1,spouse,spouse,1,0,0,4805
4805,1,spouse,spouse,1,0,0,610
139,1,spouse,spouse,1,0,0,140
140,1,spouse,spouse,1,0,0,139
37,1,spouse,spouse,1,0,0,43
43,1,spouse,spouse,1,0,0,37
48,1,spouse,spouse,1,0,0,50
50,1,spouse,spouse,1,0,0,48
452,1,spouse,spouse,1,0,0,419
419,1,spouse,spouse,1,0,0,452
3033,1,spouse,spouse,1,0,0,3032
4509,1,spouse,spouse,1,0,0,4508
4508,1,spouse,spouse,1,0,0,4509
5845,1,spouse,spouse,1,0,0,578
578,1,spouse,spouse,1,0,0,5845
404,1,spouse,spouse,1,0,0,405
405,1,spouse,spouse,1,0,0,404
4992,1,spouse,spouse,1,0,0,6500
6500,1,spouse,spouse,1,0,0,4992
4057,1,spouse,spouse,1,0,0,4056
4056,1,spouse,spouse,1,0,0,4057
2925,1,spouse,spouse,1,0,0,115
115,1,spouse,spouse,1,0,0,2925
6055,1,spouse,spouse,1,0,0,3062
3062,1,spouse,spouse,1,0,0,6055
4575,1,spouse,spouse,1,0,0,4580
4580,1,spouse,spouse,1,0,0,4575
6235,1,spouse,spouse,1,0,0,6236
6236,1,spouse,spouse,1,0,0,6235
10374,1,spouse,spouse,1,0,0,10040
10040,1,spouse,spouse,1,0,0,10374
10450,1,spouse,spouse,1,0,0,5236
5236,1,spouse,spouse,1,0,0,10450
2583,1,pibling,pibling,1,0,1,9107
1278,1,nibling,nibling,1,0,1,1276
1276,1,pibling,pibling,1,0,1,1278
3171,1,pibling,pibling,1,0,1,3173
9910,1,great-great-pibling,great-great-pibling,1,0,1,8073
10127,1,great-grandparent,great-grandparent,1,0,1,8367
8367,1,great-grandchild,great-grandchild,1,0,1,10127
10216,1,partner,partner,1,0,0,9744
9744,1,partner,partner,1,0,0,10216
10200,1,partner,partner,1,0,0,9681
9681,1,partner,partner,1,0,0,10200
