from_rushid,to_rushid,label
200,3525,Indirect relative of
6656,1379,Indirect relative of
6658,8996,Indirect relative of
6658,8995,Indirect relative of
6658,6659,Indirect relative of
6658,6660,Indirect relative of
6659,6656,Indirect relative of
6659,8996,Indirect relative of
6659,1379,Indirect relative of
6659,6658,Indirect relative of
6659,8995,Indirect relative of
6660,8995,Indirect relative of
6660,8996,Indirect relative of
6660,6656,Indirect relative of
6660,1378,Indirect relative of
6660,1379,Indirect relative of
6666,1393,Indirect relative of
6670,7500,Indirect relative of
7500,2810,Indirect relative of
7500,6670,Indirect relative of
7624,1379,Indirect relative of
7624,1378,Indirect relative of
7624,6656,Indirect relative of
7624,8996,Indirect relative of
7624,8995,Indirect relative of
7624,6658,Indirect relative of
8245,1365,Indirect relative of
9241,3525,Indirect relative of
6359,8995,Indirect relative of
6359,8996,Indirect relative of
6359,2412,Indirect relative of
1488,6990,Indirect relative of
1422,7498,Indirect relative of
1426,2041,Indirect relative of
1426,1427,Indirect relative of
1426,1428,Indirect relative of
1427,2041,Indirect relative of
1427,1426,Indirect relative of
1428,1426,Indirect relative of
1428,2041,Indirect relative of
1430,7778,Indirect relative of
2041,1428,Indirect relative of
2041,1426,Indirect relative of
6688,6689,Indirect relative of
7498,1422,Indirect relative of
7778,1430,Indirect relative of
8206,1875,Indirect relative of
9311,9003,Indirect relative of
9311,1873,Indirect relative of
8151,1309,Indirect relative of
8151,6617,Indirect relative of
7801,1309,Indirect relative of
7801,6617,Indirect relative of
1309,8151,Indirect relative of
1455,6700,Indirect relative of
1485,6716,Indirect relative of
3712,3713,Indirect relative of
3714,3713,Indirect relative of
6693,7897,Indirect relative of
6695,2042,Indirect relative of
6698,6699,Indirect relative of
6698,6697,Indirect relative of
6699,7468,Indirect relative of
6699,6698,Indirect relative of
6699,6697,Indirect relative of
6713,6714,Indirect relative of
6716,1485,Indirect relative of
7617,6699,Indirect relative of
7617,6697,Indirect relative of
7897,6693,Indirect relative of
7897,1440,Indirect relative of
8932,1445,Indirect relative of
9185,7682,Indirect relative of
8979,1371,Indirect relative of
1494,6482,Indirect relative of
231,6176,Indirect relative of
6176,231,Indirect relative of
1503,6922,Indirect relative of
1522,1523,Indirect relative of
1522,1524,Indirect relative of
1522,6739,Indirect relative of
1522,6740,Indirect relative of
1523,6439,Indirect relative of
1523,1522,Indirect relative of
1523,6739,Indirect relative of
1600,2220,Indirect relative of
1523,6740,Indirect relative of
1527,8324,Indirect relative of
3743,3742,Indirect relative of
1555,1552,Indirect relative of
3154,3155,Indirect relative of
1979,7906,Indirect relative of
2073,7801,Indirect relative of
2073,8151,Indirect relative of
1393,1395,Indirect relative of
3520,3521,Indirect relative of
3988,3995,Indirect relative of
3995,3988,Indirect relative of
3992,1990,Indirect relative of
1659,2616,Indirect relative of
4097,5052,Indirect relative of
7399,6820,Indirect relative of
1309,7801,Indirect relative of
6617,2073,Indirect relative of
6617,7801,Indirect relative of
6617,8151,Indirect relative of
1445,8932,Indirect relative of
1455,1454,Indirect relative of
1524,1523,Indirect relative of
3272,3821,Indirect relative of
3742,3743,Indirect relative of
3797,3798,Indirect relative of
3810,3811,Indirect relative of
3811,3810,Indirect relative of
6309,7991,Indirect relative of
7906,1979,Indirect relative of
8616,1642,Indirect relative of
8616,1643,Indirect relative of
1018,1990,Indirect relative of
9037,1990,Indirect relative of
1990,3992,Indirect relative of
1990,1018,Indirect relative of
1990,5265,Indirect relative of
6439,1523,Indirect relative of
1075,2218,Indirect relative of
6747,1526,Indirect relative of
6747,6745,Indirect relative of
8324,1527,Indirect relative of
8814,8481,Indirect relative of
8890,1492,Indirect relative of
1544,1546,Indirect relative of
1546,1544,Indirect relative of
1546,1542,Indirect relative of
1555,1553,Indirect relative of
3872,3873,Indirect relative of
3873,3872,Indirect relative of
2135,3298,Indirect relative of
270,4172,Indirect relative of
1234,6579,Indirect relative of
1393,6666,Indirect relative of
1395,6666,Indirect relative of
2810,7500,Indirect relative of
3518,3520,Indirect relative of
3520,3518,Indirect relative of
3520,3519,Indirect relative of
3521,3520,Indirect relative of
3525,9241,Indirect relative of
3525,200,Indirect relative of
2028,3308,Indirect relative of
2905,6811,Indirect relative of
1830,2744,Indirect relative of
7440,1872,Indirect relative of
1719,6834,Indirect relative of
1030,7339,Indirect relative of
1719,6833,Indirect relative of
1738,1739,Indirect relative of
1738,2082,Indirect relative of
1738,8424,Indirect relative of
1361,2900,Indirect relative of
3422,3421,Indirect relative of
6752,1555,Indirect relative of
6843,52,Indirect relative of
6846,1739,Indirect relative of
1758,7743,Indirect relative of
6762,4102,Indirect relative of
3415,1563,Indirect relative of
3989,3904,Indirect relative of
2227,7993,Indirect relative of
2227,7708,Indirect relative of
4231,4232,Indirect relative of
6865,1762,Indirect relative of
6865,1765,Indirect relative of
6865,1768,Indirect relative of
6865,1764,Indirect relative of
7746,2263,Indirect relative of
1648,1649,Indirect relative of
8747,7960,Indirect relative of
7960,8747,Indirect relative of
1056,1054,Indirect relative of
1054,1056,Indirect relative of
8421,1237,Indirect relative of
6200,9006,Indirect relative of
1550,1096,Indirect relative of
1096,1550,Indirect relative of
2880,8752,Indirect relative of
8782,5714,Indirect relative of
6429,1969,Indirect relative of
7008,2567,Indirect relative of
1035,1385,Indirect relative of
1035,1386,Indirect relative of
1035,2899,Indirect relative of
1348,2458,Indirect relative of
7233,5448,Indirect relative of
1718,6833,Indirect relative of
1722,1208,Indirect relative of
6845,7604,Indirect relative of
5229,5983,Indirect relative of
2912,8809,Indirect relative of
7610,8809,Indirect relative of
2158,2184,Indirect relative of
6821,6841,Indirect relative of
5248,5243,Indirect relative of
5243,5248,Indirect relative of
7076,7059,Indirect relative of
7076,7074,Indirect relative of
7075,7074,Indirect relative of
1745,9013,Indirect relative of
7074,7075,Indirect relative of
7074,7076,Indirect relative of
5587,6629,Indirect relative of
7193,2018,Indirect relative of
739,4566,Indirect relative of
8017,740,Indirect relative of
8017,8498,Indirect relative of
5519,6296,Indirect relative of
6602,4743,Indirect relative of
1990,6745,Indirect relative of
1990,5606,Indirect relative of
1647,1273,Indirect relative of
1292,6436,Indirect relative of
8651,1768,Indirect relative of
1158,7455,Indirect relative of
3054,3059,Indirect relative of
6850,9013,Indirect relative of
7708,2227,Indirect relative of
7743,1758,Indirect relative of
7993,2227,Indirect relative of
8651,1764,Indirect relative of
8651,1762,Indirect relative of
8651,1765,Indirect relative of
8651,1761,Indirect relative of
8678,6849,Indirect relative of
8678,9012,Indirect relative of
2921,3150,Indirect relative of
1467,6462,Indirect relative of
1198,7277,Indirect relative of
8172,8142,Indirect relative of
8361,7425,Indirect relative of
4195,4010,Indirect relative of
1233,1234,Indirect relative of
1233,6579,Indirect relative of
1234,1233,Indirect relative of
6436,1292,Indirect relative of
6462,1467,Indirect relative of
9304,270,Indirect relative of
63,2906,Indirect relative of
2906,63,Indirect relative of
346,2248,Indirect relative of
2235,7867,Indirect relative of
2244,8444,Indirect relative of
2248,4312,Indirect relative of
2248,9227,Indirect relative of
2248,346,Indirect relative of
2250,7765,Indirect relative of
2253,2254,Indirect relative of
2254,2253,Indirect relative of
6883,7765,Indirect relative of
6886,7770,Indirect relative of
5565,6732,Indirect relative of
6732,5565,Indirect relative of
6731,5565,Indirect relative of
5565,6731,Indirect relative of
2991,7742,Indirect relative of
3032,3034,Indirect relative of
3034,3032,Indirect relative of
7770,6886,Indirect relative of
9227,2248,Indirect relative of
7826,8989,Indirect relative of
7487,8992,Indirect relative of
3059,3054,Indirect relative of
3766,6059,Indirect relative of
2500,8507,Indirect relative of
8507,2500,Indirect relative of
1361,6645,Indirect relative of
1801,1347,Indirect relative of
1801,6638,Indirect relative of
2098,1355,Indirect relative of
2921,3495,Indirect relative of
2921,3494,Indirect relative of
3428,3429,Indirect relative of
3429,3428,Indirect relative of
3467,3468,Indirect relative of
3468,3467,Indirect relative of
6752,1552,Indirect relative of
6752,1553,Indirect relative of
2279,4372,Indirect relative of
6891,2153,Indirect relative of
6919,6914,Indirect relative of
6919,6915,Indirect relative of
7917,6914,Indirect relative of
7917,6915,Indirect relative of
9103,9126,Indirect relative of
9126,9103,Indirect relative of
9126,9020,Indirect relative of
2572,764,Indirect relative of
6479,7162,Indirect relative of
6479,7611,Indirect relative of
7798,5117,Indirect relative of
2039,2128,Indirect relative of
2275,2233,Indirect relative of
4372,2279,Indirect relative of
6636,3394,Indirect relative of
9050,6462,Indirect relative of
8649,5431,Indirect relative of
8300,4497,Indirect relative of
4497,8300,Indirect relative of
1789,5988,Indirect relative of
9006,3680,Indirect relative of
6358,6403,Indirect relative of
6403,6358,Indirect relative of
2063,1981,Indirect relative of
3811,9033,Indirect relative of
3811,4695,Indirect relative of
4695,3811,Indirect relative of
7969,5470,Indirect relative of
1099,1975,Indirect relative of
6317,1097,Indirect relative of
6317,6316,Indirect relative of
6316,6317,Indirect relative of
1993,51,Indirect relative of
1829,6313,Indirect relative of
6257,6416,Indirect relative of
7024,7798,Indirect relative of
5117,7798,Indirect relative of
7917,7798,Indirect relative of
6970,6638,Indirect relative of
4635,4634,Indirect relative of
4636,4634,Indirect relative of
6457,6617,Indirect relative of
6959,6958,Indirect relative of
6970,5052,Indirect relative of
6970,2885,Indirect relative of
4617,2081,Indirect relative of
2388,2102,Indirect relative of
6952,6535,Indirect relative of
7594,6676,Indirect relative of
1086,4378,Indirect relative of
6638,6970,Indirect relative of
5591,7633,Indirect relative of
7633,5591,Indirect relative of
5611,8746,Indirect relative of
5618,2543,Indirect relative of
7782,2904,Indirect relative of
6357,2060,Indirect relative of
1772,872,Indirect relative of
2207,2039,Indirect relative of
2448,1784,Indirect relative of
784,3705,Indirect relative of
784,3706,Indirect relative of
3705,784,Indirect relative of
3706,784,Indirect relative of
3949,785,Indirect relative of
7175,7176,Indirect relative of
7176,7175,Indirect relative of
787,7176,Indirect relative of
7175,1722,Indirect relative of
787,1722,Indirect relative of
2844,5636,Indirect relative of
5636,2844,Indirect relative of
4701,4497,Indirect relative of
4779,8569,Indirect relative of
6994,7810,Indirect relative of
6994,2497,Indirect relative of
6994,6993,Indirect relative of
6994,9026,Indirect relative of
8069,7842,Indirect relative of
5638,5637,Indirect relative of
4728,8706,Indirect relative of
8146,2601,Indirect relative of
2115,6680,Indirect relative of
6680,2115,Indirect relative of
1530,3384,Indirect relative of
1060,9025,Indirect relative of
7345,7346,Indirect relative of
478,9068,Indirect relative of
7591,1551,Indirect relative of
1563,3415,Indirect relative of
3904,3989,Indirect relative of
3989,3987,Indirect relative of
3987,3989,Indirect relative of
3852,8337,Indirect relative of
1643,1642,Indirect relative of
1643,8616,Indirect relative of
7026,8246,Indirect relative of
8246,7021,Indirect relative of
8246,7020,Indirect relative of
8246,7026,Indirect relative of
8752,2541,Indirect relative of
8752,2540,Indirect relative of
9068,478,Indirect relative of
894,7234,Indirect relative of
4046,3922,Indirect relative of
6805,6802,Indirect relative of
1934,8663,Indirect relative of
2667,7071,Indirect relative of
5078,5077,Indirect relative of
5127,5128,Indirect relative of
5128,5127,Indirect relative of
5265,1990,Indirect relative of
7035,2602,Indirect relative of
7066,7067,Indirect relative of
7067,7066,Indirect relative of
8821,1830,Indirect relative of
1830,8821,Indirect relative of
1015,7355,Indirect relative of
4875,5640,Indirect relative of
2082,1096,Indirect relative of
6160,1954,Indirect relative of
3056,3059,Indirect relative of
2963,8157,Indirect relative of
6115,9301,Indirect relative of
2645,2100,Indirect relative of
7845,9115,Indirect relative of
984,1110,Indirect relative of
1110,984,Indirect relative of
6846,2082,Indirect relative of
4212,6633,Indirect relative of
6769,9005,Indirect relative of
1589,2604,Indirect relative of
1857,3034,Indirect relative of
3034,1857,Indirect relative of
6127,8481,Indirect relative of
2553,2740,Indirect relative of
4168,3017,Indirect relative of
3017,4168,Indirect relative of
3016,4867,Indirect relative of
3016,4866,Indirect relative of
8718,8498,Indirect relative of
7856,52,Indirect relative of
8157,2963,Indirect relative of
9098,1735,Indirect relative of
2088,6293,Indirect relative of
6293,2088,Indirect relative of
1119,2088,Indirect relative of
1405,5313,Indirect relative of
1405,4629,Indirect relative of
15,6456,Indirect relative of
1219,7113,Indirect relative of
7113,1219,Indirect relative of
6623,5676,Indirect relative of
5676,6623,Indirect relative of
6623,5678,Indirect relative of
6623,5677,Indirect relative of
5677,6623,Indirect relative of
5678,6623,Indirect relative of
7546,7611,Indirect relative of
2122,5075,Indirect relative of
7642,6740,Indirect relative of
5983,5229,Indirect relative of
5987,4650,Indirect relative of
7283,7631,Indirect relative of
7283,1026,Indirect relative of
7566,4649,Indirect relative of
959,960,Indirect relative of
959,7291,Indirect relative of
961,2756,Indirect relative of
6033,6637,Indirect relative of
6043,2854,Indirect relative of
6046,7036,Indirect relative of
6059,9184,Indirect relative of
545,8778,Indirect relative of
8844,5665,Indirect relative of
5955,4716,Indirect relative of
7688,1096,Indirect relative of
2136,2208,Indirect relative of
7688,2208,Indirect relative of
936,2208,Indirect relative of
2208,2136,Indirect relative of
2208,936,Indirect relative of
2208,7688,Indirect relative of
5964,2116,Indirect relative of
6394,5964,Indirect relative of
4955,736,Indirect relative of
736,4955,Indirect relative of
736,4957,Indirect relative of
4957,736,Indirect relative of
8808,2449,Indirect relative of
2449,8808,Indirect relative of
8776,9263,Indirect relative of
9263,8776,Indirect relative of
2507,2569,Indirect relative of
2507,3476,Indirect relative of
3476,2507,Indirect relative of
4828,4829,Indirect relative of
4232,4231,Indirect relative of
6865,7379,Indirect relative of
6865,1761,Indirect relative of
270,9304,Indirect relative of
8444,2244,Indirect relative of
9040,2626,Indirect relative of
8335,2703,Indirect relative of
2703,8335,Indirect relative of
7613,8949,Indirect relative of
6444,5040,Indirect relative of
1524,2249,Indirect relative of
8809,2912,Indirect relative of
2339,2290,Indirect relative of
2888,1937,Indirect relative of
4436,6916,Indirect relative of
4436,8574,Indirect relative of
6890,2153,Indirect relative of
6919,2311,Indirect relative of
2153,2278,Indirect relative of
6319,5768,Indirect relative of
2885,6970,Indirect relative of
4530,2370,Indirect relative of
4586,4585,Indirect relative of
4614,4613,Indirect relative of
4634,4635,Indirect relative of
4634,4636,Indirect relative of
1081,9003,Indirect relative of
744,6431,Indirect relative of
1496,1859,Indirect relative of
1496,6548,Indirect relative of
1951,1549,Indirect relative of
1273,6449,Indirect relative of
1273,1647,Indirect relative of
1951,1550,Indirect relative of
7162,6479,Indirect relative of
764,2571,Indirect relative of
764,2572,Indirect relative of
2571,764,Indirect relative of
6479,6464,Indirect relative of
7798,7024,Indirect relative of
2128,2039,Indirect relative of
4695,6018,Indirect relative of
5052,6970,Indirect relative of
5052,8391,Indirect relative of
8391,5052,Indirect relative of
785,3949,Indirect relative of
1722,7175,Indirect relative of
1722,787,Indirect relative of
788,949,Indirect relative of
5637,5638,Indirect relative of
930,7177,Indirect relative of
7177,930,Indirect relative of
7178,7180,Indirect relative of
8538,930,Indirect relative of
7178,8538,Indirect relative of
7178,7177,Indirect relative of
930,8538,Indirect relative of
930,7181,Indirect relative of
7180,930,Indirect relative of
806,930,Indirect relative of
9012,8678,Indirect relative of
799,6511,Indirect relative of
4696,805,Indirect relative of
8097,2182,Indirect relative of
809,7510,Indirect relative of
7510,877,Indirect relative of
7510,9115,Indirect relative of
5918,5649,Indirect relative of
1440,7897,Indirect relative of
1418,1395,Indirect relative of
729,728,Indirect relative of
728,729,Indirect relative of
6286,7070,Indirect relative of
5660,1198,Indirect relative of
7187,5929,Indirect relative of
8481,8814,Indirect relative of
8481,6127,Indirect relative of
3139,6603,Indirect relative of
2081,5699,Indirect relative of
2081,1341,Indirect relative of
1199,4368,Indirect relative of
6559,6883,Indirect relative of
6883,6559,Indirect relative of
6454,6559,Indirect relative of
6559,6454,Indirect relative of
5893,5688,Indirect relative of
1563,3313,Indirect relative of
5234,3476,Indirect relative of
2259,4585,Indirect relative of
833,8016,Indirect relative of
8016,833,Indirect relative of
3674,9027,Indirect relative of
2080,7652,Indirect relative of
7616,1061,Indirect relative of
845,9110,Indirect relative of
898,4467,Indirect relative of
8786,7487,Indirect relative of
8786,7858,Indirect relative of
8838,7935,Indirect relative of
844,3633,Indirect relative of
9303,8296,Indirect relative of
5736,9121,Indirect relative of
2945,8749,Indirect relative of
8749,2945,Indirect relative of
6994,7812,Indirect relative of
6819,7399,Indirect relative of
7399,6819,Indirect relative of
5654,719,Indirect relative of
719,5654,Indirect relative of
864,6714,Indirect relative of
6714,864,Indirect relative of
6714,6254,Indirect relative of
7403,5772,Indirect relative of
2742,867,Indirect relative of
867,2742,Indirect relative of
884,3842,Indirect relative of
884,885,Indirect relative of
885,884,Indirect relative of
885,7228,Indirect relative of
887,7232,Indirect relative of
7232,887,Indirect relative of
3730,9007,Indirect relative of
2743,4223,Indirect relative of
2753,6074,Indirect relative of
4459,9552,Indirect relative of
9552,4459,Indirect relative of
8763,8649,Indirect relative of
8763,5431,Indirect relative of
4172,270,Indirect relative of
6218,3058,Indirect relative of
2086,2261,Indirect relative of
7487,2847,Indirect relative of
7767,1598,Indirect relative of
1035,6662,Indirect relative of
9027,4584,Indirect relative of
1598,6890,Indirect relative of
6890,1598,Indirect relative of
9110,4644,Indirect relative of
3057,4454,Indirect relative of
9119,5067,Indirect relative of
2100,2645,Indirect relative of
6131,4697,Indirect relative of
6136,6842,Indirect relative of
6136,6843,Indirect relative of
6141,5519,Indirect relative of
998,6441,Indirect relative of
6441,998,Indirect relative of
6142,6296,Indirect relative of
968,2223,Indirect relative of
7291,959,Indirect relative of
960,959,Indirect relative of
7311,960,Indirect relative of
960,7311,Indirect relative of
4716,5955,Indirect relative of
1706,3477,Indirect relative of
1706,3476,Indirect relative of
3477,1706,Indirect relative of
2249,4475,Indirect relative of
6740,6829,Indirect relative of
7031,6533,Indirect relative of
4137,840,Indirect relative of
7648,1507,Indirect relative of
7648,1506,Indirect relative of
9404,4732,Indirect relative of
2261,2086,Indirect relative of
7152,3886,Indirect relative of
8649,8763,Indirect relative of
7191,6262,Indirect relative of
805,4696,Indirect relative of
9024,4196,Indirect relative of
728,5891,Indirect relative of
8481,8363,Indirect relative of
3290,3236,Indirect relative of
6618,7070,Indirect relative of
6282,5891,Indirect relative of
9049,6199,Indirect relative of
2080,2238,Indirect relative of
4467,898,Indirect relative of
2015,1026,Indirect relative of
6990,1488,Indirect relative of
6222,827,Indirect relative of
8706,4728,Indirect relative of
6199,6200,Indirect relative of
6200,6199,Indirect relative of
1041,7346,Indirect relative of
7014,1969,Indirect relative of
5772,7403,Indirect relative of
2451,7214,Indirect relative of
7214,2451,Indirect relative of
811,6021,Indirect relative of
873,7229,Indirect relative of
1990,9037,Indirect relative of
9424,6940,Indirect relative of
2602,7034,Indirect relative of
2607,7618,Indirect relative of
2626,9040,Indirect relative of
2660,2101,Indirect relative of
2667,2666,Indirect relative of
5077,5078,Indirect relative of
7036,7033,Indirect relative of
7638,2264,Indirect relative of
5128,1441,Indirect relative of
1441,5128,Indirect relative of
9301,6115,Indirect relative of
7010,7011,Indirect relative of
7011,7010,Indirect relative of
2088,1119,Indirect relative of
2854,1369,Indirect relative of
6098,4532,Indirect relative of
7631,7283,Indirect relative of
943,7984,Indirect relative of
1026,7283,Indirect relative of
2223,6623,Indirect relative of
949,1761,Indirect relative of
930,7180,Indirect relative of
7181,930,Indirect relative of
5964,6394,Indirect relative of
8949,7613,Indirect relative of
8335,1873,Indirect relative of
5289,1674,Indirect relative of
2182,8097,Indirect relative of
7184,6254,Indirect relative of
7184,7510,Indirect relative of
9115,7510,Indirect relative of
821,7845,Indirect relative of
5649,5918,Indirect relative of
6792,3043,Indirect relative of
7867,1873,Indirect relative of
7867,8206,Indirect relative of
3180,6474,Indirect relative of
5225,6873,Indirect relative of
6694,4476,Indirect relative of
6694,4475,Indirect relative of
1439,3236,Indirect relative of
1418,8997,Indirect relative of
5688,5893,Indirect relative of
3313,9007,Indirect relative of
8237,2771,Indirect relative of
8237,3929,Indirect relative of
5094,3768,Indirect relative of
1563,6442,Indirect relative of
9092,6637,Indirect relative of
9092,2569,Indirect relative of
5696,9099,Indirect relative of
8988,1549,Indirect relative of
6136,6841,Indirect relative of
2826,7747,Indirect relative of
7747,2826,Indirect relative of
1475,6456,Indirect relative of
9146,1714,Indirect relative of
4585,5897,Indirect relative of
4585,4586,Indirect relative of
5724,5897,Indirect relative of
857,856,Indirect relative of
856,857,Indirect relative of
856,858,Indirect relative of
858,856,Indirect relative of
6820,7399,Indirect relative of
9764,368,Indirect relative of
368,9764,Indirect relative of
8750,1830,Indirect relative of
1073,8996,Cousin of
8996,1073,Cousin of
6665,3551,Cousin of
7218,6467,Cousin of
6467,7218,Cousin of
1405,1404,Cousin of
6618,2073,Cousin of
1311,2073,Cousin of
6691,6692,Cousin of
6692,6691,Cousin of
1310,2073,Cousin of
2073,1311,Cousin of
2073,6618,Cousin of
2073,1310,Cousin of
3350,6439,Cousin of
3350,6739,Cousin of
3350,1524,Cousin of
3886,3887,Cousin of
3887,3886,Cousin of
4243,4245,Cousin of
4243,4244,Cousin of
4244,4242,Cousin of
4244,4243,Cousin of
4244,4245,Cousin of
4245,4244,Cousin of
4245,4242,Cousin of
4809,4808,Cousin of
4897,4896,Cousin of
6821,5416,Cousin of
5246,5244,Cousin of
5246,5242,Cousin of
5246,5247,Cousin of
5242,5246,Cousin of
5244,5246,Cousin of
5245,5246,Cousin of
4242,4245,Cousin of
4245,4243,Cousin of
739,6159,Cousin of
6159,739,Cousin of
7070,2666,Cousin of
9436,7096,Cousin of
8678,8863,Cousin of
8863,8678,Cousin of
5566,5565,Cousin of
5563,5565,Cousin of
5565,5566,Cousin of
5565,5563,Cousin of
4280,4281,Cousin of
4281,4280,Cousin of
9437,7160,Cousin of
7160,9437,Cousin of
6694,1442,Cousin of
2983,2984,Cousin of
2984,2983,Cousin of
3486,2102,Cousin of
6278,6934,Cousin of
6403,4097,Cousin of
1098,1097,Cousin of
7027,1097,Cousin of
1097,1098,Cousin of
1097,7027,Cousin of
4517,4518,Cousin of
2481,2480,Cousin of
9026,6994,Cousin of
3903,3989,Cousin of
3986,3989,Cousin of
3989,3903,Cousin of
3989,3986,Cousin of
3989,3985,Cousin of
3985,3989,Cousin of
1633,6800,Cousin of
1651,1652,Cousin of
1652,1651,Cousin of
6787,1615,Cousin of
7393,7395,Cousin of
7395,7393,Cousin of
5152,5153,Cousin of
5153,5152,Cousin of
2042,6694,Cousin of
3056,3055,Cousin of
3056,3057,Cousin of
3055,3056,Cousin of
1739,6846,Cousin of
1739,1030,Cousin of
1624,1742,Cousin of
2853,7311,Cousin of
7311,2853,Cousin of
7311,2854,Cousin of
2854,7311,Cousin of
927,6261,Cousin of
798,7181,Cousin of
4955,9114,Cousin of
4957,9114,Cousin of
4808,4809,Cousin of
6739,3350,Cousin of
2712,6636,Cousin of
6636,2712,Cousin of
6800,1633,Cousin of
4242,4243,Cousin of
4242,4244,Cousin of
4243,4242,Cousin of
5040,1554,Cousin of
1554,5040,Cousin of
6439,3350,Cousin of
4407,4408,Cousin of
4408,4407,Cousin of
4518,4517,Cousin of
5246,5245,Cousin of
5247,5246,Cousin of
9436,7095,Cousin of
9436,7094,Cousin of
9436,7091,Cousin of
6905,15,Cousin of
15,6905,Cousin of
9442,5248,Cousin of
794,806,Cousin of
798,806,Cousin of
794,7181,Cousin of
7181,806,Cousin of
806,7181,Cousin of
806,798,Cousin of
806,794,Cousin of
728,5118,Cousin of
2186,1873,Cousin of
1988,1873,Cousin of
5695,5696,Cousin of
5696,5695,Cousin of
2259,1073,Cousin of
6523,5248,Cousin of
7211,7218,Cousin of
7218,7211,Cousin of
7212,764,Cousin of
7215,7218,Cousin of
7218,7215,Cousin of
3599,5578,Cousin of
5578,3599,Cousin of
7231,7232,Cousin of
7232,7231,Cousin of
7096,9050,Cousin of
9690,298,Cousin of
298,9690,Cousin of
5662,8783,Cousin of
8783,5662,Cousin of
5662,8743,Cousin of
1048,1612,Cousin of
3056,3060,Cousin of
3551,6665,Cousin of
2854,2855,Cousin of
2855,2853,Cousin of
2855,2854,Cousin of
2853,2855,Cousin of
927,2123,Cousin of
7181,798,Cousin of
7181,794,Cousin of
821,809,Cousin of
809,821,Cousin of
4761,6262,Cousin of
1691,1690,Sibling of
7177,8538,Sibling of
6666,1395,Sibling of
6667,1393,Sibling of
2458,2457,Sibling of
2457,2458,Sibling of
8995,6659,Sibling of
8997,1393,Sibling of
1427,1428,Sibling of
1428,1427,Sibling of
2837,6680,Sibling of
3626,3627,Sibling of
3627,3626,Sibling of
3642,3643,Sibling of
3643,3642,Sibling of
6680,2837,Sibling of
7503,2917,Sibling of
7629,7818,Sibling of
6618,1310,Sibling of
1310,6618,Sibling of
1310,1311,Sibling of
1311,6618,Sibling of
1311,1310,Sibling of
1309,6437,Sibling of
6437,1309,Sibling of
3726,3727,Sibling of
7463,7683,Sibling of
3155,3156,Sibling of
3156,3155,Sibling of
3173,3170,Sibling of
3181,3183,Sibling of
3183,3181,Sibling of
6564,6560,Sibling of
6566,6562,Sibling of
9328,9327,Sibling of
2181,8199,Sibling of
2181,7885,Sibling of
1667,1668,Sibling of
1687,6820,Sibling of
1688,2118,Sibling of
1868,1590,Sibling of
2062,1866,Sibling of
7619,7488,Sibling of
1464,6706,Sibling of
1480,6712,Sibling of
3663,3664,Sibling of
3664,3663,Sibling of
3667,3668,Sibling of
3668,3667,Sibling of
3727,3726,Sibling of
9131,9137,Sibling of
6706,1464,Sibling of
1912,1391,Sibling of
2899,1385,Sibling of
3518,3521,Sibling of
3957,1596,Sibling of
3985,3986,Sibling of
3992,9037,Sibling of
3992,9038,Sibling of
3992,1018,Sibling of
4001,4000,Sibling of
1020,2608,Sibling of
4040,6034,Sibling of
4078,4079,Sibling of
4079,4078,Sibling of
6447,6446,Sibling of
6775,6447,Sibling of
1524,6739,Sibling of
1524,6439,Sibling of
3773,3774,Sibling of
3785,3786,Sibling of
6439,6739,Sibling of
6439,1524,Sibling of
3767,3765,Sibling of
6731,6732,Sibling of
6732,6731,Sibling of
9009,9094,Sibling of
9094,9009,Sibling of
1018,3992,Sibling of
1018,9038,Sibling of
1018,9037,Sibling of
6739,6439,Sibling of
8575,8757,Sibling of
1074,1075,Sibling of
6739,1524,Sibling of
6745,1526,Sibling of
7463,7684,Sibling of
7683,7684,Sibling of
7683,7463,Sibling of
7684,7683,Sibling of
7684,7463,Sibling of
3765,3767,Sibling of
1589,1210,Sibling of
261,262,Sibling of
262,261,Sibling of
1544,1547,Sibling of
1545,1543,Sibling of
3897,3898,Sibling of
3903,3985,Sibling of
1385,2899,Sibling of
1385,1386,Sibling of
1386,2899,Sibling of
1386,1385,Sibling of
1391,1912,Sibling of
1393,8997,Sibling of
2805,2806,Sibling of
2806,2805,Sibling of
1543,3313,Sibling of
2811,1773,Sibling of
2899,1386,Sibling of
3518,3519,Sibling of
3521,3519,Sibling of
3521,3518,Sibling of
3527,3529,Sibling of
3528,3530,Sibling of
1668,1667,Sibling of
3529,3527,Sibling of
3530,3528,Sibling of
3555,3556,Sibling of
3556,3555,Sibling of
3565,3566,Sibling of
1255,2903,Sibling of
1256,1257,Sibling of
1257,1930,Sibling of
1262,1263,Sibling of
1263,1262,Sibling of
2903,1255,Sibling of
7442,1262,Sibling of
4000,4001,Sibling of
3050,3051,Sibling of
7801,8151,Sibling of
8546,8882,Sibling of
1866,2062,Sibling of
3092,8657,Sibling of
1689,1691,Sibling of
1689,1690,Sibling of
1690,1691,Sibling of
1691,1689,Sibling of
1695,6824,Sibling of
2619,9031,Sibling of
1729,6836,Sibling of
6630,1333,Sibling of
6602,1544,Sibling of
4146,4147,Sibling of
4147,4146,Sibling of
4156,4155,Sibling of
6824,1695,Sibling of
6826,4212,Sibling of
6832,6835,Sibling of
6845,1736,Sibling of
1096,1095,Sibling of
7398,7400,Sibling of
7400,7398,Sibling of
2703,4137,Sibling of
1743,6850,Sibling of
1743,1744,Sibling of
1744,6850,Sibling of
1745,6850,Sibling of
1745,1744,Sibling of
1748,1749,Sibling of
1749,1748,Sibling of
1902,1768,Sibling of
1902,1762,Sibling of
2214,2215,Sibling of
2215,2214,Sibling of
2220,2338,Sibling of
2224,2225,Sibling of
9131,9130,Sibling of
3986,3903,Sibling of
1588,1586,Sibling of
1596,3957,Sibling of
2225,2224,Sibling of
2228,2155,Sibling of
2889,7823,Sibling of
4197,4198,Sibling of
4198,4197,Sibling of
4225,4226,Sibling of
4260,4261,Sibling of
4261,4260,Sibling of
6849,9012,Sibling of
6850,1744,Sibling of
6850,1743,Sibling of
6856,742,Sibling of
6872,6873,Sibling of
7377,7376,Sibling of
7379,1765,Sibling of
7379,1764,Sibling of
7611,8154,Sibling of
7611,7912,Sibling of
7708,7993,Sibling of
8657,3092,Sibling of
8783,8743,Sibling of
9008,6973,Sibling of
9026,6993,Sibling of
9404,9111,Sibling of
1052,1054,Sibling of
1054,1052,Sibling of
8421,7733,Sibling of
7733,8421,Sibling of
7350,7349,Sibling of
7349,7350,Sibling of
1043,1045,Sibling of
7345,1041,Sibling of
2508,2510,Sibling of
2510,2508,Sibling of
2541,2880,Sibling of
2880,2541,Sibling of
4810,2507,Sibling of
4824,4825,Sibling of
4825,4824,Sibling of
4851,4853,Sibling of
1019,2608,Sibling of
1038,1039,Sibling of
7983,7609,Sibling of
8562,8680,Sibling of
8680,8562,Sibling of
8796,8888,Sibling of
9034,9035,Sibling of
9034,9106,Sibling of
9035,9034,Sibling of
9035,9106,Sibling of
9106,9035,Sibling of
9106,9034,Sibling of
9408,9107,Sibling of
2632,1991,Sibling of
2634,7054,Sibling of
2645,7057,Sibling of
5020,5021,Sibling of
5021,5020,Sibling of
5057,1943,Sibling of
5108,5109,Sibling of
5109,5108,Sibling of
5120,5121,Sibling of
5121,5120,Sibling of
4155,4156,Sibling of
6836,1729,Sibling of
2855,7311,Sibling of
6820,6819,Sibling of
5227,2410,Sibling of
8864,7610,Sibling of
2912,2699,Sibling of
2699,2912,Sibling of
7610,8864,Sibling of
21,22,Sibling of
5244,5245,Sibling of
5244,5247,Sibling of
5244,5242,Sibling of
5245,5247,Sibling of
5245,5244,Sibling of
5245,5242,Sibling of
7077,7079,Sibling of
7079,7077,Sibling of
7076,7075,Sibling of
7075,7076,Sibling of
6639,9003,Sibling of
1745,1743,Sibling of
1765,1768,Sibling of
2338,2220,Sibling of
7191,1445,Sibling of
1445,7191,Sibling of
8046,8204,Sibling of
8204,8046,Sibling of
7070,2667,Sibling of
1547,1787,Sibling of
2175,2146,Sibling of
2146,2175,Sibling of
5535,5541,Sibling of
5541,5535,Sibling of
5566,5563,Sibling of
1287,1286,Sibling of
1301,1302,Sibling of
1330,6630,Sibling of
7384,1942,Sibling of
6303,1135,Sibling of
6334,6340,Sibling of
6340,6334,Sibling of
1179,1181,Sibling of
1181,1179,Sibling of
1988,2186,Sibling of
3054,3058,Sibling of
3068,3067,Sibling of
6851,9013,Sibling of
6873,6872,Sibling of
5563,5566,Sibling of
3067,3068,Sibling of
6512,6513,Sibling of
6513,6511,Sibling of
6518,6519,Sibling of
6519,6518,Sibling of
6547,1185,Sibling of
1196,1195,Sibling of
7766,8019,Sibling of
8019,7766,Sibling of
3415,3416,Sibling of
3416,3415,Sibling of
6275,6609,Sibling of
6435,6604,Sibling of
6604,6435,Sibling of
1286,1288,Sibling of
1109,1111,Sibling of
1111,1109,Sibling of
1120,6296,Sibling of
1123,1125,Sibling of
1125,1123,Sibling of
1135,6303,Sibling of
1972,1111,Sibling of
1972,1109,Sibling of
3051,3050,Sibling of
6293,1119,Sibling of
7451,2902,Sibling of
8151,7801,Sibling of
8882,8546,Sibling of
1330,1333,Sibling of
1333,1330,Sibling of
1333,6630,Sibling of
1345,1346,Sibling of
1346,1345,Sibling of
1353,2102,Sibling of
1357,2847,Sibling of
1875,1801,Sibling of
2012,2913,Sibling of
2109,2183,Sibling of
9327,9328,Sibling of
7161,764,Sibling of
7162,6465,Sibling of
2200,7764,Sibling of
3469,4556,Sibling of
3494,3495,Sibling of
4556,3469,Sibling of
6630,1330,Sibling of
6638,6637,Sibling of
7488,7619,Sibling of
7764,2200,Sibling of
6751,6443,Sibling of
1600,1599,Sibling of
1620,1621,Sibling of
1621,1620,Sibling of
7420,7711,Sibling of
7711,7420,Sibling of
8984,6542,Sibling of
2608,1019,Sibling of
6542,8984,Sibling of
978,7548,Sibling of
5651,5652,Sibling of
5652,5651,Sibling of
6897,6898,Sibling of
6915,6914,Sibling of
6914,5118,Sibling of
6914,6915,Sibling of
6915,2311,Sibling of
2311,6915,Sibling of
2311,5118,Sibling of
5118,2311,Sibling of
5118,6915,Sibling of
4438,6846,Sibling of
6846,4438,Sibling of
1835,1790,Sibling of
1790,1835,Sibling of
742,6856,Sibling of
3686,6078,Sibling of
6321,6322,Sibling of
6322,6321,Sibling of
2608,1020,Sibling of
1098,7027,Sibling of
7027,1098,Sibling of
6318,6316,Sibling of
6316,6318,Sibling of
1095,1096,Sibling of
6312,6313,Sibling of
9117,2464,Sibling of
1091,1090,Sibling of
1090,1091,Sibling of
8831,4495,Sibling of
6262,6263,Sibling of
6263,6262,Sibling of
2371,4533,Sibling of
2403,2404,Sibling of
1111,1972,Sibling of
6296,1120,Sibling of
7010,768,Sibling of
5052,2885,Sibling of
9037,3992,Sibling of
9038,3992,Sibling of
8169,8440,Sibling of
4513,6676,Sibling of
6676,4513,Sibling of
2264,4512,Sibling of
2265,4512,Sibling of
4512,2265,Sibling of
4512,2264,Sibling of
2567,2568,Sibling of
6254,7229,Sibling of
7229,6254,Sibling of
7373,7371,Sibling of
5605,5603,Sibling of
5605,5604,Sibling of
5603,5605,Sibling of
5603,5604,Sibling of
5604,5605,Sibling of
7365,7368,Sibling of
1704,4695,Sibling of
2429,2431,Sibling of
2431,2429,Sibling of
2438,2439,Sibling of
2439,2438,Sibling of
2462,4708,Sibling of
2473,2474,Sibling of
2473,4447,Sibling of
2488,2490,Sibling of
2490,2488,Sibling of
2497,2498,Sibling of
2498,2497,Sibling of
785,3706,Sibling of
4654,4656,Sibling of
4656,4654,Sibling of
4695,1704,Sibling of
4696,4700,Sibling of
4696,4699,Sibling of
4699,4700,Sibling of
4700,4699,Sibling of
4700,4696,Sibling of
4708,2462,Sibling of
8743,8783,Sibling of
7177,7180,Sibling of
9038,1018,Sibling of
6231,6230,Sibling of
1075,1074,Sibling of
7627,9397,Sibling of
6220,6221,Sibling of
6221,6220,Sibling of
9130,9137,Sibling of
9130,9131,Sibling of
9137,9131,Sibling of
9137,9130,Sibling of
1773,2811,Sibling of
3903,3986,Sibling of
3904,3987,Sibling of
1031,7343,Sibling of
3986,3985,Sibling of
3987,3904,Sibling of
3985,3903,Sibling of
3874,8300,Sibling of
9037,1018,Sibling of
1586,1588,Sibling of
4226,4225,Sibling of
1041,7345,Sibling of
1019,1020,Sibling of
1020,1019,Sibling of
6820,1687,Sibling of
1703,4695,Sibling of
6170,6169,Sibling of
6169,6170,Sibling of
9054,9062,Sibling of
9062,9054,Sibling of
4695,1703,Sibling of
2491,1321,Sibling of
1014,2061,Sibling of
9011,2568,Sibling of
4212,1699,Sibling of
4212,6826,Sibling of
1590,1868,Sibling of
4716,3527,Sibling of
4716,3529,Sibling of
3527,4716,Sibling of
3529,4716,Sibling of
4717,3530,Sibling of
3528,4717,Sibling of
384,8432,Sibling of
8432,384,Sibling of
988,9051,Sibling of
9051,988,Sibling of
5476,4763,Sibling of
8560,3861,Sibling of
3861,8560,Sibling of
5233,6845,Sibling of
1736,6845,Sibling of
1736,5233,Sibling of
9003,6639,Sibling of
4137,2703,Sibling of
7305,7216,Sibling of
7216,7305,Sibling of
6712,1480,Sibling of
1974,8337,Sibling of
8337,1974,Sibling of
3274,3273,Sibling of
3273,3274,Sibling of
3364,3365,Sibling of
3365,3364,Sibling of
5678,5677,Sibling of
5677,5678,Sibling of
1548,5228,Sibling of
1752,7662,Sibling of
1762,1764,Sibling of
1764,7379,Sibling of
1764,1902,Sibling of
1764,1762,Sibling of
1765,1902,Sibling of
1765,1762,Sibling of
1765,1764,Sibling of
6018,6019,Sibling of
6019,6018,Sibling of
1254,6033,Sibling of
6033,1254,Sibling of
6034,4040,Sibling of
928,4475,Sibling of
928,7264,Sibling of
7264,4475,Sibling of
7264,928,Sibling of
4475,7264,Sibling of
4475,928,Sibling of
794,798,Sibling of
798,794,Sibling of
5955,5699,Sibling of
5955,8992,Sibling of
8992,5955,Sibling of
5699,5955,Sibling of
5699,8992,Sibling of
8992,5699,Sibling of
1768,1765,Sibling of
1768,1764,Sibling of
1768,1902,Sibling of
1902,1764,Sibling of
1902,1765,Sibling of
7688,2136,Sibling of
5962,5963,Sibling of
5963,5962,Sibling of
2507,4810,Sibling of
5233,1736,Sibling of
7808,7912,Sibling of
7808,8154,Sibling of
7823,2889,Sibling of
7912,7611,Sibling of
7912,7808,Sibling of
7912,8154,Sibling of
7932,2889,Sibling of
7932,7823,Sibling of
7993,7708,Sibling of
8154,7808,Sibling of
8154,7912,Sibling of
8154,7611,Sibling of
8300,3874,Sibling of
6804,6806,Sibling of
786,3095,Sibling of
3095,786,Sibling of
3150,3494,Sibling of
3495,3494,Sibling of
3494,3150,Sibling of
2235,1345,Sibling of
1226,2321,Sibling of
1859,7385,Sibling of
2267,2803,Sibling of
2278,4368,Sibling of
2300,2301,Sibling of
2301,2300,Sibling of
2311,6914,Sibling of
2312,2313,Sibling of
2321,1226,Sibling of
2803,2267,Sibling of
4368,2278,Sibling of
4464,4465,Sibling of
4465,4464,Sibling of
6891,6890,Sibling of
6896,6897,Sibling of
6897,6896,Sibling of
6914,2311,Sibling of
6915,5118,Sibling of
6916,3021,Sibling of
7006,6916,Sibling of
2373,6944,Sibling of
2376,6948,Sibling of
2382,6953,Sibling of
2404,2403,Sibling of
6944,2373,Sibling of
6948,2376,Sibling of
6953,2382,Sibling of
6225,6224,Sibling of
1703,1704,Sibling of
1704,1703,Sibling of
1772,2429,Sibling of
1772,2431,Sibling of
6465,7162,Sibling of
764,7161,Sibling of
768,7010,Sibling of
5604,5603,Sibling of
3706,785,Sibling of
792,1103,Sibling of
8538,7180,Sibling of
8538,7177,Sibling of
7180,7177,Sibling of
7180,8538,Sibling of
795,805,Sibling of
1795,7981,Sibling of
818,7504,Sibling of
7504,818,Sibling of
2186,1988,Sibling of
6890,6891,Sibling of
6556,6555,Sibling of
6555,6556,Sibling of
1932,2454,Sibling of
3313,1545,Sibling of
8073,2866,Sibling of
2754,2753,Sibling of
2080,2057,Sibling of
7882,7518,Sibling of
1877,7935,Sibling of
7862,8786,Sibling of
8786,7862,Sibling of
5720,5719,Sibling of
5719,5720,Sibling of
5724,4585,Sibling of
4585,5724,Sibling of
857,858,Sibling of
858,857,Sibling of
3774,3773,Sibling of
6819,1687,Sibling of
4735,4736,Sibling of
4736,4735,Sibling of
4763,5476,Sibling of
1687,6819,Sibling of
2118,1688,Sibling of
870,874,Sibling of
874,870,Sibling of
870,873,Sibling of
873,870,Sibling of
873,874,Sibling of
880,7223,Sibling of
7223,880,Sibling of
6163,3771,Sibling of
3771,6163,Sibling of
2753,2754,Sibling of
5303,5304,Sibling of
7091,7094,Sibling of
7091,7095,Sibling of
7091,7096,Sibling of
7094,7091,Sibling of
7094,7095,Sibling of
7094,7096,Sibling of
7095,7091,Sibling of
7095,7096,Sibling of
7095,7094,Sibling of
7096,7091,Sibling of
7096,7094,Sibling of
7096,7095,Sibling of
7885,2181,Sibling of
7959,8493,Sibling of
8199,2181,Sibling of
8199,1873,Sibling of
8493,7959,Sibling of
9085,1347,Sibling of
1073,6660,Sibling of
4786,4787,Sibling of
4787,4786,Sibling of
6973,9008,Sibling of
4693,2570,Sibling of
9028,894,Sibling of
5308,5309,Sibling of
9494,5301,Sibling of
5301,9494,Sibling of
6789,6791,Sibling of
8997,6667,Sibling of
2917,7503,Sibling of
7818,7629,Sibling of
6618,1311,Sibling of
6695,1442,Sibling of
1494,1821,Sibling of
1526,6745,Sibling of
3786,3785,Sibling of
8757,8575,Sibling of
1210,1589,Sibling of
1543,1545,Sibling of
1787,1547,Sibling of
3898,3897,Sibling of
6443,6751,Sibling of
3566,3565,Sibling of
1302,1301,Sibling of
1185,6547,Sibling of
6514,6511,Sibling of
1195,1196,Sibling of
6562,6560,Sibling of
2902,7451,Sibling of
6609,6275,Sibling of
1119,6293,Sibling of
1347,6637,Sibling of
2847,1357,Sibling of
1599,1600,Sibling of
4005,4007,Sibling of
1690,1689,Sibling of
9031,2619,Sibling of
2464,9117,Sibling of
6835,6832,Sibling of
1744,1743,Sibling of
1768,1762,Sibling of
2155,2228,Sibling of
2889,7932,Sibling of
7611,7808,Sibling of
7662,1752,Sibling of
7823,7932,Sibling of
9012,6849,Sibling of
9013,6851,Sibling of
3150,3495,Sibling of
3495,3150,Sibling of
2893,6219,Sibling of
6219,2893,Sibling of
1942,7384,Sibling of
2151,2245,Sibling of
2151,2164,Sibling of
2164,2245,Sibling of
2164,2151,Sibling of
2240,6881,Sibling of
2245,2164,Sibling of
2245,2151,Sibling of
2256,2257,Sibling of
2257,2256,Sibling of
4089,2240,Sibling of
2264,2265,Sibling of
2265,2264,Sibling of
4275,4278,Sibling of
4278,4275,Sibling of
6881,2240,Sibling of
6883,6454,Sibling of
8359,8398,Sibling of
8398,8359,Sibling of
6454,6883,Sibling of
6256,7115,Sibling of
7115,6256,Sibling of
1295,4811,Sibling of
3170,3173,Sibling of
4089,6881,Sibling of
4983,3391,Sibling of
3391,4983,Sibling of
6913,3043,Sibling of
3043,6913,Sibling of
6445,6763,Sibling of
6763,6445,Sibling of
3058,3054,Sibling of
832,793,Sibling of
793,832,Sibling of
2235,1346,Sibling of
2313,2312,Sibling of
7385,1859,Sibling of
7548,978,Sibling of
6078,3686,Sibling of
1103,792,Sibling of
4495,8831,Sibling of
2885,5052,Sibling of
7371,7373,Sibling of
4447,2473,Sibling of
4699,4696,Sibling of
1079,1078,Sibling of
6230,6231,Sibling of
9397,7627,Sibling of
1045,1043,Sibling of
4853,4851,Sibling of
4855,4856,Sibling of
4856,4855,Sibling of
4896,4897,Sibling of
4904,4905,Sibling of
4905,4904,Sibling of
1039,1038,Sibling of
894,9028,Sibling of
4913,4914,Sibling of
4914,4913,Sibling of
4942,4943,Sibling of
4943,4942,Sibling of
4955,4957,Sibling of
4957,4955,Sibling of
6429,7014,Sibling of
7008,7009,Sibling of
7009,7008,Sibling of
7014,6429,Sibling of
7021,7026,Sibling of
7026,7020,Sibling of
7026,7021,Sibling of
7609,7983,Sibling of
8888,8796,Sibling of
7342,7341,Sibling of
1943,5057,Sibling of
1991,2632,Sibling of
5188,5189,Sibling of
5189,5188,Sibling of
6460,7058,Sibling of
7031,7032,Sibling of
7032,7031,Sibling of
7033,2602,Sibling of
7035,7036,Sibling of
7036,7035,Sibling of
7043,7044,Sibling of
7044,7043,Sibling of
7054,2634,Sibling of
7057,2645,Sibling of
7058,6460,Sibling of
7590,7757,Sibling of
7590,7795,Sibling of
7593,8011,Sibling of
7757,7590,Sibling of
7757,7795,Sibling of
7795,7757,Sibling of
7795,7590,Sibling of
8011,7593,Sibling of
8060,8339,Sibling of
8382,8429,Sibling of
8423,8803,Sibling of
8429,8382,Sibling of
8803,8423,Sibling of
9037,9038,Sibling of
9038,9037,Sibling of
9041,9040,Sibling of
3021,6916,Sibling of
2858,8066,Sibling of
8066,2858,Sibling of
5117,7917,Sibling of
7917,5117,Sibling of
7808,7611,Sibling of
960,7291,Sibling of
7291,960,Sibling of
2905,6067,Sibling of
6067,2905,Sibling of
2136,7688,Sibling of
7278,5692,Sibling of
5692,7278,Sibling of
9017,9020,Sibling of
9020,9017,Sibling of
3983,6876,Sibling of
6876,3983,Sibling of
7088,7087,Sibling of
7087,7088,Sibling of
2697,7083,Sibling of
7083,2697,Sibling of
1294,6608,Sibling of
2687,7566,Sibling of
7566,2687,Sibling of
5247,5244,Sibling of
5247,5245,Sibling of
5247,5242,Sibling of
7559,9434,Sibling of
9434,7559,Sibling of
2684,2683,Sibling of
2683,2684,Sibling of
5242,5245,Sibling of
5242,5247,Sibling of
5242,5244,Sibling of
9111,9404,Sibling of
736,7621,Sibling of
7621,736,Sibling of
805,795,Sibling of
2259,8996,Sibling of
1078,1079,Sibling of
7630,2566,Sibling of
7651,2541,Sibling of
7651,2880,Sibling of
6819,6820,Sibling of
874,873,Sibling of
5309,5308,Sibling of
6791,6789,Sibling of
2570,4693,Sibling of
7341,7344,Sibling of
7341,7342,Sibling of
7342,7344,Sibling of
2997,6695,Sibling of
1321,2491,Sibling of
2061,1014,Sibling of
4898,1599,Sibling of
4898,1600,Sibling of
1012,1011,Sibling of
1011,1012,Sibling of
3057,3060,Sibling of
3057,3055,Sibling of
3055,3057,Sibling of
3055,3060,Sibling of
2568,9011,Sibling of
9119,3699,Sibling of
6106,6107,Sibling of
6107,6106,Sibling of
5747,5746,Sibling of
5746,5747,Sibling of
7306,7309,Sibling of
7309,7306,Sibling of
7306,9050,Sibling of
7309,9050,Sibling of
2122,7642,Sibling of
7642,2122,Sibling of
7314,7313,Sibling of
2854,2853,Sibling of
7313,7314,Sibling of
2853,2854,Sibling of
7311,2855,Sibling of
1026,7631,Sibling of
7631,1026,Sibling of
4792,3872,Sibling of
3872,4792,Sibling of
971,947,Sibling of
947,971,Sibling of
2410,5227,Sibling of
5228,1548,Sibling of
9040,9041,Sibling of
7614,7613,Sibling of
7613,7614,Sibling of
6444,6752,Sibling of
7184,9115,Sibling of
9115,7184,Sibling of
3180,6440,Sibling of
6440,3180,Sibling of
9024,4685,Sibling of
1440,6693,Sibling of
1545,3313,Sibling of
3313,1543,Sibling of
8996,2259,Sibling of
2568,2567,Sibling of
3530,4717,Sibling of
2866,8073,Sibling of
7196,7197,Sibling of
7197,7196,Sibling of
4761,7120,Sibling of
4761,7121,Sibling of
7121,4761,Sibling of
7121,7120,Sibling of
2057,2080,Sibling of
6826,1699,Sibling of
4533,2371,Sibling of
9696,4823,Sibling of
4823,9696,Sibling of
683,10140,Sibling of
10130,10048,Sibling of
10048,10130,Sibling of
10140,683,Sibling of
10696,10275,Sibling of
10275,10696,Sibling of
2514,2513,Child of
7747,2135,Child of
223,2930,Child of
8996,8995,Child of
6359,1073,Child of
4702,4701,Child of
223,222,Child of
1403,2840,Child of
1650,6808,Child of
1425,1424,Child of
1873,9003,Child of
2041,1427,Child of
2831,6677,Child of
2835,9002,Child of
2838,2839,Child of
3650,3649,Child of
6687,6686,Child of
7494,1409,Child of
7497,7679,Child of
8345,1408,Child of
8841,1856,Child of
8852,8206,Child of
9311,8852,Child of
8151,6618,Child of
1480,6711,Child of
7897,1439,Child of
8304,2018,Child of
8932,8304,Child of
9090,1457,Child of
8174,8363,Child of
8979,8174,Child of
1495,6723,Child of
1506,1507,Child of
1507,5355,Child of
1518,6735,Child of
1522,6439,Child of
3786,3787,Child of
7441,1222,Child of
1530,7359,Child of
1547,6602,Child of
1787,6602,Child of
1227,6434,Child of
1974,6712,Child of
2081,1196,Child of
3128,3129,Child of
3212,3210,Child of
6552,6551,Child of
9092,3416,Child of
8075,1785,Child of
1680,1679,Child of
1866,7406,Child of
1868,1589,Child of
2062,7406,Child of
2089,6780,Child of
2118,1687,Child of
3929,2392,Child of
1461,1460,Child of
1468,3680,Child of
2042,1442,Child of
3662,3663,Child of
3714,3712,Child of
6693,1440,Child of
6706,6707,Child of
3904,3903,Child of
1395,8997,Child of
3957,1595,Child of
4005,4006,Child of
3992,5265,Child of
1020,9038,Child of
4039,6034,Child of
4096,4095,Child of
6768,6769,Child of
6786,6785,Child of
6796,6797,Child of
1821,6482,Child of
2167,6722,Child of
3466,1520,Child of
3785,3787,Child of
3822,3820,Child of
3236,3235,Child of
3766,3765,Child of
7650,1654,Child of
8251,7649,Child of
1019,9038,Child of
1742,9012,Child of
1018,5265,Child of
9037,5265,Child of
2608,9038,Child of
4010,5778,Child of
8575,2206,Child of
6740,6739,Child of
6741,6744,Child of
6745,6440,Child of
7682,1489,Child of
7996,7680,Child of
562,9259,Child of
1534,9006,Child of
1550,1549,Child of
1551,6443,Child of
1553,1552,Child of
1562,9007,Child of
3842,3843,Child of
3872,4793,Child of
3897,3899,Child of
1378,1379,Child of
1379,6656,Child of
1384,6661,Child of
1385,6662,Child of
1387,1150,Child of
1397,1398,Child of
1400,6668,Child of
2810,6670,Child of
2814,6671,Child of
2899,6662,Child of
2923,3557,Child of
8774,8641,Child of
3534,3535,Child of
6655,6653,Child of
1265,1263,Child of
2903,1254,Child of
3226,3225,Child of
3294,3247,Child of
7440,2077,Child of
7595,1930,Child of
2192,803,Child of
2987,2988,Child of
3025,3026,Child of
1099,6320,Child of
8991,8990,Child of
3092,1830,Child of
3093,3092,Child of
8657,1830,Child of
1689,6821,Child of
1690,6821,Child of
1691,6821,Child of
1692,6822,Child of
1135,6302,Child of
2619,9030,Child of
1723,1724,Child of
1736,1737,Child of
1770,1701,Child of
1778,7663,Child of
1875,1345,Child of
1437,1436,Child of
2704,1883,Child of
2044,6842,Child of
2198,6828,Child of
2703,4140,Child of
4137,4140,Child of
4163,4166,Child of
1707,1706,Child of
6834,6833,Child of
6845,1737,Child of
6383,1135,Child of
7604,1736,Child of
7663,1730,Child of
7856,6843,Child of
5233,1737,Child of
1744,9013,Child of
1748,6852,Child of
1749,6852,Child of
1595,6778,Child of
1596,1595,Child of
2224,6451,Child of
2225,6451,Child of
4253,6654,Child of
7376,2338,Child of
7662,6856,Child of
8069,1964,Child of
8836,7412,Child of
8285,9403,Child of
6430,6473,Child of
1845,6430,Child of
1057,7355,Child of
8421,1056,Child of
5296,1053,Child of
7733,1056,Child of
6283,8387,Child of
1044,1043,Child of
1793,2508,Child of
2549,7004,Child of
2566,2568,Child of
2570,9033,Child of
2578,7018,Child of
2880,2540,Child of
4808,2507,Child of
4809,4810,Child of
4851,4852,Child of
4853,4852,Child of
1743,9013,Child of
318,8968,Child of
1038,1037,Child of
8130,7416,Child of
8131,2549,Child of
8598,2165,Child of
7529,1036,Child of
8752,7609,Child of
8821,8139,Child of
9028,9027,Child of
9389,8789,Child of
2607,2606,Child of
2622,2623,Child of
2626,9110,Child of
2632,2633,Child of
2636,7056,Child of
2647,6460,Child of
2659,9111,Child of
2661,9042,Child of
2671,2672,Child of
5054,5053,Child of
5057,7273,Child of
5079,5080,Child of
5106,9419,Child of
2857,1030,Child of
1962,1708,Child of
5124,5123,Child of
150,8592,Child of
9433,5288,Child of
8864,2699,Child of
7610,2699,Child of
8027,2698,Child of
7083,7084,Child of
5245,5248,Child of
2677,7078,Child of
6337,729,Child of
737,7154,Child of
8498,740,Child of
5524,6021,Child of
5526,5525,Child of
2175,743,Child of
2146,743,Child of
6498,2175,Child of
5542,1461,Child of
5547,5548,Child of
750,9043,Child of
7953,2027,Child of
5555,5556,Child of
5561,5569,Child of
2942,8182,Child of
1275,8988,Child of
1289,6435,Child of
1297,8989,Child of
1301,6614,Child of
1302,6614,Child of
1303,1304,Child of
1306,6615,Child of
1310,6437,Child of
1311,6437,Child of
1951,1273,Child of
2073,1309,Child of
3016,3017,Child of
1241,6632,Child of
24,23,Child of
6303,6302,Child of
6328,6286,Child of
6353,1989,Child of
6368,6369,Child of
6395,6362,Child of
793,6533,Child of
832,6533,Child of
1144,1145,Child of
1148,6509,Child of
1150,6664,Child of
1155,6431,Child of
1166,6537,Child of
1179,1182,Child of
1181,1182,Child of
1185,6546,Child of
3057,3059,Child of
3057,3058,Child of
3060,3059,Child of
3082,3083,Child of
6850,6851,Child of
3086,3087,Child of
6509,6508,Child of
6517,6431,Child of
6525,6524,Child of
6537,6535,Child of
7452,1824,Child of
7455,2110,Child of
7661,1173,Child of
119,8361,Child of
1195,6549,Child of
1199,1198,Child of
6568,6567,Child of
7606,1196,Child of
8337,6712,Child of
1246,6583,Child of
1250,6585,Child of
6437,6617,Child of
25,6284,Child of
23,21,Child of
1688,1687,Child of
5934,1838,Child of
762,761,Child of
7161,6465,Child of
22,25,Child of
95,6399,Child of
1109,1110,Child of
1111,1110,Child of
1972,1110,Child of
2005,1121,Child of
729,5587,Child of
3022,3021,Child of
3029,3030,Child of
1368,1369,Child of
1031,7341,Child of
6618,6437,Child of
7597,1272,Child of
7801,6618,Child of
8008,6594,Child of
8956,1784,Child of
1332,6619,Child of
1345,9085,Child of
1349,1348,Child of
1359,6644,Child of
1364,7019,Child of
1801,1345,Child of
2109,6990,Child of
7162,6464,Child of
2181,6639,Child of
2200,2102,Child of
2771,8994,Child of
2900,6645,Child of
3447,3446,Child of
3476,3477,Child of
3479,3478,Child of
6628,6627,Child of
6634,6635,Child of
7488,1833,Child of
7491,1358,Child of
7619,1833,Child of
7764,2102,Child of
4502,4503,Child of
7427,1794,Child of
7760,1937,Child of
7771,2307,Child of
8239,1924,Child of
8278,1946,Child of
8405,7842,Child of
8464,379,Child of
9018,9103,Child of
9126,9017,Child of
9153,9178,Child of
7373,7368,Child of
6479,764,Child of
2128,767,Child of
1174,8984,Child of
978,979,Child of
7548,979,Child of
7643,978,Child of
5645,5646,Child of
2275,4368,Child of
5485,1859,Child of
8481,7592,Child of
6336,1105,Child of
6376,1789,Child of
1103,6321,Child of
3070,3068,Child of
8802,9438,Child of
9438,8233,Child of
8940,7798,Child of
1098,6318,Child of
7027,6318,Child of
6317,7027,Child of
1097,6316,Child of
1829,1096,Child of
893,9117,Child of
1094,1093,Child of
8831,7859,Child of
4589,4590,Child of
7670,2379,Child of
7577,1807,Child of
8549,1822,Child of
4617,2403,Child of
2264,4513,Child of
2265,4513,Child of
6253,6254,Child of
774,7166,Child of
782,7171,Child of
1990,2608,Child of
1964,2487,Child of
2444,2443,Child of
2445,6979,Child of
2448,2449,Child of
2454,7646,Child of
2463,2462,Child of
2471,9024,Child of
2472,9025,Child of
2484,6987,Child of
2488,6992,Child of
2489,2490,Child of
2490,6992,Child of
2498,6993,Child of
7984,1026,Child of
8874,783,Child of
3950,774,Child of
3705,3706,Child of
3949,3705,Child of
6714,6672,Child of
5636,5637,Child of
7858,7487,Child of
4691,4690,Child of
4717,4716,Child of
4727,4725,Child of
4783,4782,Child of
5606,6745,Child of
1077,1076,Child of
7627,1067,Child of
7784,2115,Child of
1065,7358,Child of
7954,7665,Child of
6219,4310,Child of
1060,6474,Child of
7746,1062,Child of
7477,1571,Child of
9006,9005,Child of
1563,9092,Child of
3987,3903,Child of
1622,1624,Child of
1625,6793,Child of
1628,6794,Child of
1362,2771,Child of
1631,6799,Child of
6766,6767,Child of
476,9210,Child of
484,9254,Child of
5285,5284,Child of
276,8782,Child of
1586,1587,Child of
1588,1587,Child of
1590,1589,Child of
1591,6771,Child of
1598,6448,Child of
1660,1659,Child of
1666,6814,Child of
1647,6449,Child of
7399,1688,Child of
1706,4648,Child of
1718,1719,Child of
5130,5131,Child of
9110,9041,Child of
9381,8569,Child of
6171,6172,Child of
6167,6166,Child of
5219,7453,Child of
9295,9294,Child of
1015,6163,Child of
6694,2997,Child of
1857,1186,Child of
3530,4716,Child of
3528,4716,Child of
1806,7321,Child of
7607,1806,Child of
990,7322,Child of
991,990,Child of
4763,1454,Child of
5476,1454,Child of
5207,6123,Child of
8718,8096,Child of
1696,6824,Child of
8298,7326,Child of
6089,6088,Child of
976,6470,Child of
977,6470,Child of
7302,7303,Child of
6063,6064,Child of
2306,6623,Child of
5678,5676,Child of
5677,5676,Child of
1750,6853,Child of
7311,7314,Child of
2410,5228,Child of
952,7285,Child of
2776,7286,Child of
6011,6012,Child of
6015,6016,Child of
959,6030,Child of
6049,6048,Child of
2775,5423,Child of
965,7299,Child of
928,4476,Child of
7264,4476,Child of
930,798,Child of
654,8450,Child of
1766,6865,Child of
1826,2225,Child of
1867,6862,Child of
661,8160,Child of
7688,936,Child of
2136,936,Child of
5961,5962,Child of
5968,5967,Child of
310,8776,Child of
8744,8039,Child of
7553,939,Child of
9008,7279,Child of
6973,7279,Child of
8021,7611,Child of
6907,6906,Child of
8398,7755,Child of
1346,9085,Child of
2235,9085,Child of
1226,2322,Child of
1836,2309,Child of
2153,2275,Child of
1859,6548,Child of
2294,2293,Child of
2321,2322,Child of
2332,6925,Child of
2343,6928,Child of
4376,4377,Child of
4389,4388,Child of
4452,4453,Child of
4458,4459,Child of
4460,4458,Child of
4465,7925,Child of
4475,4476,Child of
4489,4488,Child of
6894,6893,Child of
6909,2309,Child of
2366,6457,Child of
2368,2369,Child of
2371,4532,Child of
2374,7106,Child of
2403,4613,Child of
2404,4613,Child of
2406,6966,Child of
2417,6968,Child of
2977,8400,Child of
4512,4513,Child of
4539,4538,Child of
4598,4597,Child of
4635,4636,Child of
7486,2377,Child of
7600,2360,Child of
7370,7369,Child of
7851,8050,Child of
1081,2723,Child of
6380,1081,Child of
974,6977,Child of
6465,6464,Child of
764,6465,Child of
1795,2498,Child of
5086,5087,Child of
2352,6933,Child of
8265,791,Child of
5632,5631,Child of
792,6321,Child of
806,7177,Child of
8085,8360,Child of
818,817,Child of
7504,817,Child of
2259,8995,Child of
1039,1037,Child of
7616,2740,Child of
7882,2754,Child of
2071,877,Child of
1877,898,Child of
7862,1877,Child of
898,9049,Child of
8786,1877,Child of
8838,7862,Child of
7718,2914,Child of
844,842,Child of
7206,7205,Child of
852,7206,Child of
5741,5742,Child of
859,7207,Child of
1863,859,Child of
862,7208,Child of
1995,6971,Child of
2183,6990,Child of
4731,4732,Child of
4765,4766,Child of
867,6467,Child of
1823,867,Child of
7212,7217,Child of
7213,7215,Child of
887,7231,Child of
2753,4761,Child of
7885,6639,Child of
8199,9003,Child of
9086,8993,Child of
8363,1371,Child of
3551,2922,Child of
2569,6637,Child of
1073,6659,Child of
6660,6659,Child of
4789,4788,Child of
4791,4790,Child of
4792,4793,Child of
6090,1496,Child of
6990,6991,Child of
4693,9033,Child of
7603,2504,Child of
7694,1796,Child of
7696,2471,Child of
7779,1932,Child of
7981,2498,Child of
7827,2008,Child of
1413,6685,Child of
1414,6685,Child of
1952,1433,Child of
7493,6681,Child of
3599,7455,Child of
1464,6707,Child of
2018,1445,Child of
6712,6711,Child of
1509,6730,Child of
6720,1491,Child of
8757,2206,Child of
3898,3899,Child of
1386,6662,Child of
1258,6586,Child of
3265,3266,Child of
7442,1263,Child of
1272,6589,Child of
1290,6605,Child of
1309,6617,Child of
1784,1455,Child of
21,25,Child of
1164,6532,Child of
6534,793,Child of
6547,6546,Child of
1196,6549,Child of
3202,3201,Child of
6559,1211,Child of
8142,7606,Child of
8621,8177,Child of
1255,1254,Child of
63,119,Child of
36,34,Child of
7695,1344,Child of
1592,6773,Child of
1635,6801,Child of
8425,7794,Child of
1900,6812,Child of
1752,6856,Child of
7999,1746,Child of
26,6907,Child of
7990,1256,Child of
4172,9304,Child of
4495,7859,Child of
8361,2906,Child of
6218,2893,Child of
9279,9053,Child of
358,9279,Child of
1942,2247,Child of
2046,6882,Child of
2229,6877,Child of
2239,6612,Child of
2250,6883,Child of
2256,6885,Child of
2257,6885,Child of
2258,6455,Child of
2260,6456,Child of
4310,4311,Child of
4311,4313,Child of
4333,4334,Child of
6881,6452,Child of
7382,2249,Child of
7384,2247,Child of
7652,2238,Child of
8295,2241,Child of
8359,7755,Child of
2893,4310,Child of
6258,6256,Child of
387,9220,Child of
5919,5918,Child of
7487,1341,Child of
1738,6846,Child of
8206,1873,Child of
2990,2989,Child of
2289,2290,Child of
2348,6930,Child of
4464,7925,Child of
7024,2311,Child of
7385,6548,Child of
6271,6319,Child of
9235,7682,Child of
1022,7335,Child of
2390,6958,Child of
4519,4517,Child of
4531,4533,Child of
7594,2264,Child of
7371,7368,Child of
1932,7646,Child of
2427,9008,Child of
2497,6993,Child of
7413,2426,Child of
2572,2571,Child of
4866,4867,Child of
4868,4872,Child of
4904,4903,Child of
4905,4903,Child of
4913,4912,Child of
4914,4912,Child of
4938,4937,Child of
7000,7001,Child of
7022,7023,Child of
7578,2560,Child of
7589,2565,Child of
8208,2911,Child of
9032,9031,Child of
9031,9030,Child of
1976,7028,Child of
1991,2633,Child of
2054,2640,Child of
2100,7057,Child of
7337,1027,Child of
2601,2600,Child of
2602,7036,Child of
5134,5135,Child of
5201,5202,Child of
5213,7968,Child of
5220,5219,Child of
5227,5228,Child of
7030,7031,Child of
7033,7034,Child of
7035,7034,Child of
7036,7034,Child of
7072,7071,Child of
7571,2877,Child of
7601,7054,Child of
7620,2607,Child of
8060,2662,Child of
8156,8339,Child of
8323,2639,Child of
8339,2662,Child of
8423,8702,Child of
8803,8702,Child of
9038,5265,Child of
7329,1000,Child of
992,6472,Child of
8718,6347,Child of
2191,7327,Child of
2858,7328,Child of
8066,7328,Child of
7530,999,Child of
7917,7024,Child of
7799,961,Child of
8648,7911,Child of
7089,7090,Child of
2249,6740,Child of
6528,6529,Child of
7086,7088,Child of
2706,3168,Child of
8625,1999,Child of
1999,2705,Child of
8809,8864,Child of
2697,7084,Child of
5247,5248,Child of
2684,7082,Child of
2683,7082,Child of
5242,5248,Child of
5244,5248,Child of
7648,1947,Child of
5638,2844,Child of
8016,2866,Child of
5683,5684,Child of
9397,1067,Child of
894,9027,Child of
7630,2568,Child of
7651,2540,Child of
7215,7214,Child of
9552,4460,Child of
9738,5344,Child of
1928,7045,Child of
1943,7273,Child of
1014,7334,Child of
7638,1014,Child of
2061,7334,Child of
5129,1441,Child of
3060,3058,Child of
3056,3054,Child of
3055,3058,Child of
3055,3059,Child of
8318,7331,Child of
1714,2568,Child of
1304,4573,Child of
18,19,Child of
1371,3236,Child of
2022,1559,Child of
6121,6120,Child of
6117,6116,Child of
7845,7510,Child of
5747,5748,Child of
5746,5748,Child of
2853,7313,Child of
2854,7313,Child of
2855,7314,Child of
5984,5983,Child of
8531,7880,Child of
8949,8335,Child of
8335,7614,Child of
7614,4137,Child of
7613,4137,Child of
1554,6444,Child of
821,9115,Child of
809,7184,Child of
7867,1801,Child of
3014,7180,Child of
7869,2620,Child of
3313,6442,Child of
1545,6442,Child of
1543,6442,Child of
5691,7191,Child of
2541,2540,Child of
5117,7024,Child of
834,833,Child of
2866,834,Child of
8073,834,Child of
837,7195,Child of
1475,4119,Child of
896,9049,Child of
2754,4761,Child of
2080,1818,Child of
2057,7520,Child of
7379,1768,Child of
4533,4532,Child of
9747,324,Child of
9761,6426,Child of
9809,138,Child of
9852,8481,Child of
9871,8800,Child of
9924,543,Child of
9986,2933,Child of
10134,599,Child of
10146,601,Child of
10248,4966,Child of
10204,5020,Child of
10226,363,Child of
10234,9352,Child of
1469,10357,Child of
10342,1804,Child of
370,8504,Child of
10586,3324,Child of
10469,173,Child of
10590,10088,Child of
2056,2720,Child of
5962,5961,Parent of
6612,2239,Parent of
6662,1385,Parent of
6662,2899,Parent of
6668,1400,Parent of
6670,2810,Parent of
6671,2814,Parent of
2623,2622,Parent of
8995,8996,Parent of
8997,1395,Parent of
1409,7494,Parent of
1424,1425,Parent of
1433,1952,Parent of
1856,8841,Parent of
1873,8206,Parent of
2839,2838,Parent of
2840,1403,Parent of
3649,3650,Parent of
6438,1414,Parent of
6681,7493,Parent of
6686,6687,Parent of
7679,7497,Parent of
9003,1873,Parent of
7455,3599,Parent of
6618,7801,Parent of
6618,8151,Parent of
1309,2073,Parent of
6437,1311,Parent of
6437,6618,Parent of
6617,6437,Parent of
7617,7468,Parent of
8304,8932,Parent of
6284,25,Parent of
8363,8174,Parent of
8174,8979,Parent of
1489,7682,Parent of
1491,6720,Parent of
1507,1506,Parent of
6698,7617,Parent of
6723,1495,Parent of
7680,7996,Parent of
3201,3202,Parent of
6434,1227,Parent of
6549,1195,Parent of
6551,6552,Parent of
1439,7897,Parent of
1687,1688,Parent of
1687,2118,Parent of
1688,7399,Parent of
2224,1668,Parent of
2224,1667,Parent of
2392,3929,Parent of
1222,7441,Parent of
1445,2018,Parent of
1457,9090,Parent of
1460,1461,Parent of
2018,8304,Parent of
3663,3662,Parent of
3680,1468,Parent of
3712,3714,Parent of
6693,1439,Parent of
6707,6706,Parent of
6707,1464,Parent of
6711,1480,Parent of
6711,6712,Parent of
1379,1378,Parent of
4006,4005,Parent of
4095,4096,Parent of
6449,1647,Parent of
7794,8425,Parent of
6767,6766,Parent of
6769,6768,Parent of
6771,1591,Parent of
6773,1592,Parent of
6778,1595,Parent of
6780,2089,Parent of
6793,1625,Parent of
6794,1628,Parent of
6799,1631,Parent of
7406,1866,Parent of
3787,3786,Parent of
3787,3785,Parent of
3820,3822,Parent of
6440,1526,Parent of
6482,1821,Parent of
3765,3766,Parent of
6482,1494,Parent of
6722,2167,Parent of
8782,276,Parent of
9294,9295,Parent of
2771,1362,Parent of
9038,2608,Parent of
9038,1020,Parent of
5265,3992,Parent of
5265,1018,Parent of
6735,1518,Parent of
6739,6740,Parent of
6740,2249,Parent of
9259,562,Parent of
3416,9092,Parent of
1546,1547,Parent of
1549,1550,Parent of
3864,3865,Parent of
3903,3904,Parent of
6442,1543,Parent of
6442,1545,Parent of
6443,1551,Parent of
1369,1368,Parent of
1398,1397,Parent of
2008,7827,Parent of
2135,7747,Parent of
222,223,Parent of
5778,4010,Parent of
3899,3898,Parent of
3535,3534,Parent of
6653,6655,Parent of
2077,7440,Parent of
3235,3236,Parent of
3266,3265,Parent of
6583,1246,Parent of
6585,1250,Parent of
6586,1258,Parent of
6614,1301,Parent of
8641,8774,Parent of
1830,3092,Parent of
1830,8657,Parent of
1701,1770,Parent of
1724,1723,Parent of
1730,7663,Parent of
1736,7604,Parent of
1737,1736,Parent of
4458,4460,Parent of
1348,1349,Parent of
3478,3479,Parent of
7019,1364,Parent of
4140,2703,Parent of
4166,4163,Parent of
4648,1706,Parent of
6821,1690,Parent of
6821,1691,Parent of
6822,1692,Parent of
6828,2198,Parent of
1706,1707,Parent of
6833,6834,Parent of
6841,6842,Parent of
6843,7856,Parent of
7663,1778,Parent of
8968,318,Parent of
1746,7999,Parent of
9005,9006,Parent of
1595,1596,Parent of
1595,3957,Parent of
2225,1826,Parent of
2338,7376,Parent of
6451,2224,Parent of
6654,4253,Parent of
6851,6850,Parent of
6851,1745,Parent of
6852,1749,Parent of
6852,1748,Parent of
6853,1750,Parent of
6856,1752,Parent of
6856,7662,Parent of
6862,1867,Parent of
3843,3842,Parent of
7611,8021,Parent of
9024,2471,Parent of
9111,2659,Parent of
9403,8285,Parent of
6473,6430,Parent of
7355,1057,Parent of
1056,8421,Parent of
1056,7733,Parent of
1053,5296,Parent of
8387,6283,Parent of
1043,1044,Parent of
2508,1793,Parent of
2513,2514,Parent of
2540,2541,Parent of
2540,2880,Parent of
2549,8131,Parent of
2560,7578,Parent of
2565,7589,Parent of
2568,2566,Parent of
2568,7630,Parent of
2580,7829,Parent of
2911,8208,Parent of
4810,4809,Parent of
4852,4853,Parent of
4852,4851,Parent of
1272,7597,Parent of
7406,2062,Parent of
9038,1019,Parent of
3092,3093,Parent of
8139,8821,Parent of
1037,1039,Parent of
1037,1038,Parent of
1036,7529,Parent of
8789,9389,Parent of
9027,9028,Parent of
9031,9032,Parent of
9033,2570,Parent of
9030,9031,Parent of
2633,2632,Parent of
2633,1991,Parent of
2639,8323,Parent of
2640,2054,Parent of
2662,8060,Parent of
2672,2671,Parent of
2877,7571,Parent of
5039,5038,Parent of
5053,5054,Parent of
5080,5079,Parent of
5087,5086,Parent of
5123,5124,Parent of
6846,1738,Parent of
4648,4647,Parent of
7273,5057,Parent of
5288,9433,Parent of
8864,8809,Parent of
2699,8864,Parent of
2698,8027,Parent of
21,23,Parent of
5248,5245,Parent of
5248,5247,Parent of
5248,5244,Parent of
5248,5242,Parent of
7078,2677,Parent of
1273,1951,Parent of
6451,2225,Parent of
5587,729,Parent of
7154,737,Parent of
740,8498,Parent of
6021,5524,Parent of
5525,5526,Parent of
6602,1547,Parent of
2175,6498,Parent of
743,2175,Parent of
743,2146,Parent of
1461,5542,Parent of
5548,5547,Parent of
9043,750,Parent of
2027,7953,Parent of
5556,5555,Parent of
5569,5561,Parent of
8182,2942,Parent of
1304,1303,Parent of
6362,6395,Parent of
1173,7661,Parent of
1182,1179,Parent of
1182,1181,Parent of
3059,3060,Parent of
6865,1766,Parent of
6431,1155,Parent of
6508,6509,Parent of
6532,1164,Parent of
6533,793,Parent of
6546,6547,Parent of
1198,1199,Parent of
6567,6568,Parent of
1254,2903,Parent of
1254,1255,Parent of
6435,1289,Parent of
6589,1272,Parent of
6594,8008,Parent of
34,36,Parent of
8361,119,Parent of
1838,5934,Parent of
3030,3029,Parent of
6808,1650,Parent of
761,762,Parent of
25,22,Parent of
729,6337,Parent of
803,2192,Parent of
1110,1111,Parent of
1121,2005,Parent of
1989,6353,Parent of
2988,2987,Parent of
3021,3022,Parent of
3026,3025,Parent of
1196,2081,Parent of
6286,6328,Parent of
6614,1302,Parent of
6615,1306,Parent of
8988,1275,Parent of
8989,1297,Parent of
8990,8991,Parent of
1833,7488,Parent of
2102,2200,Parent of
2102,7764,Parent of
1436,1437,Parent of
1344,7695,Parent of
3446,3447,Parent of
6619,1332,Parent of
6627,6628,Parent of
6632,1241,Parent of
6639,2181,Parent of
6639,8199,Parent of
6639,7885,Parent of
6644,1359,Parent of
6645,2900,Parent of
6602,1542,Parent of
1611,1610,Parent of
4503,4502,Parent of
6925,2332,Parent of
7752,8464,Parent of
7925,4464,Parent of
7925,4465,Parent of
9017,9153,Parent of
9103,9018,Parent of
9178,9153,Parent of
767,2128,Parent of
2620,7869,Parent of
979,978,Parent of
979,7548,Parent of
5646,5645,Parent of
2474,1830,Parent of
6548,1859,Parent of
6548,7385,Parent of
1789,6376,Parent of
6321,1103,Parent of
6321,792,Parent of
4532,4533,Parent of
2338,7377,Parent of
8233,9438,Parent of
6318,1098,Parent of
6318,7027,Parent of
6316,1097,Parent of
6399,95,Parent of
1096,1829,Parent of
9117,893,Parent of
7335,1022,Parent of
1093,1094,Parent of
1822,8549,Parent of
7798,8940,Parent of
4636,4635,Parent of
8400,2977,Parent of
1807,7577,Parent of
2264,7594,Parent of
6254,6253,Parent of
6302,1135,Parent of
7166,774,Parent of
7368,7371,Parent of
2443,2444,Parent of
2447,2449,Parent of
2462,2463,Parent of
2471,7696,Parent of
2487,1964,Parent of
2490,2489,Parent of
2504,7603,Parent of
783,8874,Parent of
774,3950,Parent of
3706,3705,Parent of
1964,8069,Parent of
2844,5638,Parent of
4690,4691,Parent of
4716,4717,Parent of
4725,4727,Parent of
6992,2488,Parent of
5637,5636,Parent of
7177,806,Parent of
2608,1990,Parent of
1067,7627,Parent of
2115,7784,Parent of
7358,1065,Parent of
7665,7954,Parent of
6474,1060,Parent of
1062,7746,Parent of
7359,1530,Parent of
9006,1534,Parent of
9007,1562,Parent of
3903,3987,Parent of
1624,1622,Parent of
1587,1588,Parent of
3017,3016,Parent of
6765,1580,Parent of
1587,1586,Parent of
1654,7650,Parent of
1659,1660,Parent of
6812,1900,Parent of
6814,1666,Parent of
1708,1962,Parent of
1719,1718,Parent of
1030,2857,Parent of
9042,2661,Parent of
9110,2626,Parent of
9419,5106,Parent of
9421,5157,Parent of
6172,6171,Parent of
9030,2619,Parent of
6166,6167,Parent of
5219,5220,Parent of
7453,5219,Parent of
6163,1015,Parent of
1000,7329,Parent of
7273,1943,Parent of
6120,6121,Parent of
5748,5747,Parent of
1589,1590,Parent of
1589,1868,Parent of
7755,8359,Parent of
1186,1857,Parent of
4716,3530,Parent of
7321,1806,Parent of
1806,7607,Parent of
990,991,Parent of
7322,990,Parent of
6472,992,Parent of
1454,4763,Parent of
1454,5476,Parent of
7106,2374,Parent of
8096,8718,Parent of
6347,8718,Parent of
4140,4137,Parent of
6088,6089,Parent of
6470,976,Parent of
6470,977,Parent of
978,7643,Parent of
7303,7302,Parent of
3899,3897,Parent of
6064,6063,Parent of
6712,8337,Parent of
6712,1974,Parent of
6623,2306,Parent of
5676,5677,Parent of
5676,5678,Parent of
7285,952,Parent of
7286,2776,Parent of
6016,6015,Parent of
6030,959,Parent of
6048,6049,Parent of
5423,2775,Parent of
6034,4039,Parent of
7299,965,Parent of
4476,928,Parent of
4476,7264,Parent of
798,930,Parent of
8450,654,Parent of
5699,1341,Parent of
1768,7379,Parent of
8160,661,Parent of
936,7688,Parent of
936,2136,Parent of
5967,5968,Parent of
8776,310,Parent of
2507,4808,Parent of
939,7553,Parent of
7279,6973,Parent of
7279,9008,Parent of
6537,1166,Parent of
6535,6537,Parent of
1345,1875,Parent of
1794,7427,Parent of
1859,5485,Parent of
1924,8239,Parent of
1946,8278,Parent of
2290,7685,Parent of
2293,2294,Parent of
2307,7771,Parent of
2311,7024,Parent of
2322,2321,Parent of
2322,1226,Parent of
4368,2275,Parent of
4388,4389,Parent of
4453,4452,Parent of
4476,4475,Parent of
4488,4489,Parent of
6893,6894,Parent of
6928,2343,Parent of
6930,2348,Parent of
6933,2352,Parent of
2360,7600,Parent of
2369,2023,Parent of
2379,7670,Parent of
4513,4512,Parent of
4517,4519,Parent of
4532,2371,Parent of
4538,4539,Parent of
4584,4583,Parent of
4590,4589,Parent of
4597,4598,Parent of
4613,2403,Parent of
6457,2366,Parent of
6949,2377,Parent of
6966,2406,Parent of
6968,2417,Parent of
7368,7373,Parent of
7369,7370,Parent of
8050,7851,Parent of
1081,6380,Parent of
1496,6090,Parent of
6464,6465,Parent of
6464,7162,Parent of
6465,7161,Parent of
6465,764,Parent of
764,6479,Parent of
9438,8802,Parent of
7171,782,Parent of
3705,3949,Parent of
6672,6714,Parent of
791,8265,Parent of
8360,8085,Parent of
817,818,Parent of
7592,8481,Parent of
5670,5669,Parent of
4761,2753,Parent of
2754,7518,Parent of
2740,7616,Parent of
877,2071,Parent of
1877,8786,Parent of
898,1877,Parent of
898,7935,Parent of
7862,8838,Parent of
842,844,Parent of
7205,7206,Parent of
7206,852,Parent of
5742,5741,Parent of
859,1863,Parent of
7208,862,Parent of
2206,8575,Parent of
2206,8757,Parent of
2426,7413,Parent of
6467,867,Parent of
867,1823,Parent of
7214,7215,Parent of
7231,887,Parent of
8993,9086,Parent of
8994,2771,Parent of
2922,3551,Parent of
6637,2569,Parent of
1150,1387,Parent of
6659,6660,Parent of
6661,1384,Parent of
4782,4783,Parent of
4788,4789,Parent of
4793,4792,Parent of
6971,1995,Parent of
6977,974,Parent of
6979,2445,Parent of
6990,2183,Parent of
6991,6990,Parent of
6992,2490,Parent of
6993,2498,Parent of
6993,2497,Parent of
7412,8836,Parent of
7646,2454,Parent of
6662,1386,Parent of
1408,8345,Parent of
2930,223,Parent of
6677,2831,Parent of
8852,9311,Parent of
9002,2835,Parent of
6437,1310,Parent of
6439,1522,Parent of
1552,1553,Parent of
1263,7442,Parent of
3225,3226,Parent of
3247,3294,Parent of
1785,8075,Parent of
6302,6303,Parent of
6369,6368,Parent of
1145,1144,Parent of
2110,7455,Parent of
3059,3057,Parent of
6512,6511,Parent of
3129,3128,Parent of
3210,3212,Parent of
6605,1290,Parent of
119,63,Parent of
23,24,Parent of
1110,1109,Parent of
1833,7619,Parent of
3477,3476,Parent of
6635,1339,Parent of
6762,1573,Parent of
9092,1563,Parent of
5284,5285,Parent of
1679,1680,Parent of
4006,4007,Parent of
6448,1598,Parent of
6801,1635,Parent of
7649,8251,Parent of
1737,6845,Parent of
6821,1689,Parent of
1135,6383,Parent of
1737,5233,Parent of
9012,1742,Parent of
9013,6850,Parent of
9013,1743,Parent of
6906,6907,Parent of
6907,26,Parent of
1256,7990,Parent of
9304,4172,Parent of
7859,4495,Parent of
2906,8361,Parent of
2893,6218,Parent of
9053,9279,Parent of
9279,358,Parent of
6659,1073,Parent of
2238,7652,Parent of
2247,1942,Parent of
2247,7384,Parent of
2249,7382,Parent of
4311,4310,Parent of
4334,4333,Parent of
6455,2258,Parent of
6456,2260,Parent of
6877,2229,Parent of
6882,2046,Parent of
6883,2250,Parent of
6885,2257,Parent of
6885,2256,Parent of
7755,8398,Parent of
6256,6258,Parent of
4313,4311,Parent of
9220,387,Parent of
5918,5919,Parent of
6546,1185,Parent of
4867,4866,Parent of
7487,7858,Parent of
3058,3057,Parent of
8206,8852,Parent of
6533,832,Parent of
793,6534,Parent of
9085,1346,Parent of
9085,1345,Parent of
2309,1836,Parent of
8984,1174,Parent of
2723,1081,Parent of
2449,2448,Parent of
4732,4731,Parent of
4790,4791,Parent of
9008,2427,Parent of
6430,1845,Parent of
2571,2572,Parent of
4872,4868,Parent of
4903,4904,Parent of
4903,4905,Parent of
4912,4913,Parent of
4912,4914,Parent of
7001,7000,Parent of
7004,2549,Parent of
7018,2578,Parent of
7023,7022,Parent of
7416,8130,Parent of
9210,476,Parent of
9254,484,Parent of
1026,7984,Parent of
2600,2601,Parent of
2602,7035,Parent of
2607,7620,Parent of
5131,5130,Parent of
5135,5134,Parent of
5202,5201,Parent of
5228,5227,Parent of
1027,7337,Parent of
5265,9038,Parent of
5265,9037,Parent of
6460,2647,Parent of
7028,1976,Parent of
7031,7030,Parent of
7034,7036,Parent of
7036,2602,Parent of
7045,1928,Parent of
7054,7601,Parent of
7057,2100,Parent of
7968,5213,Parent of
8339,8156,Parent of
8569,9381,Parent of
8702,8423,Parent of
8702,8803,Parent of
9041,9110,Parent of
2997,6694,Parent of
7331,8318,Parent of
7326,8298,Parent of
9025,2472,Parent of
7327,2191,Parent of
7328,2858,Parent of
7328,8066,Parent of
999,7530,Parent of
7024,5117,Parent of
7024,7917,Parent of
6012,6011,Parent of
7911,8648,Parent of
7090,7089,Parent of
6529,6528,Parent of
7088,7086,Parent of
3168,2706,Parent of
1999,8625,Parent of
2705,1999,Parent of
8335,8949,Parent of
5040,2043,Parent of
2699,7610,Parent of
4937,4938,Parent of
7084,7083,Parent of
7084,2697,Parent of
7082,2683,Parent of
7082,2684,Parent of
7071,7072,Parent of
1947,7648,Parent of
5631,5632,Parent of
5684,5683,Parent of
1877,7862,Parent of
2914,7718,Parent of
1076,1077,Parent of
1067,9397,Parent of
7215,7213,Parent of
4459,4458,Parent of
4533,4531,Parent of
324,9747,Parent of
8481,9852,Parent of
599,10134,Parent of
4766,4765,Parent of
9027,894,Parent of
7341,7343,Parent of
7341,1031,Parent of
7334,1014,Parent of
7334,2061,Parent of
1014,7638,Parent of
1441,5129,Parent of
1013,7333,Parent of
3059,3055,Parent of
3058,3055,Parent of
3058,3060,Parent of
3054,3056,Parent of
2568,1714,Parent of
4573,1304,Parent of
19,18,Parent of
3236,1371,Parent of
1371,8363,Parent of
8592,150,Parent of
6116,6117,Parent of
7510,7845,Parent of
5748,5746,Parent of
5355,1507,Parent of
7313,2854,Parent of
7313,2853,Parent of
7314,7311,Parent of
7314,2855,Parent of
6685,1413,Parent of
6785,6786,Parent of
4793,3872,Parent of
948,949,Parent of
5228,2410,Parent of
7880,8531,Parent of
7614,8335,Parent of
4137,7614,Parent of
4137,7613,Parent of
5040,1555,Parent of
6444,1554,Parent of
7184,809,Parent of
9115,821,Parent of
6440,6745,Parent of
7180,3014,Parent of
817,7504,Parent of
6442,3313,Parent of
3313,1542,Parent of
8995,2259,Parent of
1559,2022,Parent of
833,834,Parent of
834,2866,Parent of
834,8073,Parent of
2866,8016,Parent of
7027,6317,Parent of
7195,837,Parent of
4119,1475,Parent of
9049,1938,Parent of
1341,7487,Parent of
4761,2754,Parent of
7207,859,Parent of
4460,9552,Parent of
5344,9738,Parent of
6426,9761,Parent of
138,9809,Parent of
8800,9871,Parent of
543,9924,Parent of
2933,9986,Parent of
601,10146,Parent of
4966,10248,Parent of
5020,10204,Parent of
363,10226,Parent of
9352,10234,Parent of
10357,1469,Parent of
1804,10342,Parent of
10366,6231,Parent of
8504,370,Parent of
3324,10586,Parent of
173,10469,Parent of
10088,10590,Parent of
2720,2056,Parent of
2909,1629,Nibling of
1120,6295,Nibling of
6665,2922,Nibling of
6667,6666,Nibling of
6295,6294,Nibling of
8996,6659,Nibling of
8997,6666,Nibling of
2817,6672,Nibling of
9000,9001,Nibling of
8151,1310,Nibling of
7801,1310,Nibling of
7801,1311,Nibling of
6618,1309,Nibling of
1310,1309,Nibling of
2073,6437,Nibling of
1496,1495,Nibling of
7468,7617,Nibling of
1786,1498,Nibling of
6556,6557,Nibling of
6566,6560,Nibling of
1439,6693,Nibling of
1688,6820,Nibling of
3662,3664,Nibling of
6694,6695,Nibling of
1020,9037,Nibling of
1020,3992,Nibling of
1020,1018,Nibling of
6446,6447,Nibling of
7399,2118,Nibling of
1523,1524,Nibling of
3766,3767,Nibling of
7649,2891,Nibling of
1019,9037,Nibling of
1019,1018,Nibling of
1742,6849,Nibling of
1743,6851,Nibling of
2608,1018,Nibling of
3853,3852,Nibling of
3904,3985,Nibling of
3528,3527,Nibling of
3528,3529,Nibling of
3530,3527,Nibling of
3530,3529,Nibling of
2768,3273,Nibling of
3302,3300,Nibling of
3093,8657,Nibling of
1731,7147,Nibling of
1971,6823,Nibling of
1096,6313,Nibling of
1744,6851,Nibling of
1902,1761,Nibling of
1031,7342,Nibling of
4212,6450,Nibling of
7662,742,Nibling of
1044,1045,Nibling of
6189,4304,Nibling of
2559,7007,Nibling of
2566,2567,Nibling of
4809,2507,Nibling of
2608,3992,Nibling of
1349,2458,Nibling of
1348,6557,Nibling of
4089,6452,Nibling of
2647,7058,Nibling of
2659,9404,Nibling of
1696,1695,Nibling of
8864,2912,Nibling of
8809,7610,Nibling of
7610,2912,Nibling of
1689,6841,Nibling of
1691,6841,Nibling of
1690,6841,Nibling of
2679,7080,Nibling of
2218,6871,Nibling of
7191,7193,Nibling of
1445,7193,Nibling of
7070,1739,Nibling of
1542,1543,Nibling of
1542,1545,Nibling of
1787,1544,Nibling of
1787,4743,Nibling of
1547,4743,Nibling of
1547,1544,Nibling of
6498,2146,Nibling of
1951,1647,Nibling of
5566,5564,Nibling of
1284,1285,Nibling of
1288,1287,Nibling of
1288,1286,Nibling of
1289,6604,Nibling of
1311,1309,Nibling of
1167,6533,Nibling of
2186,9003,Nibling of
5563,5564,Nibling of
5565,5564,Nibling of
7161,7162,Nibling of
1123,1665,Nibling of
1125,1665,Nibling of
2988,2989,Nibling of
3011,3012,Nibling of
9092,3415,Nibling of
1345,1347,Nibling of
1346,1347,Nibling of
3987,3986,Nibling of
2268,6314,Nibling of
9020,9103,Nibling of
764,7162,Nibling of
6479,2572,Nibling of
6479,7161,Nibling of
1174,6542,Nibling of
7643,7548,Nibling of
2474,2473,Nibling of
7024,6915,Nibling of
7024,5118,Nibling of
5485,7385,Nibling of
1738,4438,Nibling of
1752,742,Nibling of
1100,840,Nibling of
1103,6322,Nibling of
6403,6412,Nibling of
6905,16,Nibling of
1098,6316,Nibling of
7027,6316,Nibling of
6317,1098,Nibling of
1097,6318,Nibling of
1095,6313,Nibling of
1096,6312,Nibling of
1095,6312,Nibling of
9117,2311,Nibling of
893,2464,Nibling of
8940,7917,Nibling of
4512,6676,Nibling of
6261,6263,Nibling of
6261,6262,Nibling of
6253,7229,Nibling of
3814,3300,Nibling of
2489,2488,Nibling of
2496,2495,Nibling of
3705,785,Nibling of
3949,784,Nibling of
787,7175,Nibling of
792,9025,Nibling of
792,6322,Nibling of
1990,1020,Nibling of
4655,4656,Nibling of
4655,4654,Nibling of
4695,4696,Nibling of
4695,4699,Nibling of
4695,4700,Nibling of
3904,3986,Nibling of
3987,3985,Nibling of
1626,1627,Nibling of
6176,6178,Nibling of
1031,7344,Nibling of
9110,9040,Nibling of
9032,2619,Nibling of
1965,1298,Nibling of
7638,2061,Nibling of
3056,3058,Nibling of
1590,1210,Nibling of
1868,1210,Nibling of
3032,1857,Nibling of
1186,3034,Nibling of
4717,3527,Nibling of
4717,3529,Nibling of
6131,30,Nibling of
3016,4168,Nibling of
3861,993,Nibling of
8560,993,Nibling of
6073,7091,Nibling of
6073,7094,Nibling of
6073,7095,Nibling of
6073,7096,Nibling of
15,16,Nibling of
1974,1480,Nibling of
8337,1480,Nibling of
2768,3274,Nibling of
1624,2768,Nibling of
1624,9012,Nibling of
2306,5677,Nibling of
2306,5678,Nibling of
2854,7314,Nibling of
2855,7313,Nibling of
1026,943,Nibling of
1762,1761,Nibling of
1764,1761,Nibling of
1765,1761,Nibling of
6021,1,Nibling of
2903,6033,Nibling of
1255,6033,Nibling of
4039,4040,Nibling of
6057,6058,Nibling of
927,6263,Nibling of
927,6262,Nibling of
930,794,Nibling of
798,7180,Nibling of
794,7180,Nibling of
7181,7180,Nibling of
1768,1761,Nibling of
1826,2224,Nibling of
5961,5963,Nibling of
2499,2854,Nibling of
2499,2853,Nibling of
4808,4810,Nibling of
8021,7808,Nibling of
8021,8154,Nibling of
2275,2278,Nibling of
2304,6906,Nibling of
2382,6954,Nibling of
2390,6959,Nibling of
4613,2404,Nibling of
6953,6954,Nibling of
1703,4696,Nibling of
1703,4699,Nibling of
1704,4699,Nibling of
1704,4700,Nibling of
1704,4696,Nibling of
6090,1859,Nibling of
8940,5117,Nibling of
6296,6295,Nibling of
794,7177,Nibling of
794,8538,Nibling of
798,8538,Nibling of
798,7177,Nibling of
7181,7177,Nibling of
7181,8538,Nibling of
806,7180,Nibling of
806,8538,Nibling of
7601,2634,Nibling of
795,6466,Nibling of
805,6466,Nibling of
1988,9003,Nibling of
824,7020,Nibling of
824,7026,Nibling of
6555,6557,Nibling of
3262,3095,Nibling of
3262,786,Nibling of
896,6199,Nibling of
2080,2736,Nibling of
7882,2753,Nibling of
7862,7935,Nibling of
1877,4467,Nibling of
8786,7935,Nibling of
8838,8786,Nibling of
845,7202,Nibling of
2015,1743,Nibling of
847,7203,Nibling of
2427,6973,Nibling of
2118,6820,Nibling of
2118,6819,Nibling of
1823,2742,Nibling of
518,8382,Nibling of
7212,6465,Nibling of
884,1440,Nibling of
1015,3771,Nibling of
2752,7119,Nibling of
2753,7120,Nibling of
9085,6638,Nibling of
9085,6637,Nibling of
1073,8995,Nibling of
8151,1311,Nibling of
2905,1211,Nibling of
1341,8992,Nibling of
1439,1440,Nibling of
1990,1019,Nibling of
1019,3992,Nibling of
2608,9037,Nibling of
1714,9011,Nibling of
8021,7912,Nibling of
7990,1257,Nibling of
6218,6219,Nibling of
346,9227,Nibling of
2240,6452,Nibling of
2250,6454,Nibling of
2264,6676,Nibling of
2265,6676,Nibling of
7594,2265,Nibling of
7598,2234,Nibling of
6258,7115,Nibling of
7594,4512,Nibling of
3170,3169,Nibling of
3173,3169,Nibling of
3391,3392,Nibling of
4983,3392,Nibling of
6534,832,Nibling of
1801,2235,Nibling of
2278,6890,Nibling of
4368,6891,Nibling of
4368,6890,Nibling of
1829,1095,Nibling of
2367,6940,Nibling of
8169,2090,Nibling of
1926,6967,Nibling of
1703,4700,Nibling of
9406,8631,Nibling of
6488,2572,Nibling of
7609,2541,Nibling of
7609,2880,Nibling of
7983,2880,Nibling of
8752,7983,Nibling of
2100,2645,Nibling of
7030,7032,Nibling of
3022,6916,Nibling of
7291,4689,Nibling of
960,4689,Nibling of
2249,1524,Nibling of
6740,6439,Nibling of
6740,1524,Nibling of
5146,9025,Nibling of
7086,7087,Nibling of
2446,6739,Nibling of
7614,2703,Nibling of
5040,6444,Nibling of
5246,5248,Nibling of
729,6629,Nibling of
2754,7121,Nibling of
6745,3180,Nibling of
5606,1526,Nibling of
1488,6717,Nibling of
7951,2505,Nibling of
7983,2541,Nibling of
7218,7214,Nibling of
5578,7455,Nibling of
5578,5577,Nibling of
3055,3054,Nibling of
6112,1030,Nibling of
1395,1393,Nibling of
4467,2851,Nibling of
7546,1115,Nibling of
7311,7313,Nibling of
2853,7314,Nibling of
1551,6751,Nibling of
7631,943,Nibling of
943,7283,Nibling of
943,832,Nibling of
7984,7631,Nibling of
2410,1548,Nibling of
5227,1548,Nibling of
8335,7613,Nibling of
5040,6752,Nibling of
1554,6752,Nibling of
821,7184,Nibling of
809,9115,Nibling of
7510,821,Nibling of
9,3,Nibling of
1707,3476,Nibling of
831,7194,Nibling of
2259,6659,Nibling of
8016,8073,Nibling of
2135,4853,Nibling of
2135,4851,Nibling of
8199,6639,Nibling of
2754,7120,Nibling of
6826,6450,Nibling of
4531,2371,Nibling of
9825,6051,Nibling of
9966,160,Nibling of
9973,8796,Nibling of
9973,8888,Nibling of
10183,9848,Nibling of
2234,3344,Nibling of
8979,8363,Grandchild of
2183,1488,Grandchild of
8852,1873,Grandchild of
9311,8206,Grandchild of
3599,2110,Grandchild of
8151,6437,Grandchild of
7801,6437,Grandchild of
6618,6617,Grandchild of
2073,6617,Grandchild of
7617,6698,Grandchild of
8304,1445,Grandchild of
8932,2018,Grandchild of
22,6284,Grandchild of
8174,1371,Grandchild of
6125,7750,Grandchild of
1496,6723,Grandchild of
3940,3939,Grandchild of
3957,6778,Grandchild of
625,8363,Grandchild of
1020,5265,Grandchild of
1019,5265,Grandchild of
2608,5265,Grandchild of
1534,3680,Grandchild of
1378,6656,Grandchild of
2044,6841,Grandchild of
1707,4648,Grandchild of
4460,4459,Grandchild of
1593,6777,Grandchild of
1596,6778,Grandchild of
8069,2487,Grandchild of
1845,6473,Grandchild of
8421,1054,Grandchild of
7733,1054,Grandchild of
3479,3874,Grandchild of
8131,7004,Grandchild of
8703,7001,Grandchild of
8752,2074,Grandchild of
9032,9030,Grandchild of
2626,9041,Grandchild of
7030,6533,Grandchild of
8949,7614,Grandchild of
8809,2699,Grandchild of
1826,6451,Grandchild of
1542,6442,Grandchild of
6498,743,Grandchild of
5542,1460,Grandchild of
1310,6617,Grandchild of
1311,6617,Grandchild of
1199,7277,Grandchild of
1137,6305,Grandchild of
63,8361,Grandchild of
7161,6464,Grandchild of
465,8610,Grandchild of
7597,6589,Grandchild of
1801,9085,Grandchild of
7711,2290,Grandchild of
3092,2744,Grandchild of
8657,2744,Grandchild of
6479,6465,Grandchild of
6479,2571,Grandchild of
8778,6479,Grandchild of
7643,979,Grandchild of
2153,4368,Grandchild of
5485,6548,Grandchild of
6376,5988,Grandchild of
6281,1928,Grandchild of
1534,9005,Grandchild of
6412,6358,Grandchild of
8802,8233,Grandchild of
3256,2208,Grandchild of
8940,7024,Grandchild of
4531,4532,Grandchild of
8391,2885,Grandchild of
6394,2116,Grandchild of
5591,2784,Grandchild of
2463,4708,Grandchild of
2489,6992,Grandchild of
3950,7166,Grandchild of
3949,3706,Grandchild of
7784,6680,Grandchild of
1563,3416,Grandchild of
7399,1687,Grandchild of
5220,7453,Grandchild of
2505,6769,Grandchild of
3032,1186,Grandchild of
4373,6700,Grandchild of
7607,7321,Grandchild of
991,7322,Grandchild of
1974,6711,Grandchild of
8337,6711,Grandchild of
2306,5676,Grandchild of
3873,4792,Grandchild of
7799,2756,Grandchild of
8808,1943,Grandchild of
2499,7313,Grandchild of
4808,2569,Grandchild of
2427,7279,Grandchild of
1166,6535,Grandchild of
2921,1467,Grandchild of
1875,9085,Grandchild of
2014,6964,Grandchild of
7486,6949,Grandchild of
7859,7366,Grandchild of
6380,2723,Grandchild of
6380,9003,Grandchild of
6090,6548,Grandchild of
1951,6449,Grandchild of
764,6464,Grandchild of
1795,6993,Grandchild of
1808,6907,Grandchild of
3290,6696,Grandchild of
8016,834,Grandchild of
7882,4761,Grandchild of
1877,9049,Grandchild of
7862,898,Grandchild of
8786,898,Grandchild of
8838,1877,Grandchild of
119,7425,Grandchild of
847,6264,Grandchild of
4586,5724,Grandchild of
852,7205,Grandchild of
1863,7207,Grandchild of
1823,6467,Grandchild of
7212,6464,Grandchild of
7213,7214,Grandchild of
271,4867,Grandchild of
200,9241,Grandchild of
9028,4584,Grandchild of
7696,9024,Grandchild of
7779,7646,Grandchild of
6359,6659,Grandchild of
3675,3674,Grandchild of
7468,6698,Grandchild of
6416,1136,Grandchild of
1362,8994,Grandchild of
3093,1830,Grandchild of
8678,1742,Grandchild of
26,6906,Grandchild of
119,2906,Grandchild of
358,9053,Grandchild of
4310,4313,Grandchild of
7765,6454,Grandchild of
7867,2235,Grandchild of
7826,1297,Grandchild of
7594,4513,Grandchild of
7858,1341,Grandchild of
8206,9003,Grandchild of
6534,6533,Grandchild of
7420,2290,Grandchild of
6317,6318,Grandchild of
4611,4613,Grandchild of
2090,5768,Grandchild of
7928,2479,Grandchild of
6488,2571,Grandchild of
7609,2540,Grandchild of
1990,9038,Grandchild of
8949,1873,Grandchild of
7620,2606,Grandchild of
2604,4613,Grandchild of
5117,2311,Grandchild of
7917,2311,Grandchild of
1506,5355,Grandchild of
2214,7290,Grandchild of
8808,2448,Grandchild of
7280,7281,Grandchild of
942,9119,Grandchild of
7382,4475,Grandchild of
7382,6740,Grandchild of
5294,4395,Grandchild of
8625,2705,Grandchild of
6337,5587,Grandchild of
2015,9013,Grandchild of
5606,6440,Grandchild of
7983,2540,Grandchild of
9552,4458,Grandchild of
9852,7592,Grandchild of
894,4584,Grandchild of
7638,7334,Grandchild of
1303,4573,Grandchild of
1371,3235,Grandchild of
7845,821,Grandchild of
5984,5229,Grandchild of
943,6533,Grandchild of
2626,4644,Grandchild of
8335,4137,Grandchild of
7614,4140,Grandchild of
7613,4140,Grandchild of
1707,3477,Grandchild of
5691,6262,Grandchild of
1810,5700,Grandchild of
2866,833,Grandchild of
8073,833,Grandchild of
2135,4852,Grandchild of
7747,3298,Grandchild of
2080,7109,Grandchild of
9606,8581,Grandchild of
10183,3693,Grandchild of
9241,200,Grandparent of
1488,2183,Grandparent of
2110,3599,Grandparent of
6437,7801,Grandparent of
6437,8151,Grandparent of
6617,1311,Grandparent of
6617,6618,Grandparent of
1445,8304,Grandparent of
6700,4373,Grandparent of
6284,22,Grandparent of
7750,6125,Grandparent of
6617,1310,Grandparent of
8363,625,Grandparent of
6567,1219,Grandparent of
1687,7399,Grandparent of
3939,3940,Grandparent of
2018,8932,Grandparent of
3674,3675,Grandparent of
6698,7468,Grandparent of
6699,7617,Grandparent of
6777,1593,Grandparent of
6778,1596,Grandparent of
6723,1496,Grandparent of
8994,1362,Grandparent of
1742,8678,Grandparent of
5265,1019,Grandparent of
5265,1020,Grandparent of
6740,7382,Grandparent of
6442,1542,Grandparent of
1830,3093,Grandparent of
4648,1707,Grandparent of
6841,2044,Grandparent of
6451,1826,Grandparent of
9024,7696,Grandparent of
6473,1845,Grandparent of
1054,8421,Grandparent of
9030,9032,Grandparent of
5355,1506,Grandparent of
2699,8809,Grandparent of
5587,6337,Grandparent of
743,6498,Grandparent of
6449,1951,Grandparent of
1460,5542,Grandparent of
6589,7597,Grandparent of
8361,63,Grandparent of
6464,764,Grandparent of
6479,8778,Grandparent of
979,7643,Grandparent of
2474,8657,Grandparent of
6548,5485,Grandparent of
9005,1534,Grandparent of
6358,6412,Grandparent of
8233,8802,Grandparent of
7024,8940,Grandparent of
2885,8391,Grandparent of
2474,3092,Grandparent of
2479,7928,Grandparent of
3706,3949,Grandparent of
4708,2463,Grandparent of
7646,7779,Grandparent of
6680,7784,Grandparent of
3416,1563,Grandparent of
6778,3957,Grandparent of
7453,5220,Grandparent of
6769,2505,Grandparent of
1186,3032,Grandparent of
7321,7607,Grandparent of
7322,991,Grandparent of
6711,8337,Grandparent of
6711,1974,Grandparent of
7290,2214,Grandparent of
7290,2215,Grandparent of
5699,7487,Grandparent of
2448,8808,Grandparent of
1943,8808,Grandparent of
7313,2499,Grandparent of
7279,2427,Grandparent of
6535,1166,Grandparent of
4532,4531,Grandparent of
6942,6943,Grandparent of
6964,2014,Grandparent of
7366,7859,Grandparent of
2723,6380,Grandparent of
6464,7161,Grandparent of
6465,6479,Grandparent of
2571,6479,Grandparent of
2784,5591,Grandparent of
7166,3950,Grandparent of
834,8016,Grandparent of
898,8786,Grandparent of
898,7862,Grandparent of
6264,847,Grandparent of
5724,4586,Grandparent of
7205,852,Grandparent of
7207,1863,Grandparent of
2208,3256,Grandparent of
6467,1823,Grandparent of
7214,7213,Grandparent of
4867,271,Grandparent of
1467,2921,Grandparent of
6656,1378,Grandparent of
6992,2489,Grandparent of
8363,8979,Grandparent of
1873,8852,Grandparent of
1136,6416,Grandparent of
6906,26,Grandparent of
2906,119,Grandparent of
9053,358,Grandparent of
6454,7765,Grandparent of
4313,4310,Grandparent of
8206,9311,Grandparent of
4459,4460,Grandparent of
6949,7486,Grandparent of
2487,8069,Grandparent of
6991,2183,Grandparent of
1054,7733,Grandparent of
2571,6488,Grandparent of
5265,2608,Grandparent of
9038,1990,Grandparent of
9041,2626,Grandparent of
7334,7638,Grandparent of
7281,7280,Grandparent of
9119,942,Grandparent of
6739,2249,Grandparent of
4395,5294,Grandparent of
2705,8625,Grandparent of
21,24,Grandparent of
4573,1303,Grandparent of
3236,8363,Grandparent of
3235,1371,Grandparent of
5676,2306,Grandparent of
5229,5984,Grandparent of
6533,943,Grandparent of
4792,3873,Grandparent of
7034,2602,Grandparent of
7614,8949,Grandparent of
4137,8335,Grandparent of
4140,7614,Grandparent of
4140,7613,Grandparent of
5700,1810,Grandparent of
833,2866,Grandparent of
833,8073,Grandparent of
4852,2135,Grandparent of
1341,7858,Grandparent of
4761,7518,Grandparent of
4458,9552,Grandparent of
8581,9606,Grandparent of
7592,9852,Grandparent of
3693,10183,Grandparent of
2930,222,Spouse of
5221,8151,Spouse of
9185,9235,Spouse of
260,9268,Spouse of
3188,8665,Spouse of
3678,3677,Spouse of
310,9263,Spouse of
515,516,Spouse of
8782,4010,Spouse of
9268,260,Spouse of
222,2930,Spouse of
4010,8782,Spouse of
9263,310,Spouse of
715,716,Spouse of
7700,7932,Spouse of
5128,5129,Spouse of
610,4805,Spouse of
3059,3058,Spouse of
8665,3188,Spouse of
139,140,Spouse of
140,139,Spouse of
37,43,Spouse of
43,37,Spouse of
48,50,Spouse of
452,419,Spouse of
419,452,Spouse of
50,48,Spouse of
3032,3033,Spouse of
3033,3032,Spouse of
8151,5221,Spouse of
4509,4508,Spouse of
5845,578,Spouse of
3874,4497,Spouse of
578,5845,Spouse of
6347,8096,Spouse of
8096,6347,Spouse of
404,405,Spouse of
405,404,Spouse of
4508,4509,Spouse of
4992,6500,Spouse of
5636,5638,Spouse of
5638,5636,Spouse of
716,715,Spouse of
4057,4056,Spouse of
2925,115,Spouse of
115,2925,Spouse of
6055,3062,Spouse of
7932,7700,Spouse of
4497,3874,Spouse of
4575,4580,Spouse of
4580,4575,Spouse of
6500,4992,Spouse of
6235,6236,Spouse of
6236,6235,Spouse of
516,515,Spouse of
9235,9185,Spouse of
3062,6055,Spouse of
4056,4057,Spouse of
5919,5649,Spouse of
3058,3059,Spouse of
5129,5128,Spouse of
5649,5919,Spouse of
4805,610,Spouse of
10374,10040,Spouse of
10450,5236,Spouse of
10040,10374,Spouse of
5236,10450,Spouse of
1629,2909,Pibling of
6295,6296,Pibling of
6295,1120,Pibling of
6672,2817,Pibling of
9001,9000,Pibling of
1311,7801,Pibling of
1311,8151,Pibling of
1309,1311,Pibling of
1309,6618,Pibling of
1309,1310,Pibling of
6437,2073,Pibling of
6617,1309,Pibling of
3664,3662,Pibling of
1495,1496,Pibling of
1498,1786,Pibling of
1211,2905,Pibling of
3169,3173,Pibling of
3169,3170,Pibling of
6557,6556,Pibling of
1347,1346,Pibling of
6695,6694,Pibling of
3985,3987,Pibling of
3992,2608,Pibling of
3992,1019,Pibling of
1020,1990,Pibling of
1310,8151,Pibling of
1524,6740,Pibling of
1524,1522,Pibling of
3767,3766,Pibling of
1019,1990,Pibling of
1018,1019,Pibling of
1018,1020,Pibling of
9037,1019,Pibling of
9037,1020,Pibling of
6439,6740,Pibling of
6747,6440,Pibling of
2922,6665,Pibling of
3527,3530,Pibling of
3529,3530,Pibling of
2768,1624,Pibling of
3273,2768,Pibling of
8657,3093,Pibling of
2619,9032,Pibling of
9011,1714,Pibling of
2224,1826,Pibling of
6849,1742,Pibling of
6851,1743,Pibling of
6871,2218,Pibling of
9026,2497,Pibling of
9404,2659,Pibling of
8631,9406,Pibling of
1045,1044,Pibling of
2505,7951,Pibling of
2510,1793,Pibling of
2541,7609,Pibling of
2541,7983,Pibling of
2567,2566,Pibling of
2880,7609,Pibling of
2880,7983,Pibling of
4810,4808,Pibling of
2567,7630,Pibling of
9107,2583,Pibling of
2645,2100,Pibling of
6823,1971,Pibling of
7613,8335,Pibling of
2912,7610,Pibling of
5248,5246,Pibling of
7080,2679,Pibling of
1761,1762,Pibling of
7191,2018,Pibling of
7193,7191,Pibling of
7193,1445,Pibling of
2146,6498,Pibling of
1647,1951,Pibling of
1278,1276,Pibling of
1287,1288,Pibling of
2891,7649,Pibling of
5564,5566,Pibling of
5564,5563,Pibling of
5564,5565,Pibling of
1665,1123,Pibling of
1665,1125,Pibling of
3012,3011,Pibling of
1347,1345,Pibling of
7161,6479,Pibling of
6638,9085,Pibling of
6751,1551,Pibling of
9103,9020,Pibling of
7162,764,Pibling of
7162,7161,Pibling of
2572,6479,Pibling of
6542,1174,Pibling of
7548,7643,Pibling of
7385,5485,Pibling of
742,1752,Pibling of
742,7662,Pibling of
840,1100,Pibling of
6322,1103,Pibling of
6322,792,Pibling of
6412,6403,Pibling of
16,6905,Pibling of
6318,1097,Pibling of
6316,1098,Pibling of
6316,7027,Pibling of
6313,1096,Pibling of
6313,1095,Pibling of
1095,1829,Pibling of
6312,1095,Pibling of
6312,1096,Pibling of
5117,8940,Pibling of
7917,8940,Pibling of
6959,2390,Pibling of
6676,4512,Pibling of
6676,2264,Pibling of
6676,2265,Pibling of
4512,7594,Pibling of
7229,6253,Pibling of
2447,2448,Pibling of
2464,893,Pibling of
2488,2489,Pibling of
2495,2496,Pibling of
4447,2474,Pibling of
7175,787,Pibling of
4654,4655,Pibling of
4656,4655,Pibling of
6973,2427,Pibling of
7177,794,Pibling of
3415,9092,Pibling of
3986,3904,Pibling of
3986,3987,Pibling of
3985,3904,Pibling of
1627,1626,Pibling of
3992,1020,Pibling of
6178,6176,Pibling of
3852,3853,Pibling of
6820,2118,Pibling of
4700,4695,Pibling of
4700,1703,Pibling of
4700,1704,Pibling of
4699,4695,Pibling of
4699,1703,Pibling of
4699,1704,Pibling of
4696,1703,Pibling of
4696,1704,Pibling of
4696,4695,Pibling of
1298,1965,Pibling of
1210,1868,Pibling of
1210,1590,Pibling of
3034,1186,Pibling of
3527,4717,Pibling of
3529,4717,Pibling of
3173,3171,Pibling of
4168,3016,Pibling of
993,3861,Pibling of
993,8560,Pibling of
16,15,Pibling of
1480,8337,Pibling of
1480,1974,Pibling of
3274,2768,Pibling of
1,6021,Pibling of
6033,2903,Pibling of
6033,1255,Pibling of
4040,4039,Pibling of
6058,6057,Pibling of
794,930,Pibling of
5963,5961,Pibling of
2854,2499,Pibling of
2853,2499,Pibling of
2507,4809,Pibling of
7912,8021,Pibling of
8154,8021,Pibling of
2235,1801,Pibling of
2235,1875,Pibling of
2090,8169,Pibling of
1859,6090,Pibling of
785,3705,Pibling of
7177,798,Pibling of
8538,794,Pibling of
8538,798,Pibling of
8538,806,Pibling of
8538,7181,Pibling of
7177,7181,Pibling of
7180,798,Pibling of
7180,794,Pibling of
7180,806,Pibling of
6466,795,Pibling of
6890,4368,Pibling of
6891,4368,Pibling of
3095,3262,Pibling of
786,3262,Pibling of
1098,6317,Pibling of
4467,1877,Pibling of
8786,8838,Pibling of
7202,845,Pibling of
7203,847,Pibling of
6819,1688,Pibling of
6819,2118,Pibling of
6820,1688,Pibling of
2118,7399,Pibling of
2742,1823,Pibling of
8382,518,Pibling of
3771,1015,Pibling of
7119,2752,Pibling of
6314,2268,Pibling of
8995,1073,Pibling of
1310,7801,Pibling of
3529,3528,Pibling of
3300,3302,Pibling of
1285,1284,Pibling of
6604,1289,Pibling of
1018,2608,Pibling of
1695,1696,Pibling of
2634,7601,Pibling of
6851,1744,Pibling of
7808,8021,Pibling of
1257,7990,Pibling of
6219,6218,Pibling of
6452,2240,Pibling of
6452,6881,Pibling of
9227,346,Pibling of
7115,6258,Pibling of
6450,4212,Pibling of
8992,1341,Pibling of
3054,3057,Pibling of
2278,2275,Pibling of
5118,7024,Pibling of
2572,6488,Pibling of
7009,2567,Pibling of
7009,2568,Pibling of
6557,1348,Pibling of
7058,2647,Pibling of
9037,2608,Pibling of
6916,3022,Pibling of
1857,3032,Pibling of
832,943,Pibling of
7087,7086,Pibling of
2912,8864,Pibling of
7180,7181,Pibling of
6717,1488,Pibling of
7214,7218,Pibling of
5577,5578,Pibling of
7455,5578,Pibling of
9033,4693,Pibling of
7342,7343,Pibling of
7342,1031,Pibling of
7032,7030,Pibling of
2061,7638,Pibling of
3054,3060,Pibling of
3054,3055,Pibling of
5677,2306,Pibling of
5678,2306,Pibling of
2851,4467,Pibling of
1115,7546,Pibling of
7313,7311,Pibling of
7314,2853,Pibling of
7313,2855,Pibling of
7314,2854,Pibling of
7631,7984,Pibling of
7283,943,Pibling of
943,7631,Pibling of
943,1026,Pibling of
1548,5227,Pibling of
1548,2410,Pibling of
9040,9110,Pibling of
2703,7614,Pibling of
2703,7613,Pibling of
784,3949,Pibling of
7184,821,Pibling of
9115,809,Pibling of
821,7510,Pibling of
3180,6745,Pibling of
3180,1526,Pibling of
1440,1439,Pibling of
3,9,Pibling of
7194,831,Pibling of
5234,3477,Pibling of
8073,8016,Pibling of
2371,4531,Pibling of
6051,9825,Pibling of
160,9966,Pibling of
8796,9973,Pibling of
8888,9973,Pibling of
9848,10183,Pibling of
3344,2234,Pibling of
2234,7598,Pibling of
7147,1731,Pibling of
6294,6295,Pibling of
9910,8073,Great great niece / nephew of
10127,8367,Great grandchild of
8367,10127,Great grandparent of
8073,9910,Great great aunt / uncle of
10216,9744,Partner of
9744,10216,Partner of
10200,9681,Partner of
9681,10200,Partner of
6294,6296,Great aunt / uncle of
6294,1120,Great aunt / uncle of
1120,6294,Great niece / nephew of
6296,6294,Great niece / nephew of
