ego,ego_name,alter,alter_name,relation,source
Q1026930,"Charles Lyttelton, 8th Viscount Cobham",Q16063121,"William Cavendish, 2nd Baron Chesham",indirect,rush
Q1026930,"Charles Lyttelton, 8th Viscount Cobham",Q2892622,"Oliver Lyttelton, 1st Viscount Chandos",niece/nephew;uncle/aunt,panel;rush
Q1026930,"Charles Lyttelton, 8th Viscount Cobham",Q3395941,Alfred Lyttelton,sibling,panel;rush
Q1026930,"Charles Lyttelton, 8th Viscount Cobham",Q3701723,"Richard Temple-Nugent-Brydges-Chandos-Grenville, 3rd Duke of Buckingham and Chandos",indirect,rush
Q1026930,"Charles Lyttelton, 8th Viscount Cobham",Q6245664,"John Lyttelton, 9th Viscount Cobham",child;parent,panel;rush
Q10288965,Lord George Paget,Q13582500,"Henry Paget, 2nd Marquess of Anglesey",sibling,panel
Q10288965,Lord George Paget,Q369723,Lord Alfred Paget,sibling,panel;rush
Q10288965,Lord George Paget,Q4733782,"Almeric Paget, 1st Baron Queenborough",uncle/aunt,panel
Q10288965,Lord George Paget,Q5498507,Frederick Paget,cousin,panel;rush
Q10288965,Lord George Paget,Q5726659,"Henry Paget, 3rd Marquess of Anglesey",niece/nephew;uncle/aunt,panel;rush
Q10288965,Lord George Paget,Q6679084,Clarence Paget,sibling,panel;rush
Q10288965,Lord George Paget,Q6680031,William Paget,sibling,panel;rush
Q10305110,"James Scarlett, 1st Baron Abinger",Q332738,"John Campbell, 1st Baron Campbell",indirect,rush
Q10305110,"James Scarlett, 1st Baron Abinger",Q333223,James Yorke Scarlett,child;parent,panel;rush
Q10305110,"James Scarlett, 1st Baron Abinger",Q7349602,"Robert Scarlett, 2nd Baron Abinger",child;parent,panel;rush
Q10305110,"James Scarlett, 1st Baron Abinger",Q8006488,"William Campbell, 2nd Baron Stratheden and Campbell",grandchild,rush
Q1063964,"Charles Cochrane-Baillie, 2nd Baron Lamington",Q3610747,"Alexander Baillie-Cochrane, 1st Baron Lamington",child;parent,panel;rush
Q1063964,"Charles Cochrane-Baillie, 2nd Baron Lamington",Q7791336,Thomas Cochrane,grandchild,panel
Q106618,Henry Campbell-Bannerman,Q6128517,James Alexander Campbell,sibling,panel;rush
Q10664,Neville Chamberlain,Q188999,Austen Chamberlain,sibling,panel;rush
Q10664,Neville Chamberlain,Q315999,Joseph Chamberlain,child;parent,panel;rush
Q10664,Neville Chamberlain,Q7324698,Richard Chamberlain,niece/nephew,panel
Q1066568,Charles Sibthorp,Q26292488,Gervaise Waldo-Sibthorp,child;parent,panel;rush
Q1086853,"Montague Woodhouse, 5th Baron Terrington",Q6145790,"James Woodhouse, 1st Baron Terrington",grandparent,rush
Q1086853,"Montague Woodhouse, 5th Baron Terrington",Q7920843,"Vera Woodhouse, Lady Terrington",indirect,rush
Q11283925,William Deedes,Q335420,Bill Deedes,indirect,rush
Q11283925,William Deedes,Q8007733,William Deedes,child;parent,panel;rush
Q11309157,"James Duff, 5th Earl Fife",Q332552,"Alexander Duff, 1st Duke of Fife",parent,panel
Q11309157,"James Duff, 5th Earl Fife",Q5544593,George Skene Duff,sibling,panel;rush
Q11309157,"James Duff, 5th Earl Fife",Q5590921,John Lewis Ricardo,indirect,rush
Q1147508,Evelyn Ashley,Q13529783,"Wilfrid Ashley, 1st Baron Mount Temple",child;parent,panel;rush
Q1147508,Evelyn Ashley,Q16066161,Anthony Henry Ashley-Cooper,niece/nephew,panel
Q1147508,Evelyn Ashley,Q22343752,Anthony John Ashley-Cooper,niece/nephew,panel
Q1147508,Evelyn Ashley,Q333294,"Anthony Ashley-Cooper, 7th Earl of Shaftesbury",child;parent,panel;rush
Q1147508,Evelyn Ashley,Q4772029,"Anthony Ashley-Cooper, 8th Earl of Shaftesbury",sibling,panel;rush
Q1149445,"Francis Egerton, 1st Earl of Ellesmere",Q4722620,Alfred Egerton,grandchild;grandparent,panel;rush
Q1149445,"Francis Egerton, 1st Earl of Ellesmere",Q4724140,Algernon Egerton,child;parent,panel;rush
Q1149445,"Francis Egerton, 1st Earl of Ellesmere",Q5480848,Francis Egerton,child;parent,panel;rush
Q1149445,"Francis Egerton, 1st Earl of Ellesmere",Q5537512,"George Byng, 3rd Earl of Strafford",indirect,rush
Q1149445,"Francis Egerton, 1st Earl of Ellesmere",Q5538925,"George Egerton, 2nd Earl of Ellesmere",child;parent,panel;rush
Q11722946,"Neil Carmichael, Baron Carmichael of Kelvingrove",Q6131039,James Carmichael,parent,rush
Q11722962,Ness Edwards,Q1866867,"Llin Golding, Baroness Golding",child,rush
Q11722962,Ness Edwards,Q6235638,John Golding,indirect,rush
Q11762579,Lord Henry Somerset,Q3784915,"Henry Somerset, 8th Duke of Beaufort",child,panel
Q11762579,Lord Henry Somerset,Q5082570,"Charles Somers-Cocks, 3rd Earl Somers",indirect,rush
Q11762579,Lord Henry Somerset,Q5538290,"George Curzon-Howe, 2nd Earl Howe",uncle/aunt,rush
Q11762579,Lord Henry Somerset,Q7235558,Poulett Somerset,indirect,rush
Q11762579,Lord Henry Somerset,Q922318,"Henry Somerset, 7th Duke of Beaufort",grandchild,panel
Q11771724,"Maurice Berkeley, 1st Baron FitzHardinge",Q333400,Grantley Berkeley,sibling,panel
Q11771724,"Maurice Berkeley, 1st Baron FitzHardinge",Q5075565,"Charles Berkeley, 3rd Baron FitzHardinge",parent,panel
Q11771724,"Maurice Berkeley, 1st Baron FitzHardinge",Q5182718,Craven Berkeley,sibling,panel;rush
Q11771724,"Maurice Berkeley, 1st Baron FitzHardinge",Q5480202,"Francis Berkeley, 2nd Baron FitzHardinge",parent,panel
Q11771724,"Maurice Berkeley, 1st Baron FitzHardinge",Q5607504,Grenville Berkeley,uncle/aunt,rush
Q11771724,"Maurice Berkeley, 1st Baron FitzHardinge",Q5721264,Henry FitzHardinge Berkeley,sibling,panel
Q11800391,Herbert Grotrian,Q5497413,Frederick Brent Grotrian,child;parent,panel;rush
Q11800502,William George Mount,Q7529701,"Sir William Mount, 1st Baronet",child;parent,panel;rush
Q11800502,William George Mount,Q8015892,William Mount,child,panel
Q11800905,John Tremayne,Q4800494,Arthur Tremayne,sibling,rush
Q11800905,John Tremayne,Q5080191,Charles Lemon,uncle/aunt,rush
Q11800905,John Tremayne,Q5083146,"Charles Vivian, 2nd Baron Vivian",indirect,rush
Q11800905,John Tremayne,Q6256551,John Salusbury-Trelawny,indirect,rush
Q11801410,"Sir Hedworth Williamson, 7th Baronet",Q6593713,"Thomas Dundas, 2nd Earl of Zetland",indirect,rush
Q11801410,"Sir Hedworth Williamson, 7th Baronet",Q7527086,"Sir Hedworth Williamson, 8th Baronet",child;parent,panel;rush
Q11801484,John Gurdon Rebow,Q21554127,Brampton Gurdon,sibling,panel;rush
Q11801484,John Gurdon Rebow,Q7345003,"Robert Gurdon, 1st Baron Cranworth",niece/nephew;uncle/aunt,panel;rush
Q11801484,John Gurdon Rebow,Q8005851,William Brampton Gurdon,niece/nephew,rush
Q11801634,John Willis Fleming,Q7795205,Thomas Willis Fleming,child,rush
Q11801709,Edward Clive,Q24254897,Henry Clive,sibling,panel
Q11801709,Edward Clive,Q5342327,Edward Clive,grandchild;grandparent,panel;rush
Q11801709,Edward Clive,Q5537991,George Clive,child;indirect;parent,panel;rush
Q11801709,Edward Clive,Q7167284,Percy Clive,indirect,rush
Q11801709,Edward Clive,Q7342986,Robert Clive,indirect,rush
Q11801709,Edward Clive,Q7351171,Robert Windsor-Clive,indirect,rush
Q11802131,George Blucher Heneage Marton,Q5542189,George Marton,child;parent,panel;rush
Q11802276,William Garfit,Q7789927,Thomas Garfit,parent,rush
Q11802543,"Henry Brassey, 1st Baron Brassey of Apethorpe",Q337691,"Thomas Brassey, 1st Earl Brassey",niece/nephew;uncle/aunt,panel;rush
Q11802543,"Henry Brassey, 1st Baron Brassey of Apethorpe",Q4709792,Albert Brassey,niece/nephew,panel
Q11802543,"Henry Brassey, 1st Baron Brassey of Apethorpe",Q5718544,Henry Brassey,child;parent,panel;rush
Q11802686,"Sir Matthew White Ridley, 4th Baronet",Q1510187,Gerard Smith,niece/nephew,rush
Q11802686,"Sir Matthew White Ridley, 4th Baronet",Q16030421,Edward Ridley,child;parent,panel;rush
Q11802686,"Sir Matthew White Ridley, 4th Baronet",Q25863273,George Ridley,sibling,panel;rush
Q11802686,"Sir Matthew White Ridley, 4th Baronet",Q337696,"Matthew White Ridley, 1st Viscount Ridley",child;parent,panel;rush
Q11802686,"Sir Matthew White Ridley, 4th Baronet",Q6791421,"Matthew White Ridley, 2nd Viscount Ridley",grandchild;grandparent,panel;rush
Q11802686,"Sir Matthew White Ridley, 4th Baronet",Q7026124,"Nicholas Ridley-Colborne, 1st Baron Colborne",niece/nephew,panel
Q11802686,"Sir Matthew White Ridley, 4th Baronet",Q7528317,"Sir Matthew White Ridley, 3rd Baronet",child;parent,panel;rush
Q11802744,William Farnworth Handley,Q26234470,Henry Handley,cousin,panel;rush
Q11802744,William Farnworth Handley,Q4888762,Benjamin Handley,cousin,panel;rush
Q11802744,William Farnworth Handley,Q6237583,John Handley,cousin,panel;rush
Q11802791,"Hugh Seely, 1st Baron Sherwood",Q5082431,Charles Seely,indirect,rush
Q11802791,"Hugh Seely, 1st Baron Sherwood",Q6105456,"John Seely, 1st Baron Mottistone",niece/nephew;uncle/aunt,panel;rush
Q11802791,"Hugh Seely, 1st Baron Sherwood",Q7526292,"Sir Charles Seely, 1st Baronet",grandchild;grandparent,panel;rush
Q11802791,"Hugh Seely, 1st Baron Sherwood",Q7526294,"Sir Charles Seely, 2nd Baronet",child;parent,panel;rush
Q11802984,Robert Aglionby Slaney,Q2374406,William Kenyon-Slaney,grandchild,rush
Q11802984,Robert Aglionby Slaney,Q8020060,William Watkin Edward Wynne,indirect,rush
Q11803195,"John Henniker-Major, 4th Baron Henniker",Q6238687,"John Henniker-Major, 5th Baron Henniker",child;parent,panel;rush
Q11803339,James Clifton Brown,Q477587,"Douglas Clifton Brown, 1st Viscount Ruffside",parent,panel
Q11803339,James Clifton Brown,Q5919321,Howard Clifton Brown,child;parent,panel;rush
Q11803339,James Clifton Brown,Q7525922,"Sir Alexander Brown, 1st Baronet",sibling,panel
Q11803653,"Sir Michael Shaw-Stewart, 7th Baronet",Q16065355,Houston Stewart,niece/nephew,panel
Q11803653,"Sir Michael Shaw-Stewart, 7th Baronet",Q26258168,"Sir Michael Shaw-Stewart, 6th Baronet",child,panel
Q11803653,"Sir Michael Shaw-Stewart, 7th Baronet",Q7527315,"Sir Hugh Shaw-Stewart, 8th Baronet",parent,panel
Q11803732,"Sir Thomas Winnington, 4th Baronet",Q15815164,Henry Winnington,niece/nephew;sibling,panel;rush
Q11803732,"Sir Thomas Winnington, 4th Baronet",Q7529312,"Sir Thomas Winnington, 3rd Baronet",child,panel
Q11803853,"Sir John Ramsden, 5th Baronet",Q16741842,John Charles Ramsden,child;parent,panel;rush
Q11806660,Eugene Wason,Q5052172,Cathcart Wason,sibling,rush
Q11806660,Eugene Wason,Q7333379,Rigby Wason,parent,rush
Q11806757,William Baird,Q6129250,James Baird,sibling,panel;rush
Q11806802,Lauderdale Maule,Q333117,"James Broun-Ramsay, 1st Marquess of Dalhousie",cousin,panel;rush
Q11806802,Lauderdale Maule,Q333304,"Fox Maule-Ramsay, 11th Earl of Dalhousie",sibling,panel;rush
Q11806802,Lauderdale Maule,Q6254150,"John Ramsay, 13th Earl of Dalhousie",indirect,rush
Q11806802,Lauderdale Maule,Q8015248,"William Maule, 1st Baron Panmure",child,panel
Q11806952,Henry Munro-Butler-Johnstone,Q13529858,Henry Butler-Johnstone,child;parent,panel;rush
Q12064625,Thomas Power O'Connor,Q8016251,William O'Malley,indirect,rush
Q12066246,"Henry Portman, 2nd Viscount Portman",Q5344887,"Edward Portman, 1st Viscount Portman",child,panel
Q12066246,"Henry Portman, 2nd Viscount Portman",Q5346251,Edwin Berkeley Portman,sibling,panel
Q12072266,"Henry Vivian, 1st Baron Swansea",Q3787726,"Hussey Vivian, 1st Baron Vivian",niece/nephew;uncle/aunt,panel;rush
Q12072266,"Henry Vivian, 1st Baron Swansea",Q4800546,Arthur Vivian,sibling,panel;rush
Q12072266,"Henry Vivian, 1st Baron Swansea",Q5083146,"Charles Vivian, 2nd Baron Vivian",cousin,panel;rush
Q12072266,"Henry Vivian, 1st Baron Swansea",Q5545334,"George Tryon, 1st Baron Tryon",indirect,rush
Q12072266,"Henry Vivian, 1st Baron Swansea",Q6227494,John Vivian,cousin,panel;rush
Q12072266,"Henry Vivian, 1st Baron Swansea",Q6238967,John Henry Vivian,child;parent,panel;rush
Q12072266,"Henry Vivian, 1st Baron Swansea",Q6537138,Lewis Vivian Loyd,niece/nephew,rush
Q12072266,"Henry Vivian, 1st Baron Swansea",Q7528355,"Sir Montague Cholmeley, 2nd Baronet",indirect,rush
Q1208851,"Diana Maddock, Baroness Maddock",Q260960,Alan Beith,spouse,rush
Q1230681,George Cornewall Lewis,Q7529126,Thomas Frankland Lewis,child,panel
Q1241117,"Eustace Percy, 1st Baron Percy of Newcastle",Q337686,"Algernon Percy, 6th Duke of Northumberland",grandchild;grandparent,panel;rush
Q1241117,"Eustace Percy, 1st Baron Percy of Newcastle",Q5726862,"Henry Percy, Earl Percy",sibling,panel;rush
Q1241117,"Eustace Percy, 1st Baron Percy of Newcastle",Q6678906,Lord Algernon Percy,niece/nephew;uncle/aunt,panel;rush
Q1241117,"Eustace Percy, 1st Baron Percy of Newcastle",Q762750,"Henry Percy, 7th Duke of Northumberland",child;parent,panel;rush
Q12411364,"Richard Law, 1st Baron Coleraine",Q166663,Bonar Law,child;parent,panel;rush
Q1242682,Lord Ronald Gower,Q333933,"George Sutherland-Leveson-Gower, 3rd Duke of Sutherland",sibling,panel;rush
Q1242682,Lord Ronald Gower,Q5187561,"Cromartie Sutherland-Leveson-Gower, 4th Duke of Sutherland",niece/nephew;uncle/aunt,panel;rush
Q12702,Robert Cecil,Q243705,"Robert Gascoyne-Cecil, 3rd Marquess of Salisbury",child;parent,panel;rush
Q12702,Robert Cecil,Q2605189,"David Ormsby-Gore, 5th Baron Harlech",uncle/aunt,panel
Q12702,Robert Cecil,Q333205,"Robert Gascoyne-Cecil, 5th Marquess of Salisbury",uncle/aunt,panel
Q12702,Robert Cecil,Q334182,"Hugh Cecil, 1st Baron Quickswood",sibling,panel;rush
Q12702,Robert Cecil,Q4381482,"James Gascoyne-Cecil, 4th Marquess of Salisbury",sibling,panel;rush
Q12702,Robert Cecil,Q6679229,Lord Eustace Cecil,niece/nephew;parent;uncle/aunt,panel;rush
Q12724041,Christopher Price,Q5702525,Helen Jackson,sibling,rush
Q1282069,"Edward Gordon, Baron Gordon of Drumearn",Q13529912,John Gordon,child;parent,panel;rush
Q1286201,Edmund Dwyer Gray,Q6236086,John Gray,child;parent,panel;rush
Q128976,Alec Douglas-Home,Q6680030,Lord William Montagu Douglas Scott,indirect,rush
Q128985,Harold Macmillan,Q2919989,"Julian Amery, Baron Amery of Lustleigh",indirect,rush
Q128985,Harold Macmillan,Q332897,Maurice Macmillan,child;parent,panel;rush
Q128985,Harold Macmillan,Q5233519,David Faber,grandchild,rush
Q128995,Anthony Eden,Q1699922,"John Eden, Baron Eden of Winton",niece/nephew,rush
Q128995,Anthony Eden,Q5553468,Gervase Beckett,indirect,rush
Q1292752,Edward Joshua Cooper,Q17421341,Edward Henry Cooper,niece/nephew,rush
Q1292946,Edward Marjoribanks,Q175366,"Quintin Hogg, Baron Hailsham of St Marylebone",sibling,panel
Q1292946,Edward Marjoribanks,Q333964,Douglas Hogg,uncle/aunt,panel
Q1292946,Edward Marjoribanks,Q334352,"Edward Marjoribanks, 2nd Baron Tweedmouth",uncle/aunt,rush
Q1292946,Edward Marjoribanks,Q337059,"Dudley Marjoribanks, 1st Baron Tweedmouth",grandparent,rush
Q13132369,William Owen Stanley,Q17321359,"Edward Stanley, 2nd Baron Stanley of Alderley",sibling,panel
Q13132369,William Owen Stanley,Q5345410,"Edward Stanley, 4th Baron Stanley of Alderley",uncle/aunt,panel
Q1314450,"Sir George Elliot, 1st Baronet",Q5930668,Hugh Elliot,indirect,rush
Q1314450,"Sir George Elliot, 1st Baronet",Q6231620,John Elliot,indirect,rush
Q1314450,"Sir George Elliot, 1st Baronet",Q7526878,"Sir George Elliot, 2nd Baronet",child;parent,panel;rush
Q13377499,Richard Gardner,Q323773,Charles Beresford,indirect,rush
Q1346375,Robert Torrens,Q7350436,Robert Torrens,child;parent,panel;rush
Q134982,David Lloyd George,Q333823,"Gwilym Lloyd George, 1st Viscount Tenby",child;parent,panel;rush
Q134982,David Lloyd George,Q6808694,Megan Lloyd George,child;parent,panel;rush
Q13529752,James Allason,Q3341374,Rupert Allason,parent,panel
Q13529783,"Wilfrid Ashley, 1st Baron Mount Temple",Q1147508,Evelyn Ashley,child;parent,panel;rush
Q13529783,"Wilfrid Ashley, 1st Baron Mount Temple",Q333294,"Anthony Ashley-Cooper, 7th Earl of Shaftesbury",grandchild,panel
Q13529783,"Wilfrid Ashley, 1st Baron Mount Temple",Q4772029,"Anthony Ashley-Cooper, 8th Earl of Shaftesbury",niece/nephew,panel
Q13529854,"Henry Brudenell-Bruce, 5th Marquess of Ailesbury",Q5392837,"Ernest Brudenell-Bruce, 3rd Marquess of Ailesbury",child;uncle/aunt,panel;rush
Q13529854,"Henry Brudenell-Bruce, 5th Marquess of Ailesbury",Q6679038,Lord Charles Bruce,niece/nephew;sibling;uncle/aunt,panel;rush
Q13529858,Henry Butler-Johnstone,Q11806952,Henry Munro-Butler-Johnstone,child;parent,panel;rush
Q13529877,Henry Cockayne-Cust,Q1606613,Harry Cust,child;parent,panel;rush
Q13529877,Henry Cockayne-Cust,Q4681850,"Adelbert Brownlow-Cust, 3rd Earl Brownlow",cousin,panel;rush
Q13529877,Henry Cockayne-Cust,Q5076611,Charles Cust,sibling,rush
Q13529886,William Cross,Q5613675,"Richard Assheton Cross, 1st Viscount Cross",child;parent,panel;rush
Q13529891,"John Butcher, 1st Baron Danesfort",Q5590851,Samuel H. Butcher,sibling,panel
Q13529892,John Dugdale,Q8018902,William Stratford Dugdale,child;parent,panel;rush
Q13529896,William Feilden,Q25863298,Montague Feilden,child;parent,panel;rush
Q13529903,Muriel Gammans,Q7526399,"Sir David Gammans, 1st Baronet",spouse,rush
Q13529906,"John Gathorne-Hardy, 2nd Earl of Cranbrook",Q4722710,Alfred Gathorne-Hardy,sibling,panel;rush
Q13529906,"John Gathorne-Hardy, 2nd Earl of Cranbrook",Q5527395,"Gathorne Gathorne-Hardy, 1st Earl of Cranbrook",child;parent,panel;rush
Q13529906,"John Gathorne-Hardy, 2nd Earl of Cranbrook",Q6237751,John Hardy,grandchild,panel
Q13529906,"John Gathorne-Hardy, 2nd Earl of Cranbrook",Q7527819,"Sir John Hardy, 1st Baronet",niece/nephew,panel
Q13529909,"Sir John Gilmour, 3rd Baronet",Q5759238,"Sir John Gilmour, 2nd Baronet",child;parent,panel;rush
Q13529912,John Gordon,Q1282069,"Edward Gordon, Baron Gordon of Drumearn",child;parent,panel;rush
Q13529913,William Gordon,Q335510,"Arthur Hamilton-Gordon, 1st Baron Stanmore",niece/nephew,rush
Q13529913,William Gordon,Q4702898,"George Hamilton-Gordon, 5th Earl of Aberdeen",niece/nephew,rush
Q13529921,"Lawrence Palk, 1st Baron Haldon",Q16885523,Edward Bourchier Hartopp,sibling,panel
Q13529927,George Harcourt,Q5482651,Francis Venables-Vernon-Harcourt,sibling,panel;rush
Q13529927,George Harcourt,Q5596904,Granville Harcourt-Vernon,sibling,panel
Q13529927,George Harcourt,Q5596905,Granville Harcourt-Vernon,uncle/aunt,panel
Q13529927,George Harcourt,Q6904055,"Montagu Bertie, 6th Earl of Abingdon",indirect,rush
Q13529929,Henry Harrison-Broadley,Q8010935,William Harrison-Broadley,uncle/aunt,rush
Q13529931,John Haslam,Q6536667,Lewis Haslam,sibling,rush
Q13529937,"Hugh Seymour, 6th Marquess of Hertford",Q5728226,Henry Seymour,uncle/aunt,rush
Q13529938,Lord Augustus Hervey,Q13530066,"Sir Charles Welby, 5th Baronet",indirect,rush
Q13529938,Lord Augustus Hervey,Q5498017,"Frederick Hervey, 3rd Marquess of Bristol",sibling,panel;rush
Q13529938,Lord Augustus Hervey,Q5498018,"Frederick Hervey, 2nd Marquess of Bristol",child;parent,panel;rush
Q13529938,Lord Augustus Hervey,Q5498019,"Frederick Hervey, 4th Marquess of Bristol",child;parent,panel;rush
Q13529938,Lord Augustus Hervey,Q6678905,Lord Alfred Hervey,niece/nephew;uncle/aunt,panel;rush
Q13529938,Lord Augustus Hervey,Q6679252,Lord Francis Hervey,sibling,panel;rush
Q13529950,Henry Hunloke,Q2580935,"William Astor, 3rd Viscount Astor",indirect,rush
Q13529951,Michael Irvine,Q4799171,Arthur Irvine,parent,rush
Q13529955,"Hylton Jolliffe, 3rd Baron Hylton",Q17279383,William Sydney Hylton Jolliffe,niece/nephew;uncle/aunt,panel;rush
Q13529955,"Hylton Jolliffe, 3rd Baron Hylton",Q5697772,"Hedworth Jolliffe, 2nd Baron Hylton",child;parent,panel;rush
Q13529955,"Hylton Jolliffe, 3rd Baron Hylton",Q8013712,"William Jolliffe, 1st Baron Hylton",grandchild;grandparent,panel;rush
Q13529970,Mark Lennox-Boyd,Q4707145,"Alan Lennox-Boyd, 1st Viscount Boyd of Merton",child;parent,panel;rush
Q13529973,Godfrey Locker-Lampson,Q7087669,Oliver Locker-Lampson,sibling,panel;rush
Q13529974,"Richard Long, 3rd Viscount Long",Q553229,"Walter Long, 1st Viscount Long",child,panel
Q13529974,"Richard Long, 3rd Viscount Long",Q7324695,"Richard Chaloner, 1st Baron Gisborough",niece/nephew,panel
Q13529974,"Richard Long, 3rd Viscount Long",Q7328362,Richard Penruddocke Long,grandchild,panel
Q13529979,"Charles MacAndrew, 1st Baron MacAndrew",Q6140659,James Orr MacAndrew,sibling,rush
Q13529986,Lord George Manners,Q13529987,Lord Cecil Manners,niece/nephew;uncle/aunt,panel;rush
Q13529986,Lord George Manners,Q16066259,Lord Charles Manners,indirect,rush
Q13529986,Lord George Manners,Q2086683,"John Manners, 7th Duke of Rutland",sibling,panel;rush
Q13529986,Lord George Manners,Q3666446,"Charles Manners, 6th Duke of Rutland",sibling,panel
Q13529986,Lord George Manners,Q3784973,"Henry Manners, 8th Duke of Rutland",uncle/aunt,panel
Q13529986,Lord George Manners,Q6679211,Lord Edward Manners,niece/nephew;uncle/aunt,panel;rush
Q13529986,Lord George Manners,Q6679918,Lord Robert Manners,uncle/aunt,rush
Q13529987,Lord Cecil Manners,Q13529986,Lord George Manners,niece/nephew;uncle/aunt,panel;rush
Q13529987,Lord Cecil Manners,Q2086683,"John Manners, 7th Duke of Rutland",child;parent,panel;rush
Q13529987,Lord Cecil Manners,Q3666446,"Charles Manners, 6th Duke of Rutland",niece/nephew,panel
Q13529987,Lord Cecil Manners,Q3784973,"Henry Manners, 8th Duke of Rutland",sibling,panel
Q13529987,Lord Cecil Manners,Q6679211,Lord Edward Manners,sibling,panel;rush
Q13529993,"Sir Frank Meyer, 2nd Baronet",Q7526020,"Sir Anthony Meyer, 3rd Baronet",child;parent,panel;rush
Q13529997,"Hugh Molson, Baron Molson",Q13529998,John Elsdale Molson,child;parent,panel;rush
Q13529998,John Elsdale Molson,Q13529997,"Hugh Molson, Baron Molson",child;parent,panel;rush
Q13529999,"Sir Philip Muntz, 1st Baronet",Q5539445,George Frederick Muntz,child;parent,panel;rush
Q13529999,"Sir Philip Muntz, 1st Baronet",Q7183720,Philip Henry Muntz,indirect;niece/nephew;uncle/aunt,panel;rush
Q13530009,Gerard Noel,Q5081258,"Charles Noel, 2nd Earl of Gainsborough",sibling,panel;rush
Q13530009,Gerard Noel,Q5393618,Ernest Noel,indirect,rush
Q13530009,Gerard Noel,Q7526957,"Sir Gerard Noel, 2nd Baronet",indirect,rush
Q13530012,Phillip Oppenheim,Q1533969,"Sally Oppenheim-Barnes, Baroness Oppenheim-Barnes",child;parent,panel;rush
Q13530022,John Penn,Q5539446,George Frederic Stewart Bowles,indirect,rush
Q13530028,Gervais Rentoul,Q13530029,James Rentoul,parent,rush
Q13530029,James Rentoul,Q13530028,Gervais Rentoul,child,rush
Q13530061,"John Vaughan-Morgan, Baron Reigate",Q26237508,Kenyon Vaughan-Morgan,child;parent,panel;rush
Q13530063,Harry Spencer Waddington,Q334614,"Richard Monckton Milnes, 1st Baron Houghton",indirect,rush
Q13530063,Harry Spencer Waddington,Q7576081,Spencer Horsey de Horsey,sibling,rush
Q13530063,Harry Spencer Waddington,Q7794445,Thomas Thornhill,grandchild,rush
Q13530064,Jonah Walker-Smith,Q5262429,"Derek Walker-Smith, Baron Broxbourne",child;parent,panel;rush
Q13530066,"Sir Charles Welby, 5th Baronet",Q13529938,Lord Augustus Hervey,indirect,rush
Q13530066,"Sir Charles Welby, 5th Baronet",Q19308194,Alfred Welby,niece/nephew;uncle/aunt,panel;rush
Q13530066,"Sir Charles Welby, 5th Baronet",Q7526983,"Sir Glynne Welby, 3rd Baronet",grandchild;grandparent,panel;rush
Q13530066,"Sir Charles Welby, 5th Baronet",Q7529817,"Sir William Welby-Gregory, 4th Baronet",child;parent,panel;rush
Q13530072,Jerry Wiggin,Q265900,Bill Wiggin,child;parent,panel;rush
Q13530077,Henry Wyndham,Q275465,George Wyndham,indirect,rush
Q13530077,Henry Wyndham,Q5083743,Charles Wyndham,sibling,panel;rush
Q13530077,Henry Wyndham,Q5730572,"Henry Wyndham, 2nd Baron Leconfield",niece/nephew,rush
Q13530077,Henry Wyndham,Q7167656,Percy Wyndham,niece/nephew,rush
Q13530078,"Sir William Younger, 1st Baronet, of Auchen Castle",Q7345002,Robert Gunter,indirect,rush
Q13581086,"John St Aubyn, 1st Baron St Levan",Q15725713,"John Townshend, 4th Marquess Townshend",indirect,rush
Q13582499,"Henry Howard, 18th Earl of Suffolk",Q5079163,"Charles Howard, 17th Earl of Suffolk",child;parent,panel;rush
Q13582499,"Henry Howard, 18th Earl of Suffolk",Q5729143,Henry Thomas Howard,niece/nephew;uncle/aunt,panel;rush
Q13582499,"Henry Howard, 18th Earl of Suffolk",Q6136292,James Howard,niece/nephew,panel
Q13582500,"Henry Paget, 2nd Marquess of Anglesey",Q10288965,Lord George Paget,sibling,panel
Q13582500,"Henry Paget, 2nd Marquess of Anglesey",Q369723,Lord Alfred Paget,sibling,panel
Q13582500,"Henry Paget, 2nd Marquess of Anglesey",Q4733782,"Almeric Paget, 1st Baron Queenborough",uncle/aunt,panel
Q13582500,"Henry Paget, 2nd Marquess of Anglesey",Q5726659,"Henry Paget, 3rd Marquess of Anglesey",parent,panel
Q13582500,"Henry Paget, 2nd Marquess of Anglesey",Q6679084,Clarence Paget,sibling,panel
Q13582500,"Henry Paget, 2nd Marquess of Anglesey",Q6680031,William Paget,sibling,panel
Q138559,Lord William Bentinck,Q332933,Lord George Bentinck,niece/nephew,rush
Q138559,Lord William Bentinck,Q600636,George Cavendish-Bentinck,niece/nephew,rush
Q138559,Lord William Bentinck,Q6679336,Lord Henry Bentinck,niece/nephew,rush
Q1386511,"Ronald Munro Ferguson, 1st Viscount Novar",Q16863903,Robert Ferguson,child,panel
Q1386511,"Ronald Munro Ferguson, 1st Viscount Novar",Q7364764,Ronald Craufurd Ferguson,grandchild,panel
Q1441538,Francis Goldsmid,Q15109496,Julian Goldsmid,niece/nephew,rush
Q1441538,Francis Goldsmid,Q15526648,Frederick Goldsmid,sibling,rush
Q1441667,Francis Newdegate,Q5081231,Charles Newdigate Newdegate,indirect,rush
Q1477948,Reginald Talbot,Q19664755,Walter Carpenter,sibling,panel;rush
Q1477948,Reginald Talbot,Q5076220,"Charles Chetwynd-Talbot, 19th Earl of Shrewsbury",sibling,panel;rush
Q1477948,Reginald Talbot,Q93669,"Henry Chetwynd-Talbot, 18th Earl of Shrewsbury",child;parent,panel;rush
Q149062,Samuel Morton Peto,Q4867100,John Peto,grandparent,panel
Q149062,Samuel Morton Peto,Q4867241,Basil Peto,parent,panel
Q149062,Samuel Morton Peto,Q7526332,"Sir Christopher Peto, 3rd Baronet",grandparent,panel
Q14945396,"William Amherst, 2nd Earl Amherst",Q16043442,"William Amherst, 3rd Earl Amherst",parent,panel
Q14945417,"Robert Grosvenor, 1st Baron Ebury",Q333256,"Hugh Grosvenor, 1st Duke of Westminster",niece/nephew;uncle/aunt,panel;rush
Q14945417,"Robert Grosvenor, 1st Baron Ebury",Q4171078,"Richard Grosvenor, 2nd Marquess of Westminster",sibling,panel;rush
Q14945417,"Robert Grosvenor, 1st Baron Ebury",Q7052295,Norman Grosvenor,child;parent,panel;rush
Q14945417,"Robert Grosvenor, 1st Baron Ebury",Q7326097,"Richard Grosvenor, 1st Baron Stalbridge",niece/nephew;uncle/aunt,panel;rush
Q14945417,"Robert Grosvenor, 1st Baron Ebury",Q7344985,"Robert Grosvenor, 2nd Baron Ebury",child;parent,panel;rush
Q14945475,Charles Wynne,Q17198948,Charles Griffith-Wynne,child,panel
Q14949006,John Potter,Q7787488,Thomas Bayley Potter,sibling,panel
Q15040004,Stephen Woulfe,Q5345298,Edward Sheil,grandchild,rush
Q15054299,"Anthony Greenwood, Baron Greenwood of Rossendale",Q333174,Arthur Greenwood,child;parent,panel;rush
Q1506864,George Anson,Q1506865,George Anson,uncle/aunt,rush
Q1506864,George Anson,Q4821369,Augustus Anson,niece/nephew,rush
Q1506864,George Anson,Q7787091,"Thomas Anson, 2nd Earl of Lichfield",niece/nephew,rush
Q1506865,George Anson,Q1506864,George Anson,niece/nephew,rush
Q1506865,George Anson,Q4821369,Augustus Anson,great-niece/nephew,rush
Q1506865,George Anson,Q7787091,"Thomas Anson, 2nd Earl of Lichfield",great-niece/nephew,rush
Q15070089,"Sir Frank Newnes, 2nd Baronet",Q2294382,George Newnes,parent,rush
Q15072591,James Bucknall Bucknall Estcourt,Q16066313,Thomas Grimston Estcourt,parent,rush
Q15072591,James Bucknall Bucknall Estcourt,Q7790328,Thomas Sotheron-Estcourt,sibling,rush
Q15072599,Lord Ernest Hamilton,Q1869870,Lord Frederick Spencer Hamilton,sibling,panel;rush
Q15072599,Lord Ernest Hamilton,Q2679435,Lord Claud Hamilton,sibling,panel;rush
Q15072599,Lord Ernest Hamilton,Q332813,"James Hamilton, 3rd Duke of Abercorn",sibling;uncle/aunt,panel;rush
Q15072599,Lord Ernest Hamilton,Q333628,Lord George Hamilton,sibling,panel;rush
Q15072599,Lord Ernest Hamilton,Q335270,"James Hamilton, 2nd Duke of Abercorn",sibling,panel;rush
Q15072599,Lord Ernest Hamilton,Q336343,"James Hamilton, 5th Duke of Abercorn",indirect,rush
Q15072599,Lord Ernest Hamilton,Q6135508,James Hans Hamilton,indirect,rush
Q15072599,Lord Ernest Hamilton,Q6679103,Lord Claud Hamilton,uncle/aunt,rush
Q1507405,George Gavan Duffy,Q167386,Charles Gavan Duffy,child;indirect,panel;rush
Q1507828,"George Mackie, Baron Mackie of Benshie",Q15976329,"John Mackie, Baron John-Mackie",sibling,panel;rush
Q1508664,"George Younger, 1st Viscount Younger of Leckie",Q333145,"George Younger, 4th Viscount Younger of Leckie",indirect,rush
Q1508664,"George Younger, 1st Viscount Younger of Leckie",Q6390855,Kenneth Younger,grandchild,rush
Q1510187,Gerard Smith,Q11802686,"Sir Matthew White Ridley, 4th Baronet",uncle/aunt,rush
Q1510187,Gerard Smith,Q15452761,John Abel Smith,niece/nephew,panel
Q1510187,Gerard Smith,Q15458169,John Smith,grandchild,panel
Q1510187,Gerard Smith,Q16063401,Martin Tucker Smith,child;parent,panel;rush
Q1510187,Gerard Smith,Q337696,"Matthew White Ridley, 1st Viscount Ridley",cousin,panel;rush
Q1510187,Gerard Smith,Q7528317,"Sir Matthew White Ridley, 3rd Baronet",grandparent,rush
Q15109496,Julian Goldsmid,Q1441538,Francis Goldsmid,uncle/aunt,rush
Q15109496,Julian Goldsmid,Q15526648,Frederick Goldsmid,parent,rush
Q15109540,Henry Winterbotham,Q4800717,Arthur Winterbotham,sibling,rush
Q15229376,"Lena Jeger, Baroness Jeger",Q7420531,Santo Jeger,spouse,rush
Q1533969,"Sally Oppenheim-Barnes, Baroness Oppenheim-Barnes",Q13530012,Phillip Oppenheim,child;parent,panel;rush
Q1537987,Gordon Campbell,Q7526533,"Sir Edward Campbell, 1st Baronet",sibling,panel;rush
Q15433949,Thomas Law Hodges,Q7794613,Thomas Twisden Hodges,child,rush
Q15434224,John Benjamin Smith,Q5346368,Edwin Durning-Lawrence,indirect,rush
Q15452761,John Abel Smith,Q1510187,Gerard Smith,uncle/aunt,panel
Q15452761,John Abel Smith,Q15458169,John Smith,child;parent,panel;rush
Q15452761,John Abel Smith,Q16063401,Martin Tucker Smith,sibling,panel
Q15452761,John Abel Smith,Q26735896,Jervoise Smith,child;parent,panel;rush
Q15452761,John Abel Smith,Q7342786,"Robert Carrington, 2nd Baron Carrington",cousin,panel;rush
Q15452761,John Abel Smith,Q7412657,Samuel Smith,niece/nephew,panel
Q15456270,Hedworth Lambton,Q3377781,Hedworth Meux,indirect,rush
Q15456270,Hedworth Lambton,Q5498238,"Frederick Lambton, 4th Earl of Durham",indirect,rush
Q15456270,Hedworth Lambton,Q5719237,Henry Cavendish,indirect,rush
Q15456740,John Jervis,Q26321345,Swynfen Jervis,cousin,panel;rush
Q15456740,John Jervis,Q26722172,John Jervis,child;parent,panel;rush
Q15458169,John Smith,Q1510187,Gerard Smith,grandparent,panel
Q15458169,John Smith,Q15452761,John Abel Smith,child;parent,panel;rush
Q15458169,John Smith,Q16063401,Martin Tucker Smith,parent,panel
Q15458169,John Smith,Q26735896,Jervoise Smith,grandchild;grandparent,panel;rush
Q15458169,John Smith,Q4666622,Abel Smith,uncle/aunt,panel
Q15458169,John Smith,Q5347782,Egerton Leigh,indirect,rush
Q15458169,John Smith,Q7342786,"Robert Carrington, 2nd Baron Carrington",niece/nephew,rush
Q15458169,John Smith,Q7412657,Samuel Smith,sibling,panel
Q15459988,Henry Slesser,Q5172959,Corrie Grant,indirect,rush
Q15460648,Walter Long,Q553229,"Walter Long, 1st Viscount Long",grandchild;grandparent,panel;rush
Q15460648,Walter Long,Q7324695,"Richard Chaloner, 1st Baron Gisborough",grandparent,panel
Q15460648,Walter Long,Q7328362,Richard Penruddocke Long,child;parent,panel;rush
Q1546121,"Greville Janner, Baron Janner of Braunstone",Q4861635,Barnett Janner,child;parent,panel;rush
Q15526558,George Windsor-Clive,Q1634164,Charles Carmichael Lacaita,indirect,rush
Q15526558,George Windsor-Clive,Q5343428,"Edward Herbert, 2nd Earl of Powis",indirect,rush
Q15526558,George Windsor-Clive,Q5343429,"Edward Herbert, 3rd Earl of Powis",indirect,rush
Q15526558,George Windsor-Clive,Q5546432,George Windsor-Clive,child;parent,panel;rush
Q15526558,George Windsor-Clive,Q7342986,Robert Clive,grandchild;grandparent,panel;rush
Q15526558,George Windsor-Clive,Q7351171,Robert Windsor-Clive,niece/nephew,panel
Q15526648,Frederick Goldsmid,Q1441538,Francis Goldsmid,sibling,rush
Q15526648,Frederick Goldsmid,Q15109496,Julian Goldsmid,child,rush
Q15527009,Lawrence Kimball,Q918902,"Marcus Kimball, Baron Kimball",child;parent,panel;rush
Q1557837,"Gwendolen Guinness, Countess of Iveagh",Q2176533,"Rupert Guinness, 2nd Earl of Iveagh",spouse,rush
Q1557837,"Gwendolen Guinness, Countess of Iveagh",Q332475,"Walter Guinness, 1st Baron Moyne",indirect,rush
Q1557837,"Gwendolen Guinness, Countess of Iveagh",Q4707145,"Alan Lennox-Boyd, 1st Viscount Boyd of Merton",indirect,rush
Q15616177,George Hussey Packe,Q26415474,Charles William Packe,sibling,panel;rush
Q15646836,George Sinclair,Q7528074,"Sir John Sinclair, 3rd Baronet",child;parent,panel;rush
Q15725713,"John Townshend, 4th Marquess Townshend",Q13581086,"John St Aubyn, 1st Baron St Levan",indirect,rush
Q15725713,"John Townshend, 4th Marquess Townshend",Q6261098,"John Townshend, 5th Marquess Townshend",child;parent,panel;rush
Q15725713,"John Townshend, 4th Marquess Townshend",Q6679423,Lord James Townshend,uncle/aunt,rush
Q157259,"John Russell, 1st Earl Russell",Q25689,"Francis Russell, 7th Duke of Bedford",sibling,panel
Q157259,"John Russell, 1st Earl Russell",Q26240540,"Edward Russell, 23rd Baron de Clifford",indirect,rush
Q157259,"John Russell, 1st Earl Russell",Q31177,"George Russell, 10th Duke of Bedford",indirect,rush
Q157259,"John Russell, 1st Earl Russell",Q31178,"Francis Russell, 9th Duke of Bedford",niece/nephew,rush
Q157259,"John Russell, 1st Earl Russell",Q6084189,George W. E. Russell,niece/nephew;uncle/aunt,panel;rush
Q157259,"John Russell, 1st Earl Russell",Q6255964,"John Russell, Viscount Amberley",child;parent,panel;rush
Q157259,"John Russell, 1st Earl Russell",Q6678929,Lord Arthur Russell,niece/nephew,rush
Q157259,"John Russell, 1st Earl Russell",Q6679056,Lord Charles Russell,sibling,panel;rush
Q157259,"John Russell, 1st Earl Russell",Q6679210,Lord Edward Russell,sibling,panel;rush
Q157259,"John Russell, 1st Earl Russell",Q6834882,"William Russell, 8th Duke of Bedford",niece/nephew;uncle/aunt,panel;rush
Q1574706,"John Coleridge, 1st Baron Coleridge",Q4893013,"Bernard Coleridge, 2nd Baron Coleridge",child;parent,panel;rush
Q157691,Edward Ellice,Q26678464,Alexander Ellice,sibling,panel;rush
Q157691,Edward Ellice,Q5342758,Edward Ellice,child;parent,panel;rush
Q15815164,Henry Winnington,Q11803732,"Sir Thomas Winnington, 4th Baronet",sibling;uncle/aunt,panel;rush
Q15815164,Henry Winnington,Q7529312,"Sir Thomas Winnington, 3rd Baronet",sibling,panel
Q15821520,John Westenra,Q5730028,"Henry Westenra, 3rd Baron Rossmore",sibling,panel;rush
Q15976329,"John Mackie, Baron John-Mackie",Q1507828,"George Mackie, Baron Mackie of Benshie",sibling,panel;rush
Q15989854,John Bonham-Carter,Q6222439,John Bonham-Carter,child;parent,panel;rush
Q15990054,Henry Hope,Q1739864,Alexander Beresford Hope,sibling,panel
Q15990103,Henry Keswick,Q167076,William Keswick,child;parent,panel;rush
Q15990151,William Alexander Mackinnon,Q17721888,Lauchlan Bellingham Mackinnon,sibling,rush
Q15990151,William Alexander Mackinnon,Q377175,"Thomas Cochrane, 1st Baron Cochrane of Cults",niece/nephew,rush
Q15990151,William Alexander Mackinnon,Q8004277,William Alexander Mackinnon,child;parent,panel;rush
Q15990183,Charles Morley,Q4795181,Arnold Morley,sibling,panel;rush
Q15990183,Charles Morley,Q7412225,Samuel Morley,child;parent,panel;rush
Q15990357,James Wigram,Q6666722,Loftus Wigram,sibling,panel;rush
Q15995651,William Murdoch Adamson,Q6153138,Jennie Adamson,spouse,rush
Q15996123,Hugh Law,Q5931433,Hugh Law,child;parent,panel;rush
Q15998908,Charles Frederick White,Q5077866,Charles Frederick White,child;parent,panel;rush
Q15998931,Thomas Bethell,Q6221791,"John Bethell, 1st Baron Bethell",sibling,panel;rush
Q15999959,William Rupert Rees-Davies,Q8007633,William Davies,grandparent,rush
Q15999959,William Rupert Rees-Davies,Q8017448,William Rees Morgan Davies,parent,rush
Q16006467,"Sir Ronald Ross, 2nd Baronet",Q7528038,"Sir John Ross, 1st Baronet",parent,rush
Q16008802,Reginald Terrell,Q24289595,Henry Terrell,uncle/aunt,rush
Q16008802,Reginald Terrell,Q5545122,George Terrell,parent,rush
Q16009960,Henry Drummond Wolff,Q1606684,Henry Drummond Wolff,indirect,rush
Q16010090,"Hugh O'Neill, 1st Baron Rathcavan",Q4799859,Arthur O'Neill,sibling,panel;rush
Q16010090,"Hugh O'Neill, 1st Baron Rathcavan",Q5344670,"Edward O'Neill, 2nd Baron O'Neill",child;parent,panel;rush
Q16010090,"Hugh O'Neill, 1st Baron Rathcavan",Q7181222,"Phelim O'Neill, 2nd Baron Rathcavan",child;parent,panel;rush
Q16010090,"Hugh O'Neill, 1st Baron Rathcavan",Q7350434,Robert Torrens O'Neill,niece/nephew;uncle/aunt,panel;rush
Q16017494,Hugh McCartney,Q333318,Ian McCartney,child,rush
Q16022822,John Meir Astbury,Q5499146,Frederick Wolfe Astbury,sibling,rush
Q16023302,"John Philipps, 1st Viscount St Davids",Q3359001,"Owen Philipps, 1st Baron Kylsant",sibling,panel
Q16023302,"John Philipps, 1st Viscount St Davids",Q6099477,Ivor Philipps,sibling,panel
Q16023409,William Clough,Q25845810,Robert Clough,sibling,panel
Q16029286,"Sir John Barlow, 1st Baronet",Q7167232,Percy Barlow,sibling,panel
Q16029286,"Sir John Barlow, 1st Baronet",Q7527585,"Sir John Barlow, 2nd Baronet",parent,panel
Q16030393,Frederick Loverseed,Q6231848,John Eric Loverseed,child,rush
Q16030421,Edward Ridley,Q11802686,"Sir Matthew White Ridley, 4th Baronet",child;parent,panel;rush
Q16030421,Edward Ridley,Q25863273,George Ridley,niece/nephew;uncle/aunt,panel;rush
Q16030421,Edward Ridley,Q337696,"Matthew White Ridley, 1st Viscount Ridley",sibling,panel;rush
Q16030421,Edward Ridley,Q6791421,"Matthew White Ridley, 2nd Viscount Ridley",niece/nephew;uncle/aunt,panel;rush
Q16030421,Edward Ridley,Q7528317,"Sir Matthew White Ridley, 3rd Baronet",grandchild;grandparent,panel;rush
Q16030681,Simon Watson Taylor,Q16741855,George Watson-Taylor,child,panel
Q16030721,"Sir Osmond Williams, 1st Baronet",Q5241134,David Williams,child;parent,panel;rush
Q16031046,Thomas Joseph Healy,Q333199,Timothy Michael Healy,sibling,panel;rush
Q16031046,Thomas Joseph Healy,Q6793186,Maurice Healy,sibling,panel;rush
Q16031050,Frederick Hindle,Q5498038,Frederick Hindle,child,rush
Q16031339,David Waterlow,Q7528999,"Sir Sydney Waterlow, 1st Baronet",child;parent,panel;rush
Q16031440,Alan Coulston Gardner,Q5734170,"Herbert Gardner, 1st Baron Burghclere",sibling,panel
Q16031557,"Horace Farquhar, 1st Earl Farquhar",Q26248630,"Sir Walter Minto Townsend-Farquhar, 2nd Baronet",child;parent,panel;rush
Q16031557,"Horace Farquhar, 1st Earl Farquhar",Q7528950,"Sir Samuel Scott, 6th Baronet",indirect,rush
Q16043442,"William Amherst, 3rd Earl Amherst",Q14945396,"William Amherst, 2nd Earl Amherst",child,panel
Q16043699,James Duncan,Q5233107,David Duncan,parent,rush
Q16043741,"Sir Edward Holden, 1st Baronet",Q3154745,"Sir Isaac Holden, 1st Baronet",parent,rush
Q16058421,William Humphery,Q21556538,John Humphery,parent,rush
Q16058830,"Sir John Heathcoat-Amory, 1st Baronet",Q3181720,John Heathcoat,indirect,rush
Q16058830,"Sir John Heathcoat-Amory, 1st Baronet",Q333039,David Heathcoat-Amory,indirect,rush
Q16058830,"Sir John Heathcoat-Amory, 1st Baronet",Q334287,"Derick Heathcoat-Amory, 1st Viscount Amory",indirect,rush
Q16058834,Henry Howard,Q5723318,Henry Howard,child,panel
Q16058834,Henry Howard,Q7596635,Stafford Howard,sibling,panel;rush
Q16059525,Richard Hamilton Rawson,Q7787091,"Thomas Anson, 2nd Earl of Lichfield",indirect,rush
Q16059525,Richard Hamilton Rawson,Q7926443,"Victor Warrender, 1st Baron Bruntisfield",indirect,rush
Q16059696,"Ion Hamilton, 1st Baron HolmPatrick",Q6135508,James Hans Hamilton,child;parent,panel;rush
Q16059942,Charles Williams-Wynn,Q19819903,Herbert Williams-Wynn,cousin,panel;rush
Q16059942,Charles Williams-Wynn,Q213150,Charles Williams-Wynn,child;parent,panel;rush
Q16059942,Charles Williams-Wynn,Q7527261,"Sir Herbert Williams-Wynn, 7th Baronet",indirect,rush
Q16059942,Charles Williams-Wynn,Q7529424,"Sir Watkin Williams-Wynn, 5th Baronet",niece/nephew;uncle/aunt,panel;rush
Q16059942,Charles Williams-Wynn,Q7529429,"Sir Watkin Williams-Wynn, 6th Baronet",cousin,panel;rush
Q16062449,Lord James Stuart,Q19561079,James Crichton-Stuart,parent,panel
Q16062870,"Sir Alexander Matheson, 1st Baronet",Q4870843,James Matheson,uncle/aunt,rush
Q16063094,"Sir John Rivett-Carnac, 2nd Baronet",Q6142173,"Sir James Rivett-Carnac, 1st Baronet",child;parent,panel;rush
Q16063121,"William Cavendish, 2nd Baron Chesham",Q1026930,"Charles Lyttelton, 8th Viscount Cobham",indirect,rush
Q16063121,"William Cavendish, 2nd Baron Chesham",Q337887,"George Cavendish, 1st Earl of Burlington",grandchild,panel
Q16063121,"William Cavendish, 2nd Baron Chesham",Q5076148,"Charles Cavendish, 1st Baron Chesham",child;parent,panel;rush
Q16063121,"William Cavendish, 2nd Baron Chesham",Q5537511,"George Byng, 2nd Earl of Strafford",indirect,rush
Q16063121,"William Cavendish, 2nd Baron Chesham",Q5719237,Henry Cavendish,niece/nephew,panel
Q16063121,"William Cavendish, 2nd Baron Chesham",Q6245664,"John Lyttelton, 9th Viscount Cobham",grandchild,rush
Q16063401,Martin Tucker Smith,Q1510187,Gerard Smith,child;parent,panel;rush
Q16063401,Martin Tucker Smith,Q15452761,John Abel Smith,sibling,panel
Q16063401,Martin Tucker Smith,Q15458169,John Smith,child,panel
Q16063401,Martin Tucker Smith,Q26735896,Jervoise Smith,uncle/aunt,panel
Q16063401,Martin Tucker Smith,Q7412657,Samuel Smith,niece/nephew,panel
Q16063595,James Sharman Crawford,Q8018324,William Sharman Crawford,parent,rush
Q16063606,Reginald Greville-Nugent,Q26756818,George Greville-Nugent,sibling,panel;rush
Q16063606,Reginald Greville-Nugent,Q4724146,"Algernon Greville, 2nd Baron Greville",sibling,panel;rush
Q16063606,Reginald Greville-Nugent,Q5507949,"Fulke Greville-Nugent, 1st Baron Greville",child;parent,panel;rush
Q16063606,Reginald Greville-Nugent,Q7364912,Ronald Greville,indirect;uncle/aunt,panel;rush
Q16063838,Henry Danby Seymour,Q4723426,Alfred Seymour,sibling,panel;rush
Q16063927,Thomas Conolly,Q5344445,Edward Michael Conolly,child;parent,panel;rush
Q16063945,John Hope-Johnstone,Q6239794,John Hope-Johnstone,grandchild,rush
Q16065355,Houston Stewart,Q11803653,"Sir Michael Shaw-Stewart, 7th Baronet",uncle/aunt,panel
Q16065355,Houston Stewart,Q26258168,"Sir Michael Shaw-Stewart, 6th Baronet",sibling,panel
Q16065524,Francis Crossley,Q3048490,Edward Crossley,indirect,rush
Q16065524,Francis Crossley,Q6227760,John Crossley,sibling,panel;rush
Q16065524,Francis Crossley,Q7428221,"Savile Crossley, 1st Baron Somerleyton",child;indirect;parent,panel;rush
Q16065605,"Sir William Verner, 1st Baronet",Q5345715,"Sir Edward Verner, 4th Baronet",child;parent,panel;rush
Q16065605,"Sir William Verner, 1st Baronet",Q7529810,"Sir William Verner, 2nd Baronet",child;parent,panel;rush
Q16065683,Charles Ashe Windham,Q8012597,William Howe Windham,sibling,rush
Q16065803,Hugh Duncan Baillie,Q5717706,Henry Baillie,child;parent,panel;rush
Q16065803,Hugh Duncan Baillie,Q6133534,James Evan Baillie,sibling,panel
Q16065803,Hugh Duncan Baillie,Q6220294,John Baillie,sibling,rush
Q16065804,"Henry Lygon, 5th Earl Beauchamp",Q5498321,"Frederick Lygon, 6th Earl Beauchamp",sibling,panel;rush
Q16065804,"Henry Lygon, 5th Earl Beauchamp",Q5725205,"Henry Lygon, 4th Earl Beauchamp",child;parent,panel;rush
Q16065804,"Henry Lygon, 5th Earl Beauchamp",Q7620014,"William Lygon, 8th Earl Beauchamp",indirect,rush
Q16065824,Humphrey St John-Mildmay,Q24568662,Paulet St. John Mildmay,sibling,panel;rush
Q16065824,Humphrey St John-Mildmay,Q52340523,Humphrey St John-Mildmay,child;parent,panel;rush
Q16065824,Humphrey St John-Mildmay,Q652514,"Alexander Baring, 1st Baron Ashburton",indirect,rush
Q16065864,Matthias Wolverley Attwood,Q24192596,Matthias Attwood,child;parent,panel;rush
Q16065945,Francis Scully,Q18735550,Vincent Scully,cousin,panel;rush
Q16065995,"Henry Cavendish, 3rd Baron Waterpark",Q7787091,"Thomas Anson, 2nd Earl of Lichfield",indirect,rush
Q16066050,Frederick Richard West,Q8007128,William Cornwallis-West,child;parent,panel;rush
Q16066056,Herbert Baldwin,Q314917,Daniel O'Connell,cousin,panel;rush
Q1606613,Harry Cust,Q13529877,Henry Cockayne-Cust,child;parent,panel;rush
Q1606613,Harry Cust,Q4681850,"Adelbert Brownlow-Cust, 3rd Earl Brownlow",cousin,panel;rush
Q1606613,Harry Cust,Q5076611,Charles Cust,indirect,rush
Q16066148,John Fox-Strangways,Q5935407,"Henry Petty-Fitzmaurice, 4th Marquess of Lansdowne",indirect,rush
Q16066148,John Fox-Strangways,Q8016840,"William Petty-FitzMaurice, Earl of Kerry",indirect,rush
Q16066161,Anthony Henry Ashley-Cooper,Q1147508,Evelyn Ashley,uncle/aunt,panel
Q16066161,Anthony Henry Ashley-Cooper,Q22343752,Anthony John Ashley-Cooper,sibling,panel
Q16066161,Anthony Henry Ashley-Cooper,Q333294,"Anthony Ashley-Cooper, 7th Earl of Shaftesbury",sibling,panel
Q16066161,Anthony Henry Ashley-Cooper,Q4772029,"Anthony Ashley-Cooper, 8th Earl of Shaftesbury",uncle/aunt,panel
Q16066164,"Sir Joseph Bailey, 1st Baronet",Q16240158,Joseph Bailey,child;parent,panel;rush
Q16066164,"Sir Joseph Bailey, 1st Baronet",Q6286713,"Joseph Russell Bailey, 1st Baron Glanusk",grandparent,panel
Q16066171,"Sir Edward Buxton, 2nd Baronet",Q1645717,"Sydney Buxton, 1st Earl Buxton",niece/nephew;uncle/aunt,panel;rush
Q16066171,"Sir Edward Buxton, 2nd Baronet",Q18450,Charles Buxton,grandchild;grandparent,panel;rush
Q16066171,"Sir Edward Buxton, 2nd Baronet",Q2365347,Noel Noel-Buxton,grandchild;grandparent,panel;rush
Q16066171,"Sir Edward Buxton, 2nd Baronet",Q334449,Thomas Fowell Buxton,child;parent,panel;rush
Q16066171,"Sir Edward Buxton, 2nd Baronet",Q5075948,Charles Buxton,sibling,panel;rush
Q16066171,"Sir Edward Buxton, 2nd Baronet",Q5342118,Edward Buxton,child;parent,panel;rush
Q16066171,"Sir Edward Buxton, 2nd Baronet",Q5480390,Francis Buxton,child;parent,panel;rush
Q16066171,"Sir Edward Buxton, 2nd Baronet",Q5591064,"Sir Thomas Buxton, 1st Baronet",child;parent,panel;rush
Q16066255,Patt Lalor,Q7327223,Richard Lalor,child;parent,panel;rush
Q16066259,Lord Charles Manners,Q13529986,Lord George Manners,indirect,rush
Q16066259,Lord Charles Manners,Q6679918,Lord Robert Manners,sibling,panel;rush
Q16066265,William Ord,Q26156134,William Henry Ord,child;parent,panel;rush
Q16066277,Robert Edward Boyle,Q24254646,John Boyle,sibling,panel
Q16066277,Robert Edward Boyle,Q2904392,"Richard Boyle, 9th Earl of Cork",niece/nephew,rush
Q16066277,Robert Edward Boyle,Q8009772,William George Boyle,niece/nephew,rush
Q16066313,Thomas Grimston Estcourt,Q15072591,James Bucknall Bucknall Estcourt,child,rush
Q16066313,Thomas Grimston Estcourt,Q7790328,Thomas Sotheron-Estcourt,child;parent,panel;rush
Q16066415,"Charles Evelyn Pierrepont, Viscount Newark",Q5081660,"Charles Pierrepont, 4th Earl Manvers",niece/nephew;uncle/aunt,panel;rush
Q16066415,"Charles Evelyn Pierrepont, Viscount Newark",Q5344160,"Edward Littleton, 1st Baron Hatherton",indirect,rush
Q16066415,"Charles Evelyn Pierrepont, Viscount Newark",Q7660092,"Sydney Pierrepont, 3rd Earl Manvers",sibling,panel;rush
Q16066453,Hampden Whalley,Q5540190,George Hammond Whalley,child;parent,panel;rush
Q16066471,Lord Colin Campbell,Q334971,"John Campbell, 9th Duke of Argyll",sibling,panel;rush
Q1606684,Henry Drummond Wolff,Q16009960,Henry Drummond Wolff,indirect,rush
Q1606850,"Henry Herbert, 3rd Earl of Carnarvon",Q2056806,Auberon Herbert,parent,panel
Q1606850,"Henry Herbert, 3rd Earl of Carnarvon",Q26234463,Edward Herbert,sibling,panel
Q1607419,Henry Lowry-Corry,Q333378,Henry Lowry-Corry,uncle/aunt,rush
Q16078875,"Sir Douglas Thomson, 2nd Baronet",Q7526794,"Sir Frederick Thomson, 1st Baronet",child;parent,panel;rush
Q160852,William Ewart Gladstone,Q2347324,"Herbert Gladstone, 1st Viscount Gladstone",child;parent,panel;rush
Q160852,William Ewart Gladstone,Q4020043,William Henry Gladstone,child;parent,panel;rush
Q160852,William Ewart Gladstone,Q6250233,John Gladstone,sibling,panel;rush
Q160852,William Ewart Gladstone,Q7529140,"Sir Thomas Gladstone, 2nd Baronet",sibling,panel;rush
Q160852,William Ewart Gladstone,Q8009936,William Glynne Charles Gladstone,grandchild;grandparent,panel;rush
Q16146311,Henry Adeane,Q26293549,Henry Adeane,parent,panel
Q1618119,Hilary Marquand,Q5237142,David Marquand,child,rush
Q16198477,James Cowan,Q5076509,Charles Cowan,sibling,rush
Q16198699,Augustus Godson,Q22020051,Richard Godson,uncle/aunt,rush
Q16203028,"Leopold Agar-Ellis, 5th Viscount Clifden",Q2079517,"George Howard, 7th Earl of Carlisle",cousin,panel;rush
Q16203028,"Leopold Agar-Ellis, 5th Viscount Clifden",Q7786962,"Thomas Agar-Robartes, 6th Viscount Clifden",indirect,rush
Q16203028,"Leopold Agar-Ellis, 5th Viscount Clifden",Q7794220,"Thomas Stonor, 3rd Baron Camoys",indirect,rush
Q16203056,Herbert Curteis,Q26203975,Herbert Barrett Curteis,child;parent,panel;rush
Q16203056,Herbert Curteis,Q26240416,Edward Curteis,niece/nephew;uncle/aunt,panel;rush
Q16239398,John Davenport,Q5668272,Harry Davenport,grandchild,rush
Q16239398,John Davenport,Q8005976,William Bromley-Davenport,indirect,rush
Q16240158,Joseph Bailey,Q16066164,"Sir Joseph Bailey, 1st Baronet",child;parent,panel;rush
Q16240158,Joseph Bailey,Q6286713,"Joseph Russell Bailey, 1st Baron Glanusk",child;parent,panel;rush
Q1628,"David Cecil, 6th Marquess of Exeter",Q4976602,"Brownlow Cecil, 4th Marquess of Exeter",grandparent,rush
Q1628,"David Cecil, 6th Marquess of Exeter",Q8006657,"William Cecil, 3rd Marquess of Exeter",indirect,rush
Q1634164,Charles Carmichael Lacaita,Q15526558,George Windsor-Clive,indirect,rush
Q1636045,"John Roper, Baron Roper",Q1699943,John Edwards,indirect,rush
Q1645717,"Sydney Buxton, 1st Earl Buxton",Q16066171,"Sir Edward Buxton, 2nd Baronet",niece/nephew;uncle/aunt,panel;rush
Q1645717,"Sydney Buxton, 1st Earl Buxton",Q18450,Charles Buxton,indirect,rush
Q1645717,"Sydney Buxton, 1st Earl Buxton",Q2365347,Noel Noel-Buxton,indirect,rush
Q1645717,"Sydney Buxton, 1st Earl Buxton",Q334449,Thomas Fowell Buxton,cousin,panel;rush
Q1645717,"Sydney Buxton, 1st Earl Buxton",Q5075948,Charles Buxton,child;parent,panel;rush
Q1645717,"Sydney Buxton, 1st Earl Buxton",Q5342118,Edward Buxton,cousin,panel;rush
Q1645717,"Sydney Buxton, 1st Earl Buxton",Q5480390,Francis Buxton,cousin,panel;rush
Q1645717,"Sydney Buxton, 1st Earl Buxton",Q5591064,"Sir Thomas Buxton, 1st Baronet",grandchild;grandparent;indirect,panel;rush
Q166635,Stanley Baldwin,Q4090718,"Oliver Baldwin, 2nd Earl Baldwin of Bewdley",child;parent,panel;rush
Q166635,Stanley Baldwin,Q4722280,Alfred Baldwin,child;parent,panel;rush
Q166635,Stanley Baldwin,Q5379272,Enoch Baldwin,indirect,rush
Q166635,Stanley Baldwin,Q6307504,Julian Ridsdale,niece/nephew,rush
Q166646,Ramsay MacDonald,Q333507,Malcolm MacDonald,child;parent,panel;rush
Q166663,Bonar Law,Q12411364,"Richard Law, 1st Baron Coleraine",child;parent,panel;rush
Q166714,H. H. Asquith,Q5345573,"Edward Tennant, 1st Baron Glenconner",indirect,rush
Q166714,H. H. Asquith,Q5662543,Harold Tennant,indirect,rush
Q166714,H. H. Asquith,Q6766776,"Mark Bonham Carter, Baron Bonham-Carter",grandchild,rush
Q166714,H. H. Asquith,Q7526303,"Sir Charles Tennant, 1st Baronet",indirect,rush
Q167076,William Keswick,Q15990103,Henry Keswick,child;parent,panel;rush
Q167386,Charles Gavan Duffy,Q1507405,George Gavan Duffy,indirect;parent,panel;rush
Q16741816,James Charles Dalbiac,Q1680597,"James Innes-Ker, 7th Duke of Roxburghe",grandchild,rush
Q16741823,William Gore-Langton,Q5722087,Henry Gore-Langton,child;parent,panel;rush
Q16741823,William Gore-Langton,Q7619672,"William Temple-Gore-Langton, 4th Earl Temple of Stowe",grandchild,rush
Q16741823,William Gore-Langton,Q8010034,William Gore-Langton,child,rush
Q16741829,Bertie Leighton,Q7526095,"Sir Baldwin Leighton, 7th Baronet",grandchild;grandparent,panel;rush
Q16741829,Bertie Leighton,Q7526096,"Sir Baldwyn Leighton, 8th Baronet",niece/nephew,panel
Q16741829,Bertie Leighton,Q7599747,Stanley Leighton,child;parent,panel;rush
Q16741841,"Sir George Philips, 1st Baronet",Q7526908,"Sir George Philips, 2nd Baronet",parent,panel
Q16741842,John Charles Ramsden,Q11803853,"Sir John Ramsden, 5th Baronet",child;parent,panel;rush
Q16741844,Joshua Scholefield,Q8018184,William Scholefield,child;parent,panel;rush
Q16741853,"Sir Horace St Paul, 1st Baronet",Q26299011,"Sir Horace St Paul, 2nd Baronet",parent,panel
Q16741855,George Watson-Taylor,Q16030681,Simon Watson Taylor,parent,panel
Q1680597,"James Innes-Ker, 7th Duke of Roxburghe",Q16741816,James Charles Dalbiac,grandparent,rush
Q1680597,"James Innes-Ker, 7th Duke of Roxburghe",Q333355,"John Spencer-Churchill, 7th Duke of Marlborough",indirect,rush
Q1680725,"James William Lowther, 1st Viscount Ullswater",Q5056199,Cecil Lowther,sibling,panel;rush
Q1680725,"James William Lowther, 1st Viscount Ullswater",Q5112765,Christopher Lowther,parent,panel
Q1680725,"James William Lowther, 1st Viscount Ullswater",Q5725106,"Henry Lowther, 3rd Earl of Lonsdale",niece/nephew,panel
Q1680725,"James William Lowther, 1st Viscount Ullswater",Q5725113,Henry Lowther,grandchild;grandparent,panel;rush
Q1680725,"James William Lowther, 1st Viscount Ullswater",Q8014752,William Lowther,child;parent,panel;rush
Q16844876,Edward William Pakenham,Q7792979,Thomas Pakenham,sibling,rush
Q16847140,Patrick Boyle Smollett,Q19660923,Alexander Smollett,sibling,rush
Q16849698,Brooks Crompton Wood,Q2644715,Alfred Billson,indirect,rush
Q16858130,Charles O'Connell,Q314917,Daniel O'Connell,indirect,rush
Q16863903,Robert Ferguson,Q1386511,"Ronald Munro Ferguson, 1st Viscount Novar",parent,panel
Q16863903,Robert Ferguson,Q7344305,Robert Ferguson of Raith,sibling;uncle/aunt,rush
Q16863903,Robert Ferguson,Q7364764,Ronald Craufurd Ferguson,child,panel
Q1686926,"Jennie Lee, Baroness Lee of Asheridge",Q325403,Aneurin Bevan,spouse,rush
Q16885523,Edward Bourchier Hartopp,Q13529921,"Lawrence Palk, 1st Baron Haldon",sibling,panel
Q16885562,Richard Price,Q7326042,Richard Green-Price,niece/nephew,rush
Q16887005,George Wilbraham,Q5930822,"Hugh Fortescue, 3rd Earl Fortescue",indirect,rush
Q16887005,George Wilbraham,Q7324261,Richard Bootle-Wilbraham,indirect,rush
Q16910861,James Stuart Rankin,Q7528839,"Sir Robert Rankin, 1st Baronet",sibling,rush
Q16929542,Henry Boyle Bernard,Q5480209,"Francis Bernard, 3rd Earl of Bandon",sibling,panel;rush
Q16929542,Henry Boyle Bernard,Q8018578,William Smyth Bernard,uncle/aunt,rush
Q16931161,George Kinloch,Q7527868,"Sir John Kinloch, 2nd Baronet",grandchild,rush
Q16931294,William Unwin Heygate,Q5498024,"Sir Frederick Heygate, 2nd Baronet",sibling,panel;rush
Q16937367,"Sir John Esmonde, 10th Baronet",Q7529116,"Sir Thomas Esmonde, 11th Baronet",parent,panel
Q16970441,William Acton,Q18671334,George Drought Warburton,niece/nephew,rush
Q1699862,John Dunwoody,Q334006,Gwyneth Dunwoody,spouse,rush
Q1699911,"Sir John Eardley-Wilmot, 1st Baronet",Q7527746,"Sir John Eardley-Wilmot, 2nd Baronet",child;parent,panel;rush
Q1699922,"John Eden, Baron Eden of Winton",Q128995,Anthony Eden,uncle/aunt,rush
Q1699943,John Edwards,Q1636045,"John Roper, Baron Roper",indirect,rush
Q1702096,John Walter,Q1702099,John Walter,child;parent,panel;rush
Q1702099,John Walter,Q1702096,John Walter,child;parent,panel;rush
Q17022007,Lord Edward Thynne,Q338382,"Thomas Thynne, 5th Marquess of Bath",indirect,rush
Q17022007,Lord Edward Thynne,Q43895,"Henry Thynne, 3rd Marquess of Bath",sibling,panel
Q17022007,Lord Edward Thynne,Q6678901,Lord Alexander Thynne,indirect,rush
Q17022007,Lord Edward Thynne,Q6679354,Lord Henry Thynne,niece/nephew;uncle/aunt,panel;rush
Q17027787,Charles George Tottenham,Q24568666,Charles Tottenham,child;parent,panel;rush
Q17081399,Christopher Blackett,Q6222086,John Blackett,child;parent,panel;rush
Q17153067,Nicolson Calvert,Q5076054,Charles Calvert,sibling,panel
Q17180499,James Alexander,Q17180500,Josias du Pré Alexander,sibling,panel
Q17180500,Josias du Pré Alexander,Q17180499,James Alexander,sibling,panel
Q17180535,Edward Warner,Q7526366,"Sir Courtenay Warner, 1st Baronet",child;parent,panel;rush
Q17180626,Charles Wing Gray,Q5078392,Charles Gray Round,indirect,rush
Q17180626,Charles Wing Gray,Q5343295,Edward Hammond Bentall,indirect,rush
Q17180626,Charles Wing Gray,Q6142467,James Round,indirect,rush
Q17198948,Charles Griffith-Wynne,Q14945475,Charles Wynne,parent,panel
Q1726897,"Edward Macnaghten, Baron Macnaghten",Q19974263,"Sir Edmund Workman-Macnaghten, 2nd Baronet",child;parent,panel;rush
Q1726897,"Edward Macnaghten, Baron Macnaghten",Q6742478,Malcolm Macnaghten,child;parent,panel;rush
Q17279210,Albany Hawkes Charlesworth,Q6225806,John Charlesworth Dodgson-Charlesworth,parent,rush
Q17279230,"Sir William Clayton, 5th Baronet",Q26718791,Rice Clayton,sibling,panel
Q17279383,William Sydney Hylton Jolliffe,Q13529955,"Hylton Jolliffe, 3rd Baron Hylton",niece/nephew;uncle/aunt,panel;rush
Q17279383,William Sydney Hylton Jolliffe,Q5697772,"Hedworth Jolliffe, 2nd Baron Hylton",sibling,panel;rush
Q17279383,William Sydney Hylton Jolliffe,Q8013712,"William Jolliffe, 1st Baron Hylton",child;parent,panel;rush
Q17308768,James Balfour,Q19008,Arthur Balfour,grandparent,panel
Q17308768,James Balfour,Q2917086,"Gerald Balfour, 2nd Earl of Balfour",grandparent,panel
Q17308768,James Balfour,Q6138831,James Maitland Balfour,child;parent,panel;rush
Q17318846,"Sir Colman Rashleigh, 2nd Baronet",Q17318849,William Rashleigh,cousin,panel;rush
Q17318846,"Sir Colman Rashleigh, 2nd Baronet",Q7025707,Nicholas Kendall,indirect,rush
Q17318849,William Rashleigh,Q17318846,"Sir Colman Rashleigh, 2nd Baronet",cousin,panel;rush
Q17321359,"Edward Stanley, 2nd Baron Stanley of Alderley",Q13132369,William Owen Stanley,sibling,panel
Q17321359,"Edward Stanley, 2nd Baron Stanley of Alderley",Q5345410,"Edward Stanley, 4th Baron Stanley of Alderley",parent,panel
Q17321359,"Edward Stanley, 2nd Baron Stanley of Alderley",Q711588,"Arthur Stanley, 5th Baron Stanley of Alderley",grandparent,panel
Q17322488,"Ivor Guest, 1st Viscount Wimborne",Q3425074,Frederick Guest,sibling,panel;rush
Q17322488,"Ivor Guest, 1st Viscount Wimborne",Q5393944,Ernest Villiers,indirect,rush
Q17322488,"Ivor Guest, 1st Viscount Wimborne",Q5722290,Henry Guest,sibling,panel;rush
Q17322488,"Ivor Guest, 1st Viscount Wimborne",Q6099395,"Ivor Guest, 2nd Viscount Wimborne",child;parent,panel;rush
Q17322488,"Ivor Guest, 1st Viscount Wimborne",Q6791421,"Matthew White Ridley, 2nd Viscount Ridley",indirect,rush
Q17322488,"Ivor Guest, 1st Viscount Wimborne",Q7106014,Oscar Guest,sibling,panel;rush
Q17325894,"Richard Causton, 1st Baron Southwark",Q7788322,Thomas Chambers,indirect,rush
Q17326575,"Thomas Legh, 2nd Baron Newton",Q5541647,George Legh,uncle/aunt,rush
Q17326575,"Thomas Legh, 2nd Baron Newton",Q6613959,William Bromley-Davenport,indirect,rush
Q17326575,"Thomas Legh, 2nd Baron Newton",Q7175415,"Peter Legh, 4th Baron Newton",grandchild,rush
Q17326575,"Thomas Legh, 2nd Baron Newton",Q8014460,"William Legh, 1st Baron Newton",child;parent,panel;rush
Q1739864,Alexander Beresford Hope,Q15990054,Henry Hope,sibling,panel
Q17421341,Edward Henry Cooper,Q1292752,Edward Joshua Cooper,uncle/aunt,rush
Q17422029,Henry Wilson-Fox,Q5544363,"George Sclater-Booth, 1st Baron Basing",indirect,rush
Q17423536,David Lyon,Q26214250,William Lyon,sibling,panel
Q1747637,"Michael Morris, 1st Baron Killanin",Q25931288,George Morris,sibling,rush
Q1747637,"Michael Morris, 1st Baron Killanin",Q6776217,"Martin Morris, 2nd Baron Killanin",child;parent,panel;rush
Q1748216,"Patrick Maitland, 17th Earl of Lauderdale",Q6470476,Lady Olga Maitland,child;parent,panel;rush
Q175162,"John Patten, Baron Patten",Q23368,Chris Patten,sibling,rush
Q175366,"Quintin Hogg, Baron Hailsham of St Marylebone",Q1292946,Edward Marjoribanks,sibling,panel
Q175366,"Quintin Hogg, Baron Hailsham of St Marylebone",Q332706,"Douglas Hogg, 1st Viscount Hailsham",child;parent,panel;rush
Q175366,"Quintin Hogg, Baron Hailsham of St Marylebone",Q333964,Douglas Hogg,child;parent,panel;rush
Q176472,William Henry Smith,Q5498747,"Frederick Smith, 2nd Viscount Hambleden",child;parent,panel;rush
Q176472,William Henry Smith,Q6256112,"John Ryder, 5th Earl of Harrowby",indirect,rush
Q176524,John Bright,Q3157526,Jacob Bright,sibling,panel;rush
Q176524,John Bright,Q6218435,John Albert Bright,child;parent,panel;rush
Q176524,John Bright,Q8014407,William Leatham Bright,child;parent,panel;rush
Q1765791,"Thomas Shaw, 1st Baron Craigmyle",Q4720072,"Alexander Shaw, 2nd Baron Craigmyle",child;parent,panel;rush
Q1766037,William Watson,Q1967797,"William Watson, Baron Thankerton",child;parent,panel;rush
Q17721888,Lauchlan Bellingham Mackinnon,Q15990151,William Alexander Mackinnon,sibling,rush
Q17721888,Lauchlan Bellingham Mackinnon,Q377175,"Thomas Cochrane, 1st Baron Cochrane of Cults",niece/nephew,rush
Q17721888,Lauchlan Bellingham Mackinnon,Q8004277,William Alexander Mackinnon,parent,rush
Q177235,"Edward Carson, Baron Carson",Q5342221,Edward Carson,parent,panel
Q1791624,"James Roche, 3rd Baron Fermoy",Q1791630,"Maurice Roche, 4th Baron Fermoy",child;parent,panel;rush
Q1791624,"James Roche, 3rd Baron Fermoy",Q5338909,"Edmond Roche, 1st Baron Fermoy",child;parent,panel;rush
Q1791630,"Maurice Roche, 4th Baron Fermoy",Q1791624,"James Roche, 3rd Baron Fermoy",child;parent,panel;rush
Q1791630,"Maurice Roche, 4th Baron Fermoy",Q5338909,"Edmond Roche, 1st Baron Fermoy",grandchild;grandparent,panel;rush
Q180589,Boris Johnson,Q728063,Jo Johnson,sibling,panel;rush
Q18161018,Lewis William Buck,Q5544932,George Stucley,parent,panel
Q181875,Robert Peel,Q20755914,Edmund Peel,sibling,panel
Q181875,Robert Peel,Q2920090,"William Peel, 1st Earl Peel",grandparent,panel
Q181875,Robert Peel,Q3041941,Jonathan Peel,sibling,panel
Q181875,Robert Peel,Q334165,Arthur Peel,parent,panel
Q181875,Robert Peel,Q4685934,"Sir Robert Peel, 3rd Baronet",parent,panel
Q181875,Robert Peel,Q4798804,Arthur George Villiers Peel,grandparent,panel
Q181875,Robert Peel,Q5498541,Frederick Peel,parent,panel
Q181875,Robert Peel,Q5537867,"George Child Villiers, 6th Earl of Jersey",indirect,rush
Q181875,Robert Peel,Q6107323,William Yates Peel,sibling,panel
Q181875,Robert Peel,Q7348806,Robert Peel Dawson,indirect,rush
Q181875,Robert Peel,Q7509271,Sidney Peel,grandparent,panel
Q182035,RAB Butler,Q4678809,Adam Butler,parent,panel
Q183105,Randolph Churchill,Q314773,Lord Randolph Churchill,grandchild;grandparent,panel;rush
Q183105,Randolph Churchill,Q332528,Winston Churchill,child;parent,panel;rush
Q183105,Randolph Churchill,Q8016,Winston Churchill,child;parent,panel;rush
Q18450,Charles Buxton,Q16066171,"Sir Edward Buxton, 2nd Baronet",grandchild;grandparent,panel;rush
Q18450,Charles Buxton,Q1645717,"Sydney Buxton, 1st Earl Buxton",indirect,rush
Q18450,Charles Buxton,Q2365347,Noel Noel-Buxton,sibling,panel;rush
Q18450,Charles Buxton,Q334449,Thomas Fowell Buxton,child;parent,panel;rush
Q18450,Charles Buxton,Q5075948,Charles Buxton,indirect,rush
Q18450,Charles Buxton,Q5342118,Edward Buxton,niece/nephew;uncle/aunt,panel;rush
Q18450,Charles Buxton,Q5480390,Francis Buxton,niece/nephew;uncle/aunt,panel;rush
Q18450,Charles Buxton,Q5591064,"Sir Thomas Buxton, 1st Baronet",indirect,rush
Q1845004,"John Fletcher Moulton, Baron Moulton",Q5932053,Hugh Moulton,parent,panel
Q18526520,Anthony Maitland,Q6138829,"James Maitland, 9th Earl of Lauderdale",sibling,panel
Q18534207,"Sir John Maxwell, 8th Baronet",Q7527921,"Sir John Maxwell, 7th Baronet",child;parent,panel;rush
Q18619569,Alexander Whitelaw,Q26690007,Graeme Whitelaw,child;parent,panel;rush
Q18619569,Alexander Whitelaw,Q8020294,William Whitelaw,child;parent,panel;rush
Q18645992,Thomas Bedford Bolitho,Q5083597,Charles Williams,indirect,rush
Q1866867,"Llin Golding, Baroness Golding",Q11722962,Ness Edwards,parent,rush
Q1866867,"Llin Golding, Baroness Golding",Q6235638,John Golding,spouse,rush
Q18670887,Charles Lushington,Q7609831,Stephen Lushington,sibling,panel;rush
Q18671035,Edward Goulburn,Q5722116,Henry Goulburn,sibling,panel;rush
Q18671334,George Drought Warburton,Q16970441,William Acton,uncle/aunt,rush
Q18671334,George Drought Warburton,Q5075464,Charles Bateman-Hanbury-Kincaid-Lennox,indirect,rush
Q1869870,Lord Frederick Spencer Hamilton,Q15072599,Lord Ernest Hamilton,sibling,panel;rush
Q1869870,Lord Frederick Spencer Hamilton,Q2679435,Lord Claud Hamilton,sibling,panel;rush
Q1869870,Lord Frederick Spencer Hamilton,Q332813,"James Hamilton, 3rd Duke of Abercorn",sibling;uncle/aunt,panel;rush
Q1869870,Lord Frederick Spencer Hamilton,Q333628,Lord George Hamilton,sibling,panel;rush
Q1869870,Lord Frederick Spencer Hamilton,Q335270,"James Hamilton, 2nd Duke of Abercorn",sibling,panel;rush
Q1869870,Lord Frederick Spencer Hamilton,Q336343,"James Hamilton, 5th Duke of Abercorn",indirect,rush
Q1869870,Lord Frederick Spencer Hamilton,Q6135508,James Hans Hamilton,indirect,rush
Q1869870,Lord Frederick Spencer Hamilton,Q6679103,Lord Claud Hamilton,uncle/aunt,rush
Q18708340,Murrough John Wilson,Q7236918,Powlett Milbank,indirect,rush
Q18735550,Vincent Scully,Q16065945,Francis Scully,cousin,panel;rush
Q18735550,Vincent Scully,Q7526562,"Sir Edward Grogan, 1st Baronet",indirect,rush
Q18756734,Gillery Pigott,Q5482197,Francis Pigott Stainsby Conant,sibling,panel
Q18880177,Quintin Dick,Q25927442,William Wentworth FitzWilliam Dick,niece/nephew,rush
Q188999,Austen Chamberlain,Q10664,Neville Chamberlain,sibling,panel;rush
Q188999,Austen Chamberlain,Q315999,Joseph Chamberlain,child;parent,panel;rush
Q188999,Austen Chamberlain,Q7324698,Richard Chamberlain,niece/nephew,panel
Q18917218,Peter Greenall,Q7526970,"Sir Gilbert Greenall, 1st Baronet",sibling,panel;rush
Q18917645,William Dobbs,Q26331244,Conway Dobbs,indirect,rush
Q18922127,Charles Ross,Q4719121,Alexander Henry Ross,child,rush
Q18936317,William Thompson,Q7794388,"Thomas Taylour, 3rd Marquess of Headfort",indirect,rush
Q18936317,William Thompson,Q7794391,"Thomas Taylour, Earl of Bective",grandchild,rush
Q19008,Arthur Balfour,Q17308768,James Balfour,grandchild,panel
Q19008,Arthur Balfour,Q243705,"Robert Gascoyne-Cecil, 3rd Marquess of Salisbury",uncle/aunt,rush
Q19008,Arthur Balfour,Q2917086,"Gerald Balfour, 2nd Earl of Balfour",sibling,panel;rush
Q19008,Arthur Balfour,Q4381482,"James Gascoyne-Cecil, 4th Marquess of Salisbury",cousin,panel;rush
Q19008,Arthur Balfour,Q6138831,James Maitland Balfour,child,panel
Q1907604,"Sir Massey Lopes, 3rd Baronet",Q5725062,"Henry Lopes, 1st Baron Ludlow",sibling,panel;rush
Q1907604,"Sir Massey Lopes, 3rd Baronet",Q5725065,"Henry Lopes, 1st Baron Roborough",child;parent,panel;rush
Q1907604,"Sir Massey Lopes, 3rd Baronet",Q7528514,"Sir Ralph Lopes, 2nd Baronet",child;parent,panel;rush
Q19308194,Alfred Welby,Q13530066,"Sir Charles Welby, 5th Baronet",niece/nephew;uncle/aunt,panel;rush
Q19308194,Alfred Welby,Q7526983,"Sir Glynne Welby, 3rd Baronet",child;parent,panel;rush
Q19308194,Alfred Welby,Q7529817,"Sir William Welby-Gregory, 4th Baronet",sibling,panel;rush
Q19324979,Moses Manfield,Q5670875,Harry Manfield,child;parent,panel;rush
Q19325553,John Martin,Q26611669,John Martin,parent,panel
Q19325850,Joseph Cowen,Q5612667,Joseph Cowen,child;parent,panel;rush
Q193656,"Henry Temple, 3rd Viscount Palmerston",Q8007204,"William Cowper-Temple, 1st Baron Mount Temple",indirect,rush
Q195013,"Nancy Astor, Viscountess Astor",Q2580935,"William Astor, 3rd Viscount Astor",child;parent,panel;rush
Q195013,"Nancy Astor, Viscountess Astor",Q2619726,"Waldorf Astor, 2nd Viscount Astor",spouse,rush
Q195013,"Nancy Astor, Viscountess Astor",Q332783,"John Jacob Astor, 1st Baron Astor of Hever",indirect,rush
Q195013,"Nancy Astor, Viscountess Astor",Q6125171,Jakie Astor,child;parent,panel;rush
Q195013,"Nancy Astor, Viscountess Astor",Q6219659,John Astor,indirect,rush
Q195013,"Nancy Astor, Viscountess Astor",Q6828289,Michael Astor,child;parent,panel;rush
Q19560490,Clavering Fison,Q5497772,Frederick Fison,indirect,rush
Q19561079,James Crichton-Stuart,Q16062449,Lord James Stuart,child,panel
Q1960282,"Chichester Parkinson-Fortescue, 1st Baron Carlingford",Q7789736,"Thomas Fortescue, 1st Baron Clermont",sibling,panel
Q19653702,Christopher Turnor,Q5339871,Edmund Turnor,child,rush
Q19660923,Alexander Smollett,Q16847140,Patrick Boyle Smollett,sibling,rush
Q19664755,Walter Carpenter,Q1477948,Reginald Talbot,sibling,panel;rush
Q19664755,Walter Carpenter,Q5076220,"Charles Chetwynd-Talbot, 19th Earl of Shrewsbury",sibling,panel;rush
Q19664755,Walter Carpenter,Q93669,"Henry Chetwynd-Talbot, 18th Earl of Shrewsbury",child;parent,panel;rush
Q1967797,"William Watson, Baron Thankerton",Q1766037,William Watson,child;parent,panel;rush
Q197894,Owen Paterson,Q324805,"Nicholas Ridley, Baron Ridley of Liddesdale",indirect,rush
Q19819903,Herbert Williams-Wynn,Q16059942,Charles Williams-Wynn,cousin,panel;rush
Q19819903,Herbert Williams-Wynn,Q213150,Charles Williams-Wynn,niece/nephew;uncle/aunt,panel;rush
Q19819903,Herbert Williams-Wynn,Q7527261,"Sir Herbert Williams-Wynn, 7th Baronet",child;parent,panel;rush
Q19819903,Herbert Williams-Wynn,Q7529424,"Sir Watkin Williams-Wynn, 5th Baronet",child;parent,panel;rush
Q19819903,Herbert Williams-Wynn,Q7529429,"Sir Watkin Williams-Wynn, 6th Baronet",sibling,panel;rush
Q19819961,Charles Whitley Deans Dundas,Q509060,James Dundas,parent,rush
Q19871710,Richard Burgon,Q337923,Colin Burgon,uncle/aunt,rush
Q19873805,Edward Hain,Q5257515,Denis Shipwright,indirect,rush
Q19883124,Stuart Donaldson,Q5645403,Hamish Watt,grandparent,rush
Q19901871,"Charles Perceval, 7th Earl of Egmont",Q5543323,"George Perceval, 6th Earl of Egmont",uncle/aunt,rush
Q19902309,George Robert Smith,Q7342786,"Robert Carrington, 2nd Baron Carrington",cousin,panel;rush
Q19931188,Pryse Pryse,Q26238259,Pryse Loveden,child;parent,panel;rush
Q19931188,Pryse Pryse,Q26252883,Edward Pryse,child,rush
Q19931188,Pryse Pryse,Q8005976,William Bromley-Davenport,indirect,rush
Q19938362,Victoria Atkins,Q333736,Robert Atkins,child;parent,panel;rush
Q19956787,James Cartlidge,Q689589,Gerald Howarth,indirect,rush
Q19957586,Peter Dowd,Q7175610,Peter Mahon,uncle/aunt,rush
Q19957586,Peter Dowd,Q7519253,Simon Mahon,uncle/aunt,rush
Q19974203,John Remington Mills,Q26720135,Thomas Mills,sibling,rush
Q19974263,"Sir Edmund Workman-Macnaghten, 2nd Baronet",Q1726897,"Edward Macnaghten, Baron Macnaghten",child;parent,panel;rush
Q19974263,"Sir Edmund Workman-Macnaghten, 2nd Baronet",Q6742478,Malcolm Macnaghten,grandchild;grandparent,panel;rush
Q19974655,John Arthur Fyler,Q6232701,John Fane,indirect,rush
Q20054043,Archibald Stirling,Q334215,"Sir William Stirling-Maxwell, 9th Baronet",child,panel
Q20054043,Archibald Stirling,Q7528094,"Sir John Stirling-Maxwell, 10th Baronet",sibling,panel
Q20054083,Victoria Prentis,Q334491,Tim Boswell,child;parent,panel;rush
Q203129,Duncan Sandys,Q478832,Laura Sandys,child;parent,panel;rush
Q203129,Duncan Sandys,Q5259049,Dennis Walters,indirect,rush
Q203129,Duncan Sandys,Q5541118,George John Sandys,child;parent,panel;rush
Q203129,Duncan Sandys,Q7192595,Piers Dixon,indirect,rush
Q203129,Duncan Sandys,Q8016,Winston Churchill,indirect,rush
Q2034621,"Henry Pelham-Clinton, 6th Duke of Newcastle",Q2492102,"Henry Pelham-Clinton, 5th Duke of Newcastle",child;parent,panel;rush
Q2034621,"Henry Pelham-Clinton, 6th Duke of Newcastle",Q6678926,Lord Arthur Clinton,sibling,panel;rush
Q2034621,"Henry Pelham-Clinton, 6th Duke of Newcastle",Q6679041,Lord Charles Clinton,niece/nephew;uncle/aunt,panel;rush
Q2034621,"Henry Pelham-Clinton, 6th Duke of Newcastle",Q6679205,Lord Edward Clinton,sibling,panel;rush
Q2034621,"Henry Pelham-Clinton, 6th Duke of Newcastle",Q6679913,Lord Robert Clinton,niece/nephew;uncle/aunt,panel;rush
Q2056806,Auberon Herbert,Q1606850,"Henry Herbert, 3rd Earl of Carnarvon",child,panel
Q2056806,Auberon Herbert,Q26234463,Edward Herbert,niece/nephew,panel
Q2056806,Auberon Herbert,Q4819126,Aubrey Herbert,indirect,rush
Q205777,"Charles Shaw-Lefevre, 1st Viscount Eversley",Q5544472,"George Shaw-Lefevre, 1st Baron Eversley",niece/nephew;uncle/aunt,panel;rush
Q205777,"Charles Shaw-Lefevre, 1st Viscount Eversley",Q6257470,John Shaw-Lefevre,sibling,panel
Q20639285,Joseph Crook,Q8017399,William Rawson Shaw,indirect,rush
Q20648385,Tom Tugendhat,Q336205,"Christopher Tugendhat, Baron Tugendhat",uncle/aunt,rush
Q20755914,Edmund Peel,Q181875,Robert Peel,sibling,panel
Q20755914,Edmund Peel,Q3041941,Jonathan Peel,sibling,panel
Q20755914,Edmund Peel,Q334165,Arthur Peel,uncle/aunt,panel
Q20755914,Edmund Peel,Q4685934,"Sir Robert Peel, 3rd Baronet",uncle/aunt,panel
Q20755914,Edmund Peel,Q5498541,Frederick Peel,uncle/aunt,panel
Q20755914,Edmund Peel,Q6107323,William Yates Peel,sibling,panel
Q2078620,"Peter Temple-Morris, Baron Temple-Morris",Q7114653,Owen Temple-Morris,parent,rush
Q2079517,"George Howard, 7th Earl of Carlisle",Q16203028,"Leopold Agar-Ellis, 5th Viscount Clifden",cousin,panel;rush
Q2079517,"George Howard, 7th Earl of Carlisle",Q26237499,Frederick Howard,sibling,rush
Q2079517,"George Howard, 7th Earl of Carlisle",Q337630,"George Howard, 9th Earl of Carlisle",niece/nephew;uncle/aunt,panel;rush
Q2079517,"George Howard, 7th Earl of Carlisle",Q5079173,Charles Howard,sibling,panel;rush
Q2079517,"George Howard, 7th Earl of Carlisle",Q5343513,"Edward Howard, 1st Baron Lanerton",sibling,panel;rush
Q208665,Arthur Henderson,Q4799010,"Arthur Henderson, Baron Rowley",child;parent,panel;rush
Q208665,Arthur Henderson,Q8011845,"William Henderson, 1st Baron Henderson",child;parent,panel;rush
Q2086683,"John Manners, 7th Duke of Rutland",Q13529986,Lord George Manners,sibling,panel;rush
Q2086683,"John Manners, 7th Duke of Rutland",Q13529987,Lord Cecil Manners,child;parent,panel;rush
Q2086683,"John Manners, 7th Duke of Rutland",Q3666446,"Charles Manners, 6th Duke of Rutland",sibling,panel;rush
Q2086683,"John Manners, 7th Duke of Rutland",Q3784973,"Henry Manners, 8th Duke of Rutland",child;parent,panel;rush
Q2086683,"John Manners, 7th Duke of Rutland",Q6679211,Lord Edward Manners,child;parent,panel;rush
Q2086683,"John Manners, 7th Duke of Rutland",Q6679918,Lord Robert Manners,uncle/aunt,rush
Q20878060,William Robert Maurice Wynne,Q8020060,William Watkin Edward Wynne,child;parent,panel;rush
Q21079151,Charles Powell Leslie,Q7527888,"Sir John Leslie, 1st Baronet",sibling,panel;rush
Q21165155,Isaac Fletcher,Q25843198,William Fletcher,cousin,panel;rush
Q21165612,John Ashley Warre,Q5078424,Charles Grenfell,indirect,rush
Q21165612,John Ashley Warre,Q5078425,Charles Grenfell,indirect,rush
Q21165612,John Ashley Warre,Q5722211,Henry Grenfell,indirect,rush
Q21165641,Charles Towneley,Q3610759,Lord Alexander Gordon-Lennox,indirect,rush
Q21165641,Charles Towneley,Q6261064,John Towneley,sibling,panel;rush
Q21182770,James O'Brien,Q26722303,John O'Brien,sibling,rush
Q21182770,James O'Brien,Q5171428,Cornelius O'Brien,indirect,rush
Q211856,"Philip Noel-Baker, Baron Noel-Baker",Q5482059,Francis Noel-Baker,child;parent,panel;rush
Q211856,"Philip Noel-Baker, Baron Noel-Baker",Q6280988,Joseph Allen Baker,child;parent,panel;rush
Q212700,Charles Napier,Q7528194,"Sir Joseph Napier, 1st Baronet",indirect,rush
Q213150,Charles Williams-Wynn,Q16059942,Charles Williams-Wynn,child;parent,panel;rush
Q213150,Charles Williams-Wynn,Q19819903,Herbert Williams-Wynn,niece/nephew;uncle/aunt,panel;rush
Q213150,Charles Williams-Wynn,Q7527261,"Sir Herbert Williams-Wynn, 7th Baronet",indirect,rush
Q213150,Charles Williams-Wynn,Q7529424,"Sir Watkin Williams-Wynn, 5th Baronet",sibling,panel;rush
Q213150,Charles Williams-Wynn,Q7529429,"Sir Watkin Williams-Wynn, 6th Baronet",niece/nephew;uncle/aunt,panel;rush
Q213756,Robert FitzRoy,Q24568589,James Fitzroy,cousin,panel;rush
Q213756,Robert FitzRoy,Q26215707,Lord Frederick Fitzroy,indirect,rush
Q213756,Robert FitzRoy,Q337872,"Henry FitzRoy, 5th Duke of Grafton",cousin,panel;rush
Q213756,Robert FitzRoy,Q338004,"William FitzRoy, 6th Duke of Grafton",indirect,rush
Q213756,Robert FitzRoy,Q560595,Charles FitzRoy,sibling,panel
Q213756,Robert FitzRoy,Q6679044,Lord Charles FitzRoy,cousin,panel;rush
Q2141938,William Cobbett,Q26252809,John Cobbett,child,rush
Q21541762,Archibald Hastie,Q26257507,Alexander Hastie,cousin,panel;rush
Q21545203,Norman Lamont,Q6137736,James Lamont,indirect,rush
Q21545203,Norman Lamont,Q7528392,"Sir Norman Lamont, 2nd Baronet",indirect,rush
Q21545376,Alfred Wigram,Q5497775,Frederick Fitzwygram,cousin,panel;rush
Q21548516,Charles Knightley,Q7284541,"Rainald Knightley, 1st Baron Knightley",child;parent,panel;rush
Q21548522,David Colthurst,Q5538071,"Sir George Colthurst, 5th Baronet",sibling,panel;rush
Q21548537,Edmund Haviland-Burke,Q23692064,Edmund Haviland-Burke,child;parent,panel;rush
Q21548658,John Seale,Q5082424,Charles Seale-Hayne,grandchild,rush
Q21548703,Morgan O'Connell,Q314917,Daniel O'Connell,uncle/aunt,rush
Q21548703,Morgan O'Connell,Q3809512,John O'Connell,cousin,panel;rush
Q21548703,Morgan O'Connell,Q5218291,Daniel O'Connell,cousin,panel;rush
Q21548703,Morgan O'Connell,Q6793386,Maurice O'Connell,cousin,panel;rush
Q21548703,Morgan O'Connell,Q6911794,Morgan O'Connell,cousin,panel;rush
Q21548736,Philip O'Doherty,Q26265354,William O'Doherty,sibling,rush
Q21548769,Richard Sanderson,Q334203,"Charles Manners-Sutton, 1st Viscount Canterbury",indirect,rush
Q21554127,Brampton Gurdon,Q11801484,John Gurdon Rebow,sibling,panel;rush
Q21554127,Brampton Gurdon,Q7345003,"Robert Gurdon, 1st Baron Cranworth",child;parent,panel;rush
Q21554127,Brampton Gurdon,Q8005851,William Brampton Gurdon,child,rush
Q21556538,John Humphery,Q16058421,William Humphery,child,rush
Q21556542,Stewart Marjoribanks,Q5075009,Charles Marjoribanks,indirect,rush
Q21557349,William Rickford Collett,Q26258135,John Collett,sibling,rush
Q2157350,Robert Grant,Q333452,"Charles Grant, 1st Baron Glenelg",sibling,panel;rush
Q216594,Ed Miliband,Q272670,David Miliband,sibling,panel;rush
Q2176533,"Rupert Guinness, 2nd Earl of Iveagh",Q1557837,"Gwendolen Guinness, Countess of Iveagh",spouse,rush
Q2176533,"Rupert Guinness, 2nd Earl of Iveagh",Q3069915,"Paul Channon, Baron Kelvedon",grandchild,rush
Q2176533,"Rupert Guinness, 2nd Earl of Iveagh",Q332475,"Walter Guinness, 1st Baron Moyne",sibling,panel;rush
Q22001642,John Forster,Q26722125,Matthew Forster,child;parent,panel;rush
Q22020041,Joseph Ferguson,Q7344299,Robert Ferguson,child,rush
Q22020051,Richard Godson,Q16198699,Augustus Godson,niece/nephew,rush
Q22039450,Frederick Child-Villiers,Q5480517,Francis Child Villiers,sibling,panel;rush
Q22039450,Frederick Child-Villiers,Q5537867,"George Child Villiers, 6th Earl of Jersey",sibling,panel;rush
Q22039470,James Stanhope,Q5345405,Edward Stanhope,indirect,rush
Q22039578,Thomas Matheson,Q4870843,James Matheson,sibling,rush
Q22041121,Richard Vyse,Q8013712,"William Jolliffe, 1st Baron Hylton",indirect,rush
Q222458,"Frederick Stanley, 16th Earl of Derby",Q237829,"Edward Smith-Stanley, 14th Earl of Derby",child;parent,panel;rush
Q222458,"Frederick Stanley, 16th Earl of Derby",Q25861357,Henry Stanley,niece/nephew,panel
Q222458,"Frederick Stanley, 16th Earl of Derby",Q332789,"Edward Stanley, 15th Earl of Derby",sibling,panel
Q222458,"Frederick Stanley, 16th Earl of Derby",Q335754,"Edward Smith-Stanley, 13th Earl of Derby",grandchild,panel
Q222458,"Frederick Stanley, 16th Earl of Derby",Q338427,"Edward Stanley, 17th Earl of Derby",child;parent,panel;rush
Q222458,"Frederick Stanley, 16th Earl of Derby",Q3497552,Oliver Stanley,grandchild;grandparent,panel;rush
Q222458,"Frederick Stanley, 16th Earl of Derby",Q4800349,Arthur Stanley,parent,panel
Q222458,"Frederick Stanley, 16th Earl of Derby",Q5345413,"Edward Stanley, Lord Stanley",grandchild;grandparent,panel;rush
Q222458,"Frederick Stanley, 16th Earl of Derby",Q5345728,"Edward Villiers, 5th Earl of Clarendon",indirect,rush
Q222458,"Frederick Stanley, 16th Earl of Derby",Q5539480,George Stanley,child;parent,panel;rush
Q22343752,Anthony John Ashley-Cooper,Q1147508,Evelyn Ashley,uncle/aunt,panel
Q22343752,Anthony John Ashley-Cooper,Q16066161,Anthony Henry Ashley-Cooper,sibling,panel
Q22343752,Anthony John Ashley-Cooper,Q333294,"Anthony Ashley-Cooper, 7th Earl of Shaftesbury",sibling,panel
Q22343752,Anthony John Ashley-Cooper,Q4772029,"Anthony Ashley-Cooper, 8th Earl of Shaftesbury",uncle/aunt,panel
Q22344373,James Knox,Q6238860,John Henry Knox,sibling,panel
Q22344373,James Knox,Q7791584,"Thomas Knox, 2nd Earl of Ranfurly",sibling,panel;rush
Q22344373,James Knox,Q7791585,"Thomas Knox, 3rd Earl of Ranfurly",niece/nephew;uncle/aunt,panel;rush
Q22344373,James Knox,Q8014090,William Knox,niece/nephew;uncle/aunt,panel;rush
Q225392,John Redmond,Q8004519,William Archer Redmond,child;parent,panel;rush
Q225392,John Redmond,Q8017428,William Redmond,child;parent,panel;rush
Q225392,John Redmond,Q8021781,Willie Redmond,sibling,panel;rush
Q2271478,"Reginald Manningham-Buller, 1st Viscount Dilhorne",Q3703236,"David Lindsay, 27th Earl of Crawford",indirect,rush
Q2271478,"Reginald Manningham-Buller, 1st Viscount Dilhorne",Q7528325,Mervyn Manningham-Buller,child;parent,panel;rush
Q2294382,George Newnes,Q15070089,"Sir Frank Newnes, 2nd Baronet",child,rush
Q23368,Chris Patten,Q175162,"John Patten, Baron Patten",sibling,rush
Q2347324,"Herbert Gladstone, 1st Viscount Gladstone",Q160852,William Ewart Gladstone,child;parent,panel;rush
Q2347324,"Herbert Gladstone, 1st Viscount Gladstone",Q4020043,William Henry Gladstone,sibling,panel;rush
Q2347324,"Herbert Gladstone, 1st Viscount Gladstone",Q6250233,John Gladstone,niece/nephew;uncle/aunt,panel;rush
Q2347324,"Herbert Gladstone, 1st Viscount Gladstone",Q7529140,"Sir Thomas Gladstone, 2nd Baronet",niece/nephew;uncle/aunt,panel;rush
Q2347324,"Herbert Gladstone, 1st Viscount Gladstone",Q8009936,William Glynne Charles Gladstone,niece/nephew;uncle/aunt,panel;rush
Q23617099,Lord John Scott,Q337464,"John Montagu Douglas Scott, 7th Duke of Buccleuch",indirect,rush
Q23617099,Lord John Scott,Q337468,"William Montagu Douglas Scott, 6th Duke of Buccleuch",niece/nephew,rush
Q23617099,Lord John Scott,Q664073,"Henry Douglas-Scott-Montagu, 1st Baron Montagu of Beaulieu",niece/nephew,rush
Q2364372,Francis Charles Bridgeman,Q5537238,"George Bridgeman, 4th Earl of Bradford",sibling,panel
Q2364372,Francis Charles Bridgeman,Q7103052,"Orlando Bridgeman, 3rd Earl of Bradford",child,panel
Q2365347,Noel Noel-Buxton,Q16066171,"Sir Edward Buxton, 2nd Baronet",grandchild;grandparent,panel;rush
Q2365347,Noel Noel-Buxton,Q1645717,"Sydney Buxton, 1st Earl Buxton",indirect,rush
Q2365347,Noel Noel-Buxton,Q18450,Charles Buxton,sibling,panel;rush
Q2365347,Noel Noel-Buxton,Q334449,Thomas Fowell Buxton,child;parent,panel;rush
Q2365347,Noel Noel-Buxton,Q5075948,Charles Buxton,indirect,rush
Q2365347,Noel Noel-Buxton,Q5342118,Edward Buxton,niece/nephew;uncle/aunt,panel;rush
Q2365347,Noel Noel-Buxton,Q5480390,Francis Buxton,niece/nephew;uncle/aunt,panel;rush
Q2365347,Noel Noel-Buxton,Q5591064,"Sir Thomas Buxton, 1st Baronet",indirect,rush
Q2365347,Noel Noel-Buxton,Q6698437,"Lucy Noel-Buxton, Baroness Noel-Buxton",spouse,rush
Q23692064,Edmund Haviland-Burke,Q21548537,Edmund Haviland-Burke,child;parent,panel;rush
Q2374406,William Kenyon-Slaney,Q11802984,Robert Aglionby Slaney,grandparent,rush
Q2374406,William Kenyon-Slaney,Q7183891,Philip Kenyon-Slaney,niece/nephew,rush
Q237829,"Edward Smith-Stanley, 14th Earl of Derby",Q222458,"Frederick Stanley, 16th Earl of Derby",child;parent,panel;rush
Q237829,"Edward Smith-Stanley, 14th Earl of Derby",Q25861357,Henry Stanley,sibling,panel
Q237829,"Edward Smith-Stanley, 14th Earl of Derby",Q332789,"Edward Stanley, 15th Earl of Derby",child;parent,panel;rush
Q237829,"Edward Smith-Stanley, 14th Earl of Derby",Q335754,"Edward Smith-Stanley, 13th Earl of Derby",child,panel
Q237829,"Edward Smith-Stanley, 14th Earl of Derby",Q338427,"Edward Stanley, 17th Earl of Derby",grandchild;grandparent,panel;rush
Q237829,"Edward Smith-Stanley, 14th Earl of Derby",Q4800349,Arthur Stanley,grandparent,panel
Q237829,"Edward Smith-Stanley, 14th Earl of Derby",Q5345412,Edward Stanley,child,rush
Q237829,"Edward Smith-Stanley, 14th Earl of Derby",Q5539480,George Stanley,grandparent,panel
Q237829,"Edward Smith-Stanley, 14th Earl of Derby",Q7324261,Richard Bootle-Wilbraham,indirect,rush
Q24082,Patrick Jenkin,Q727852,Bernard Jenkin,child;parent,panel;rush
Q2411883,"Victor Cavendish, 9th Duke of Devonshire",Q2761950,"Edward Cavendish, 10th Duke of Devonshire",child;parent,panel;rush
Q2411883,"Victor Cavendish, 9th Duke of Devonshire",Q334063,"Spencer Cavendish, 8th Duke of Devonshire",niece/nephew;uncle/aunt,panel;rush
Q2411883,"Victor Cavendish, 9th Duke of Devonshire",Q337520,Lord Frederick Cavendish,niece/nephew,panel
Q2411883,"Victor Cavendish, 9th Duke of Devonshire",Q337626,"William Cavendish, 7th Duke of Devonshire",grandchild;grandparent,panel;rush
Q2411883,"Victor Cavendish, 9th Duke of Devonshire",Q337905,Lord Edward Cavendish,child;parent,panel;rush
Q2411883,"Victor Cavendish, 9th Duke of Devonshire",Q5719237,Henry Cavendish,indirect,rush
Q2411883,"Victor Cavendish, 9th Duke of Devonshire",Q6679279,Lord George Cavendish,indirect,rush
Q2411883,"Victor Cavendish, 9th Duke of Devonshire",Q6679906,Lord Richard Cavendish,sibling,panel;rush
Q24153864,George Hill,Q4799783,"Arthur Moyses William Hill, 2nd Baron Sandys",sibling,panel
Q24153864,George Hill,Q6758436,"Marcus Sandys, 3rd Baron Sandys",sibling,panel
Q24192596,Matthias Attwood,Q16065864,Matthias Wolverley Attwood,child;parent,panel;rush
Q24192596,Matthias Attwood,Q4533139,Thomas Attwood,sibling,rush
Q24238802,Thomas Calley,Q7788351,Thomas Calley,indirect,rush
Q24238861,Joseph Cripps,Q8007291,William Cripps,child,rush
Q24239140,Mervyn Archdall,Q6820891,Mervyn Edward Archdale,niece/nephew,rush
Q24239140,Mervyn Archdall,Q8012677,William Humphrys Archdale,niece/nephew,rush
Q24239146,Thomas Barrett Lennard,Q7529041,"Sir Thomas Barrett-Lennard, 1st Baronet",child;parent,panel;rush
Q24248901,Samuel White,Q26218356,Luke White,sibling,panel;rush
Q24248901,Samuel White,Q5083590,Charles William White,niece/nephew;uncle/aunt,panel;rush
Q24248901,Samuel White,Q5730053,"Henry White, 1st Baron Annaly",sibling,panel;rush
Q24248901,Samuel White,Q6702449,"Luke White, 2nd Baron Annaly",uncle/aunt,panel
Q24254646,John Boyle,Q16066277,Robert Edward Boyle,sibling,panel
Q24254779,John Hales Calcraft,Q24254838,Granby Calcraft,sibling,panel
Q24254779,John Hales Calcraft,Q26267738,John Calcraft,child;parent,panel;rush
Q24254779,John Hales Calcraft,Q6224784,John Calcraft,child,panel
Q24254838,Granby Calcraft,Q24254779,John Hales Calcraft,sibling,panel
Q24254838,Granby Calcraft,Q26267738,John Calcraft,uncle/aunt,panel
Q24254838,Granby Calcraft,Q6224784,John Calcraft,child,panel
Q24254896,Robert Clements,Q26258111,Charles Clements,sibling,panel;rush
Q24254896,Robert Clements,Q5723964,Henry John Clements,indirect,rush
Q24254896,Robert Clements,Q8006887,"William Clements, 3rd Earl of Leitrim",sibling,panel;rush
Q24254897,Henry Clive,Q11801709,Edward Clive,sibling,panel
Q24254897,Henry Clive,Q5537991,George Clive,uncle/aunt,panel
Q24254979,Arthur Cole,Q26388219,John Cole,niece/nephew,rush
Q24254979,Arthur Cole,Q5719665,Henry Cole,indirect,rush
Q24254979,Arthur Cole,Q6694156,"Lowry Cole, 4th Earl of Enniskillen",indirect;sibling,rush
Q24254979,Arthur Cole,Q8006971,"William Cole, 3rd Earl of Enniskillen",niece/nephew,rush
Q24288427,Lord Alfred Spencer-Churchill,Q314773,Lord Randolph Churchill,uncle/aunt,panel
Q24288427,Lord Alfred Spencer-Churchill,Q333355,"John Spencer-Churchill, 7th Duke of Marlborough",sibling,panel
Q24288427,Lord Alfred Spencer-Churchill,Q333601,"George Spencer-Churchill, 6th Duke of Marlborough",child,panel
Q24288427,Lord Alfred Spencer-Churchill,Q6679059,Lord Charles Spencer-Churchill,niece/nephew,panel
Q24289595,Henry Terrell,Q16008802,Reginald Terrell,niece/nephew,rush
Q24289595,Henry Terrell,Q5545122,George Terrell,sibling,rush
Q2435270,Timothy O'Brien,Q741075,"Sir Patrick O'Brien, 2nd Baronet",child;parent,panel;rush
Q243705,"Robert Gascoyne-Cecil, 3rd Marquess of Salisbury",Q12702,Robert Cecil,child;parent,panel;rush
Q243705,"Robert Gascoyne-Cecil, 3rd Marquess of Salisbury",Q19008,Arthur Balfour,niece/nephew,rush
Q243705,"Robert Gascoyne-Cecil, 3rd Marquess of Salisbury",Q2605189,"David Ormsby-Gore, 5th Baron Harlech",grandparent,panel
Q243705,"Robert Gascoyne-Cecil, 3rd Marquess of Salisbury",Q2917086,"Gerald Balfour, 2nd Earl of Balfour",niece/nephew,rush
Q243705,"Robert Gascoyne-Cecil, 3rd Marquess of Salisbury",Q333205,"Robert Gascoyne-Cecil, 5th Marquess of Salisbury",grandchild;grandparent,panel;rush
Q243705,"Robert Gascoyne-Cecil, 3rd Marquess of Salisbury",Q334182,"Hugh Cecil, 1st Baron Quickswood",parent,panel
Q243705,"Robert Gascoyne-Cecil, 3rd Marquess of Salisbury",Q335589,"Robert Gascoyne-Cecil, 7th Marquess of Salisbury",indirect,rush
Q243705,"Robert Gascoyne-Cecil, 3rd Marquess of Salisbury",Q3443398,"Roundell Palmer, 3rd Earl of Selborne",grandchild,rush
Q243705,"Robert Gascoyne-Cecil, 3rd Marquess of Salisbury",Q3643409,"William Palmer, 2nd Earl of Selborne",indirect,rush
Q243705,"Robert Gascoyne-Cecil, 3rd Marquess of Salisbury",Q4381482,"James Gascoyne-Cecil, 4th Marquess of Salisbury",child;parent,panel;rush
Q243705,"Robert Gascoyne-Cecil, 3rd Marquess of Salisbury",Q5416293,"Evelyn Cecil, 1st Baron Rockley",uncle/aunt,panel
Q243705,"Robert Gascoyne-Cecil, 3rd Marquess of Salisbury",Q6679229,Lord Eustace Cecil,sibling,panel;rush
Q24567101,James Mangles,Q24579022,Charles Edward Mangles,child,rush
Q24567101,James Mangles,Q7369291,Ross Donnelly Mangles,child;parent,panel;rush
Q24568589,James Fitzroy,Q213756,Robert FitzRoy,cousin,panel;rush
Q24568589,James Fitzroy,Q26215707,Lord Frederick Fitzroy,niece/nephew,rush
Q24568589,James Fitzroy,Q337872,"Henry FitzRoy, 5th Duke of Grafton",sibling,rush
Q24568589,James Fitzroy,Q338004,"William FitzRoy, 6th Duke of Grafton",niece/nephew,rush
Q24568589,James Fitzroy,Q6679044,Lord Charles FitzRoy,sibling,rush
Q24568591,John Forbes,Q5077724,Charles Forbes,child,panel
Q24568662,Paulet St. John Mildmay,Q16065824,Humphrey St John-Mildmay,sibling,panel;rush
Q24568662,Paulet St. John Mildmay,Q52340523,Humphrey St John-Mildmay,niece/nephew;uncle/aunt,panel;rush
Q24568664,Ralph Thicknesse,Q26689752,Ralph Anthony Thicknesse,child;parent,panel;rush
Q24568666,Charles Tottenham,Q17027787,Charles George Tottenham,child;parent,panel;rush
Q24579022,Charles Edward Mangles,Q24567101,James Mangles,parent,rush
Q24579022,Charles Edward Mangles,Q7369291,Ross Donnelly Mangles,sibling,rush
Q2462181,"Charles Wynn-Carington, 1st Marquess of Lincolnshire",Q7342786,"Robert Carrington, 2nd Baron Carrington",child,panel
Q2462181,"Charles Wynn-Carington, 1st Marquess of Lincolnshire",Q7380262,"Rupert Carington, 4th Baron Carrington",sibling,panel;rush
Q2462181,"Charles Wynn-Carington, 1st Marquess of Lincolnshire",Q8006547,William Carington,sibling,panel;rush
Q247141,William Smith O'Brien,Q6697588,"Lucius O'Brien, 13th Baron Inchiquin",sibling,panel;rush
Q247589,George Lansbury,Q5393898,Ernest Thurtle,indirect,rush
Q2492102,"Henry Pelham-Clinton, 5th Duke of Newcastle",Q2034621,"Henry Pelham-Clinton, 6th Duke of Newcastle",child;parent,panel;rush
Q2492102,"Henry Pelham-Clinton, 5th Duke of Newcastle",Q6678890,Lord Adolphus Vane-Tempest,indirect,rush
Q2492102,"Henry Pelham-Clinton, 5th Duke of Newcastle",Q6678926,Lord Arthur Clinton,child;parent,panel;rush
Q2492102,"Henry Pelham-Clinton, 5th Duke of Newcastle",Q6679041,Lord Charles Clinton,sibling,panel;rush
Q2492102,"Henry Pelham-Clinton, 5th Duke of Newcastle",Q6679205,Lord Edward Clinton,child;parent,panel;rush
Q2492102,"Henry Pelham-Clinton, 5th Duke of Newcastle",Q6679913,Lord Robert Clinton,sibling,panel;rush
Q24963033,Greville Richard Vernon,Q7350603,"Robert Vernon, 1st Baron Lyveden",child,panel
Q25182977,Thomas Chester-Master,Q7788382,Thomas Chester-Master,child;parent,panel;rush
Q2544868,"Charles Spencer, 6th Earl Spencer",Q333281,"John Spencer, 5th Earl Spencer",sibling,panel
Q2544868,"Charles Spencer, 6th Earl Spencer",Q335529,"Frederick Spencer, 4th Earl Spencer",child,panel
Q2544868,"Charles Spencer, 6th Earl Spencer",Q386213,"John Spencer, 3rd Earl Spencer",niece/nephew,panel
Q2545390,"George Lambert, 1st Viscount Lambert",Q2545470,George Lambert,child;parent,panel;rush
Q2545470,George Lambert,Q2545390,"George Lambert, 1st Viscount Lambert",child;parent,panel;rush
Q25558228,"Sir Hugh Owen Owen, 2nd Baronet",Q7527984,"Sir John Owen, 1st Baronet",child;parent,panel;rush
Q25689,"Francis Russell, 7th Duke of Bedford",Q157259,"John Russell, 1st Earl Russell",sibling,panel
Q25689,"Francis Russell, 7th Duke of Bedford",Q6084189,George W. E. Russell,uncle/aunt,panel
Q25689,"Francis Russell, 7th Duke of Bedford",Q6255964,"John Russell, Viscount Amberley",uncle/aunt,panel
Q25689,"Francis Russell, 7th Duke of Bedford",Q6679056,Lord Charles Russell,sibling,panel
Q25689,"Francis Russell, 7th Duke of Bedford",Q6679210,Lord Edward Russell,sibling,panel
Q25689,"Francis Russell, 7th Duke of Bedford",Q6834882,"William Russell, 8th Duke of Bedford",parent,panel
Q2578654,William Ellison-Macartney,Q6231682,John Ellison-Macartney,child;parent,panel;rush
Q2580935,"William Astor, 3rd Viscount Astor",Q13529950,Henry Hunloke,indirect,rush
Q2580935,"William Astor, 3rd Viscount Astor",Q195013,"Nancy Astor, Viscountess Astor",child;parent,panel;rush
Q2580935,"William Astor, 3rd Viscount Astor",Q2619726,"Waldorf Astor, 2nd Viscount Astor",child;parent,panel;rush
Q2580935,"William Astor, 3rd Viscount Astor",Q332783,"John Jacob Astor, 1st Baron Astor of Hever",niece/nephew;uncle/aunt,panel;rush
Q2580935,"William Astor, 3rd Viscount Astor",Q6125171,Jakie Astor,sibling,panel;rush
Q2580935,"William Astor, 3rd Viscount Astor",Q6219659,John Astor,cousin,panel;rush
Q2580935,"William Astor, 3rd Viscount Astor",Q6828289,Michael Astor,sibling,panel;rush
Q25843198,William Fletcher,Q21165155,Isaac Fletcher,cousin,panel;rush
Q25845810,Robert Clough,Q16023409,William Clough,sibling,panel
Q25845814,Henry Marsland,Q26334845,Thomas Marsland,sibling,rush
Q25845819,William Foster,Q8011991,William Henry Foster,child,rush
Q25861357,Henry Stanley,Q222458,"Frederick Stanley, 16th Earl of Derby",uncle/aunt,panel
Q25861357,Henry Stanley,Q237829,"Edward Smith-Stanley, 14th Earl of Derby",sibling,panel
Q25861357,Henry Stanley,Q332789,"Edward Stanley, 15th Earl of Derby",uncle/aunt,panel
Q25861357,Henry Stanley,Q335754,"Edward Smith-Stanley, 13th Earl of Derby",child,panel
Q25863273,George Ridley,Q11802686,"Sir Matthew White Ridley, 4th Baronet",sibling,panel;rush
Q25863273,George Ridley,Q16030421,Edward Ridley,niece/nephew;uncle/aunt,panel;rush
Q25863273,George Ridley,Q337696,"Matthew White Ridley, 1st Viscount Ridley",niece/nephew;uncle/aunt,panel;rush
Q25863273,George Ridley,Q6791421,"Matthew White Ridley, 2nd Viscount Ridley",indirect,rush
Q25863273,George Ridley,Q7026124,"Nicholas Ridley-Colborne, 1st Baron Colborne",niece/nephew,panel
Q25863273,George Ridley,Q7528317,"Sir Matthew White Ridley, 3rd Baronet",child;parent,panel;rush
Q25863298,Montague Feilden,Q13529896,William Feilden,child;parent,panel;rush
Q25863363,Thomas Kavanagh,Q4799620,Arthur MacMorrough Kavanagh,child;parent,panel;rush
Q25863363,Thomas Kavanagh,Q7965529,Walter MacMurrough Kavanagh,grandchild;grandparent,panel;rush
Q25863567,Richard Harris,Q6229949,John Dove Harris,child,rush
Q25893695,George Thornhill,Q4800462,Arthur Thornhill,grandchild,rush
Q25894093,Edward Ruthven,Q5345379,Edward Southwell Ruthven,child;parent,panel;rush
Q25927442,William Wentworth FitzWilliam Dick,Q18880177,Quintin Dick,uncle/aunt,rush
Q25927442,William Wentworth FitzWilliam Dick,Q553229,"Walter Long, 1st Viscount Long",grandchild,rush
Q25927442,William Wentworth FitzWilliam Dick,Q7328362,Richard Penruddocke Long,indirect,rush
Q25927607,John Dennistoun,Q26691316,Alexander Dennistoun,sibling,panel;rush
Q25927612,James Ackers,Q4889248,Benjamin St John Ackers,child,rush
Q25927689,Philip John Miles,Q26265459,Philip William Skynner Miles,child;parent,panel;rush
Q25927689,Philip John Miles,Q26758643,Charles Miles,child,rush
Q25927689,Philip John Miles,Q7528485,"Sir Philip Miles, 2nd Baronet",grandchild;grandparent;indirect,panel;rush
Q25927689,Philip John Miles,Q7529690,"Sir William Miles, 1st Baronet",child;parent,panel;rush
Q25927692,Joseph Sandars,Q7794388,"Thomas Taylour, 3rd Marquess of Headfort",indirect,rush
Q25931288,George Morris,Q1747637,"Michael Morris, 1st Baron Killanin",sibling,rush
Q25931288,George Morris,Q6776217,"Martin Morris, 2nd Baron Killanin",niece/nephew,rush
Q259736,James Arbuthnot,Q7527560,"Sir John Arbuthnot, 1st Baronet",child,panel
Q2599142,Thomas Langlois Lefroy,Q4772933,Anthony Lefroy,child;parent,panel;rush
Q25991552,Edward Karslake,Q6223903,John Karslake,sibling,rush
Q25998074,Joseph Feilden,Q5725578,Henry Feilden,child;parent,panel;rush
Q25998074,Joseph Feilden,Q6283050,Joseph Feilden,child;parent,panel;rush
Q26000446,"Sir Edward Pryce-Jones, 1st Baronet",Q7253236,Pryce Pryce-Jones,child,panel
Q2602495,"Walter Montagu Douglas Scott, 8th Duke of Buccleuch",Q333214,"John Scott, 9th Duke of Buccleuch",child;parent,panel;rush
Q2602495,"Walter Montagu Douglas Scott, 8th Duke of Buccleuch",Q337464,"John Montagu Douglas Scott, 7th Duke of Buccleuch",child;parent,panel;rush
Q2602495,"Walter Montagu Douglas Scott, 8th Duke of Buccleuch",Q337468,"William Montagu Douglas Scott, 6th Duke of Buccleuch",grandchild;grandparent,panel;rush
Q2602495,"Walter Montagu Douglas Scott, 8th Duke of Buccleuch",Q6680030,Lord William Montagu Douglas Scott,sibling,panel
Q26033702,"Sir Francis Lawley, 7th Baronet",Q4881234,"Beilby Lawley, 2nd Baron Wenlock",uncle/aunt,panel
Q26033702,"Sir Francis Lawley, 7th Baronet",Q5480488,Francis Charles Lawley,uncle/aunt,panel
Q26033702,"Sir Francis Lawley, 7th Baronet",Q7153985,"Paul Thompson, 1st Baron Wenlock",sibling,panel
Q26034503,"Sir Henry Pelly, 3rd Baronet",Q3703236,"David Lindsay, 27th Earl of Crawford",indirect,rush
Q26034503,"Sir Henry Pelly, 3rd Baronet",Q5236632,"David Lindsay, 28th Earl of Crawford",grandchild,rush
Q26034503,"Sir Henry Pelly, 3rd Baronet",Q6138080,James Lindsay,grandchild,rush
Q26037483,Cornelius O'Callaghan,Q26237504,William O'Callaghan,niece/nephew,rush
Q2605189,"David Ormsby-Gore, 5th Baron Harlech",Q12702,Robert Cecil,niece/nephew,panel
Q2605189,"David Ormsby-Gore, 5th Baron Harlech",Q243705,"Robert Gascoyne-Cecil, 3rd Marquess of Salisbury",grandchild,panel
Q2605189,"David Ormsby-Gore, 5th Baron Harlech",Q26237502,Seymour Ormsby-Gore,indirect,rush
Q2605189,"David Ormsby-Gore, 5th Baron Harlech",Q2908365,"William Ormsby-Gore, 4th Baron Harlech",child;parent,panel;rush
Q2605189,"David Ormsby-Gore, 5th Baron Harlech",Q334182,"Hugh Cecil, 1st Baron Quickswood",niece/nephew,panel
Q2605189,"David Ormsby-Gore, 5th Baron Harlech",Q4381482,"James Gascoyne-Cecil, 4th Marquess of Salisbury",child;grandparent,panel;rush
Q2605189,"David Ormsby-Gore, 5th Baron Harlech",Q5543049,"George Ormsby-Gore, 3rd Baron Harlech",grandchild;grandparent,panel;rush
Q2605189,"David Ormsby-Gore, 5th Baron Harlech",Q9310800,"Robert Gascoyne-Cecil, 6th Marquess of Salisbury",uncle/aunt,panel
Q26085159,Henry Staveley-Hill,Q2833209,Alexander Staveley Hill,child,panel
Q26085432,John Ashton Yates,Q26213256,William James,cousin,panel;rush
Q260960,Alan Beith,Q1208851,"Diana Maddock, Baroness Maddock",spouse,rush
Q261001,Shaun Woodward,Q7804223,Tim Sainsbury,indirect,rush
Q26128201,John Cotes,Q5076163,Charles Cecil Cotes,child;parent,panel;rush
Q26129113,Hubert Duncombe,Q4798519,Arthur Duncombe,indirect,rush
Q26129113,Hubert Duncombe,Q4798520,Arthur Duncombe,indirect,rush
Q26129113,Hubert Duncombe,Q5077003,"Charles Duncombe, 2nd Earl of Feversham",uncle/aunt,panel
Q26129113,Hubert Duncombe,Q7076834,Octavius Duncombe,indirect;uncle/aunt,rush
Q26129113,Hubert Duncombe,Q8008114,"William Duncombe, 1st Earl of Feversham",child;indirect,panel;rush
Q26129113,Hubert Duncombe,Q8008115,"William Duncombe, 2nd Baron Feversham",grandchild;indirect,panel;rush
Q26129113,Hubert Duncombe,Q8008117,"William Duncombe, Viscount Helmsley",sibling,panel
Q2614140,"Richard Bourke, 6th Earl of Mayo",Q5036058,"Robert Bourke, 1st Baron Connemara",sibling,panel
Q26156134,William Henry Ord,Q16066265,William Ord,child;parent,panel;rush
Q26196798,Christopher Tower,Q26211783,Christopher Tower,child;parent,panel;rush
Q2619726,"Waldorf Astor, 2nd Viscount Astor",Q195013,"Nancy Astor, Viscountess Astor",spouse,rush
Q2619726,"Waldorf Astor, 2nd Viscount Astor",Q2580935,"William Astor, 3rd Viscount Astor",child;parent,panel;rush
Q2619726,"Waldorf Astor, 2nd Viscount Astor",Q332783,"John Jacob Astor, 1st Baron Astor of Hever",sibling,panel;rush
Q2619726,"Waldorf Astor, 2nd Viscount Astor",Q6125171,Jakie Astor,child;parent,panel;rush
Q2619726,"Waldorf Astor, 2nd Viscount Astor",Q6135821,"James Heathcote-Drummond-Willoughby, 3rd Earl of Ancaster",indirect,rush
Q2619726,"Waldorf Astor, 2nd Viscount Astor",Q6219659,John Astor,niece/nephew;uncle/aunt,panel;rush
Q2619726,"Waldorf Astor, 2nd Viscount Astor",Q6828289,Michael Astor,child;parent,panel;rush
Q26197699,"Sir George Beresford, 2nd Baronet",Q6661642,"Sir John Beresford, 1st Baronet",child,panel
Q26203975,Herbert Barrett Curteis,Q16203056,Herbert Curteis,child;parent,panel;rush
Q26203975,Herbert Barrett Curteis,Q26240416,Edward Curteis,sibling,panel;rush
Q26204048,Osman Ricardo,Q5239023,David Ricardo,sibling,panel;rush
Q26204048,Osman Ricardo,Q5590921,John Lewis Ricardo,cousin,panel;rush
Q26204048,Osman Ricardo,Q7410397,Samson Ricardo,uncle/aunt,rush
Q26207,Hugh Dalton,Q7382939,Ruth Dalton,spouse,rush
Q26208214,Addison Cresswell,Q5184522,Cresswell Cresswell,sibling,panel;rush
Q26208404,William Fagan,Q8019496,William Trant Fagan,child;parent,panel;rush
Q26211669,William Cruddas,Q4893037,Bernard Cruddas,indirect,rush
Q26211783,Christopher Tower,Q26196798,Christopher Tower,child;parent,panel;rush
Q26213073,John Edmund Dowdeswell,Q8007964,William Dowdeswell,parent,panel
Q26213073,John Edmund Dowdeswell,Q8008430,William Edward Dowdeswell,grandparent,panel
Q26213078,Robert Lawrence Dundas,Q3828136,"Lawrence Dundas, 1st Marquess of Zetland",indirect,rush
Q26213078,Robert Lawrence Dundas,Q6230399,John Dundas,niece/nephew,rush
Q26213078,Robert Lawrence Dundas,Q6230401,John Dundas,indirect,rush
Q26213089,James Grattan,Q5722150,Henry Grattan,sibling,panel;rush
Q26213250,Thomas Hudson,Q5076916,Charles Donaldson-Hudson,indirect,rush
Q26213256,William James,Q26085432,John Ashton Yates,cousin,panel;rush
Q26213260,Richard Gurney,Q5928688,Hudson Gurney,sibling,panel
Q26213982,Charles Russell,Q2960166,"Sir Charles Russell, 3rd Baronet",niece/nephew,rush
Q26213982,Charles Russell,Q3101884,"Sir George Russell, 4th Baronet",niece/nephew,rush
Q26214003,Nicholas Maher,Q26719626,Valentine Maher,cousin;sibling,panel;rush
Q26214250,William Lyon,Q17423536,David Lyon,sibling,panel
Q26215700,"Sir Alexander Ramsay, 3rd Baronet",Q26477030,John Entwisle,indirect,rush
Q26215707,Lord Frederick Fitzroy,Q213756,Robert FitzRoy,indirect,rush
Q26215707,Lord Frederick Fitzroy,Q24568589,James Fitzroy,uncle/aunt,rush
Q26215707,Lord Frederick Fitzroy,Q337872,"Henry FitzRoy, 5th Duke of Grafton",parent,rush
Q26215707,Lord Frederick Fitzroy,Q338004,"William FitzRoy, 6th Duke of Grafton",sibling,rush
Q26215707,Lord Frederick Fitzroy,Q6679044,Lord Charles FitzRoy,uncle/aunt,rush
Q26215755,Mark Milbank,Q5498400,Frederick Milbank,parent,panel
Q26215755,Mark Milbank,Q7236918,Powlett Milbank,grandparent,panel
Q26218307,David Guardi Ker,Q5240093,David Stewart Ker,parent,panel
Q26218307,David Guardi Ker,Q7327054,Richard Ker,parent,panel
Q26218307,David Guardi Ker,Q7329984,Richard William Blackwood Ker,grandparent,panel
Q26218356,Luke White,Q24248901,Samuel White,sibling,panel;rush
Q26218356,Luke White,Q5083590,Charles William White,niece/nephew;uncle/aunt,panel;rush
Q26218356,Luke White,Q5730053,"Henry White, 1st Baron Annaly",sibling,panel;rush
Q26218356,Luke White,Q6702449,"Luke White, 2nd Baron Annaly",niece/nephew;uncle/aunt,panel;rush
Q26220083,Henry Handcock,Q7326246,"Richard Handcock, 3rd Baron Castlemaine",child,panel
Q26222283,"Sir Harry Goring, 8th Baronet",Q2870626,Aubrey Beauclerk,indirect,rush
Q26234463,Edward Herbert,Q1606850,"Henry Herbert, 3rd Earl of Carnarvon",sibling,panel
Q26234463,Edward Herbert,Q2056806,Auberon Herbert,uncle/aunt,panel
Q26234470,Henry Handley,Q11802744,William Farnworth Handley,cousin,panel;rush
Q26234470,Henry Handley,Q4888762,Benjamin Handley,cousin,panel;rush
Q26234470,Henry Handley,Q6237583,John Handley,cousin,panel;rush
Q26234598,John Russell,Q26240540,"Edward Russell, 23rd Baron de Clifford",parent,panel
Q26235811,Charles Waring,Q7966382,Walter Waring,child;parent,panel;rush
Q26235996,Frederick Polhill,Q26265230,Frederick Polhill-Turner,child;parent,panel;rush
Q26236002,Joseph Walker Pease,Q7525972,"Sir Alfred Pease, 2nd Baronet",child,rush
Q26237448,Edward Henry A'Court,Q5074782,Charles A'Court,niece/nephew,rush
Q26237448,Edward Henry A'Court,Q8020939,"William à Court-Holmes, 2nd Baron Heytesbury",niece/nephew,rush
Q26237496,Arthur Holbrook,Q6251349,John Osborn,grandchild,rush
Q26237499,Frederick Howard,Q2079517,"George Howard, 7th Earl of Carlisle",sibling,rush
Q26237499,Frederick Howard,Q337630,"George Howard, 9th Earl of Carlisle",niece/nephew,rush
Q26237499,Frederick Howard,Q5079173,Charles Howard,sibling,rush
Q26237499,Frederick Howard,Q5343513,"Edward Howard, 1st Baron Lanerton",sibling,rush
Q26237499,Frederick Howard,Q5534679,Geoffrey Howard,indirect,rush
Q26237499,Frederick Howard,Q8012560,William Howard,indirect,rush
Q26237500,Egremont Lascelles,Q5346601,Edwin Lascelles,uncle/aunt,rush
Q26237500,Egremont Lascelles,Q8014327,William Lascelles,uncle/aunt,rush
Q26237502,Seymour Ormsby-Gore,Q2605189,"David Ormsby-Gore, 5th Baron Harlech",indirect,rush
Q26237502,Seymour Ormsby-Gore,Q2908365,"William Ormsby-Gore, 4th Baron Harlech",niece/nephew;uncle/aunt,panel;rush
Q26237502,Seymour Ormsby-Gore,Q5543049,"George Ormsby-Gore, 3rd Baron Harlech",sibling,panel;rush
Q26237502,Seymour Ormsby-Gore,Q6251316,"John Ormsby-Gore, 1st Baron Harlech",niece/nephew;uncle/aunt,panel;rush
Q26237502,Seymour Ormsby-Gore,Q8016372,William Ormsby-Gore,grandchild;grandparent,panel;rush
Q26237502,Seymour Ormsby-Gore,Q8016373,"William Ormsby-Gore, 2nd Baron Harlech",child;parent,panel;rush
Q26237504,William O'Callaghan,Q26037483,Cornelius O'Callaghan,uncle/aunt,rush
Q26237508,Kenyon Vaughan-Morgan,Q13530061,"John Vaughan-Morgan, Baron Reigate",child;parent,panel;rush
Q26238259,Pryse Loveden,Q19931188,Pryse Pryse,child;parent,panel;rush
Q26238259,Pryse Loveden,Q26252883,Edward Pryse,sibling,rush
Q26239952,Thomas Lloyd,Q7529192,"Sir Thomas Lloyd, 1st Baronet",cousin,panel;rush
Q26240416,Edward Curteis,Q16203056,Herbert Curteis,niece/nephew;uncle/aunt,panel;rush
Q26240416,Edward Curteis,Q26203975,Herbert Barrett Curteis,sibling,panel;rush
Q26240540,"Edward Russell, 23rd Baron de Clifford",Q157259,"John Russell, 1st Earl Russell",indirect,rush
Q26240540,"Edward Russell, 23rd Baron de Clifford",Q26234598,John Russell,child,panel
Q26240540,"Edward Russell, 23rd Baron de Clifford",Q6679056,Lord Charles Russell,indirect,rush
Q26240540,"Edward Russell, 23rd Baron de Clifford",Q6679210,Lord Edward Russell,indirect,rush
Q26248630,"Sir Walter Minto Townsend-Farquhar, 2nd Baronet",Q16031557,"Horace Farquhar, 1st Earl Farquhar",child;parent,panel;rush
Q26250709,Laurence Waldron,Q6500441,Laurence Ambrose Waldron,child;parent,panel;rush
Q26250760,"Sir Alexander Fuller-Acland-Hood, 3rd Baronet",Q26701549,"Sir Alexander Hood, 2nd Baronet",child;parent,panel;rush
Q26250760,"Sir Alexander Fuller-Acland-Hood, 3rd Baronet",Q4718909,"Alexander Fuller-Acland-Hood, 1st Baron St Audries",child;parent,panel;rush
Q26250760,"Sir Alexander Fuller-Acland-Hood, 3rd Baronet",Q5931537,Hugh Luttrell,grandchild,rush
Q26252809,John Cobbett,Q2141938,William Cobbett,parent,rush
Q26252877,John Collier,Q7343038,"Robert Collier, 1st Baron Monkswell",child;parent,panel;rush
Q26252883,Edward Pryse,Q19931188,Pryse Pryse,parent,rush
Q26252883,Edward Pryse,Q26238259,Pryse Loveden,sibling,rush
Q26252961,Charles William Gordon,Q4702898,"George Hamilton-Gordon, 5th Earl of Aberdeen",indirect,rush
Q26254028,"William Wentworth-Fitzwilliam, Viscount Milton",Q5083442,Charles Wentworth-FitzWilliam,sibling,panel;rush
Q26254028,"William Wentworth-Fitzwilliam, Viscount Milton",Q5083446,"Charles Wentworth-Fitzwilliam, 5th Earl Fitzwilliam",child;parent,panel;rush
Q26254028,"William Wentworth-Fitzwilliam, Viscount Milton",Q5546159,George Wentworth-FitzWilliam,sibling,panel;rush
Q26254028,"William Wentworth-Fitzwilliam, Viscount Milton",Q5730014,Henry Wentworth-FitzWilliam,niece/nephew;uncle/aunt,panel;rush
Q26254028,"William Wentworth-Fitzwilliam, Viscount Milton",Q6263500,John Wentworth-FitzWilliam,niece/nephew;uncle/aunt,panel;rush
Q26254028,"William Wentworth-Fitzwilliam, Viscount Milton",Q7614395,"William Wentworth-Fitzwilliam, 7th Earl Fitzwilliam",indirect,rush
Q26254028,"William Wentworth-Fitzwilliam, Viscount Milton",Q8020193,"William Wentworth-FitzWilliam, Viscount Milton",niece/nephew;uncle/aunt,panel;rush
Q26254028,"William Wentworth-Fitzwilliam, Viscount Milton",Q8020195,"William Wentworth-Fitzwilliam, 6th Earl Fitzwilliam",sibling,panel;rush
Q26255125,William Lister,Q5365871,Ellis Cunliffe Lister,child;parent,panel;rush
Q26256311,"Sir Frederick Johnstone, 7th Baronet",Q7329921,Richard Weyland,indirect,rush
Q26256311,"Sir Frederick Johnstone, 7th Baronet",Q7526782,"Sir Frederick Johnstone, 8th Baronet",niece/nephew;parent,panel;rush
Q26257507,Alexander Hastie,Q21541762,Archibald Hastie,cousin,panel;rush
Q26257714,"Sir Benjamin Chapman, 4th Baronet",Q7528351,"Sir Montagu Chapman, 3rd Baronet",sibling,panel
Q26257763,John Rutherford,Q7528045,"Sir John Rutherford, 1st Baronet",indirect,rush
Q26257903,James Bain,Q26268037,James Bain,parent,rush
Q26258111,Charles Clements,Q24254896,Robert Clements,sibling,panel;rush
Q26258111,Charles Clements,Q5723964,Henry John Clements,indirect,rush
Q26258111,Charles Clements,Q8006887,"William Clements, 3rd Earl of Leitrim",sibling,panel;rush
Q26258131,Christopher Weguelin,Q7792234,Thomas Matthias Weguelin,child;parent,panel;rush
Q26258135,John Collett,Q21557349,William Rickford Collett,sibling,rush
Q26258168,"Sir Michael Shaw-Stewart, 6th Baronet",Q11803653,"Sir Michael Shaw-Stewart, 7th Baronet",parent,panel
Q26258168,"Sir Michael Shaw-Stewart, 6th Baronet",Q16065355,Houston Stewart,sibling,panel
Q26258168,"Sir Michael Shaw-Stewart, 6th Baronet",Q7527315,"Sir Hugh Shaw-Stewart, 8th Baronet",grandparent,panel
Q26265230,Frederick Polhill-Turner,Q26235996,Frederick Polhill,child;parent,panel;rush
Q26265354,William O'Doherty,Q21548736,Philip O'Doherty,sibling,rush
Q26265403,Alfred Williams,Q5083597,Charles Williams,sibling,rush
Q26265403,Alfred Williams,Q6225803,John Charles Williams,parent,rush
Q26265403,Alfred Williams,Q7526795,"Sir Frederick Williams, 2nd Baronet",grandparent,rush
Q26265459,Philip William Skynner Miles,Q25927689,Philip John Miles,child;parent,panel;rush
Q26265459,Philip William Skynner Miles,Q7528485,"Sir Philip Miles, 2nd Baronet",indirect;parent;uncle/aunt,panel;rush
Q26265459,Philip William Skynner Miles,Q7529690,"Sir William Miles, 1st Baronet",sibling,panel;rush
Q26267738,John Calcraft,Q24254779,John Hales Calcraft,child;parent,panel;rush
Q26267738,John Calcraft,Q24254838,Granby Calcraft,niece/nephew,panel
Q26267738,John Calcraft,Q6224784,John Calcraft,grandchild,panel
Q26267988,Joseph Crosland,Q26718795,Thomas Crosland,sibling,panel;rush
Q26268037,James Bain,Q26257903,James Bain,child,rush
Q26270700,Charles Legard,Q8008115,"William Duncombe, 2nd Baron Feversham",uncle/aunt,rush
Q26270886,Francis Macnamara,Q8016201,William Nugent Macnamara,parent,rush
Q26271271,Ambrose Goddard,Q26398381,Ambrose Goddard,child,rush
Q26271431,Benjamin Wood,Q7528319,"Sir Matthew Wood, 1st Baronet",sibling,rush
Q26272265,Thomas Bunbury,Q6247503,"John McClintock, 1st Baron Rathdonnell",niece/nephew,rush
Q26272265,Thomas Bunbury,Q8015338,William McClintock-Bunbury,niece/nephew,rush
Q26272449,Robert Bagshaw,Q6220251,John Bagshaw,child;parent,panel;rush
Q26272953,William Colborne,Q7026124,"Nicholas Ridley-Colborne, 1st Baron Colborne",parent,rush
Q262742,Hilary Benn,Q332412,Tony Benn,child;parent,panel;rush
Q262742,Hilary Benn,Q677902,"William Wedgwood Benn, 1st Viscount Stansgate",grandchild;grandparent,panel;rush
Q262742,Hilary Benn,Q7527599,"Sir John Benn, 1st Baronet",indirect,rush
Q26278034,Fredric Wise,Q7529320,"Sir Thomas Wrightson, 1st Baronet",indirect,rush
Q26288290,James Martin,Q26611669,John Martin,sibling,rush
Q26288290,James Martin,Q7528622,"Sir Richard Martin, 1st Baronet, of Overbury Court",indirect,rush
Q26292023,"Sir Alfred Watkin, 2nd Baronet",Q5345819,Edward Watkin,child;parent,panel;rush
Q26292488,Gervaise Waldo-Sibthorp,Q1066568,Charles Sibthorp,child;parent,panel;rush
Q26292607,Henry Currie,Q7283849,Raikes Currie,cousin,panel;rush
Q262931,Richard Benyon,Q8005435,William Benyon,child,panel
Q26293147,Thomas Turner,Q5077886,Charles Frewen,sibling,panel;rush
Q26293147,Thomas Turner,Q6911461,Moreton Frewen,child;parent,panel;rush
Q26293549,Henry Adeane,Q16146311,Henry Adeane,child,panel
Q26293549,Henry Adeane,Q5343174,"Edward Grenfell, 1st Baron St Just",indirect,rush
Q26293549,Henry Adeane,Q5722211,Henry Grenfell,indirect,rush
Q26296996,Thomas Lundon,Q8014789,William Lundon,parent,rush
Q26299011,"Sir Horace St Paul, 2nd Baronet",Q16741853,"Sir Horace St Paul, 1st Baronet",child,panel
Q263076,Robin Walker,Q333858,"Peter Walker, Baron Walker of Worcester",child;parent,panel;rush
Q26321345,Swynfen Jervis,Q15456740,John Jervis,cousin,panel;rush
Q26328271,John Campbell,Q7959195,Wadham Wyndham,uncle/aunt,rush
Q26328565,Richard Fox,Q26756117,Charles Fox,indirect,rush
Q26331244,Conway Dobbs,Q18917645,William Dobbs,indirect,rush
Q26334845,Thomas Marsland,Q25845814,Henry Marsland,sibling,rush
Q26385266,Alexander Henry,Q6258450,John Snowdon Henry,child,rush
Q26385266,Alexander Henry,Q6881236,Mitchell Henry,child,rush
Q26387320,Thomas Hay,Q5540333,"George Hay, Earl of Gifford",niece/nephew,panel
Q26387320,Thomas Hay,Q6679443,John Hay,child,panel
Q26387320,Thomas Hay,Q7527707,"Sir John Dalrymple-Hay, 3rd Baronet",parent,rush
Q26387320,Thomas Hay,Q8011045,"William Hay, 10th Marquess of Tweeddale",niece/nephew,panel
Q26388219,John Cole,Q24254979,Arthur Cole,uncle/aunt,rush
Q26388219,John Cole,Q5719665,Henry Cole,sibling,panel;rush
Q26388219,John Cole,Q6694156,"Lowry Cole, 4th Earl of Enniskillen",uncle/aunt,panel
Q26388219,John Cole,Q8006971,"William Cole, 3rd Earl of Enniskillen",sibling,panel;rush
Q26398381,Ambrose Goddard,Q26271271,Ambrose Goddard,parent,rush
Q26415474,Charles William Packe,Q15616177,George Hussey Packe,sibling,panel;rush
Q26415909,Dominick Ronayne,Q314917,Daniel O'Connell,cousin,panel;rush
Q2644715,Alfred Billson,Q16849698,Brooks Crompton Wood,indirect,rush
Q264477,Peter Bottomley,Q332696,Virginia Bottomley,spouse,rush
Q26477030,John Entwisle,Q26215700,"Sir Alexander Ramsay, 3rd Baronet",indirect,rush
Q26477030,John Entwisle,Q26701526,William Entwisle,cousin,panel;rush
Q26478535,John Laurie,Q6264579,John Wimburn Laurie,child,rush
Q26479012,George Lyall,Q5541887,George Lyall,child;parent,panel;rush
Q26577004,Henry Cartwright,Q8017337,William Ralph Cartwright,child;parent,panel;rush
Q265900,Bill Wiggin,Q13530072,Jerry Wiggin,child;parent,panel;rush
Q2659147,John Chapman,Q5342258,Edward Chapman,child,rush
Q26611669,John Martin,Q19325553,John Martin,child,panel
Q26611669,John Martin,Q26288290,James Martin,sibling,rush
Q26611669,John Martin,Q7528622,"Sir Richard Martin, 1st Baronet, of Overbury Court",indirect,rush
Q2662125,Harold Thomas Cawley,Q5497502,"Frederick Cawley, 1st Baron Cawley",child;parent,panel;rush
Q2662125,Harold Thomas Cawley,Q7108101,Oswald Cawley,sibling,panel;rush
Q26678464,Alexander Ellice,Q157691,Edward Ellice,sibling,panel;rush
Q26678464,Alexander Ellice,Q5342758,Edward Ellice,niece/nephew;uncle/aunt,panel;rush
Q26678496,Joseph Christopher Ewart,Q8008717,William Ewart,sibling,panel;rush
Q26689752,Ralph Anthony Thicknesse,Q24568664,Ralph Thicknesse,child;parent,panel;rush
Q26689915,Robert Tudway,Q7529690,"Sir William Miles, 1st Baronet",indirect,rush
Q26689917,Edward Tufnell,Q7329566,Richard Tufnell,child,rush
Q26689981,Thomas Walker,Q5717273,"Henry Allsopp, 1st Baron Hindlip",indirect,rush
Q26689989,John Walrond,Q8019953,William Walrond,grandchild;grandparent,panel;rush
Q26689989,John Walrond,Q8019954,"William Walrond, 1st Baron Waleran",child;parent,panel;rush
Q26690007,Graeme Whitelaw,Q18619569,Alexander Whitelaw,child;parent,panel;rush
Q26690007,Graeme Whitelaw,Q8020294,William Whitelaw,sibling,panel;rush
Q26690012,Thomas Whitworth,Q4889385,Benjamin Whitworth,parent,rush
Q26690012,Thomas Whitworth,Q8020325,William Whitworth,uncle/aunt,rush
Q26690019,John Willoughby,Q7527228,"Sir Henry Willoughby, 3rd Baronet",sibling,rush
Q26690022,Humphrey Willyams,Q5342048,Edward Brydges Willyams,child,rush
Q26690029,Maitland Wilson,Q5730351,Henry Wilson,child,panel
Q26690970,John Hornby,Q7529634,"Sir William Hornby, 1st Baronet",uncle/aunt,panel
Q26690970,John Hornby,Q8012049,William Henry Hornby,sibling,panel
Q26691198,James Mackie,Q26691275,John Mackie,child;parent,panel;rush
Q26691275,John Mackie,Q26691198,James Mackie,child;parent,panel;rush
Q26691275,John Mackie,Q6246262,John Mackie,grandchild,rush
Q26691316,Alexander Dennistoun,Q25927607,John Dennistoun,sibling,panel;rush
Q26691317,John Guiney,Q7146617,Patrick Guiney,sibling,rush
Q26695977,"Sir William Milner, 5th Baronet",Q7526789,"Sir Frederick Milner, 7th Baronet",child;parent,panel;rush
Q26695991,"Sir James Power, 2nd Baronet",Q50828546,"Sir John Power, 3rd Baronet",parent,panel
Q266978,Valerie Vaz,Q267105,Keith Vaz,sibling,rush
Q26701524,William Cavendish-Bentinck,Q600636,George Cavendish-Bentinck,child;parent,panel;rush
Q26701524,William Cavendish-Bentinck,Q7527888,"Sir John Leslie, 1st Baronet",uncle/aunt,rush
Q26701525,William Crosfield,Q7526058,"Sir Arthur Crosfield, 1st Baronet",indirect,rush
Q26701526,William Entwisle,Q26477030,John Entwisle,cousin,panel;rush
Q26701549,"Sir Alexander Hood, 2nd Baronet",Q26250760,"Sir Alexander Fuller-Acland-Hood, 3rd Baronet",child;parent,panel;rush
Q26701549,"Sir Alexander Hood, 2nd Baronet",Q4718909,"Alexander Fuller-Acland-Hood, 1st Baron St Audries",grandchild;grandparent,panel;rush
Q26701549,"Sir Alexander Hood, 2nd Baronet",Q4799117,"Arthur Hood, 2nd Viscount Bridport",niece/nephew,rush
Q26701887,William Munster,Q5726156,Henry Munster,parent,rush
Q26702418,Thomas Clifton,Q6260189,John Talbot Clifton,child;parent,panel;rush
Q26704994,"Sir John Ferguson Davie, 2nd Baronet",Q7344305,Robert Ferguson of Raith,grandchild,panel
Q26704994,"Sir John Ferguson Davie, 2nd Baronet",Q7527131,"Sir Henry Ferguson Davie, 1st Baronet",child;parent,panel;rush
Q267105,Keith Vaz,Q266978,Valerie Vaz,sibling,rush
Q26718791,Rice Clayton,Q17279230,"Sir William Clayton, 5th Baronet",sibling,panel
Q26718795,Thomas Crosland,Q26267988,Joseph Crosland,sibling,panel;rush
Q26718798,Richard Devereux,Q26722040,John Devereux,indirect,rush
Q26719445,Robert Heath,Q4799005,Arthur Heath,child;parent,panel;rush
Q26719445,Robert Heath,Q7527435,"Sir James Heath, 1st Baronet",child;parent,panel;rush
Q26719626,Valentine Maher,Q26214003,Nicholas Maher,cousin;sibling,panel;rush
Q26720135,Thomas Mills,Q19974203,John Remington Mills,sibling,rush
Q26721657,Joshua Crompton,Q7528937,"Sir Samuel Crompton, 1st Baronet",indirect,rush
Q26722040,John Devereux,Q26718798,Richard Devereux,indirect,rush
Q26722115,Michael Dunne,Q5482216,Francis Plunkett Dunne,indirect,rush
Q26722125,Matthew Forster,Q22001642,John Forster,child;parent,panel;rush
Q26722172,John Jervis,Q15456740,John Jervis,child;parent,panel;rush
Q26722255,John Maitland,Q7792133,"Thomas Maitland, Lord Dundrennan",uncle/aunt,rush
Q26722303,John O'Brien,Q21182770,James O'Brien,sibling,rush
Q26722303,John O'Brien,Q5171428,Cornelius O'Brien,indirect,rush
Q26722303,John O'Brien,Q5481990,Francis Stack Murphy,indirect,rush
Q26722324,John Power,Q26756018,"Edmond de la Poer, 1st Count de la Poer",parent,panel
Q26732784,Frederick Calvert,Q5499113,Frederick William Verney,uncle/aunt,panel
Q26732784,Frederick Calvert,Q7526496,"Sir Edmund Verney, 3rd Baronet",uncle/aunt,panel
Q26732784,Frederick Calvert,Q7527064,"Sir Harry Verney, 2nd Baronet",sibling,panel
Q26732794,Henry Clive,Q5343428,"Edward Herbert, 2nd Earl of Powis",indirect,rush
Q26732794,Henry Clive,Q5343429,"Edward Herbert, 3rd Earl of Powis",indirect,rush
Q26732794,Henry Clive,Q7167284,Percy Clive,indirect,rush
Q26732794,Henry Clive,Q7342986,Robert Clive,indirect,rush
Q26732794,Henry Clive,Q7351171,Robert Windsor-Clive,indirect,rush
Q26734725,Henry Hobhouse,Q332595,"John Hobhouse, 1st Baron Broughton",sibling,panel;rush
Q26734725,Henry Hobhouse,Q7790721,Thomas Benjamin Hobhouse,sibling,panel
Q26735758,Francis Russell,Q5717706,Henry Baillie,indirect,rush
Q26735896,Jervoise Smith,Q15452761,John Abel Smith,child;parent,panel;rush
Q26735896,Jervoise Smith,Q15458169,John Smith,grandchild;grandparent,panel;rush
Q26735896,Jervoise Smith,Q16063401,Martin Tucker Smith,niece/nephew,panel
Q26756018,"Edmond de la Poer, 1st Count de la Poer",Q26722324,John Power,child,panel
Q26756051,Alexander Fordyce,Q8007848,William Dingwall Fordyce,child,rush
Q26756117,Charles Fox,Q26328565,Richard Fox,indirect,rush
Q26756818,George Greville-Nugent,Q16063606,Reginald Greville-Nugent,sibling,panel;rush
Q26756818,George Greville-Nugent,Q4724146,"Algernon Greville, 2nd Baron Greville",sibling,panel;rush
Q26756818,George Greville-Nugent,Q5507949,"Fulke Greville-Nugent, 1st Baron Greville",child;parent,panel;rush
Q26756818,George Greville-Nugent,Q7364912,Ronald Greville,uncle/aunt,panel
Q26756847,Coleridge Kennard,Q5339553,Edmund Kennard,sibling,panel;rush
Q26756847,Coleridge Kennard,Q7346312,Robert Kennard,uncle/aunt,rush
Q26758594,Alexander Speirs,Q4720126,Alexander Speirs,cousin,panel;rush
Q26758594,Alexander Speirs,Q4786200,Archibald Alexander Speirs,indirect,rush
Q26758643,Charles Miles,Q25927689,Philip John Miles,parent,rush
Q26758643,Charles Miles,Q7528485,"Sir Philip Miles, 2nd Baronet",sibling,rush
Q26758643,Charles Miles,Q7529690,"Sir William Miles, 1st Baronet",indirect,rush
Q26758914,Francis Grant,Q5482088,"Francis Ogilvy-Grant, 6th Earl of Seafield",child;parent,panel;rush
Q26758914,Francis Grant,Q6140591,"James Ogilvy-Grant, 9th Earl of Seafield",indirect;sibling,panel;rush
Q2679435,Lord Claud Hamilton,Q15072599,Lord Ernest Hamilton,sibling,panel;rush
Q2679435,Lord Claud Hamilton,Q1869870,Lord Frederick Spencer Hamilton,sibling,panel;rush
Q2679435,Lord Claud Hamilton,Q332813,"James Hamilton, 3rd Duke of Abercorn",uncle/aunt,panel
Q2679435,Lord Claud Hamilton,Q333628,Lord George Hamilton,sibling,panel;rush
Q2679435,Lord Claud Hamilton,Q335270,"James Hamilton, 2nd Duke of Abercorn",sibling,panel;rush
Q2679435,Lord Claud Hamilton,Q336343,"James Hamilton, 5th Duke of Abercorn",indirect,rush
Q2679435,Lord Claud Hamilton,Q6135508,James Hans Hamilton,indirect,rush
Q2679435,Lord Claud Hamilton,Q6679103,Lord Claud Hamilton,uncle/aunt,rush
Q2717918,Arthur Jenkins,Q323488,Roy Jenkins,child,rush
Q271878,"George Curzon, 1st Marquess Curzon of Kedleston",Q332400,Oswald Mosley,indirect,rush
Q271878,"George Curzon, 1st Marquess Curzon of Kedleston",Q533649,Lady Cynthia Mosley,child;parent,panel;rush
Q272384,John Thurso,Q4786520,"Archibald Sinclair, 1st Viscount Thurso",grandparent,rush
Q272670,David Miliband,Q216594,Ed Miliband,sibling,panel;rush
Q2729932,"Sir John Wood, 1st Baronet",Q5339897,Edmund Walter Hanbury Wood,child,rush
Q275465,George Wyndham,Q13530077,Henry Wyndham,indirect,rush
Q275465,George Wyndham,Q5730572,"Henry Wyndham, 2nd Baron Leconfield",niece/nephew;uncle/aunt,panel;rush
Q275465,George Wyndham,Q7167656,Percy Wyndham,child;parent,panel;rush
Q2761950,"Edward Cavendish, 10th Duke of Devonshire",Q2411883,"Victor Cavendish, 9th Duke of Devonshire",child;parent,panel;rush
Q2761950,"Edward Cavendish, 10th Duke of Devonshire",Q333205,"Robert Gascoyne-Cecil, 5th Marquess of Salisbury",indirect,rush
Q2761950,"Edward Cavendish, 10th Duke of Devonshire",Q334063,"Spencer Cavendish, 8th Duke of Devonshire",grandparent;indirect,rush
Q2761950,"Edward Cavendish, 10th Duke of Devonshire",Q337905,Lord Edward Cavendish,grandchild,panel
Q2761950,"Edward Cavendish, 10th Duke of Devonshire",Q4381482,"James Gascoyne-Cecil, 4th Marquess of Salisbury",indirect,rush
Q2761950,"Edward Cavendish, 10th Duke of Devonshire",Q6679906,Lord Richard Cavendish,niece/nephew,panel
Q2783907,"Michael Knatchbull, 5th Baron Brabourne",Q9250977,"Sir Edward Knatchbull, 9th Baronet",indirect,rush
Q279314,"Doug Hoyle, Baron Hoyle",Q689660,Lindsay Hoyle,child;parent,panel;rush
Q2833209,Alexander Staveley Hill,Q26085159,Henry Staveley-Hill,parent,panel
Q285183,Geoffrey Clifton-Brown,Q477587,"Douglas Clifton Brown, 1st Viscount Ruffside",indirect,rush
Q285183,Geoffrey Clifton-Brown,Q5534526,Geoffrey Clifton-Brown,grandparent,rush
Q285868,"William Wood, 1st Baron Hatherley",Q7528319,"Sir Matthew Wood, 1st Baronet",child;parent,panel;rush
Q285868,"William Wood, 1st Baron Hatherley",Q7988450,Western Wood,sibling,panel;rush
Q286118,"Philip Stanhope, 5th Earl Stanhope",Q4786482,"Archibald Primrose, Lord Dalmeny",indirect,rush
Q286118,"Philip Stanhope, 5th Earl Stanhope",Q4800348,"Arthur Stanhope, 6th Earl Stanhope",child;parent,panel;rush
Q286118,"Philip Stanhope, 5th Earl Stanhope",Q5345405,Edward Stanhope,child;parent,panel;rush
Q286118,"Philip Stanhope, 5th Earl Stanhope",Q6233592,"Philip Stanhope, 1st Baron Weardale",parent,panel
Q286118,"Philip Stanhope, 5th Earl Stanhope",Q7526578,"Sir Edward Kerrison, 1st Baronet",indirect,rush
Q2865197,Lord Arthur Lennox,Q3101884,"Sir George Russell, 4th Baronet",indirect,rush
Q2865197,Lord Arthur Lennox,Q3610759,Lord Alexander Gordon-Lennox,niece/nephew,rush
Q2865197,Lord Arthur Lennox,Q3760464,Lord George Gordon-Lennox,niece/nephew,rush
Q2865197,Lord Arthur Lennox,Q3784916,Lord Henry Lennox,niece/nephew,rush
Q2865197,Lord Arthur Lennox,Q6679449,John Lennox,sibling,panel;rush
Q2865197,Lord Arthur Lennox,Q6680026,William Lennox,sibling,panel;rush
Q2870626,Aubrey Beauclerk,Q26222283,"Sir Harry Goring, 8th Baronet",indirect,rush
Q2892622,"Oliver Lyttelton, 1st Viscount Chandos",Q1026930,"Charles Lyttelton, 8th Viscount Cobham",niece/nephew;uncle/aunt,panel;rush
Q2892622,"Oliver Lyttelton, 1st Viscount Chandos",Q3395941,Alfred Lyttelton,child;parent,panel;rush
Q2892622,"Oliver Lyttelton, 1st Viscount Chandos",Q6245664,"John Lyttelton, 9th Viscount Cobham",cousin,panel;rush
Q2904392,"Richard Boyle, 9th Earl of Cork",Q16066277,Robert Edward Boyle,uncle/aunt,rush
Q2904392,"Richard Boyle, 9th Earl of Cork",Q8009772,William George Boyle,sibling,panel
Q2906438,George Leveson-Gower,Q334053,"Granville Leveson-Gower, 2nd Earl Granville",grandparent;niece/nephew,panel;rush
Q2906438,George Leveson-Gower,Q5498271,Frederick Leveson-Gower,child;parent,panel;rush
Q2908365,"William Ormsby-Gore, 4th Baron Harlech",Q2605189,"David Ormsby-Gore, 5th Baron Harlech",child;parent,panel;rush
Q2908365,"William Ormsby-Gore, 4th Baron Harlech",Q26237502,Seymour Ormsby-Gore,niece/nephew;uncle/aunt,panel;rush
Q2908365,"William Ormsby-Gore, 4th Baron Harlech",Q4381482,"James Gascoyne-Cecil, 4th Marquess of Salisbury",indirect,rush
Q2908365,"William Ormsby-Gore, 4th Baron Harlech",Q5543049,"George Ormsby-Gore, 3rd Baron Harlech",child;parent,panel;rush
Q2908365,"William Ormsby-Gore, 4th Baron Harlech",Q6251316,"John Ormsby-Gore, 1st Baron Harlech",indirect,rush
Q2908365,"William Ormsby-Gore, 4th Baron Harlech",Q8016373,"William Ormsby-Gore, 2nd Baron Harlech",grandchild;grandparent,panel;rush
Q291615,John Cryer,Q4766346,Ann Cryer,child;parent,panel;rush
Q291615,John Cryer,Q4932182,Bob Cryer,child;parent,panel;rush
Q2916993,"Edward Montagu, 8th Earl of Sandwich",Q7926168,Victor Montagu,indirect,rush
Q2917086,"Gerald Balfour, 2nd Earl of Balfour",Q17308768,James Balfour,grandchild,panel
Q2917086,"Gerald Balfour, 2nd Earl of Balfour",Q19008,Arthur Balfour,sibling,panel;rush
Q2917086,"Gerald Balfour, 2nd Earl of Balfour",Q243705,"Robert Gascoyne-Cecil, 3rd Marquess of Salisbury",uncle/aunt,rush
Q2917086,"Gerald Balfour, 2nd Earl of Balfour",Q4381482,"James Gascoyne-Cecil, 4th Marquess of Salisbury",cousin,panel;rush
Q2917086,"Gerald Balfour, 2nd Earl of Balfour",Q6138831,James Maitland Balfour,child,panel
Q2919989,"Julian Amery, Baron Amery of Lustleigh",Q128985,Harold Macmillan,indirect,rush
Q2919989,"Julian Amery, Baron Amery of Lustleigh",Q332897,Maurice Macmillan,indirect,rush
Q2919989,"Julian Amery, Baron Amery of Lustleigh",Q333573,Leo Amery,child;parent,panel;rush
Q2919989,"Julian Amery, Baron Amery of Lustleigh",Q5644085,"Hamar Greenwood, 1st Viscount Greenwood",uncle/aunt,rush
Q2920090,"William Peel, 1st Earl Peel",Q181875,Robert Peel,grandchild,panel
Q2920090,"William Peel, 1st Earl Peel",Q334165,Arthur Peel,child;parent,panel;rush
Q2920090,"William Peel, 1st Earl Peel",Q4685934,"Sir Robert Peel, 3rd Baronet",niece/nephew,panel
Q2920090,"William Peel, 1st Earl Peel",Q4798804,Arthur George Villiers Peel,sibling,panel
Q2920090,"William Peel, 1st Earl Peel",Q5498541,Frederick Peel,niece/nephew,panel
Q2920090,"William Peel, 1st Earl Peel",Q6145654,"James Williamson, 1st Baron Ashton",indirect,rush
Q2920090,"William Peel, 1st Earl Peel",Q7509271,Sidney Peel,sibling,panel
Q2959005,"Charles Thomson, 1st Baron Sydenham",Q707126,George Julius Poulett Scrope,sibling,rush
Q2959381,Charles Howard-Bury,Q5607839,Greville Howard,indirect,rush
Q2959381,Charles Howard-Bury,Q5729143,Henry Thomas Howard,indirect,rush
Q2960166,"Sir Charles Russell, 3rd Baronet",Q26213982,Charles Russell,uncle/aunt,rush
Q2960166,"Sir Charles Russell, 3rd Baronet",Q3101884,"Sir George Russell, 4th Baronet",sibling,panel;rush
Q296597,Ian Paisley,Q575881,Ian Paisley Jr,child;parent,panel;rush
Q3012172,Alexander Hope,Q5546317,George William Hope,child;parent,panel;rush
Q3012172,Alexander Hope,Q6136223,James Hope,niece/nephew,rush
Q3012172,Alexander Hope,Q7790796,Thomas Hope,indirect,rush
Q30234240,Ellie Reeves,Q574896,Rachel Reeves,sibling,rush
Q30234248,Bob Seely,Q6105456,"John Seely, 1st Baron Mottistone",great-great-uncle/aunt,rush
Q302763,Angela Eagle,Q302815,Maria Eagle,sibling,rush
Q302815,Maria Eagle,Q302763,Angela Eagle,sibling,rush
Q3030361,Edward Harland,Q4710423,Albert Harland,indirect,rush
Q3030361,Edward Harland,Q5726814,Henry Peirson Harland,indirect,rush
Q303351,Charlie Elphicke,Q42846975,Natalie Elphicke,partner,rush
Q3041941,Jonathan Peel,Q181875,Robert Peel,sibling,panel
Q3041941,Jonathan Peel,Q20755914,Edmund Peel,sibling,panel
Q3041941,Jonathan Peel,Q334165,Arthur Peel,uncle/aunt,panel
Q3041941,Jonathan Peel,Q4685934,"Sir Robert Peel, 3rd Baronet",uncle/aunt,panel
Q3041941,Jonathan Peel,Q5498541,Frederick Peel,uncle/aunt,panel
Q3041941,Jonathan Peel,Q6107323,William Yates Peel,sibling,panel
Q3041941,Jonathan Peel,Q6828632,"Michael Biddulph, 1st Baron Biddulph",indirect,rush
Q3048490,Edward Crossley,Q16065524,Francis Crossley,indirect,rush
Q3048490,Edward Crossley,Q6227760,John Crossley,indirect,rush
Q3048490,Edward Crossley,Q7428221,"Savile Crossley, 1st Baron Somerleyton",indirect,rush
Q3048714,Edward William Harcourt,Q5790068,"Lewis Harcourt, 1st Viscount Harcourt",uncle/aunt,panel
Q3048714,Edward William Harcourt,Q6939233,"Murray Finch-Hatton, 12th Earl of Winchilsea",indirect,rush
Q3048714,Edward William Harcourt,Q7350597,Robert Harcourt,uncle/aunt,panel
Q3048714,Edward William Harcourt,Q775821,William Vernon Harcourt,sibling,panel;rush
Q3069915,"Paul Channon, Baron Kelvedon",Q2176533,"Rupert Guinness, 2nd Earl of Iveagh",grandparent,rush
Q3069915,"Paul Channon, Baron Kelvedon",Q5719301,Henry Channon,child;parent,panel;rush
Q3072297,"James Hope, 1st Baron Rankeillour",Q3073452,"Arthur Hope, 2nd Baron Rankeillour",child;parent,panel;rush
Q3073452,"Arthur Hope, 2nd Baron Rankeillour",Q3072297,"James Hope, 1st Baron Rankeillour",child;parent,panel;rush
Q3073452,"Arthur Hope, 2nd Baron Rankeillour",Q5079116,Charles Hope,parent,rush
Q3087168,"Frederick Stewart, 4th Marquess of Londonderry",Q333368,"Charles Vane-Tempest-Stewart, 7th Marquess of Londonderry",indirect,rush
Q3087168,"Frederick Stewart, 4th Marquess of Londonderry",Q5083121,"Charles Vane-Tempest-Stewart, 6th Marquess of Londonderry",niece/nephew;uncle/aunt,panel;rush
Q3087168,"Frederick Stewart, 4th Marquess of Londonderry",Q5261284,"George Vane-Tempest, 5th Marquess of Londonderry",sibling,panel;rush
Q3087168,"Frederick Stewart, 4th Marquess of Londonderry",Q6678890,Lord Adolphus Vane-Tempest,sibling,panel;rush
Q310046,Peter Mandelson,Q335791,Herbert Morrison,grandparent,rush
Q3101799,"George Nugent-Grenville, 2nd Baron Nugent",Q3701723,"Richard Temple-Nugent-Brydges-Chandos-Grenville, 3rd Duke of Buckingham and Chandos",indirect,rush
Q3101799,"George Nugent-Grenville, 2nd Baron Nugent",Q3701727,"Richard Temple-Nugent-Brydges-Chandos-Grenville, 2nd Duke of Buckingham and Chandos",niece/nephew,rush
Q3101884,"Sir George Russell, 4th Baronet",Q26213982,Charles Russell,uncle/aunt,rush
Q3101884,"Sir George Russell, 4th Baronet",Q2865197,Lord Arthur Lennox,indirect,rush
Q3101884,"Sir George Russell, 4th Baronet",Q2960166,"Sir Charles Russell, 3rd Baronet",sibling,panel;rush
Q3101917,"Sir George Sitwell, 4th Baronet",Q8007758,"William Denison, 1st Earl of Londesborough",indirect,rush
Q31177,"George Russell, 10th Duke of Bedford",Q157259,"John Russell, 1st Earl Russell",indirect,rush
Q31177,"George Russell, 10th Duke of Bedford",Q31178,"Francis Russell, 9th Duke of Bedford",child;parent,panel;rush
Q31177,"George Russell, 10th Duke of Bedford",Q6084189,George W. E. Russell,indirect,rush
Q31177,"George Russell, 10th Duke of Bedford",Q6678929,Lord Arthur Russell,niece/nephew;uncle/aunt,panel;rush
Q31177,"George Russell, 10th Duke of Bedford",Q6679056,Lord Charles Russell,indirect,rush
Q31177,"George Russell, 10th Duke of Bedford",Q6679210,Lord Edward Russell,indirect,rush
Q31177,"George Russell, 10th Duke of Bedford",Q6834882,"William Russell, 8th Duke of Bedford",indirect,rush
Q31178,"Francis Russell, 9th Duke of Bedford",Q157259,"John Russell, 1st Earl Russell",uncle/aunt,rush
Q31178,"Francis Russell, 9th Duke of Bedford",Q31177,"George Russell, 10th Duke of Bedford",child;parent,panel;rush
Q31178,"Francis Russell, 9th Duke of Bedford",Q6084189,George W. E. Russell,cousin,panel;rush
Q31178,"Francis Russell, 9th Duke of Bedford",Q6678929,Lord Arthur Russell,sibling,panel;rush
Q31178,"Francis Russell, 9th Duke of Bedford",Q6679056,Lord Charles Russell,uncle/aunt,rush
Q31178,"Francis Russell, 9th Duke of Bedford",Q6679210,Lord Edward Russell,uncle/aunt,rush
Q31178,"Francis Russell, 9th Duke of Bedford",Q6834882,"William Russell, 8th Duke of Bedford",cousin,panel;rush
Q312503,"John Lubbock, 1st Baron Avebury",Q337106,"Eric Lubbock, 4th Baron Avebury",indirect,rush
Q3132661,"Henry Brand, 2nd Viscount Hampden",Q336732,"Henry Brand, 1st Viscount Hampden",child;parent,panel;rush
Q3132661,"Henry Brand, 2nd Viscount Hampden",Q4798072,Arthur Brand,sibling,panel;rush
Q3132661,"Henry Brand, 2nd Viscount Hampden",Q7794563,"Thomas Trevor, 22nd Baron Dacre",niece/nephew;uncle/aunt,panel;rush
Q3132669,"Henry Bulwer, 1st Baron Dalling and Bulwer",Q318462,Edward Bulwer-Lytton,sibling,panel;rush
Q3140471,Horace Plunkett,Q6253068,"John Plunkett, 17th Baron of Dunsany",sibling,panel
Q3142302,Hugh Oakeley Arnold-Forster,Q654942,William Edward Forster,uncle/aunt,rush
Q314773,Lord Randolph Churchill,Q183105,Randolph Churchill,grandchild;grandparent,panel;rush
Q314773,Lord Randolph Churchill,Q24288427,Lord Alfred Spencer-Churchill,niece/nephew,panel
Q314773,Lord Randolph Churchill,Q332528,Winston Churchill,indirect,rush
Q314773,Lord Randolph Churchill,Q333355,"John Spencer-Churchill, 7th Duke of Marlborough",child;parent,panel;rush
Q314773,Lord Randolph Churchill,Q333601,"George Spencer-Churchill, 6th Duke of Marlborough",grandchild;grandparent,panel;rush
Q314773,Lord Randolph Churchill,Q8016,Winston Churchill,child;parent,panel;rush
Q314917,Daniel O'Connell,Q16066056,Herbert Baldwin,cousin,panel;rush
Q314917,Daniel O'Connell,Q16858130,Charles O'Connell,indirect,rush
Q314917,Daniel O'Connell,Q21548703,Morgan O'Connell,niece/nephew,rush
Q314917,Daniel O'Connell,Q26415909,Dominick Ronayne,cousin,panel;rush
Q314917,Daniel O'Connell,Q3809512,John O'Connell,child;parent,panel;rush
Q314917,Daniel O'Connell,Q5218291,Daniel O'Connell,child;parent,panel;rush
Q314917,Daniel O'Connell,Q6793386,Maurice O'Connell,child;parent,panel;rush
Q314917,Daniel O'Connell,Q6911794,Morgan O'Connell,child;parent,panel;rush
Q3154745,"Sir Isaac Holden, 1st Baronet",Q16043741,"Sir Edward Holden, 1st Baronet",child,rush
Q3154745,"Sir Isaac Holden, 1st Baronet",Q4710526,"Albert Illingworth, 1st Baron Illingworth",grandchild,rush
Q3154745,"Sir Isaac Holden, 1st Baronet",Q4722909,Alfred Illingworth,indirect,rush
Q3154745,"Sir Isaac Holden, 1st Baronet",Q4764135,"Angus Holden, 1st Baron Holden",child;parent,panel;rush
Q3154745,"Sir Isaac Holden, 1st Baronet",Q7167413,Percy Illingworth,grandchild,rush
Q3157526,Jacob Bright,Q176524,John Bright,sibling,panel;rush
Q3157526,Jacob Bright,Q6218435,John Albert Bright,sibling;uncle/aunt,panel;rush
Q3157526,Jacob Bright,Q8014407,William Leatham Bright,uncle/aunt,panel
Q315989,"Thomas Babington Macaulay, 1st Baron Macaulay",Q6390417,Kenneth Macaulay,indirect,rush
Q315999,Joseph Chamberlain,Q10664,Neville Chamberlain,child;parent,panel;rush
Q315999,Joseph Chamberlain,Q188999,Austen Chamberlain,child;parent,panel;rush
Q315999,Joseph Chamberlain,Q5337171,Edgar Chatfeild-Clarke,cousin,panel;rush
Q315999,Joseph Chamberlain,Q7324698,Richard Chamberlain,sibling,panel;rush
Q315999,Joseph Chamberlain,Q8013949,William Kenrick,indirect,rush
Q316669,"Walter Rothschild, 2nd Baron Rothschild",Q333605,Lionel de Rothschild,grandchild;grandparent,panel;rush
Q316669,"Walter Rothschild, 2nd Baron Rothschild",Q334120,"Nathan Rothschild, 1st Baron Rothschild",child;parent,panel;rush
Q316669,"Walter Rothschild, 2nd Baron Rothschild",Q3817460,Ferdinand James von Rothschild,uncle/aunt,rush
Q316669,"Walter Rothschild, 2nd Baron Rothschild",Q3853190,Mayer Amschel de Rothschild,indirect,rush
Q317258,Neil Kinnock,Q3377178,Stephen Kinnock,child;parent,panel;rush
Q317436,Charles Stewart Parnell,Q6240076,John Howard Parnell,sibling,panel
Q3181720,John Heathcoat,Q16058830,"Sir John Heathcoat-Amory, 1st Baronet",indirect,rush
Q3182815,"John Loder, 2nd Baron Wakehurst",Q5294526,"Donald Howard, 3rd Baron Strathcona and Mount Royal",indirect,rush
Q3182815,"John Loder, 2nd Baron Wakehurst",Q5549352,"Gerald Loder, 1st Baron Wakehurst",child;parent,panel;rush
Q3182815,"John Loder, 2nd Baron Wakehurst",Q7528805,"Sir Robert Loder, 1st Baronet",grandchild;grandparent,panel;rush
Q318462,Edward Bulwer-Lytton,Q3132669,"Henry Bulwer, 1st Baron Dalling and Bulwer",sibling,panel;rush
Q319362,George Cayley,Q5345457,Edward Stillingfleet Cayley,indirect,rush
Q320291,"Henry Grey, 3rd Earl Grey",Q333336,"Albert Grey, 4th Earl Grey",niece/nephew;uncle/aunt,panel;rush
Q320291,"Henry Grey, 3rd Earl Grey",Q5078440,Charles Grey,sibling,panel;rush
Q320296,"Arthur Wellesley, 2nd Duke of Wellington",Q334151,Lord Charles Wellesley,sibling,panel;rush
Q320296,"Arthur Wellesley, 2nd Duke of Wellington",Q334429,"Henry Wellesley, 3rd Duke of Wellington",niece/nephew;uncle/aunt,panel;rush
Q320768,"Henry Labouchere, 1st Baron Taunton",Q334396,Henry Labouchère,niece/nephew,rush
Q321003,James Harris,Q5343334,Edward Harris,sibling,panel;rush
Q322902,William John Codrington,Q5113428,Christopher Codrington,cousin,panel;rush
Q322902,William John Codrington,Q958853,Edward Codrington,child;parent,panel;rush
Q323488,Roy Jenkins,Q2717918,Arthur Jenkins,parent,rush
Q323773,Charles Beresford,Q13377499,Richard Gardner,indirect,rush
Q323773,Charles Beresford,Q6221627,"John Beresford, 5th Marquess of Waterford",sibling,panel;rush
Q323773,Charles Beresford,Q6758034,Marcus Beresford,uncle/aunt,rush
Q324276,Edward Baines,Q5081967,Charles Reed,indirect,rush
Q324276,Edward Baines,Q5341716,Edward Baines,child;parent,panel;rush
Q324276,Edward Baines,Q6791301,Matthew Talbot Baines,child;parent,panel;rush
Q324805,"Nicholas Ridley, Baron Ridley of Liddesdale",Q197894,Owen Paterson,indirect,rush
Q324805,"Nicholas Ridley, Baron Ridley of Liddesdale",Q6791421,"Matthew White Ridley, 2nd Viscount Ridley",grandparent,rush
Q325403,Aneurin Bevan,Q1686926,"Jennie Lee, Baroness Lee of Asheridge",spouse,rush
Q328035,"William Brett, 1st Viscount Esher",Q334210,"Reginald Brett, 2nd Viscount Esher",child;parent,panel;rush
Q3297197,John Blake Dillon,Q3504529,John Dillon,child;parent,panel;rush
Q330604,"William Joynson-Hicks, 1st Viscount Brentford",Q6483622,"Lancelot Joynson-Hicks, 3rd Viscount Brentford",child;parent,panel;rush
Q3308237,Michael Grylls,Q7145583,Patricia Ford,indirect,rush
Q3313247,"George Greville, 4th Earl of Warwick",Q3313263,"Francis Greville, 5th Earl of Warwick",child;parent,panel;rush
Q3313247,"George Greville, 4th Earl of Warwick",Q5480498,"Francis Charteris, 10th Earl of Wemyss",indirect,rush
Q3313263,"Francis Greville, 5th Earl of Warwick",Q3313247,"George Greville, 4th Earl of Warwick",child;parent,panel;rush
Q332347,John Profumo,Q5660023,"Harold Balfour, 1st Baron Balfour of Inchrye",indirect,rush
Q332400,Oswald Mosley,Q271878,"George Curzon, 1st Marquess Curzon of Kedleston",indirect,rush
Q332400,Oswald Mosley,Q533649,Lady Cynthia Mosley,spouse,rush
Q332400,Oswald Mosley,Q7528415,"Sir Oswald Mosley, 2nd Baronet, of Ancoats",indirect,rush
Q332405,Stafford Cripps,Q337704,"Charles Cripps, 1st Baron Parmoor",child;parent,panel;rush
Q332412,Tony Benn,Q262742,Hilary Benn,child;parent,panel;rush
Q332412,Tony Benn,Q5218941,Daniel Turner Holmes,grandparent,rush
Q332412,Tony Benn,Q677902,"William Wedgwood Benn, 1st Viscount Stansgate",child;parent,panel;rush
Q332412,Tony Benn,Q7527599,"Sir John Benn, 1st Baronet",grandchild;grandparent,panel;rush
Q332419,Michael Foot,Q334651,Dingle Foot,sibling,panel;rush
Q332419,Michael Foot,Q6076320,Isaac Foot,child;parent,panel;rush
Q332454,"Max Aitken, 1st Baron Beaverbrook",Q7528323,"Sir Max Aitken, 2nd Baronet",child;parent,panel;rush
Q332454,"Max Aitken, 1st Baron Beaverbrook",Q8004211,William Aitken,niece/nephew,rush
Q332460,Keir Hardie,Q5234715,David Hardie,sibling,rush
Q332460,Keir Hardie,Q5540225,George Hardie,sibling,rush
Q332475,"Walter Guinness, 1st Baron Moyne",Q1557837,"Gwendolen Guinness, Countess of Iveagh",indirect,rush
Q332475,"Walter Guinness, 1st Baron Moyne",Q2176533,"Rupert Guinness, 2nd Earl of Iveagh",sibling,panel;rush
Q332508,John Bowring,Q5337090,Edgar Alfred Bowring,child;parent,panel;rush
Q332528,Winston Churchill,Q183105,Randolph Churchill,child;parent,panel;rush
Q332528,Winston Churchill,Q314773,Lord Randolph Churchill,indirect,rush
Q332528,Winston Churchill,Q8016,Winston Churchill,grandchild;grandparent,panel;rush
Q332552,"Alexander Duff, 1st Duke of Fife",Q11309157,"James Duff, 5th Earl Fife",child,panel
Q332552,"Alexander Duff, 1st Duke of Fife",Q5544593,George Skene Duff,niece/nephew,panel
Q332572,Edwin Samuel Montagu,Q334290,"Samuel Montagu, 1st Baron Swaythling",child;parent,panel;rush
Q332595,"John Hobhouse, 1st Baron Broughton",Q26734725,Henry Hobhouse,sibling,panel;rush
Q332595,"John Hobhouse, 1st Baron Broughton",Q7790721,Thomas Benjamin Hobhouse,sibling,panel;rush
Q332650,"Stafford Northcote, 1st Earl of Iddesleigh",Q333831,"Henry Northcote, 1st Baron Northcote",child;parent,panel;rush
Q332660,Hilary Armstrong,Q5392734,Ernest Armstrong,parent,rush
Q332679,"James Abercromby, 1st Baron Dunfermline",Q5536044,"George Abercromby, 3rd Baron Abercromby",niece/nephew,rush
Q332696,Virginia Bottomley,Q264477,Peter Bottomley,spouse,rush
Q332706,"Douglas Hogg, 1st Viscount Hailsham",Q175366,"Quintin Hogg, Baron Hailsham of St Marylebone",child;parent,panel;rush
Q332706,"Douglas Hogg, 1st Viscount Hailsham",Q333964,Douglas Hogg,grandchild;grandparent,panel;rush
Q332712,Thomas Gibson,Q3990628,Thomas Gibson Bowles,parent,panel
Q332712,Thomas Gibson,Q5539446,George Frederic Stewart Bowles,grandparent,panel
Q332738,"John Campbell, 1st Baron Campbell",Q10305110,"James Scarlett, 1st Baron Abinger",indirect,rush
Q332738,"John Campbell, 1st Baron Campbell",Q333223,James Yorke Scarlett,indirect,rush
Q332738,"John Campbell, 1st Baron Campbell",Q6283788,Joseph Hardcastle,indirect,rush
Q332738,"John Campbell, 1st Baron Campbell",Q7349602,"Robert Scarlett, 2nd Baron Abinger",indirect,rush
Q332738,"John Campbell, 1st Baron Campbell",Q8006488,"William Campbell, 2nd Baron Stratheden and Campbell",child;parent,panel;rush
Q332746,"Michael Hicks Beach, 1st Earl St Aldwyn",Q5076881,Charles Dillwyn-Venables-Llewellyn,niece/nephew,rush
Q332746,"Michael Hicks Beach, 1st Earl St Aldwyn",Q6831126,"Michael Hicks Beach, Viscount Quenington",child;parent,panel;rush
Q332746,"Michael Hicks Beach, 1st Earl St Aldwyn",Q7527724,"Sir John Dillwyn-Llewellyn, 1st Baronet",indirect,rush
Q332746,"Michael Hicks Beach, 1st Earl St Aldwyn",Q7528336,"Sir Michael Hicks Beach, 8th Baronet",child;parent,panel;rush
Q332746,"Michael Hicks Beach, 1st Earl St Aldwyn",Q8009392,William Frederick Hicks-Beach,sibling,panel;rush
Q332759,Francis Pym,Q6531084,Leslie Pym,child,panel
Q332783,"John Jacob Astor, 1st Baron Astor of Hever",Q195013,"Nancy Astor, Viscountess Astor",indirect,rush
Q332783,"John Jacob Astor, 1st Baron Astor of Hever",Q2580935,"William Astor, 3rd Viscount Astor",niece/nephew;uncle/aunt,panel;rush
Q332783,"John Jacob Astor, 1st Baron Astor of Hever",Q2619726,"Waldorf Astor, 2nd Viscount Astor",sibling,panel;rush
Q332783,"John Jacob Astor, 1st Baron Astor of Hever",Q6125171,Jakie Astor,niece/nephew;uncle/aunt,panel;rush
Q332783,"John Jacob Astor, 1st Baron Astor of Hever",Q6219659,John Astor,child;parent,panel;rush
Q332783,"John Jacob Astor, 1st Baron Astor of Hever",Q6828289,Michael Astor,niece/nephew;uncle/aunt,panel;rush
Q332789,"Edward Stanley, 15th Earl of Derby",Q222458,"Frederick Stanley, 16th Earl of Derby",sibling,panel
Q332789,"Edward Stanley, 15th Earl of Derby",Q237829,"Edward Smith-Stanley, 14th Earl of Derby",child;parent,panel;rush
Q332789,"Edward Stanley, 15th Earl of Derby",Q25861357,Henry Stanley,niece/nephew,panel
Q332789,"Edward Stanley, 15th Earl of Derby",Q335754,"Edward Smith-Stanley, 13th Earl of Derby",grandchild,panel
Q332789,"Edward Stanley, 15th Earl of Derby",Q338427,"Edward Stanley, 17th Earl of Derby",uncle/aunt,panel
Q332789,"Edward Stanley, 15th Earl of Derby",Q4800349,Arthur Stanley,uncle/aunt,panel
Q332789,"Edward Stanley, 15th Earl of Derby",Q5539480,George Stanley,uncle/aunt,panel
Q332789,"Edward Stanley, 15th Earl of Derby",Q7324261,Richard Bootle-Wilbraham,uncle/aunt,rush
Q332793,"Henry Hardinge, 1st Viscount Hardinge",Q5078764,"Charles Hardinge, 2nd Viscount Hardinge",child;parent,panel;rush
Q332813,"James Hamilton, 3rd Duke of Abercorn",Q15072599,Lord Ernest Hamilton,niece/nephew;sibling,panel;rush
Q332813,"James Hamilton, 3rd Duke of Abercorn",Q1869870,Lord Frederick Spencer Hamilton,niece/nephew;sibling,panel;rush
Q332813,"James Hamilton, 3rd Duke of Abercorn",Q2679435,Lord Claud Hamilton,niece/nephew,panel
Q332813,"James Hamilton, 3rd Duke of Abercorn",Q333628,Lord George Hamilton,niece/nephew,panel
Q332813,"James Hamilton, 3rd Duke of Abercorn",Q335270,"James Hamilton, 2nd Duke of Abercorn",child;parent,panel;rush
Q332813,"James Hamilton, 3rd Duke of Abercorn",Q6135508,James Hans Hamilton,indirect,rush
Q332881,Jonathan Aitken,Q8004211,William Aitken,child;parent,panel;rush
Q332890,Angus Maude,Q333986,Francis Maude,child;parent,panel;rush
Q332897,Maurice Macmillan,Q128985,Harold Macmillan,child;parent,panel;rush
Q332897,Maurice Macmillan,Q2919989,"Julian Amery, Baron Amery of Lustleigh",indirect,rush
Q332927,Edward FitzRoy,Q5721297,Henry Fitzroy,indirect,rush
Q332933,Lord George Bentinck,Q138559,Lord William Bentinck,uncle/aunt,rush
Q332933,Lord George Bentinck,Q6679336,Lord Henry Bentinck,sibling,panel;rush
Q332941,"Douglas Douglas-Hamilton, 14th Duke of Hamilton",Q333795,"James Douglas-Hamilton, Baron Selkirk of Douglas",child;parent,panel;rush
Q332941,"Douglas Douglas-Hamilton, 14th Duke of Hamilton",Q6679747,Lord Malcolm Douglas-Hamilton,sibling,panel;rush
Q332956,Harold Nicolson,Q333231,Nigel Nicolson,child;parent,panel;rush
Q332994,Dominic Grieve,Q7167373,Percy Grieve,child;parent,panel;rush
Q333004,John Buchan,Q7245582,"Priscilla Buchan, Baroness Tweedsmuir",indirect,rush
Q333036,Peter Robinson,Q333235,Iris Robinson,spouse,rush
Q333039,David Heathcoat-Amory,Q16058830,"Sir John Heathcoat-Amory, 1st Baronet",indirect,rush
Q333039,David Heathcoat-Amory,Q334287,"Derick Heathcoat-Amory, 1st Viscount Amory",uncle/aunt,rush
Q333102,"Thomas Denman, 1st Baron Denman",Q5538488,George Denman,parent,panel
Q333111,"George Robinson, 1st Marquess of Ripon",Q5498650,"Frederick Robinson, 2nd Marquess of Ripon",child;parent,panel;rush
Q333117,"James Broun-Ramsay, 1st Marquess of Dalhousie",Q11806802,Lauderdale Maule,cousin,panel;rush
Q333117,"James Broun-Ramsay, 1st Marquess of Dalhousie",Q333304,"Fox Maule-Ramsay, 11th Earl of Dalhousie",cousin,panel;rush
Q333141,Rhodri Morgan,Q6308404,Julie Morgan,spouse,rush
Q333145,"George Younger, 4th Viscount Younger of Leckie",Q1508664,"George Younger, 1st Viscount Younger of Leckie",indirect,rush
Q333145,"George Younger, 4th Viscount Younger of Leckie",Q333362,"Ian Gilmour, Baron Gilmour of Craigmillar",cousin,panel;rush
Q333145,"George Younger, 4th Viscount Younger of Leckie",Q6390855,Kenneth Younger,uncle/aunt,rush
Q333174,Arthur Greenwood,Q15054299,"Anthony Greenwood, Baron Greenwood of Rossendale",child;parent,panel;rush
Q333199,Timothy Michael Healy,Q16031046,Thomas Joseph Healy,sibling,panel;rush
Q333199,Timothy Michael Healy,Q6793186,Maurice Healy,sibling,panel;rush
Q333205,"Robert Gascoyne-Cecil, 5th Marquess of Salisbury",Q12702,Robert Cecil,niece/nephew,panel
Q333205,"Robert Gascoyne-Cecil, 5th Marquess of Salisbury",Q243705,"Robert Gascoyne-Cecil, 3rd Marquess of Salisbury",grandchild;grandparent,panel;rush
Q333205,"Robert Gascoyne-Cecil, 5th Marquess of Salisbury",Q2761950,"Edward Cavendish, 10th Duke of Devonshire",indirect,rush
Q333205,"Robert Gascoyne-Cecil, 5th Marquess of Salisbury",Q334182,"Hugh Cecil, 1st Baron Quickswood",niece/nephew,panel
Q333205,"Robert Gascoyne-Cecil, 5th Marquess of Salisbury",Q335589,"Robert Gascoyne-Cecil, 7th Marquess of Salisbury",grandchild;grandparent,panel;rush
Q333205,"Robert Gascoyne-Cecil, 5th Marquess of Salisbury",Q4381482,"James Gascoyne-Cecil, 4th Marquess of Salisbury",child;parent,panel;rush
Q333205,"Robert Gascoyne-Cecil, 5th Marquess of Salisbury",Q6679906,Lord Richard Cavendish,indirect,rush
Q333205,"Robert Gascoyne-Cecil, 5th Marquess of Salisbury",Q9310800,"Robert Gascoyne-Cecil, 6th Marquess of Salisbury",child;parent,panel;rush
Q333214,"John Scott, 9th Duke of Buccleuch",Q2602495,"Walter Montagu Douglas Scott, 8th Duke of Buccleuch",child;parent,panel;rush
Q333214,"John Scott, 9th Duke of Buccleuch",Q337464,"John Montagu Douglas Scott, 7th Duke of Buccleuch",grandchild;grandparent,panel;rush
Q333214,"John Scott, 9th Duke of Buccleuch",Q337468,"William Montagu Douglas Scott, 6th Duke of Buccleuch",indirect,rush
Q333214,"John Scott, 9th Duke of Buccleuch",Q6680030,Lord William Montagu Douglas Scott,niece/nephew,panel
Q333223,James Yorke Scarlett,Q10305110,"James Scarlett, 1st Baron Abinger",child;parent,panel;rush
Q333223,James Yorke Scarlett,Q332738,"John Campbell, 1st Baron Campbell",indirect,rush
Q333223,James Yorke Scarlett,Q7349602,"Robert Scarlett, 2nd Baron Abinger",sibling,panel;rush
Q333223,James Yorke Scarlett,Q8006488,"William Campbell, 2nd Baron Stratheden and Campbell",niece/nephew,rush
Q333231,Nigel Nicolson,Q332956,Harold Nicolson,child;parent,panel;rush
Q333235,Iris Robinson,Q333036,Peter Robinson,spouse,rush
Q333245,"Vere Ponsonby, 9th Earl of Bessborough",Q6253140,"John Ponsonby, 5th Earl of Bessborough",indirect,rush
Q333256,"Hugh Grosvenor, 1st Duke of Westminster",Q14945417,"Robert Grosvenor, 1st Baron Ebury",niece/nephew;uncle/aunt,panel;rush
Q333256,"Hugh Grosvenor, 1st Duke of Westminster",Q4171078,"Richard Grosvenor, 2nd Marquess of Westminster",child;parent,panel;rush
Q333256,"Hugh Grosvenor, 1st Duke of Westminster",Q7052295,Norman Grosvenor,sibling,rush
Q333256,"Hugh Grosvenor, 1st Duke of Westminster",Q7326097,"Richard Grosvenor, 1st Baron Stalbridge",sibling,panel;rush
Q333256,"Hugh Grosvenor, 1st Duke of Westminster",Q7344985,"Robert Grosvenor, 2nd Baron Ebury",sibling,rush
Q333256,"Hugh Grosvenor, 1st Duke of Westminster",Q7527315,"Sir Hugh Shaw-Stewart, 8th Baronet",niece/nephew,rush
Q333261,Andrew Mitchell,Q5237629,David Mitchell,child,panel
Q333281,"John Spencer, 5th Earl Spencer",Q2544868,"Charles Spencer, 6th Earl Spencer",sibling,panel
Q333281,"John Spencer, 5th Earl Spencer",Q335529,"Frederick Spencer, 4th Earl Spencer",child,panel
Q333281,"John Spencer, 5th Earl Spencer",Q386213,"John Spencer, 3rd Earl Spencer",niece/nephew;uncle/aunt,panel;rush
Q333294,"Anthony Ashley-Cooper, 7th Earl of Shaftesbury",Q1147508,Evelyn Ashley,child;parent,panel;rush
Q333294,"Anthony Ashley-Cooper, 7th Earl of Shaftesbury",Q13529783,"Wilfrid Ashley, 1st Baron Mount Temple",grandparent,panel
Q333294,"Anthony Ashley-Cooper, 7th Earl of Shaftesbury",Q16066161,Anthony Henry Ashley-Cooper,sibling,panel
Q333294,"Anthony Ashley-Cooper, 7th Earl of Shaftesbury",Q22343752,Anthony John Ashley-Cooper,sibling,panel
Q333294,"Anthony Ashley-Cooper, 7th Earl of Shaftesbury",Q4772029,"Anthony Ashley-Cooper, 8th Earl of Shaftesbury",child;parent,panel;rush
Q333304,"Fox Maule-Ramsay, 11th Earl of Dalhousie",Q11806802,Lauderdale Maule,sibling,panel;rush
Q333304,"Fox Maule-Ramsay, 11th Earl of Dalhousie",Q333117,"James Broun-Ramsay, 1st Marquess of Dalhousie",cousin,panel;rush
Q333304,"Fox Maule-Ramsay, 11th Earl of Dalhousie",Q6254150,"John Ramsay, 13th Earl of Dalhousie",indirect,rush
Q333304,"Fox Maule-Ramsay, 11th Earl of Dalhousie",Q8015248,"William Maule, 1st Baron Panmure",child,panel
Q333318,Ian McCartney,Q16017494,Hugh McCartney,parent,rush
Q333321,"Harold Lever, Baron Lever of Manchester",Q6530973,"Leslie Lever, Baron Lever",sibling,panel;rush
Q333321,"Harold Lever, Baron Lever of Manchester",Q7004840,Neville Sandelson,cousin,panel;rush
Q333326,"Estelle Morris, Baroness Morris of Yardley",Q336911,Alf Morris,niece/nephew;uncle/aunt,panel;rush
Q333326,"Estelle Morris, Baroness Morris of Yardley",Q5081098,Charles Morris,child,panel
Q333334,"John Boyd-Carpenter, Baron Boyd-Carpenter",Q4786226,Archibald Boyd-Carpenter,child;parent,panel;rush
Q333336,"Albert Grey, 4th Earl Grey",Q320291,"Henry Grey, 3rd Earl Grey",niece/nephew;uncle/aunt,panel;rush
Q333336,"Albert Grey, 4th Earl Grey",Q335187,"Edward Grey, 1st Viscount Grey of Fallodon",indirect,rush
Q333336,"Albert Grey, 4th Earl Grey",Q5078438,Charles Grey,indirect,rush
Q333336,"Albert Grey, 4th Earl Grey",Q5078440,Charles Grey,child;parent,panel;rush
Q333336,"Albert Grey, 4th Earl Grey",Q5771276,"Sir George Grey, 2nd Baronet",indirect,rush
Q333342,"Edgar Vincent, 1st Viscount D'Abernon",Q5921151,Howard Vincent,sibling,rush
Q333342,"Edgar Vincent, 1st Viscount D'Abernon",Q8008114,"William Duncombe, 1st Earl of Feversham",indirect,rush
Q333354,"Charles Wood, 1st Viscount Halifax",Q333426,"Edward Wood, 1st Earl of Halifax",grandchild,rush
Q333355,"John Spencer-Churchill, 7th Duke of Marlborough",Q1680597,"James Innes-Ker, 7th Duke of Roxburghe",indirect,rush
Q333355,"John Spencer-Churchill, 7th Duke of Marlborough",Q24288427,Lord Alfred Spencer-Churchill,sibling,panel
Q333355,"John Spencer-Churchill, 7th Duke of Marlborough",Q314773,Lord Randolph Churchill,child;parent,panel;rush
Q333355,"John Spencer-Churchill, 7th Duke of Marlborough",Q333601,"George Spencer-Churchill, 6th Duke of Marlborough",child;parent,panel;rush
Q333355,"John Spencer-Churchill, 7th Duke of Marlborough",Q6679059,Lord Charles Spencer-Churchill,niece/nephew,panel
Q333355,"John Spencer-Churchill, 7th Duke of Marlborough",Q7325013,"Richard Curzon, 4th Earl Howe",indirect,rush
Q333355,"John Spencer-Churchill, 7th Duke of Marlborough",Q8016,Winston Churchill,grandchild;grandparent,panel;rush
Q333358,"Sir Charles Trevelyan, 3rd Baronet",Q333808,"Sir George Trevelyan, 2nd Baronet",child;parent,panel;rush
Q333358,"Sir Charles Trevelyan, 3rd Baronet",Q7347980,Robert Needham Philips,grandparent,rush
Q333362,"Ian Gilmour, Baron Gilmour of Craigmillar",Q333145,"George Younger, 4th Viscount Younger of Leckie",cousin,panel;rush
Q333362,"Ian Gilmour, Baron Gilmour of Craigmillar",Q3377781,Hedworth Meux,indirect,rush
Q333368,"Charles Vane-Tempest-Stewart, 7th Marquess of Londonderry",Q3087168,"Frederick Stewart, 4th Marquess of Londonderry",indirect,rush
Q333368,"Charles Vane-Tempest-Stewart, 7th Marquess of Londonderry",Q3497552,Oliver Stanley,indirect,rush
Q333368,"Charles Vane-Tempest-Stewart, 7th Marquess of Londonderry",Q5083121,"Charles Vane-Tempest-Stewart, 6th Marquess of Londonderry",child;parent,panel;rush
Q333368,"Charles Vane-Tempest-Stewart, 7th Marquess of Londonderry",Q5261284,"George Vane-Tempest, 5th Marquess of Londonderry",grandchild;grandparent,panel;rush
Q333368,"Charles Vane-Tempest-Stewart, 7th Marquess of Londonderry",Q5719311,"Henry Chaplin, 1st Viscount Chaplin",indirect,rush
Q333368,"Charles Vane-Tempest-Stewart, 7th Marquess of Londonderry",Q7352839,"Robin Vane-Tempest-Stewart, 8th Marquess of Londonderry",child;parent,panel;rush
Q333376,"Walter Runciman, 1st Viscount Runciman of Doxford",Q5761464,"Hilda Runciman, Viscountess Runciman of Doxford",spouse,rush
Q333376,"Walter Runciman, 1st Viscount Runciman of Doxford",Q6131521,James Cochran Stevenson,indirect,rush
Q333376,"Walter Runciman, 1st Viscount Runciman of Doxford",Q7966016,"Walter Runciman, 1st Baron Runciman",child;parent,panel;rush
Q333378,Henry Lowry-Corry,Q1607419,Henry Lowry-Corry,niece/nephew,rush
Q333400,Grantley Berkeley,Q11771724,"Maurice Berkeley, 1st Baron FitzHardinge",sibling,panel
Q333400,Grantley Berkeley,Q5075565,"Charles Berkeley, 3rd Baron FitzHardinge",uncle/aunt,panel
Q333400,Grantley Berkeley,Q5182718,Craven Berkeley,sibling,panel
Q333400,Grantley Berkeley,Q5480202,"Francis Berkeley, 2nd Baron FitzHardinge",uncle/aunt,panel
Q333400,Grantley Berkeley,Q5607504,Grenville Berkeley,sibling,rush
Q333400,Grantley Berkeley,Q5721264,Henry FitzHardinge Berkeley,sibling,panel
Q333412,"James Prior, Baron Prior",Q5238722,David Prior,child;parent,panel;rush
Q333413,"Roundell Palmer, 1st Earl of Selborne",Q3443398,"Roundell Palmer, 3rd Earl of Selborne",grandchild;grandparent,panel;rush
Q333413,"Roundell Palmer, 1st Earl of Selborne",Q3643409,"William Palmer, 2nd Earl of Selborne",child;parent,panel;rush
Q333426,"Edward Wood, 1st Earl of Halifax",Q333354,"Charles Wood, 1st Viscount Halifax",grandparent,rush
Q333426,"Edward Wood, 1st Earl of Halifax",Q5083684,"Charles Wood, 2nd Earl of Halifax",child;parent,panel;rush
Q333426,"Edward Wood, 1st Earl of Halifax",Q7330071,"Richard Wood, Baron Holderness",child;parent,panel;rush
Q333429,"Samuel Hoare, 1st Viscount Templewood",Q7528945,"Sir Samuel Hoare, 1st Baronet",child;parent,panel;rush
Q333437,"Gordon Macdonald, 1st Baron Macdonald of Gwaenysgor",Q6662986,Llywelyn Williams,indirect,rush
Q333452,"Charles Grant, 1st Baron Glenelg",Q2157350,Robert Grant,sibling,panel;rush
Q333488,"Charles Gordon-Lennox, 6th Duke of Richmond",Q333879,"Charles Gordon-Lennox, 7th Duke of Richmond",child;parent,panel;rush
Q333488,"Charles Gordon-Lennox, 6th Duke of Richmond",Q3610759,Lord Alexander Gordon-Lennox,sibling,panel
Q333488,"Charles Gordon-Lennox, 6th Duke of Richmond",Q3760464,Lord George Gordon-Lennox,sibling,panel
Q333488,"Charles Gordon-Lennox, 6th Duke of Richmond",Q3784916,Lord Henry Lennox,sibling,panel
Q333488,"Charles Gordon-Lennox, 6th Duke of Richmond",Q6253140,"John Ponsonby, 5th Earl of Bessborough",indirect,rush
Q333488,"Charles Gordon-Lennox, 6th Duke of Richmond",Q6852229,Lord Walter Gordon-Lennox,child;niece/nephew;parent,panel;rush
Q333507,Malcolm MacDonald,Q166646,Ramsay MacDonald,child;parent,panel;rush
Q333550,Clare Short,Q4717400,Alex Lyon,spouse,rush
Q333573,Leo Amery,Q2919989,"Julian Amery, Baron Amery of Lustleigh",child;parent,panel;rush
Q333573,Leo Amery,Q5644085,"Hamar Greenwood, 1st Viscount Greenwood",indirect,rush
Q333591,"Alfred Mond, 1st Baron Melchett",Q5725940,"Henry Mond, 2nd Baron Melchett",child;parent,panel;rush
Q333601,"George Spencer-Churchill, 6th Duke of Marlborough",Q24288427,Lord Alfred Spencer-Churchill,parent,panel
Q333601,"George Spencer-Churchill, 6th Duke of Marlborough",Q314773,Lord Randolph Churchill,grandchild;grandparent,panel;rush
Q333601,"George Spencer-Churchill, 6th Duke of Marlborough",Q333355,"John Spencer-Churchill, 7th Duke of Marlborough",child;parent,panel;rush
Q333601,"George Spencer-Churchill, 6th Duke of Marlborough",Q6679059,Lord Charles Spencer-Churchill,sibling,panel
Q333605,Lionel de Rothschild,Q316669,"Walter Rothschild, 2nd Baron Rothschild",grandchild;grandparent,panel;rush
Q333605,Lionel de Rothschild,Q334120,"Nathan Rothschild, 1st Baron Rothschild",child;parent,panel;rush
Q333605,Lionel de Rothschild,Q3817460,Ferdinand James von Rothschild,indirect,rush
Q333605,Lionel de Rothschild,Q3853190,Mayer Amschel de Rothschild,sibling,panel;rush
Q333628,Lord George Hamilton,Q15072599,Lord Ernest Hamilton,sibling,panel;rush
Q333628,Lord George Hamilton,Q1869870,Lord Frederick Spencer Hamilton,sibling,panel;rush
Q333628,Lord George Hamilton,Q2679435,Lord Claud Hamilton,sibling,panel;rush
Q333628,Lord George Hamilton,Q332813,"James Hamilton, 3rd Duke of Abercorn",uncle/aunt,panel
Q333628,Lord George Hamilton,Q335270,"James Hamilton, 2nd Duke of Abercorn",sibling,panel;rush
Q333628,Lord George Hamilton,Q6679103,Lord Claud Hamilton,uncle/aunt,rush
Q333635,John Gummer,Q392174,Ben Gummer,child;parent,panel;rush
Q333639,"Emlyn Hooson, Baron Hooson",Q7816227,Tom Hooson,cousin,panel;rush
Q333710,Reginald McKenna,Q6776167,Martin McLaren,grandchild,rush
Q333726,Marmaduke Wyvill,Q6772042,Marmaduke D'Arcy Wyvill,child,rush
Q333736,Robert Atkins,Q19938362,Victoria Atkins,child;parent,panel;rush
Q333749,"George Goschen, 1st Viscount Goschen",Q5539833,"George Goschen, 2nd Viscount Goschen",child;parent,panel;rush
Q333781,James Fergusson,Q7526200,"Sir Charles Dalrymple, 1st Baronet",sibling,panel
Q333784,Tam Dalyell,Q6263706,"John Wheatley, Baron Wheatley",indirect,rush
Q333791,"Francis Curzon, 5th Earl Howe",Q5538290,"George Curzon-Howe, 2nd Earl Howe",indirect,rush
Q333791,"Francis Curzon, 5th Earl Howe",Q6904065,Montagu Curzon,indirect,rush
Q333791,"Francis Curzon, 5th Earl Howe",Q7325013,"Richard Curzon, 4th Earl Howe",child;parent,panel;rush
Q333795,"James Douglas-Hamilton, Baron Selkirk of Douglas",Q332941,"Douglas Douglas-Hamilton, 14th Duke of Hamilton",child;parent,panel;rush
Q333795,"James Douglas-Hamilton, Baron Selkirk of Douglas",Q6679747,Lord Malcolm Douglas-Hamilton,niece/nephew;uncle/aunt,panel;rush
Q333795,"James Douglas-Hamilton, Baron Selkirk of Douglas",Q7245582,"Priscilla Buchan, Baroness Tweedsmuir",indirect,rush
Q333804,"Hugh Cairns, 1st Earl Cairns",Q7788189,Thomas Cairns,indirect,rush
Q333808,"Sir George Trevelyan, 2nd Baronet",Q333358,"Sir Charles Trevelyan, 3rd Baronet",child;parent,panel;rush
Q333808,"Sir George Trevelyan, 2nd Baronet",Q7347980,Robert Needham Philips,indirect,rush
Q333823,"Gwilym Lloyd George, 1st Viscount Tenby",Q134982,David Lloyd George,child;parent,panel;rush
Q333823,"Gwilym Lloyd George, 1st Viscount Tenby",Q6808694,Megan Lloyd George,sibling,panel;rush
Q333831,"Henry Northcote, 1st Baron Northcote",Q332650,"Stafford Northcote, 1st Earl of Iddesleigh",child;parent,panel;rush
Q333839,"William Tyssen-Amherst, 1st Baron Amherst of Hackney",Q5393944,Ernest Villiers,niece/nephew,rush
Q333858,"Peter Walker, Baron Walker of Worcester",Q263076,Robin Walker,child;parent,panel;rush
Q333879,"Charles Gordon-Lennox, 7th Duke of Richmond",Q333488,"Charles Gordon-Lennox, 6th Duke of Richmond",child;parent,panel;rush
Q333879,"Charles Gordon-Lennox, 7th Duke of Richmond",Q3610759,Lord Alexander Gordon-Lennox,niece/nephew,panel
Q333879,"Charles Gordon-Lennox, 7th Duke of Richmond",Q3760464,Lord George Gordon-Lennox,niece/nephew,panel
Q333879,"Charles Gordon-Lennox, 7th Duke of Richmond",Q3784916,Lord Henry Lennox,niece/nephew,panel
Q333879,"Charles Gordon-Lennox, 7th Duke of Richmond",Q6852229,Lord Walter Gordon-Lennox,sibling,panel;rush
Q333887,"William Grenfell, 1st Baron Desborough",Q5078424,Charles Grenfell,grandchild;grandparent,panel;rush
Q333887,"William Grenfell, 1st Baron Desborough",Q5078425,Charles Grenfell,child;parent,panel;rush
Q333887,"William Grenfell, 1st Baron Desborough",Q5722211,Henry Grenfell,niece/nephew,panel
Q333889,"Henry Brooke, Baron Brooke of Cumnor",Q334257,"Peter Brooke, Baron Brooke of Sutton Mandeville",child;parent,panel;rush
Q333903,Margaret Ewing,Q334015,Winnie Ewing,indirect,rush
Q333903,Margaret Ewing,Q564093,Annabelle Ewing,indirect,rush
Q333905,"Richard Luce, Baron Luce",Q7526990,"Sir Godfrey Nicholson, 1st Baronet",indirect,rush
Q333933,"George Sutherland-Leveson-Gower, 3rd Duke of Sutherland",Q1242682,Lord Ronald Gower,sibling,panel;rush
Q333933,"George Sutherland-Leveson-Gower, 3rd Duke of Sutherland",Q5079173,Charles Howard,uncle/aunt,rush
Q333933,"George Sutherland-Leveson-Gower, 3rd Duke of Sutherland",Q5187561,"Cromartie Sutherland-Leveson-Gower, 4th Duke of Sutherland",child;parent,panel;rush
Q333938,George Jessel,Q5734691,"Herbert Jessel, 1st Baron Jessel",child;parent,panel;rush
Q333964,Douglas Hogg,Q1292946,Edward Marjoribanks,niece/nephew,panel
Q333964,Douglas Hogg,Q175366,"Quintin Hogg, Baron Hailsham of St Marylebone",child;parent,panel;rush
Q333964,Douglas Hogg,Q332706,"Douglas Hogg, 1st Viscount Hailsham",grandchild;grandparent,panel;rush
Q333974,"Arthur Guinness, 1st Baron Ardilaun",Q334284,Benjamin Guinness,child;parent,panel;rush
Q333983,"Sir James Graham, 2nd Baronet",Q8008114,"William Duncombe, 1st Earl of Feversham",indirect,rush
Q333986,Francis Maude,Q332890,Angus Maude,child;parent,panel;rush
Q333992,Eleanor Rathbone,Q5932449,Hugh Rathbone,indirect,rush
Q333992,Eleanor Rathbone,Q7804145,Tim Rathbone,indirect,rush
Q333992,Eleanor Rathbone,Q8017389,William Rathbone,child;parent,panel;rush
Q334006,Gwyneth Dunwoody,Q1699862,John Dunwoody,spouse,rush
Q334015,Winnie Ewing,Q333903,Margaret Ewing,indirect,rush
Q334015,Winnie Ewing,Q564093,Annabelle Ewing,child;parent,panel;rush
Q334053,"Granville Leveson-Gower, 2nd Earl Granville",Q2906438,George Leveson-Gower,grandchild;uncle/aunt,panel;rush
Q334053,"Granville Leveson-Gower, 2nd Earl Granville",Q5498271,Frederick Leveson-Gower,sibling,panel;rush
Q334063,"Spencer Cavendish, 8th Duke of Devonshire",Q2411883,"Victor Cavendish, 9th Duke of Devonshire",niece/nephew;uncle/aunt,panel;rush
Q334063,"Spencer Cavendish, 8th Duke of Devonshire",Q2761950,"Edward Cavendish, 10th Duke of Devonshire",grandchild;indirect,rush
Q334063,"Spencer Cavendish, 8th Duke of Devonshire",Q337520,Lord Frederick Cavendish,sibling,panel;rush
Q334063,"Spencer Cavendish, 8th Duke of Devonshire",Q337626,"William Cavendish, 7th Duke of Devonshire",child;parent,panel;rush
Q334063,"Spencer Cavendish, 8th Duke of Devonshire",Q337905,Lord Edward Cavendish,sibling,panel;rush
Q334063,"Spencer Cavendish, 8th Duke of Devonshire",Q6679279,Lord George Cavendish,niece/nephew,panel
Q334063,"Spencer Cavendish, 8th Duke of Devonshire",Q6679906,Lord Richard Cavendish,niece/nephew;uncle/aunt,panel;rush
Q334072,Mohammad Sarwar,Q478812,Anas Sarwar,child;parent,panel;rush
Q334073,"George Brown, Baron George-Brown",Q7364703,Ronald Brown,sibling,rush
Q334097,Emma Nicholson,Q7526990,"Sir Godfrey Nicholson, 1st Baronet",child;parent,panel;rush
Q334102,Jeremy Thorpe,Q6238954,John Henry Thorpe,child;parent,panel;rush
Q334102,Jeremy Thorpe,Q7527977,"Sir John Norton-Griffiths, 1st Baronet",grandparent,rush
Q334106,Alfred Knox,Q5339887,Edmund Vesey Knox,sibling,panel
Q334120,"Nathan Rothschild, 1st Baron Rothschild",Q316669,"Walter Rothschild, 2nd Baron Rothschild",child;parent,panel;rush
Q334120,"Nathan Rothschild, 1st Baron Rothschild",Q333605,Lionel de Rothschild,child;parent,panel;rush
Q334120,"Nathan Rothschild, 1st Baron Rothschild",Q3817460,Ferdinand James von Rothschild,indirect,rush
Q334120,"Nathan Rothschild, 1st Baron Rothschild",Q3853190,Mayer Amschel de Rothschild,niece/nephew;uncle/aunt,panel;rush
Q3341374,Rupert Allason,Q13529752,James Allason,child,panel
Q334142,Hartley Shawcross,Q5112976,Christopher Nyholm Shawcross,sibling,panel;rush
Q334151,Lord Charles Wellesley,Q320296,"Arthur Wellesley, 2nd Duke of Wellington",sibling,panel;rush
Q334151,Lord Charles Wellesley,Q334429,"Henry Wellesley, 3rd Duke of Wellington",child;parent,panel;rush
Q334163,"Patrick Mayhew, Baron Mayhew of Twysden",Q76237363,Jerome Mayhew,child;parent,panel;rush
Q334165,Arthur Peel,Q181875,Robert Peel,child,panel
Q334165,Arthur Peel,Q20755914,Edmund Peel,niece/nephew,panel
Q334165,Arthur Peel,Q2920090,"William Peel, 1st Earl Peel",child;parent,panel;rush
Q334165,Arthur Peel,Q3041941,Jonathan Peel,niece/nephew,panel
Q334165,Arthur Peel,Q4685934,"Sir Robert Peel, 3rd Baronet",sibling,panel
Q334165,Arthur Peel,Q4798804,Arthur George Villiers Peel,parent,panel
Q334165,Arthur Peel,Q5498541,Frederick Peel,sibling,panel
Q334165,Arthur Peel,Q6107323,William Yates Peel,niece/nephew,panel
Q334165,Arthur Peel,Q6142337,James Rochfort Maguire,indirect,rush
Q334165,Arthur Peel,Q7509271,Sidney Peel,parent,panel
Q334182,"Hugh Cecil, 1st Baron Quickswood",Q12702,Robert Cecil,sibling,panel;rush
Q334182,"Hugh Cecil, 1st Baron Quickswood",Q243705,"Robert Gascoyne-Cecil, 3rd Marquess of Salisbury",child,panel
Q334182,"Hugh Cecil, 1st Baron Quickswood",Q2605189,"David Ormsby-Gore, 5th Baron Harlech",uncle/aunt,panel
Q334182,"Hugh Cecil, 1st Baron Quickswood",Q333205,"Robert Gascoyne-Cecil, 5th Marquess of Salisbury",uncle/aunt,panel
Q334182,"Hugh Cecil, 1st Baron Quickswood",Q4381482,"James Gascoyne-Cecil, 4th Marquess of Salisbury",sibling,panel
Q334182,"Hugh Cecil, 1st Baron Quickswood",Q5416293,"Evelyn Cecil, 1st Baron Rockley",sibling,rush
Q334182,"Hugh Cecil, 1st Baron Quickswood",Q6679229,Lord Eustace Cecil,niece/nephew;parent,panel;rush
Q334187,George Peabody Gooch,Q5720022,Henry Gooch,sibling,rush
Q334203,"Charles Manners-Sutton, 1st Viscount Canterbury",Q21548769,Richard Sanderson,indirect,rush
Q334203,"Charles Manners-Sutton, 1st Viscount Canterbury",Q334234,"John Manners-Sutton, 3rd Viscount Canterbury",parent,panel
Q334207,Francis Burdett,Q7348173,Robert Otway-Cave,indirect,rush
Q334210,"Reginald Brett, 2nd Viscount Esher",Q328035,"William Brett, 1st Viscount Esher",child;parent,panel;rush
Q334215,"Sir William Stirling-Maxwell, 9th Baronet",Q20054043,Archibald Stirling,parent,panel
Q334215,"Sir William Stirling-Maxwell, 9th Baronet",Q7528094,"Sir John Stirling-Maxwell, 10th Baronet",parent,panel
Q334228,"Sir Philip Grey Egerton, 10th Baronet",Q4722620,Alfred Egerton,indirect,rush
Q334228,"Sir Philip Grey Egerton, 10th Baronet",Q5342743,Edward Christopher Egerton,indirect,rush
Q334228,"Sir Philip Grey Egerton, 10th Baronet",Q7619928,"Wilbraham Egerton, 1st Earl Egerton",child,rush
Q334234,"John Manners-Sutton, 3rd Viscount Canterbury",Q334203,"Charles Manners-Sutton, 1st Viscount Canterbury",child,panel
Q334253,"Francis Needham, 3rd Earl of Kilmorey",Q5482021,"Francis Needham, Viscount Newry",child;parent,panel;rush
Q334257,"Peter Brooke, Baron Brooke of Sutton Mandeville",Q333889,"Henry Brooke, Baron Brooke of Cumnor",child;parent,panel;rush
Q334284,Benjamin Guinness,Q333974,"Arthur Guinness, 1st Baron Ardilaun",child;parent,panel;rush
Q334287,"Derick Heathcoat-Amory, 1st Viscount Amory",Q16058830,"Sir John Heathcoat-Amory, 1st Baronet",indirect,rush
Q334287,"Derick Heathcoat-Amory, 1st Viscount Amory",Q333039,David Heathcoat-Amory,niece/nephew,rush
Q334290,"Samuel Montagu, 1st Baron Swaythling",Q332572,Edwin Samuel Montagu,child;parent,panel;rush
Q334339,Edward Garnier,Q391222,Mark Garnier,cousin,panel;rush
Q334352,"Edward Marjoribanks, 2nd Baron Tweedmouth",Q1292946,Edward Marjoribanks,niece/nephew,rush
Q334352,"Edward Marjoribanks, 2nd Baron Tweedmouth",Q337059,"Dudley Marjoribanks, 1st Baron Tweedmouth",child;parent,panel;rush
Q334352,"Edward Marjoribanks, 2nd Baron Tweedmouth",Q337696,"Matthew White Ridley, 1st Viscount Ridley",indirect,rush
Q334352,"Edward Marjoribanks, 2nd Baron Tweedmouth",Q6791421,"Matthew White Ridley, 2nd Viscount Ridley",niece/nephew,rush
Q334376,Margo MacDonald,Q6198115,Jim Sillars,indirect,rush
Q334396,Henry Labouchère,Q320768,"Henry Labouchere, 1st Baron Taunton",uncle/aunt,rush
Q334429,"Henry Wellesley, 3rd Duke of Wellington",Q320296,"Arthur Wellesley, 2nd Duke of Wellington",niece/nephew;uncle/aunt,panel;rush
Q334429,"Henry Wellesley, 3rd Duke of Wellington",Q334151,Lord Charles Wellesley,child;parent,panel;rush
Q334429,"Henry Wellesley, 3rd Duke of Wellington",Q7793085,Thomas Peers Williams,indirect,rush
Q334436,"George Cave, 1st Viscount Cave",Q7788288,Thomas Cave,child;parent,panel;rush
Q334449,Thomas Fowell Buxton,Q16066171,"Sir Edward Buxton, 2nd Baronet",child;parent,panel;rush
Q334449,Thomas Fowell Buxton,Q1645717,"Sydney Buxton, 1st Earl Buxton",cousin,panel;rush
Q334449,Thomas Fowell Buxton,Q18450,Charles Buxton,child;parent,panel;rush
Q334449,Thomas Fowell Buxton,Q2365347,Noel Noel-Buxton,child;parent,panel;rush
Q334449,Thomas Fowell Buxton,Q5075948,Charles Buxton,niece/nephew;uncle/aunt,panel;rush
Q334449,Thomas Fowell Buxton,Q5081258,"Charles Noel, 2nd Earl of Gainsborough",indirect,rush
Q334449,Thomas Fowell Buxton,Q5342118,Edward Buxton,sibling,panel;rush
Q334449,Thomas Fowell Buxton,Q5480390,Francis Buxton,sibling,panel;rush
Q334449,Thomas Fowell Buxton,Q5591064,"Sir Thomas Buxton, 1st Baronet",grandchild;grandparent,panel;rush
Q334491,Tim Boswell,Q20054083,Victoria Prentis,child;parent,panel;rush
Q334498,"Irene Adams, Baroness Adams of Craigielea",Q4731502,Allen Adams,spouse,rush
Q334505,"George Phipps, 2nd Marquess of Normanby",Q5724916,"Henry Liddell, 1st Earl of Ravensworth",uncle/aunt,rush
Q334511,"Rennell Rodd, 1st Baron Rennell",Q5416313,"Evelyn Emmet, Baroness Emmet of Amberley",parent,panel
Q334565,"David Waddington, Baron Waddington",Q4706760,Alan Green,indirect,rush
Q334614,"Richard Monckton Milnes, 1st Baron Houghton",Q13530063,Harry Spencer Waddington,indirect,rush
Q334651,Dingle Foot,Q332419,Michael Foot,sibling,panel;rush
Q334651,Dingle Foot,Q6076320,Isaac Foot,child;parent,panel;rush
Q334971,"John Campbell, 9th Duke of Argyll",Q16066471,Lord Colin Campbell,sibling,panel;rush
Q335187,"Edward Grey, 1st Viscount Grey of Fallodon",Q333336,"Albert Grey, 4th Earl Grey",indirect,rush
Q335187,"Edward Grey, 1st Viscount Grey of Fallodon",Q5078440,Charles Grey,indirect,rush
Q335187,"Edward Grey, 1st Viscount Grey of Fallodon",Q7167656,Percy Wyndham,indirect,rush
Q335218,"Herbert Samuel, 1st Viscount Samuel",Q7528992,Stuart Samuel,sibling,panel
Q335230,"James Bruce, 8th Earl of Elgin",Q7349025,Robert Preston Bruce,parent,panel
Q335230,"James Bruce, 8th Earl of Elgin",Q7788337,Thomas Charles Bruce,sibling,panel
Q335270,"James Hamilton, 2nd Duke of Abercorn",Q15072599,Lord Ernest Hamilton,sibling,panel;rush
Q335270,"James Hamilton, 2nd Duke of Abercorn",Q1869870,Lord Frederick Spencer Hamilton,sibling,panel;rush
Q335270,"James Hamilton, 2nd Duke of Abercorn",Q2679435,Lord Claud Hamilton,sibling,panel;rush
Q335270,"James Hamilton, 2nd Duke of Abercorn",Q332813,"James Hamilton, 3rd Duke of Abercorn",child;parent,panel;rush
Q335270,"James Hamilton, 2nd Duke of Abercorn",Q333628,Lord George Hamilton,sibling,panel;rush
Q335270,"James Hamilton, 2nd Duke of Abercorn",Q336343,"James Hamilton, 5th Duke of Abercorn",indirect,rush
Q335270,"James Hamilton, 2nd Duke of Abercorn",Q6135508,James Hans Hamilton,indirect,rush
Q335270,"James Hamilton, 2nd Duke of Abercorn",Q6679103,Lord Claud Hamilton,uncle/aunt,rush
Q335324,Duff Cooper,Q3784973,"Henry Manners, 8th Duke of Rutland",indirect,rush
Q335420,Bill Deedes,Q11283925,William Deedes,indirect,rush
Q335420,Bill Deedes,Q8007733,William Deedes,indirect,rush
Q335510,"Arthur Hamilton-Gordon, 1st Baron Stanmore",Q13529913,William Gordon,uncle/aunt,rush
Q335510,"Arthur Hamilton-Gordon, 1st Baron Stanmore",Q4702898,"George Hamilton-Gordon, 5th Earl of Aberdeen",sibling,panel;rush
Q335510,"Arthur Hamilton-Gordon, 1st Baron Stanmore",Q4719056,Alexander Hamilton-Gordon,sibling,panel;rush
Q335510,"Arthur Hamilton-Gordon, 1st Baron Stanmore",Q5301898,Douglas Proby,uncle/aunt,panel
Q335510,"Arthur Hamilton-Gordon, 1st Baron Stanmore",Q6679103,Lord Claud Hamilton,sibling,panel
Q335529,"Frederick Spencer, 4th Earl Spencer",Q2544868,"Charles Spencer, 6th Earl Spencer",parent,panel
Q335529,"Frederick Spencer, 4th Earl Spencer",Q333281,"John Spencer, 5th Earl Spencer",parent,panel
Q335529,"Frederick Spencer, 4th Earl Spencer",Q386213,"John Spencer, 3rd Earl Spencer",sibling,panel
Q335529,"Frederick Spencer, 4th Earl Spencer",Q8018781,William Stephen Poyntz,indirect,rush
Q335589,"Robert Gascoyne-Cecil, 7th Marquess of Salisbury",Q243705,"Robert Gascoyne-Cecil, 3rd Marquess of Salisbury",indirect,rush
Q335589,"Robert Gascoyne-Cecil, 7th Marquess of Salisbury",Q333205,"Robert Gascoyne-Cecil, 5th Marquess of Salisbury",grandchild;grandparent,panel;rush
Q335589,"Robert Gascoyne-Cecil, 7th Marquess of Salisbury",Q4381482,"James Gascoyne-Cecil, 4th Marquess of Salisbury",indirect,rush
Q335589,"Robert Gascoyne-Cecil, 7th Marquess of Salisbury",Q9310800,"Robert Gascoyne-Cecil, 6th Marquess of Salisbury",child;parent,panel;rush
Q335754,"Edward Smith-Stanley, 13th Earl of Derby",Q222458,"Frederick Stanley, 16th Earl of Derby",grandparent,panel
Q335754,"Edward Smith-Stanley, 13th Earl of Derby",Q237829,"Edward Smith-Stanley, 14th Earl of Derby",parent,panel
Q335754,"Edward Smith-Stanley, 13th Earl of Derby",Q25861357,Henry Stanley,parent,panel
Q335754,"Edward Smith-Stanley, 13th Earl of Derby",Q332789,"Edward Stanley, 15th Earl of Derby",grandparent,panel
Q335791,Herbert Morrison,Q310046,Peter Mandelson,grandchild,rush
Q335822,"Robert Lindsay, 29th Earl of Crawford",Q3703236,"David Lindsay, 27th Earl of Crawford",grandchild;grandparent,panel;rush
Q335822,"Robert Lindsay, 29th Earl of Crawford",Q5236632,"David Lindsay, 28th Earl of Crawford",child;parent,panel;rush
Q335822,"Robert Lindsay, 29th Earl of Crawford",Q6138080,James Lindsay,niece/nephew;uncle/aunt,panel;rush
Q3359001,"Owen Philipps, 1st Baron Kylsant",Q16023302,"John Philipps, 1st Viscount St Davids",sibling,panel
Q3359001,"Owen Philipps, 1st Baron Kylsant",Q6099477,Ivor Philipps,sibling,panel
Q336050,Christopher Soames,Q390192,Nicholas Soames,parent,panel
Q336205,"Christopher Tugendhat, Baron Tugendhat",Q20648385,Tom Tugendhat,niece/nephew,rush
Q336343,"James Hamilton, 5th Duke of Abercorn",Q15072599,Lord Ernest Hamilton,indirect,rush
Q336343,"James Hamilton, 5th Duke of Abercorn",Q1869870,Lord Frederick Spencer Hamilton,indirect,rush
Q336343,"James Hamilton, 5th Duke of Abercorn",Q2679435,Lord Claud Hamilton,indirect,rush
Q336343,"James Hamilton, 5th Duke of Abercorn",Q335270,"James Hamilton, 2nd Duke of Abercorn",indirect,rush
Q336343,"James Hamilton, 5th Duke of Abercorn",Q6679103,Lord Claud Hamilton,indirect,rush
Q336404,"James Lindsay, 26th Earl of Crawford",Q3703236,"David Lindsay, 27th Earl of Crawford",child;parent,panel;rush
Q336404,"James Lindsay, 26th Earl of Crawford",Q5080257,Charles Lindsay,sibling;uncle/aunt,rush
Q336404,"James Lindsay, 26th Earl of Crawford",Q5236632,"David Lindsay, 28th Earl of Crawford",grandchild;grandparent,panel;rush
Q336404,"James Lindsay, 26th Earl of Crawford",Q6128537,James Lindsay,uncle/aunt,rush
Q336404,"James Lindsay, 26th Earl of Crawford",Q6138080,James Lindsay,grandchild;grandparent,panel;rush
Q336497,"James Bryce, 1st Viscount Bryce",Q6219146,John Annan Bryce,sibling,panel;rush
Q336732,"Henry Brand, 1st Viscount Hampden",Q3132661,"Henry Brand, 2nd Viscount Hampden",child;parent,panel;rush
Q336732,"Henry Brand, 1st Viscount Hampden",Q4798072,Arthur Brand,child;parent,panel;rush
Q336732,"Henry Brand, 1st Viscount Hampden",Q7794563,"Thomas Trevor, 22nd Baron Dacre",sibling,panel;rush
Q336911,Alf Morris,Q333326,"Estelle Morris, Baroness Morris of Yardley",niece/nephew;uncle/aunt,panel;rush
Q336911,Alf Morris,Q5081098,Charles Morris,sibling,panel;rush
Q336970,"George Montagu, 8th Duke of Manchester",Q6679922,Lord Robert Montagu,niece/nephew;uncle/aunt,panel;rush
Q336970,"George Montagu, 8th Duke of Manchester",Q859822,"George Montagu, 6th Duke of Manchester",grandchild;grandparent,panel;rush
Q336970,"George Montagu, 8th Duke of Manchester",Q860041,"William Montagu, 7th Duke of Manchester",child;parent,panel;rush
Q337059,"Dudley Marjoribanks, 1st Baron Tweedmouth",Q1292946,Edward Marjoribanks,grandchild,rush
Q337059,"Dudley Marjoribanks, 1st Baron Tweedmouth",Q334352,"Edward Marjoribanks, 2nd Baron Tweedmouth",child;parent,panel;rush
Q337059,"Dudley Marjoribanks, 1st Baron Tweedmouth",Q337696,"Matthew White Ridley, 1st Viscount Ridley",indirect,rush
Q337059,"Dudley Marjoribanks, 1st Baron Tweedmouth",Q6791421,"Matthew White Ridley, 2nd Viscount Ridley",grandchild,rush
Q337086,"George Lloyd, 1st Baron Lloyd",Q7410236,Sampson Lloyd,grandparent,rush
Q337106,"Eric Lubbock, 4th Baron Avebury",Q312503,"John Lubbock, 1st Baron Avebury",indirect,rush
Q337375,Douglas Hurd,Q4772767,"Anthony Hurd, Baron Hurd",child;parent,panel;rush
Q337375,Douglas Hurd,Q691299,Nick Hurd,child;parent,panel;rush
Q337375,Douglas Hurd,Q7167412,Percy Hurd,grandchild;grandparent,panel;rush
Q337407,Michael Thomas Bass,Q5644068,Hamar Alfred Bass,child;parent,panel;rush
Q337407,Michael Thomas Bass,Q6828483,"Michael Bass, 1st Baron Burton",child;parent,panel;rush
Q337464,"John Montagu Douglas Scott, 7th Duke of Buccleuch",Q23617099,Lord John Scott,indirect,rush
Q337464,"John Montagu Douglas Scott, 7th Duke of Buccleuch",Q2602495,"Walter Montagu Douglas Scott, 8th Duke of Buccleuch",child;parent,panel;rush
Q337464,"John Montagu Douglas Scott, 7th Duke of Buccleuch",Q333214,"John Scott, 9th Duke of Buccleuch",grandchild;grandparent,panel;rush
Q337464,"John Montagu Douglas Scott, 7th Duke of Buccleuch",Q337468,"William Montagu Douglas Scott, 6th Duke of Buccleuch",child;parent,panel;rush
Q337464,"John Montagu Douglas Scott, 7th Duke of Buccleuch",Q664073,"Henry Douglas-Scott-Montagu, 1st Baron Montagu of Beaulieu",niece/nephew;uncle/aunt,panel;rush
Q337464,"John Montagu Douglas Scott, 7th Duke of Buccleuch",Q6680030,Lord William Montagu Douglas Scott,parent,panel
Q337468,"William Montagu Douglas Scott, 6th Duke of Buccleuch",Q23617099,Lord John Scott,uncle/aunt,rush
Q337468,"William Montagu Douglas Scott, 6th Duke of Buccleuch",Q2602495,"Walter Montagu Douglas Scott, 8th Duke of Buccleuch",grandchild;grandparent,panel;rush
Q337468,"William Montagu Douglas Scott, 6th Duke of Buccleuch",Q333214,"John Scott, 9th Duke of Buccleuch",indirect,rush
Q337468,"William Montagu Douglas Scott, 6th Duke of Buccleuch",Q337464,"John Montagu Douglas Scott, 7th Duke of Buccleuch",child;parent,panel;rush
Q337468,"William Montagu Douglas Scott, 6th Duke of Buccleuch",Q6229878,"John Douglas-Scott-Montagu, 2nd Baron Montagu of Beaulieu",uncle/aunt,panel
Q337468,"William Montagu Douglas Scott, 6th Duke of Buccleuch",Q664073,"Henry Douglas-Scott-Montagu, 1st Baron Montagu of Beaulieu",sibling,panel;rush
Q337468,"William Montagu Douglas Scott, 6th Duke of Buccleuch",Q6680030,Lord William Montagu Douglas Scott,grandparent,panel
Q337520,Lord Frederick Cavendish,Q2411883,"Victor Cavendish, 9th Duke of Devonshire",uncle/aunt,panel
Q337520,Lord Frederick Cavendish,Q334063,"Spencer Cavendish, 8th Duke of Devonshire",sibling,panel;rush
Q337520,Lord Frederick Cavendish,Q337626,"William Cavendish, 7th Duke of Devonshire",child;parent,panel;rush
Q337520,Lord Frederick Cavendish,Q337905,Lord Edward Cavendish,sibling,panel;rush
Q337520,Lord Frederick Cavendish,Q6679279,Lord George Cavendish,niece/nephew;uncle/aunt,panel;rush
Q337520,Lord Frederick Cavendish,Q6679906,Lord Richard Cavendish,uncle/aunt,panel
Q337529,Ann Winterton,Q337577,Nicholas Winterton,spouse,rush
Q337577,Nicholas Winterton,Q337529,Ann Winterton,spouse,rush
Q337595,"Sidney Herbert, 1st Baron Herbert of Lea",Q3960168,"Sidney Herbert, 14th Earl of Pembroke",child;parent,panel;rush
Q337595,"Sidney Herbert, 1st Baron Herbert of Lea",Q5074782,Charles A'Court,indirect,rush
Q337595,"Sidney Herbert, 1st Baron Herbert of Lea",Q5498650,"Frederick Robinson, 2nd Marquess of Ripon",indirect,rush
Q337615,"Charles Howard, 10th Earl of Carlisle",Q337630,"George Howard, 9th Earl of Carlisle",child;parent,panel;rush
Q337615,"Charles Howard, 10th Earl of Carlisle",Q5078970,Charles Henry Roberts,indirect,rush
Q337615,"Charles Howard, 10th Earl of Carlisle",Q5079173,Charles Howard,grandchild;grandparent,panel;rush
Q337615,"Charles Howard, 10th Earl of Carlisle",Q5534679,Geoffrey Howard,sibling,panel;rush
Q337615,"Charles Howard, 10th Earl of Carlisle",Q8001983,Wilfrid Roberts,niece/nephew,rush
Q337626,"William Cavendish, 7th Duke of Devonshire",Q2411883,"Victor Cavendish, 9th Duke of Devonshire",grandchild;grandparent,panel;rush
Q337626,"William Cavendish, 7th Duke of Devonshire",Q334063,"Spencer Cavendish, 8th Duke of Devonshire",child;parent,panel;rush
Q337626,"William Cavendish, 7th Duke of Devonshire",Q337520,Lord Frederick Cavendish,child;parent,panel;rush
Q337626,"William Cavendish, 7th Duke of Devonshire",Q337905,Lord Edward Cavendish,child;parent,panel;rush
Q337626,"William Cavendish, 7th Duke of Devonshire",Q5076148,"Charles Cavendish, 1st Baron Chesham",uncle/aunt,rush
Q337626,"William Cavendish, 7th Duke of Devonshire",Q5719237,Henry Cavendish,uncle/aunt,rush
Q337626,"William Cavendish, 7th Duke of Devonshire",Q6679279,Lord George Cavendish,sibling,panel;rush
Q337626,"William Cavendish, 7th Duke of Devonshire",Q6679906,Lord Richard Cavendish,grandchild;grandparent,panel;rush
Q337630,"George Howard, 9th Earl of Carlisle",Q2079517,"George Howard, 7th Earl of Carlisle",niece/nephew;uncle/aunt,panel;rush
Q337630,"George Howard, 9th Earl of Carlisle",Q26237499,Frederick Howard,uncle/aunt,rush
Q337630,"George Howard, 9th Earl of Carlisle",Q337615,"Charles Howard, 10th Earl of Carlisle",child;parent,panel;rush
Q337630,"George Howard, 9th Earl of Carlisle",Q5078970,Charles Henry Roberts,indirect,rush
Q337630,"George Howard, 9th Earl of Carlisle",Q5079173,Charles Howard,child;parent,panel;rush
Q337630,"George Howard, 9th Earl of Carlisle",Q5343513,"Edward Howard, 1st Baron Lanerton",niece/nephew,panel
Q337630,"George Howard, 9th Earl of Carlisle",Q5534679,Geoffrey Howard,child;parent,panel;rush
Q337630,"George Howard, 9th Earl of Carlisle",Q8001983,Wilfrid Roberts,grandchild,rush
Q337671,"Auckland Geddes, 1st Baron Geddes",Q959198,Eric Geddes,sibling,panel;rush
Q337686,"Algernon Percy, 6th Duke of Northumberland",Q1241117,"Eustace Percy, 1st Baron Percy of Newcastle",grandchild;grandparent,panel;rush
Q337686,"Algernon Percy, 6th Duke of Northumberland",Q3810119,Lord Josceline Percy,sibling,panel;rush
Q337686,"Algernon Percy, 6th Duke of Northumberland",Q5726862,"Henry Percy, Earl Percy",grandchild;grandparent,panel;rush
Q337686,"Algernon Percy, 6th Duke of Northumberland",Q6259508,"John Stuart-Wortley, 2nd Baron Wharncliffe",cousin,panel;rush
Q337686,"Algernon Percy, 6th Duke of Northumberland",Q6678906,Lord Algernon Percy,child;parent,panel;rush
Q337686,"Algernon Percy, 6th Duke of Northumberland",Q6679347,Lord Henry Percy,sibling,panel;rush
Q337686,"Algernon Percy, 6th Duke of Northumberland",Q762750,"Henry Percy, 7th Duke of Northumberland",child;parent,panel;rush
Q337691,"Thomas Brassey, 1st Earl Brassey",Q11802543,"Henry Brassey, 1st Baron Brassey of Apethorpe",niece/nephew;uncle/aunt,panel;rush
Q337691,"Thomas Brassey, 1st Earl Brassey",Q4709792,Albert Brassey,sibling,panel;rush
Q337691,"Thomas Brassey, 1st Earl Brassey",Q5718544,Henry Brassey,sibling,panel;rush
Q337691,"Thomas Brassey, 1st Earl Brassey",Q7342109,Robert Brassey,uncle/aunt,panel
Q337696,"Matthew White Ridley, 1st Viscount Ridley",Q11802686,"Sir Matthew White Ridley, 4th Baronet",child;parent,panel;rush
Q337696,"Matthew White Ridley, 1st Viscount Ridley",Q1510187,Gerard Smith,cousin,panel;rush
Q337696,"Matthew White Ridley, 1st Viscount Ridley",Q16030421,Edward Ridley,sibling,panel;rush
Q337696,"Matthew White Ridley, 1st Viscount Ridley",Q25863273,George Ridley,niece/nephew;uncle/aunt,panel;rush
Q337696,"Matthew White Ridley, 1st Viscount Ridley",Q334352,"Edward Marjoribanks, 2nd Baron Tweedmouth",indirect,rush
Q337696,"Matthew White Ridley, 1st Viscount Ridley",Q337059,"Dudley Marjoribanks, 1st Baron Tweedmouth",indirect,rush
Q337696,"Matthew White Ridley, 1st Viscount Ridley",Q6791421,"Matthew White Ridley, 2nd Viscount Ridley",child;parent,panel;rush
Q337696,"Matthew White Ridley, 1st Viscount Ridley",Q7528317,"Sir Matthew White Ridley, 3rd Baronet",grandchild;grandparent,panel;rush
Q337704,"Charles Cripps, 1st Baron Parmoor",Q332405,Stafford Cripps,child;parent,panel;rush
Q3377178,Stephen Kinnock,Q317258,Neil Kinnock,child;parent,panel;rush
Q337771,"Thomas Baring, 1st Earl of Northbrook",Q3750914,"Francis Baring, 1st Baron Northbrook",child;parent,panel;rush
Q337771,"Thomas Baring, 1st Earl of Northbrook",Q5480132,"Francis Baring, 2nd Earl of Northbrook",child;parent,panel;rush
Q337771,"Thomas Baring, 1st Earl of Northbrook",Q7529038,"Sir Thomas Baring, 2nd Baronet",grandchild,panel
Q337771,"Thomas Baring, 1st Earl of Northbrook",Q7787384,Thomas Baring,niece/nephew,panel
Q3377781,Hedworth Meux,Q15456270,Hedworth Lambton,indirect,rush
Q3377781,Hedworth Meux,Q333362,"Ian Gilmour, Baron Gilmour of Craigmillar",indirect,rush
Q3377781,Hedworth Meux,Q5498238,"Frederick Lambton, 4th Earl of Durham",sibling,panel;rush
Q3377781,Hedworth Meux,Q608103,Antony Lambton,indirect,rush
Q337872,"Henry FitzRoy, 5th Duke of Grafton",Q213756,Robert FitzRoy,cousin,panel;rush
Q337872,"Henry FitzRoy, 5th Duke of Grafton",Q24568589,James Fitzroy,sibling,rush
Q337872,"Henry FitzRoy, 5th Duke of Grafton",Q26215707,Lord Frederick Fitzroy,child,rush
Q337872,"Henry FitzRoy, 5th Duke of Grafton",Q338004,"William FitzRoy, 6th Duke of Grafton",child;parent,panel;rush
Q337872,"Henry FitzRoy, 5th Duke of Grafton",Q6679044,Lord Charles FitzRoy,sibling,panel;rush
Q337887,"George Cavendish, 1st Earl of Burlington",Q16063121,"William Cavendish, 2nd Baron Chesham",grandparent,panel
Q337887,"George Cavendish, 1st Earl of Burlington",Q5076148,"Charles Cavendish, 1st Baron Chesham",parent,panel
Q337887,"George Cavendish, 1st Earl of Burlington",Q5719237,Henry Cavendish,parent,panel
Q337905,Lord Edward Cavendish,Q2411883,"Victor Cavendish, 9th Duke of Devonshire",child;parent,panel;rush
Q337905,Lord Edward Cavendish,Q2761950,"Edward Cavendish, 10th Duke of Devonshire",grandparent,panel
Q337905,Lord Edward Cavendish,Q334063,"Spencer Cavendish, 8th Duke of Devonshire",sibling,panel;rush
Q337905,Lord Edward Cavendish,Q337520,Lord Frederick Cavendish,sibling,panel;rush
Q337905,Lord Edward Cavendish,Q337626,"William Cavendish, 7th Duke of Devonshire",child;parent,panel;rush
Q337905,Lord Edward Cavendish,Q6679279,Lord George Cavendish,niece/nephew;uncle/aunt,panel;rush
Q337905,Lord Edward Cavendish,Q6679906,Lord Richard Cavendish,child;parent,panel;rush
Q337913,"Edmond Fitzmaurice, 1st Baron Fitzmaurice",Q5935407,"Henry Petty-Fitzmaurice, 4th Marquess of Lansdowne",child,panel
Q337913,"Edmond Fitzmaurice, 1st Baron Fitzmaurice",Q8016840,"William Petty-FitzMaurice, Earl of Kerry",niece/nephew,panel
Q337923,Colin Burgon,Q19871710,Richard Burgon,niece/nephew,rush
Q337983,"Charles Yorke, 5th Earl of Hardwicke",Q5083776,"Charles Yorke, 4th Earl of Hardwicke",child;parent,panel;rush
Q337983,"Charles Yorke, 5th Earl of Hardwicke",Q5361267,Eliot Yorke,niece/nephew;uncle/aunt,panel;rush
Q337983,"Charles Yorke, 5th Earl of Hardwicke",Q5365591,Elliot Yorke,sibling,panel;rush
Q337983,"Charles Yorke, 5th Earl of Hardwicke",Q5724916,"Henry Liddell, 1st Earl of Ravensworth",uncle/aunt,rush
Q337983,"Charles Yorke, 5th Earl of Hardwicke",Q6249777,Joseph Sydney Yorke,grandchild,panel
Q338004,"William FitzRoy, 6th Duke of Grafton",Q213756,Robert FitzRoy,indirect,rush
Q338004,"William FitzRoy, 6th Duke of Grafton",Q24568589,James Fitzroy,uncle/aunt,rush
Q338004,"William FitzRoy, 6th Duke of Grafton",Q26215707,Lord Frederick Fitzroy,sibling,rush
Q338004,"William FitzRoy, 6th Duke of Grafton",Q337872,"Henry FitzRoy, 5th Duke of Grafton",child;parent,panel;rush
Q338004,"William FitzRoy, 6th Duke of Grafton",Q6679044,Lord Charles FitzRoy,niece/nephew;uncle/aunt,panel;rush
Q338053,"William Vane, 3rd Duke of Cleveland",Q5609970,"Harry Powlett, 4th Duke of Cleveland",sibling,panel
Q338053,"William Vane, 3rd Duke of Cleveland",Q5609972,"Henry Vane, 2nd Duke of Cleveland",sibling,panel
Q338114,"Sir Charles Dilke, 2nd Baronet",Q338188,"Sir Wentworth Dilke, 1st Baronet",child;parent,panel;rush
Q338114,"Sir Charles Dilke, 2nd Baronet",Q4806083,Ashton Wentworth Dilke,sibling,panel;rush
Q338188,"Sir Wentworth Dilke, 1st Baronet",Q338114,"Sir Charles Dilke, 2nd Baronet",child;parent,panel;rush
Q338188,"Sir Wentworth Dilke, 1st Baronet",Q4806083,Ashton Wentworth Dilke,child;indirect;parent,panel;rush
Q338294,James Henry Thomas,Q6531177,Leslie Thomas,child;parent,panel;rush
Q338382,"Thomas Thynne, 5th Marquess of Bath",Q17022007,Lord Edward Thynne,indirect,rush
Q338382,"Thomas Thynne, 5th Marquess of Bath",Q5729188,"Henry Thynne, 6th Marquess of Bath",child;parent,panel;rush
Q338382,"Thomas Thynne, 5th Marquess of Bath",Q6678901,Lord Alexander Thynne,sibling,panel;rush
Q338382,"Thomas Thynne, 5th Marquess of Bath",Q6679354,Lord Henry Thynne,uncle/aunt,rush
Q338382,"Thomas Thynne, 5th Marquess of Bath",Q7527315,"Sir Hugh Shaw-Stewart, 8th Baronet",indirect,rush
Q338427,"Edward Stanley, 17th Earl of Derby",Q222458,"Frederick Stanley, 16th Earl of Derby",child;parent,panel;rush
Q338427,"Edward Stanley, 17th Earl of Derby",Q237829,"Edward Smith-Stanley, 14th Earl of Derby",grandchild;grandparent,panel;rush
Q338427,"Edward Stanley, 17th Earl of Derby",Q332789,"Edward Stanley, 15th Earl of Derby",niece/nephew,panel
Q338427,"Edward Stanley, 17th Earl of Derby",Q3497552,Oliver Stanley,child;parent,panel;rush
Q338427,"Edward Stanley, 17th Earl of Derby",Q4800349,Arthur Stanley,sibling,panel
Q338427,"Edward Stanley, 17th Earl of Derby",Q5345413,"Edward Stanley, Lord Stanley",child;parent,panel;rush
Q338427,"Edward Stanley, 17th Earl of Derby",Q5345728,"Edward Villiers, 5th Earl of Clarendon",uncle/aunt,rush
Q338427,"Edward Stanley, 17th Earl of Derby",Q5539480,George Stanley,sibling,panel;rush
Q338427,"Edward Stanley, 17th Earl of Derby",Q7329218,Richard Stanley,grandchild;grandparent,panel;rush
Q3395941,Alfred Lyttelton,Q1026930,"Charles Lyttelton, 8th Viscount Cobham",sibling,panel;rush
Q3395941,Alfred Lyttelton,Q2892622,"Oliver Lyttelton, 1st Viscount Chandos",child;parent,panel;rush
Q3395941,Alfred Lyttelton,Q6245664,"John Lyttelton, 9th Viscount Cobham",niece/nephew;uncle/aunt,panel;rush
Q3401219,"Edward Douglas-Pennant, 1st Baron Penrhyn",Q3401240,"George Douglas-Pennant, 2nd Baron Penrhyn",child;parent,panel;rush
Q3401219,"Edward Douglas-Pennant, 1st Baron Penrhyn",Q5342629,"Edward Douglas-Pennant, 3rd Baron Penrhyn",grandchild;grandparent,panel;rush
Q3401240,"George Douglas-Pennant, 2nd Baron Penrhyn",Q3401219,"Edward Douglas-Pennant, 1st Baron Penrhyn",child;parent,panel;rush
Q3401240,"George Douglas-Pennant, 2nd Baron Penrhyn",Q5342629,"Edward Douglas-Pennant, 3rd Baron Penrhyn",child;parent,panel;rush
Q3401240,"George Douglas-Pennant, 2nd Baron Penrhyn",Q7526376,"Sir Cuthbert Quilter, 2nd Baronet",indirect,rush
Q3402767,"Sir Love Jones-Parry, 1st Baronet",Q6690891,Love Jones-Parry,parent,rush
Q3425074,Frederick Guest,Q17322488,"Ivor Guest, 1st Viscount Wimborne",sibling,panel;rush
Q3425074,Frederick Guest,Q5722290,Henry Guest,sibling,panel;rush
Q3425074,Frederick Guest,Q6099395,"Ivor Guest, 2nd Viscount Wimborne",niece/nephew;uncle/aunt,panel;rush
Q3425074,Frederick Guest,Q7106014,Oscar Guest,sibling,panel;rush
Q3443398,"Roundell Palmer, 3rd Earl of Selborne",Q243705,"Robert Gascoyne-Cecil, 3rd Marquess of Salisbury",grandparent,rush
Q3443398,"Roundell Palmer, 3rd Earl of Selborne",Q333413,"Roundell Palmer, 1st Earl of Selborne",grandchild;grandparent,panel;rush
Q3443398,"Roundell Palmer, 3rd Earl of Selborne",Q3643409,"William Palmer, 2nd Earl of Selborne",child;parent,panel;rush
Q3485213,John Pender,Q7527473,"Sir James Pender, 1st Baronet",parent,panel
Q3496911,"Sir William Evans, 1st Baronet",Q8008696,William Evans,child;parent,panel;rush
Q3497552,Oliver Stanley,Q222458,"Frederick Stanley, 16th Earl of Derby",grandchild;grandparent,panel;rush
Q3497552,Oliver Stanley,Q333368,"Charles Vane-Tempest-Stewart, 7th Marquess of Londonderry",indirect,rush
Q3497552,Oliver Stanley,Q338427,"Edward Stanley, 17th Earl of Derby",child;parent,panel;rush
Q3497552,Oliver Stanley,Q4800349,Arthur Stanley,niece/nephew,panel
Q3497552,Oliver Stanley,Q5345413,"Edward Stanley, Lord Stanley",sibling,panel;rush
Q3497552,Oliver Stanley,Q5539480,George Stanley,niece/nephew;uncle/aunt,panel;rush
Q3497552,Oliver Stanley,Q7329218,Richard Stanley,niece/nephew;uncle/aunt,panel;rush
Q3497552,Oliver Stanley,Q7352839,"Robin Vane-Tempest-Stewart, 8th Marquess of Londonderry",indirect,rush
Q3504529,John Dillon,Q3297197,John Blake Dillon,child;parent,panel;rush
Q3525076,"Sir Thomas Dyke Acland, 10th Baronet",Q606299,"Sir Arthur Dyke Acland, 13th Baronet",grandparent,panel
Q3525076,"Sir Thomas Dyke Acland, 10th Baronet",Q7529108,"Sir Thomas Dyke Acland, 11th Baronet",child;parent,panel;rush
Q3525076,"Sir Thomas Dyke Acland, 10th Baronet",Q7529110,"Sir Thomas Dyke Acland, 12th Baronet",grandchild;grandparent,panel;rush
Q3610747,"Alexander Baillie-Cochrane, 1st Baron Lamington",Q1063964,"Charles Cochrane-Baillie, 2nd Baron Lamington",child;parent,panel;rush
Q3610747,"Alexander Baillie-Cochrane, 1st Baron Lamington",Q7791336,Thomas Cochrane,child;parent,panel;rush
Q3610759,Lord Alexander Gordon-Lennox,Q21165641,Charles Towneley,indirect,rush
Q3610759,Lord Alexander Gordon-Lennox,Q2865197,Lord Arthur Lennox,uncle/aunt,rush
Q3610759,Lord Alexander Gordon-Lennox,Q333488,"Charles Gordon-Lennox, 6th Duke of Richmond",sibling,panel
Q3610759,Lord Alexander Gordon-Lennox,Q333879,"Charles Gordon-Lennox, 7th Duke of Richmond",uncle/aunt,panel
Q3610759,Lord Alexander Gordon-Lennox,Q3760464,Lord George Gordon-Lennox,sibling,panel;rush
Q3610759,Lord Alexander Gordon-Lennox,Q3784916,Lord Henry Lennox,sibling,panel;rush
Q3610759,Lord Alexander Gordon-Lennox,Q6253140,"John Ponsonby, 5th Earl of Bessborough",indirect,rush
Q3610759,Lord Alexander Gordon-Lennox,Q6679449,John Lennox,uncle/aunt,rush
Q3610759,Lord Alexander Gordon-Lennox,Q6680026,William Lennox,uncle/aunt,rush
Q3610759,Lord Alexander Gordon-Lennox,Q6852229,Lord Walter Gordon-Lennox,uncle/aunt,panel
Q3643409,"William Palmer, 2nd Earl of Selborne",Q243705,"Robert Gascoyne-Cecil, 3rd Marquess of Salisbury",indirect,rush
Q3643409,"William Palmer, 2nd Earl of Selborne",Q333413,"Roundell Palmer, 1st Earl of Selborne",child;parent,panel;rush
Q3643409,"William Palmer, 2nd Earl of Selborne",Q3443398,"Roundell Palmer, 3rd Earl of Selborne",child;parent,panel;rush
Q3666446,"Charles Manners, 6th Duke of Rutland",Q13529986,Lord George Manners,sibling,panel
Q3666446,"Charles Manners, 6th Duke of Rutland",Q13529987,Lord Cecil Manners,uncle/aunt,panel
Q3666446,"Charles Manners, 6th Duke of Rutland",Q2086683,"John Manners, 7th Duke of Rutland",sibling,panel;rush
Q3666446,"Charles Manners, 6th Duke of Rutland",Q3784973,"Henry Manners, 8th Duke of Rutland",niece/nephew;uncle/aunt,panel;rush
Q3666446,"Charles Manners, 6th Duke of Rutland",Q6679211,Lord Edward Manners,uncle/aunt,panel
Q369723,Lord Alfred Paget,Q10288965,Lord George Paget,sibling,panel;rush
Q369723,Lord Alfred Paget,Q13582500,"Henry Paget, 2nd Marquess of Anglesey",sibling,panel
Q369723,Lord Alfred Paget,Q4733782,"Almeric Paget, 1st Baron Queenborough",parent,panel
Q369723,Lord Alfred Paget,Q5498507,Frederick Paget,cousin,panel;rush
Q369723,Lord Alfred Paget,Q5726659,"Henry Paget, 3rd Marquess of Anglesey",niece/nephew;uncle/aunt,panel;rush
Q369723,Lord Alfred Paget,Q6679084,Clarence Paget,sibling,panel;rush
Q369723,Lord Alfred Paget,Q6680031,William Paget,sibling,panel;rush
Q3701723,"Richard Temple-Nugent-Brydges-Chandos-Grenville, 3rd Duke of Buckingham and Chandos",Q1026930,"Charles Lyttelton, 8th Viscount Cobham",indirect,rush
Q3701723,"Richard Temple-Nugent-Brydges-Chandos-Grenville, 3rd Duke of Buckingham and Chandos",Q3101799,"George Nugent-Grenville, 2nd Baron Nugent",indirect,rush
Q3701723,"Richard Temple-Nugent-Brydges-Chandos-Grenville, 3rd Duke of Buckingham and Chandos",Q3701727,"Richard Temple-Nugent-Brydges-Chandos-Grenville, 2nd Duke of Buckingham and Chandos",child;parent,panel;rush
Q3701723,"Richard Temple-Nugent-Brydges-Chandos-Grenville, 3rd Duke of Buckingham and Chandos",Q7619672,"William Temple-Gore-Langton, 4th Earl Temple of Stowe",niece/nephew,rush
Q3701723,"Richard Temple-Nugent-Brydges-Chandos-Grenville, 3rd Duke of Buckingham and Chandos",Q8010034,William Gore-Langton,indirect,rush
Q3701727,"Richard Temple-Nugent-Brydges-Chandos-Grenville, 2nd Duke of Buckingham and Chandos",Q3101799,"George Nugent-Grenville, 2nd Baron Nugent",uncle/aunt,rush
Q3701727,"Richard Temple-Nugent-Brydges-Chandos-Grenville, 2nd Duke of Buckingham and Chandos",Q3701723,"Richard Temple-Nugent-Brydges-Chandos-Grenville, 3rd Duke of Buckingham and Chandos",child;parent,panel;rush
Q3701727,"Richard Temple-Nugent-Brydges-Chandos-Grenville, 2nd Duke of Buckingham and Chandos",Q7619672,"William Temple-Gore-Langton, 4th Earl Temple of Stowe",grandchild,rush
Q3701727,"Richard Temple-Nugent-Brydges-Chandos-Grenville, 2nd Duke of Buckingham and Chandos",Q8010034,William Gore-Langton,indirect,rush
Q3703236,"David Lindsay, 27th Earl of Crawford",Q2271478,"Reginald Manningham-Buller, 1st Viscount Dilhorne",indirect,rush
Q3703236,"David Lindsay, 27th Earl of Crawford",Q26034503,"Sir Henry Pelly, 3rd Baronet",indirect,rush
Q3703236,"David Lindsay, 27th Earl of Crawford",Q335822,"Robert Lindsay, 29th Earl of Crawford",grandchild;grandparent,panel;rush
Q3703236,"David Lindsay, 27th Earl of Crawford",Q336404,"James Lindsay, 26th Earl of Crawford",child;parent,panel;rush
Q3703236,"David Lindsay, 27th Earl of Crawford",Q5236632,"David Lindsay, 28th Earl of Crawford",child;parent,panel;rush
Q3703236,"David Lindsay, 27th Earl of Crawford",Q6138080,James Lindsay,child;parent,panel;rush
Q3703236,"David Lindsay, 27th Earl of Crawford",Q7528299,"Sir Martin Lindsay, 1st Baronet",indirect,rush
Q3750914,"Francis Baring, 1st Baron Northbrook",Q337771,"Thomas Baring, 1st Earl of Northbrook",child;parent,panel;rush
Q3750914,"Francis Baring, 1st Baron Northbrook",Q5480132,"Francis Baring, 2nd Earl of Northbrook",grandchild;grandparent,panel;rush
Q3750914,"Francis Baring, 1st Baron Northbrook",Q652514,"Alexander Baring, 1st Baron Ashburton",niece/nephew,panel
Q3750914,"Francis Baring, 1st Baron Northbrook",Q7529038,"Sir Thomas Baring, 2nd Baronet",child,panel
Q3750914,"Francis Baring, 1st Baron Northbrook",Q7787384,Thomas Baring,sibling,panel
Q3750914,"Francis Baring, 1st Baron Northbrook",Q7793440,Thomas Read Kemp,indirect,rush
Q3760457,"George Cadogan, 5th Earl Cadogan",Q5342180,Edward Cadogan,parent,panel
Q3760457,"George Cadogan, 5th Earl Cadogan",Q5499057,Frederick William Cadogan,niece/nephew,panel
Q3760457,"George Cadogan, 5th Earl Cadogan",Q5719091,"Henry Cadogan, 4th Earl Cadogan",child;parent,panel;rush
Q3760457,"George Cadogan, 5th Earl Cadogan",Q7528950,"Sir Samuel Scott, 6th Baronet",indirect,rush
Q3760457,"George Cadogan, 5th Earl Cadogan",Q9287820,"Henry Cadogan, Viscount Chelsea",child;parent,panel;rush
Q3760464,Lord George Gordon-Lennox,Q2865197,Lord Arthur Lennox,uncle/aunt,rush
Q3760464,Lord George Gordon-Lennox,Q333488,"Charles Gordon-Lennox, 6th Duke of Richmond",sibling,panel
Q3760464,Lord George Gordon-Lennox,Q333879,"Charles Gordon-Lennox, 7th Duke of Richmond",uncle/aunt,panel
Q3760464,Lord George Gordon-Lennox,Q3610759,Lord Alexander Gordon-Lennox,sibling,panel;rush
Q3760464,Lord George Gordon-Lennox,Q3784916,Lord Henry Lennox,sibling,panel;rush
Q3760464,Lord George Gordon-Lennox,Q6679449,John Lennox,uncle/aunt,rush
Q3760464,Lord George Gordon-Lennox,Q6680026,William Lennox,uncle/aunt,rush
Q3760464,Lord George Gordon-Lennox,Q6852229,Lord Walter Gordon-Lennox,uncle/aunt,panel
Q377175,"Thomas Cochrane, 1st Baron Cochrane of Cults",Q15990151,William Alexander Mackinnon,uncle/aunt,rush
Q377175,"Thomas Cochrane, 1st Baron Cochrane of Cults",Q17721888,Lauchlan Bellingham Mackinnon,uncle/aunt,rush
Q377175,"Thomas Cochrane, 1st Baron Cochrane of Cults",Q4786278,Archibald Cochrane,child;parent,panel;rush
Q377175,"Thomas Cochrane, 1st Baron Cochrane of Cults",Q5537179,"George Boyle, 6th Earl of Glasgow",indirect,rush
Q377175,"Thomas Cochrane, 1st Baron Cochrane of Cults",Q8004277,William Alexander Mackinnon,grandparent,rush
Q3784915,"Henry Somerset, 8th Duke of Beaufort",Q11762579,Lord Henry Somerset,parent,panel
Q3784915,"Henry Somerset, 8th Duke of Beaufort",Q6679302,Lord Granville Somerset,niece/nephew;uncle/aunt,panel;rush
Q3784915,"Henry Somerset, 8th Duke of Beaufort",Q922318,"Henry Somerset, 7th Duke of Beaufort",child;parent,panel;rush
Q3784916,Lord Henry Lennox,Q2865197,Lord Arthur Lennox,uncle/aunt,rush
Q3784916,Lord Henry Lennox,Q333488,"Charles Gordon-Lennox, 6th Duke of Richmond",sibling,panel
Q3784916,Lord Henry Lennox,Q333879,"Charles Gordon-Lennox, 7th Duke of Richmond",uncle/aunt,panel
Q3784916,Lord Henry Lennox,Q3610759,Lord Alexander Gordon-Lennox,sibling,panel;rush
Q3784916,Lord Henry Lennox,Q3760464,Lord George Gordon-Lennox,sibling,panel;rush
Q3784916,Lord Henry Lennox,Q6679449,John Lennox,uncle/aunt,rush
Q3784916,Lord Henry Lennox,Q6680026,William Lennox,uncle/aunt,rush
Q3784916,Lord Henry Lennox,Q6852229,Lord Walter Gordon-Lennox,uncle/aunt,panel
Q3784929,"Henry Fitzalan-Howard, 14th Duke of Norfolk",Q3784947,"Henry Howard, 13th Duke of Norfolk",child,panel
Q3784929,"Henry Fitzalan-Howard, 14th Duke of Norfolk",Q5342919,"Edward Fitzalan-Howard, 1st Baron Howard of Glossop",sibling,panel;rush
Q3784929,"Henry Fitzalan-Howard, 14th Duke of Norfolk",Q597848,"Edmund FitzAlan-Howard, 1st Viscount FitzAlan of Derwent",parent,panel
Q3784929,"Henry Fitzalan-Howard, 14th Duke of Norfolk",Q7789699,"Thomas Foley, 4th Baron Foley",indirect,rush
Q3784947,"Henry Howard, 13th Duke of Norfolk",Q3784929,"Henry Fitzalan-Howard, 14th Duke of Norfolk",parent,panel
Q3784947,"Henry Howard, 13th Duke of Norfolk",Q5342919,"Edward Fitzalan-Howard, 1st Baron Howard of Glossop",parent,panel
Q3784947,"Henry Howard, 13th Duke of Norfolk",Q597848,"Edmund FitzAlan-Howard, 1st Viscount FitzAlan of Derwent",grandparent,panel
Q3784973,"Henry Manners, 8th Duke of Rutland",Q13529986,Lord George Manners,niece/nephew,panel
Q3784973,"Henry Manners, 8th Duke of Rutland",Q13529987,Lord Cecil Manners,sibling,panel
Q3784973,"Henry Manners, 8th Duke of Rutland",Q2086683,"John Manners, 7th Duke of Rutland",child;parent,panel;rush
Q3784973,"Henry Manners, 8th Duke of Rutland",Q335324,Duff Cooper,indirect,rush
Q3784973,"Henry Manners, 8th Duke of Rutland",Q3666446,"Charles Manners, 6th Duke of Rutland",niece/nephew;uncle/aunt,panel;rush
Q3784973,"Henry Manners, 8th Duke of Rutland",Q6679211,Lord Edward Manners,sibling,panel
Q3784987,"Henry Henry William Edmund Petty-Fitzmaurice, 6th Marquess of Lansdowne",Q5935407,"Henry Petty-Fitzmaurice, 4th Marquess of Lansdowne",grandparent,rush
Q3784987,"Henry Henry William Edmund Petty-Fitzmaurice, 6th Marquess of Lansdowne",Q8016840,"William Petty-FitzMaurice, Earl of Kerry",indirect,rush
Q3787726,"Hussey Vivian, 1st Baron Vivian",Q12072266,"Henry Vivian, 1st Baron Swansea",niece/nephew;uncle/aunt,panel;rush
Q3787726,"Hussey Vivian, 1st Baron Vivian",Q4800546,Arthur Vivian,niece/nephew;uncle/aunt,panel;rush
Q3787726,"Hussey Vivian, 1st Baron Vivian",Q5083146,"Charles Vivian, 2nd Baron Vivian",child;parent,panel;rush
Q3787726,"Hussey Vivian, 1st Baron Vivian",Q6227494,John Vivian,child;parent,panel;rush
Q3787726,"Hussey Vivian, 1st Baron Vivian",Q6238967,John Henry Vivian,sibling,panel;rush
Q3809125,"John Byng, 1st Earl of Strafford",Q5537511,"George Byng, 2nd Earl of Strafford",child;parent,panel;rush
Q3809125,"John Byng, 1st Earl of Strafford",Q5537512,"George Byng, 3rd Earl of Strafford",grandchild;grandparent,panel;rush
Q3809125,"John Byng, 1st Earl of Strafford",Q5537522,George Byng,sibling,panel;rush
Q3809512,John O'Connell,Q21548703,Morgan O'Connell,cousin,panel;rush
Q3809512,John O'Connell,Q314917,Daniel O'Connell,child;parent,panel;rush
Q3809512,John O'Connell,Q5218291,Daniel O'Connell,sibling,panel;rush
Q3809512,John O'Connell,Q6793386,Maurice O'Connell,sibling,panel;rush
Q3809512,John O'Connell,Q6911794,Morgan O'Connell,sibling,panel;rush
Q3809633,"John Stewart-Murray, 8th Duke of Atholl",Q6376234,"Katharine Stewart-Murray, Duchess of Atholl",spouse,rush
Q3810119,Lord Josceline Percy,Q337686,"Algernon Percy, 6th Duke of Northumberland",sibling,panel;rush
Q3810119,Lord Josceline Percy,Q6678906,Lord Algernon Percy,uncle/aunt,panel
Q3810119,Lord Josceline Percy,Q6679347,Lord Henry Percy,sibling,panel;rush
Q3810119,Lord Josceline Percy,Q762750,"Henry Percy, 7th Duke of Northumberland",niece/nephew;uncle/aunt,panel;rush
Q3817460,Ferdinand James von Rothschild,Q316669,"Walter Rothschild, 2nd Baron Rothschild",niece/nephew,rush
Q3817460,Ferdinand James von Rothschild,Q333605,Lionel de Rothschild,indirect,rush
Q3817460,Ferdinand James von Rothschild,Q334120,"Nathan Rothschild, 1st Baron Rothschild",indirect,rush
Q3828136,"Lawrence Dundas, 1st Marquess of Zetland",Q26213078,Robert Lawrence Dundas,indirect,rush
Q3828136,"Lawrence Dundas, 1st Marquess of Zetland",Q6230399,John Dundas,child;parent,panel;rush
Q3828136,"Lawrence Dundas, 1st Marquess of Zetland",Q6230401,John Dundas,sibling,panel;rush
Q3828136,"Lawrence Dundas, 1st Marquess of Zetland",Q6504006,"Lawrence Dundas, 2nd Marquess of Zetland",child;parent,panel;rush
Q3828136,"Lawrence Dundas, 1st Marquess of Zetland",Q6593713,"Thomas Dundas, 2nd Earl of Zetland",niece/nephew;uncle/aunt,panel;rush
Q3828136,"Lawrence Dundas, 1st Marquess of Zetland",Q7614395,"William Wentworth-Fitzwilliam, 7th Earl Fitzwilliam",indirect,rush
Q38367,"Thomas Dewar, 1st Baron Dewar",Q4798455,"Arthur Dewar, Lord Dewar",sibling,panel;rush
Q38367,"Thomas Dewar, 1st Baron Dewar",Q6229296,"John Dewar, 1st Baron Forteviot",sibling,panel;rush
Q3853190,Mayer Amschel de Rothschild,Q316669,"Walter Rothschild, 2nd Baron Rothschild",indirect,rush
Q3853190,Mayer Amschel de Rothschild,Q333605,Lionel de Rothschild,sibling,panel;rush
Q3853190,Mayer Amschel de Rothschild,Q334120,"Nathan Rothschild, 1st Baron Rothschild",niece/nephew;uncle/aunt,panel;rush
Q386213,"John Spencer, 3rd Earl Spencer",Q2544868,"Charles Spencer, 6th Earl Spencer",uncle/aunt,panel
Q386213,"John Spencer, 3rd Earl Spencer",Q333281,"John Spencer, 5th Earl Spencer",niece/nephew;uncle/aunt,panel;rush
Q386213,"John Spencer, 3rd Earl Spencer",Q335529,"Frederick Spencer, 4th Earl Spencer",sibling,panel
Q387525,"Wavell Wakefield, 1st Baron Wakefield of Kendal",Q5345769,Edward Wakefield,sibling,panel;rush
Q390192,Nicholas Soames,Q336050,Christopher Soames,child,panel
Q390192,Nicholas Soames,Q8016,Winston Churchill,grandparent,rush
Q391222,Mark Garnier,Q334339,Edward Garnier,cousin,panel;rush
Q392149,Andrew Griffiths,Q76364163,Kate Griffiths,partner,rush
Q392174,Ben Gummer,Q333635,John Gummer,child;parent,panel;rush
Q3960168,"Sidney Herbert, 14th Earl of Pembroke",Q337595,"Sidney Herbert, 1st Baron Herbert of Lea",child;parent,panel;rush
Q3990628,Thomas Gibson Bowles,Q332712,Thomas Gibson,child,panel
Q3990628,Thomas Gibson Bowles,Q5539446,George Frederic Stewart Bowles,child;parent,panel;rush
Q3991506,Timothy Daniel Sullivan,Q4719558,Alexander Martin Sullivan,sibling,panel
Q4020043,William Henry Gladstone,Q160852,William Ewart Gladstone,child;parent,panel;rush
Q4020043,William Henry Gladstone,Q2347324,"Herbert Gladstone, 1st Viscount Gladstone",sibling,panel;rush
Q4020043,William Henry Gladstone,Q6250233,John Gladstone,niece/nephew;uncle/aunt,panel;rush
Q4020043,William Henry Gladstone,Q7529140,"Sir Thomas Gladstone, 2nd Baronet",niece/nephew;uncle/aunt,panel;rush
Q4020043,William Henry Gladstone,Q8009936,William Glynne Charles Gladstone,child;parent,panel;rush
Q4020120,William Patrick Adam,Q4057244,Charles Adam,child;parent,panel;rush
Q4057244,Charles Adam,Q4020120,William Patrick Adam,child;parent,panel;rush
Q4084921,Humphry Berkeley,Q7308602,Reginald Berkeley,child;parent,panel;rush
Q4090718,"Oliver Baldwin, 2nd Earl Baldwin of Bewdley",Q166635,Stanley Baldwin,child;parent,panel;rush
Q4090718,"Oliver Baldwin, 2nd Earl Baldwin of Bewdley",Q4722280,Alfred Baldwin,grandchild;grandparent,panel;rush
Q4090718,"Oliver Baldwin, 2nd Earl Baldwin of Bewdley",Q6307504,Julian Ridsdale,cousin,panel;rush
Q4097186,"Sir John Brunner, 1st Baronet",Q7527629,"Sir John Brunner, 2nd Baronet",child;parent,panel;rush
Q4148675,"John Gretton, 1st Baron Gretton",Q6236294,"John Gretton, 2nd Baron Gretton",parent,panel
Q4171078,"Richard Grosvenor, 2nd Marquess of Westminster",Q14945417,"Robert Grosvenor, 1st Baron Ebury",sibling,panel;rush
Q4171078,"Richard Grosvenor, 2nd Marquess of Westminster",Q333256,"Hugh Grosvenor, 1st Duke of Westminster",child;parent,panel;rush
Q4171078,"Richard Grosvenor, 2nd Marquess of Westminster",Q7052295,Norman Grosvenor,child;indirect;uncle/aunt,panel;rush
Q4171078,"Richard Grosvenor, 2nd Marquess of Westminster",Q7326097,"Richard Grosvenor, 1st Baron Stalbridge",child;parent,panel;rush
Q4171078,"Richard Grosvenor, 2nd Marquess of Westminster",Q7344985,"Robert Grosvenor, 2nd Baron Ebury",indirect;uncle/aunt,panel;rush
Q4171078,"Richard Grosvenor, 2nd Marquess of Westminster",Q7527315,"Sir Hugh Shaw-Stewart, 8th Baronet",grandchild,rush
Q42846975,Natalie Elphicke,Q303351,Charlie Elphicke,partner,rush
Q4352362,A. P. Herbert,Q575462,Toby Perkins,great-grandchild,rush
Q4364005,Samuel Pechell,Q7526846,"Sir George Brooke-Pechell, 4th Baronet",sibling,panel
Q4381482,"James Gascoyne-Cecil, 4th Marquess of Salisbury",Q12702,Robert Cecil,sibling,panel;rush
Q4381482,"James Gascoyne-Cecil, 4th Marquess of Salisbury",Q19008,Arthur Balfour,cousin,panel;rush
Q4381482,"James Gascoyne-Cecil, 4th Marquess of Salisbury",Q243705,"Robert Gascoyne-Cecil, 3rd Marquess of Salisbury",child;parent,panel;rush
Q4381482,"James Gascoyne-Cecil, 4th Marquess of Salisbury",Q2605189,"David Ormsby-Gore, 5th Baron Harlech",grandchild;parent,panel;rush
Q4381482,"James Gascoyne-Cecil, 4th Marquess of Salisbury",Q2761950,"Edward Cavendish, 10th Duke of Devonshire",indirect,rush
Q4381482,"James Gascoyne-Cecil, 4th Marquess of Salisbury",Q2908365,"William Ormsby-Gore, 4th Baron Harlech",indirect,rush
Q4381482,"James Gascoyne-Cecil, 4th Marquess of Salisbury",Q2917086,"Gerald Balfour, 2nd Earl of Balfour",cousin,panel;rush
Q4381482,"James Gascoyne-Cecil, 4th Marquess of Salisbury",Q333205,"Robert Gascoyne-Cecil, 5th Marquess of Salisbury",child;parent,panel;rush
Q4381482,"James Gascoyne-Cecil, 4th Marquess of Salisbury",Q334182,"Hugh Cecil, 1st Baron Quickswood",sibling,panel
Q4381482,"James Gascoyne-Cecil, 4th Marquess of Salisbury",Q335589,"Robert Gascoyne-Cecil, 7th Marquess of Salisbury",indirect,rush
Q4381482,"James Gascoyne-Cecil, 4th Marquess of Salisbury",Q6679229,Lord Eustace Cecil,niece/nephew,panel
Q4381482,"James Gascoyne-Cecil, 4th Marquess of Salisbury",Q9310800,"Robert Gascoyne-Cecil, 6th Marquess of Salisbury",grandchild;grandparent,panel;rush
Q438932,Lewis Weston Dillwyn,Q6536798,Lewis Llewelyn Dillwyn,child;parent,panel;rush
Q438932,Lewis Weston Dillwyn,Q7527724,"Sir John Dillwyn-Llewellyn, 1st Baronet",grandchild,rush
Q43895,"Henry Thynne, 3rd Marquess of Bath",Q17022007,Lord Edward Thynne,sibling,panel
Q43895,"Henry Thynne, 3rd Marquess of Bath",Q6679354,Lord Henry Thynne,parent,panel
Q4412304,Konni Zilliacus,Q7794220,"Thomas Stonor, 3rd Baron Camoys",indirect,rush
Q44691153,William Powell,Q8008456,William Edward Powell,child,panel
Q4484367,John Fielden,Q5342020,Edward Brocklehurst Fielden,grandchild;grandparent,panel;rush
Q4484367,John Fielden,Q6289810,Joshua Fielden,child;parent,panel;rush
Q4484367,John Fielden,Q7789575,Thomas Fielden,grandchild;grandparent,panel;rush
Q4499092,"Henry Holland, 1st Viscount Knutsford",Q6555681,Lionel Holland,child;parent,panel;rush
Q4533139,Thomas Attwood,Q24192596,Matthias Attwood,sibling,rush
Q4666575,Abel Henry Smith,Q4666622,Abel Smith,grandchild;grandparent,panel;rush
Q4666575,Abel Henry Smith,Q4666623,Abel Smith,child;parent,panel;rush
Q4666575,Abel Henry Smith,Q7965814,"Walter Pelham, 4th Earl of Chichester",uncle/aunt,rush
Q4666622,Abel Smith,Q15458169,John Smith,niece/nephew,panel
Q4666622,Abel Smith,Q4666575,Abel Henry Smith,grandchild;grandparent,panel;rush
Q4666622,Abel Smith,Q4666623,Abel Smith,child;parent,panel;rush
Q4666622,Abel Smith,Q7342786,"Robert Carrington, 2nd Baron Carrington",cousin,panel;rush
Q4666622,Abel Smith,Q7412657,Samuel Smith,child,panel
Q4666623,Abel Smith,Q4666575,Abel Henry Smith,child;parent,panel;rush
Q4666623,Abel Smith,Q4666622,Abel Smith,child;parent,panel;rush
Q4666623,Abel Smith,Q7412657,Samuel Smith,grandchild,panel
Q4666623,Abel Smith,Q7965814,"Walter Pelham, 4th Earl of Chichester",indirect,rush
Q4678809,Adam Butler,Q182035,RAB Butler,child,panel
Q4681850,"Adelbert Brownlow-Cust, 3rd Earl Brownlow",Q13529877,Henry Cockayne-Cust,cousin,panel;rush
Q4681850,"Adelbert Brownlow-Cust, 3rd Earl Brownlow",Q1606613,Harry Cust,cousin,panel;rush
Q4681850,"Adelbert Brownlow-Cust, 3rd Earl Brownlow",Q5076220,"Charles Chetwynd-Talbot, 19th Earl of Shrewsbury",indirect,rush
Q4681850,"Adelbert Brownlow-Cust, 3rd Earl Brownlow",Q5076611,Charles Cust,niece/nephew;uncle/aunt,panel;rush
Q4681850,"Adelbert Brownlow-Cust, 3rd Earl Brownlow",Q6231485,"John Egerton, Viscount Alford",child;parent,panel;rush
Q4681850,"Adelbert Brownlow-Cust, 3rd Earl Brownlow",Q93669,"Henry Chetwynd-Talbot, 18th Earl of Shrewsbury",indirect,rush
Q4683988,Alfred Bossom,Q5134501,Clive Bossom,child;parent,panel;rush
Q4684458,Adolphus Dalrymple,Q5748334,Hew Hamilton Dalrymple,indirect,rush
Q4684458,Adolphus Dalrymple,Q6228434,"John Dalrymple, 10th Earl of Stair",indirect,rush
Q4684458,Adolphus Dalrymple,Q6228445,"John Dalrymple, 8th Earl of Stair",indirect,rush
Q4684484,Adolphus William Young,Q7087955,Oliver Young,child,rush
Q4685235,Adrian Moreing,Q4724165,Algernon Moreing,sibling,rush
Q4685934,"Sir Robert Peel, 3rd Baronet",Q181875,Robert Peel,child,panel
Q4685934,"Sir Robert Peel, 3rd Baronet",Q20755914,Edmund Peel,niece/nephew,panel
Q4685934,"Sir Robert Peel, 3rd Baronet",Q2920090,"William Peel, 1st Earl Peel",uncle/aunt,panel
Q4685934,"Sir Robert Peel, 3rd Baronet",Q3041941,Jonathan Peel,niece/nephew,panel
Q4685934,"Sir Robert Peel, 3rd Baronet",Q334165,Arthur Peel,sibling,panel
Q4685934,"Sir Robert Peel, 3rd Baronet",Q4798804,Arthur George Villiers Peel,uncle/aunt,panel
Q4685934,"Sir Robert Peel, 3rd Baronet",Q5498541,Frederick Peel,sibling,panel
Q4685934,"Sir Robert Peel, 3rd Baronet",Q6107323,William Yates Peel,niece/nephew,panel
Q4685934,"Sir Robert Peel, 3rd Baronet",Q7509271,Sidney Peel,uncle/aunt,panel
Q4693048,Agnes Hardie,Q5540225,George Hardie,spouse,rush
Q4697105,"Ailwyn Fellowes, 1st Baron Ailwyn",Q5342877,"Edward Fellowes, 1st Baron de Ramsey",child;parent,panel;rush
Q4697105,"Ailwyn Fellowes, 1st Baron Ailwyn",Q7325642,Richard Fellowes Benyon,niece/nephew;uncle/aunt,panel;rush
Q4697105,"Ailwyn Fellowes, 1st Baron Ailwyn",Q8008975,"William Fellowes, 2nd Baron de Ramsey",sibling,panel;rush
Q4702898,"George Hamilton-Gordon, 5th Earl of Aberdeen",Q13529913,William Gordon,uncle/aunt,rush
Q4702898,"George Hamilton-Gordon, 5th Earl of Aberdeen",Q26252961,Charles William Gordon,indirect,rush
Q4702898,"George Hamilton-Gordon, 5th Earl of Aberdeen",Q335510,"Arthur Hamilton-Gordon, 1st Baron Stanmore",sibling,panel;rush
Q4702898,"George Hamilton-Gordon, 5th Earl of Aberdeen",Q4719056,Alexander Hamilton-Gordon,sibling,panel;rush
Q4702898,"George Hamilton-Gordon, 5th Earl of Aberdeen",Q5301898,Douglas Proby,uncle/aunt,panel
Q4702898,"George Hamilton-Gordon, 5th Earl of Aberdeen",Q6679103,Lord Claud Hamilton,sibling,panel
Q4706577,"Alan Egerton, 3rd Baron Egerton",Q5342743,Edward Christopher Egerton,niece/nephew;uncle/aunt,panel;rush
Q4706577,"Alan Egerton, 3rd Baron Egerton",Q58300372,"John Loftus, 3rd Marquess of Ely",uncle/aunt,rush
Q4706577,"Alan Egerton, 3rd Baron Egerton",Q7619928,"Wilbraham Egerton, 1st Earl Egerton",sibling,panel;rush
Q4706577,"Alan Egerton, 3rd Baron Egerton",Q8008502,"William Egerton, 1st Baron Egerton",child;parent,panel;rush
Q4706670,Alan Dower,Q5386555,Eric Gandar Dower,sibling,rush
Q4706760,Alan Green,Q334565,"David Waddington, Baron Waddington",indirect,rush
Q4707031,Alan Keen,Q4766483,Ann Keen,spouse,rush
Q4707145,"Alan Lennox-Boyd, 1st Viscount Boyd of Merton",Q13529970,Mark Lennox-Boyd,child;parent,panel;rush
Q4707145,"Alan Lennox-Boyd, 1st Viscount Boyd of Merton",Q1557837,"Gwendolen Guinness, Countess of Iveagh",indirect,rush
Q4709004,"Alban Gibbs, 2nd Baron Aldenham",Q5928148,"Hucks Gibbs, 1st Baron Aldenham",child;parent,panel;rush
Q4709004,"Alban Gibbs, 2nd Baron Aldenham",Q7924986,Vicary Gibbs,sibling,panel;rush
Q4709792,Albert Brassey,Q11802543,"Henry Brassey, 1st Baron Brassey of Apethorpe",uncle/aunt,panel
Q4709792,Albert Brassey,Q337691,"Thomas Brassey, 1st Earl Brassey",sibling,panel;rush
Q4709792,Albert Brassey,Q5718544,Henry Brassey,sibling,panel
Q4709792,Albert Brassey,Q7342109,Robert Brassey,child;parent,panel;rush
Q4710027,"Albert Denison, 1st Baron Londesborough",Q6679249,Lord Francis Conyngham,niece/nephew,rush
Q4710027,"Albert Denison, 1st Baron Londesborough",Q8007758,"William Denison, 1st Earl of Londesborough",child;parent,panel;rush
Q4710423,Albert Harland,Q3030361,Edward Harland,indirect,rush
Q4710423,Albert Harland,Q5726814,Henry Peirson Harland,sibling,rush
Q4710526,"Albert Illingworth, 1st Baron Illingworth",Q3154745,"Sir Isaac Holden, 1st Baronet",grandparent,rush
Q4710526,"Albert Illingworth, 1st Baron Illingworth",Q7167413,Percy Illingworth,sibling,panel;rush
Q4710997,Albert Pell,Q7527144,"Sir Henry Halford, 2nd Baronet",indirect,rush
Q4717400,Alex Lyon,Q333550,Clare Short,spouse,rush
Q4718311,"Alexander Baring, 4th Baron Ashburton",Q4914194,"Bingham Baring, 2nd Baron Ashburton",niece/nephew;uncle/aunt,panel;rush
Q4718311,"Alexander Baring, 4th Baron Ashburton",Q5480129,"Francis Baring, 3rd Baron Ashburton",child;parent,panel;rush
Q4718311,"Alexander Baring, 4th Baron Ashburton",Q5622068,Guy Baring,parent,panel
Q4718311,"Alexander Baring, 4th Baron Ashburton",Q652514,"Alexander Baring, 1st Baron Ashburton",grandchild;grandparent,panel;rush
Q4718571,Alexander Charles Barclay,Q5231112,David Barclay,child;parent,panel;rush
Q4718909,"Alexander Fuller-Acland-Hood, 1st Baron St Audries",Q26250760,"Sir Alexander Fuller-Acland-Hood, 3rd Baronet",child;parent,panel;rush
Q4718909,"Alexander Fuller-Acland-Hood, 1st Baron St Audries",Q26701549,"Sir Alexander Hood, 2nd Baronet",grandchild;grandparent,panel;rush
Q4719043,Alexander Haldane Oswald,Q6140680,James Oswald,uncle/aunt,rush
Q4719043,Alexander Haldane Oswald,Q7323675,Richard Alexander Oswald,parent,rush
Q4719056,Alexander Hamilton-Gordon,Q335510,"Arthur Hamilton-Gordon, 1st Baron Stanmore",sibling,panel;rush
Q4719056,Alexander Hamilton-Gordon,Q4702898,"George Hamilton-Gordon, 5th Earl of Aberdeen",sibling,panel;rush
Q4719056,Alexander Hamilton-Gordon,Q5301898,Douglas Proby,uncle/aunt,panel
Q4719056,Alexander Hamilton-Gordon,Q6679103,Lord Claud Hamilton,sibling,panel
Q4719112,"Alexander Henderson, 1st Baron Faringdon",Q5660994,Harold Henderson,parent,panel
Q4719121,Alexander Henry Ross,Q18922127,Charles Ross,parent,rush
Q4719558,Alexander Martin Sullivan,Q3991506,Timothy Daniel Sullivan,sibling,panel
Q4719574,Alexander McArthur,Q8004279,William McArthur,child,rush
Q4719574,Alexander McArthur,Q8015303,William McArthur,sibling,rush
Q4719716,"Alexander Murray, 1st Baron Murray of Elibank",Q4799794,"Arthur Murray, 3rd Viscount Elibank",sibling,panel;rush
Q4719716,"Alexander Murray, 1st Baron Murray of Elibank",Q5559635,"Gideon Oliphant-Murray, 2nd Viscount Elibank",sibling,panel;rush
Q4720072,"Alexander Shaw, 2nd Baron Craigmyle",Q1765791,"Thomas Shaw, 1st Baron Craigmyle",child;parent,panel;rush
Q4720126,Alexander Speirs,Q26758594,Alexander Speirs,cousin,panel;rush
Q4720126,Alexander Speirs,Q4786200,Archibald Alexander Speirs,child,rush
Q4722280,Alfred Baldwin,Q166635,Stanley Baldwin,child;parent,panel;rush
Q4722280,Alfred Baldwin,Q4090718,"Oliver Baldwin, 2nd Earl Baldwin of Bewdley",grandchild;grandparent,panel;rush
Q4722620,Alfred Egerton,Q1149445,"Francis Egerton, 1st Earl of Ellesmere",grandchild;grandparent,panel;rush
Q4722620,Alfred Egerton,Q334228,"Sir Philip Grey Egerton, 10th Baronet",indirect,rush
Q4722620,Alfred Egerton,Q4724140,Algernon Egerton,niece/nephew;uncle/aunt,panel;rush
Q4722620,Alfred Egerton,Q5480848,Francis Egerton,niece/nephew;uncle/aunt,panel;rush
Q4722620,Alfred Egerton,Q5538925,"George Egerton, 2nd Earl of Ellesmere",child;parent,panel;rush
Q4722620,Alfred Egerton,Q8008502,"William Egerton, 1st Baron Egerton",parent,rush
Q4722710,Alfred Gathorne-Hardy,Q13529906,"John Gathorne-Hardy, 2nd Earl of Cranbrook",sibling,panel;rush
Q4722710,Alfred Gathorne-Hardy,Q5527395,"Gathorne Gathorne-Hardy, 1st Earl of Cranbrook",child;parent,panel;rush
Q4722710,Alfred Gathorne-Hardy,Q6237751,John Hardy,grandchild,panel
Q4722710,Alfred Gathorne-Hardy,Q7527819,"Sir John Hardy, 1st Baronet",niece/nephew,panel
Q4722730,Alfred Giles,Q5083069,Charles Tyrrell Giles,child;parent,panel;rush
Q4722882,Alfred Hopkinson,Q4823133,Austin Hopkinson,child,rush
Q4722909,Alfred Illingworth,Q3154745,"Sir Isaac Holden, 1st Baronet",indirect,rush
Q4723284,Alfred Percy Allsopp,Q5540593,George Allsopp,sibling,panel;rush
Q4723284,Alfred Percy Allsopp,Q5717273,"Henry Allsopp, 1st Baron Hindlip",child;parent,panel;rush
Q4723284,Alfred Percy Allsopp,Q7410754,"Samuel Allsopp, 2nd Baron Hindlip",sibling,panel;rush
Q4723426,Alfred Seymour,Q16063838,Henry Danby Seymour,sibling,panel;rush
Q4723580,Alfred Waldron Smithers,Q7961641,Waldron Smithers,parent,panel
Q4723682,Alfred du Cros,Q5677717,Harvey du Cros,parent,rush
Q4723682,Alfred du Cros,Q7526085,"Sir Arthur du Cros, 1st Baronet",sibling,rush
Q4724136,"Algernon Borthwick, 1st Baron Glenesk",Q7172892,Peter Borthwick,child;parent,panel;rush
Q4724140,Algernon Egerton,Q1149445,"Francis Egerton, 1st Earl of Ellesmere",child;parent,panel;rush
Q4724140,Algernon Egerton,Q4722620,Alfred Egerton,niece/nephew;uncle/aunt,panel;rush
Q4724140,Algernon Egerton,Q5480848,Francis Egerton,sibling,panel;rush
Q4724140,Algernon Egerton,Q5538925,"George Egerton, 2nd Earl of Ellesmere",sibling,panel;rush
Q4724146,"Algernon Greville, 2nd Baron Greville",Q16063606,Reginald Greville-Nugent,sibling,panel;rush
Q4724146,"Algernon Greville, 2nd Baron Greville",Q26756818,George Greville-Nugent,sibling,panel;rush
Q4724146,"Algernon Greville, 2nd Baron Greville",Q5507949,"Fulke Greville-Nugent, 1st Baron Greville",child;parent,panel;rush
Q4724146,"Algernon Greville, 2nd Baron Greville",Q7364912,Ronald Greville,child;parent,panel;rush
Q4724165,Algernon Moreing,Q4685235,Adrian Moreing,sibling,rush
Q4724183,Algernon Tollemache,Q5498871,Frederick Tollemache,sibling,panel;rush
Q4731502,Allen Adams,Q334498,"Irene Adams, Baroness Adams of Craigielea",spouse,rush
Q4731527,"Allen Bathurst, 6th Earl Bathurst",Q4731531,"Allen Bathurst, Lord Apsley",grandchild,rush
Q4731527,"Allen Bathurst, 6th Earl Bathurst",Q4888257,Benjamin Bathurst,child;parent,panel;rush
Q4731527,"Allen Bathurst, 6th Earl Bathurst",Q5717877,"Henry Bathurst, 4th Earl Bathurst",uncle/aunt,rush
Q4731531,"Allen Bathurst, Lord Apsley",Q4731527,"Allen Bathurst, 6th Earl Bathurst",grandparent,rush
Q4731531,"Allen Bathurst, Lord Apsley",Q4888257,Benjamin Bathurst,uncle/aunt,rush
Q4731531,"Allen Bathurst, Lord Apsley",Q5717877,"Henry Bathurst, 4th Earl Bathurst",indirect,rush
Q4731531,"Allen Bathurst, Lord Apsley",Q7933220,"Violet Bathurst, Lady Apsley",spouse,rush
Q4733782,"Almeric Paget, 1st Baron Queenborough",Q10288965,Lord George Paget,niece/nephew,panel
Q4733782,"Almeric Paget, 1st Baron Queenborough",Q13582500,"Henry Paget, 2nd Marquess of Anglesey",niece/nephew,panel
Q4733782,"Almeric Paget, 1st Baron Queenborough",Q369723,Lord Alfred Paget,child,panel
Q4733782,"Almeric Paget, 1st Baron Queenborough",Q6679084,Clarence Paget,niece/nephew,panel
Q4733782,"Almeric Paget, 1st Baron Queenborough",Q6680031,William Paget,niece/nephew,panel
Q4757522,Andrew Johnston,Q4757523,Andrew Johnston,child;parent,panel;rush
Q4757523,Andrew Johnston,Q4757522,Andrew Johnston,child;parent,panel;rush
Q4757523,Andrew Johnston,Q5591064,"Sir Thomas Buxton, 1st Baronet",indirect,rush
Q4757838,Andrew MacKay,Q682694,Julie Kirkbride,spouse,rush
Q4761286,Andy Sawford,Q7182378,Phil Sawford,parent,rush
Q4761765,Aneurin Williams,Q7164658,Penry Williams,sibling,panel
Q4764135,"Angus Holden, 1st Baron Holden",Q3154745,"Sir Isaac Holden, 1st Baronet",child;parent,panel;rush
Q4764189,Angus McDonnell,Q6074453,Irving Albery,indirect,rush
Q4764262,Angus Hambro,Q5077407,Charles Hambro,sibling,panel
Q4764262,Angus Hambro,Q5079388,Charles J. T. Hambro,indirect,rush
Q4766346,Ann Cryer,Q291615,John Cryer,child;parent,panel;rush
Q4766346,Ann Cryer,Q4932182,Bob Cryer,spouse,rush
Q4766483,Ann Keen,Q4707031,Alan Keen,spouse,rush
Q4768503,Anne Kerr,Q7381617,Russell Kerr,spouse,rush
Q4772029,"Anthony Ashley-Cooper, 8th Earl of Shaftesbury",Q1147508,Evelyn Ashley,sibling,panel;rush
Q4772029,"Anthony Ashley-Cooper, 8th Earl of Shaftesbury",Q13529783,"Wilfrid Ashley, 1st Baron Mount Temple",uncle/aunt,panel
Q4772029,"Anthony Ashley-Cooper, 8th Earl of Shaftesbury",Q16066161,Anthony Henry Ashley-Cooper,niece/nephew,panel
Q4772029,"Anthony Ashley-Cooper, 8th Earl of Shaftesbury",Q22343752,Anthony John Ashley-Cooper,niece/nephew,panel
Q4772029,"Anthony Ashley-Cooper, 8th Earl of Shaftesbury",Q333294,"Anthony Ashley-Cooper, 7th Earl of Shaftesbury",child;parent,panel;rush
Q4772112,Anthony Berry,Q6555534,"Lionel Berry, 2nd Viscount Kemsley",sibling,panel;rush
Q4772495,Anthony Fell,Q4798680,Arthur Fell,grandparent,rush
Q4772694,"Anthony Henley, 3rd Baron Henley",Q6107362,J. W. Henley,indirect,rush
Q4772767,"Anthony Hurd, Baron Hurd",Q337375,Douglas Hurd,child;parent,panel;rush
Q4772767,"Anthony Hurd, Baron Hurd",Q691299,Nick Hurd,grandchild;grandparent,panel;rush
Q4772767,"Anthony Hurd, Baron Hurd",Q7167412,Percy Hurd,child;parent,panel;rush
Q4772933,Anthony Lefroy,Q2599142,Thomas Langlois Lefroy,child;parent,panel;rush
Q477587,"Douglas Clifton Brown, 1st Viscount Ruffside",Q11803339,James Clifton Brown,child,panel
Q477587,"Douglas Clifton Brown, 1st Viscount Ruffside",Q285183,Geoffrey Clifton-Brown,indirect,rush
Q477587,"Douglas Clifton Brown, 1st Viscount Ruffside",Q5534526,Geoffrey Clifton-Brown,indirect,rush
Q477587,"Douglas Clifton Brown, 1st Viscount Ruffside",Q5919321,Howard Clifton Brown,sibling,panel
Q477587,"Douglas Clifton Brown, 1st Viscount Ruffside",Q7525922,"Sir Alexander Brown, 1st Baronet",niece/nephew,panel
Q4786200,Archibald Alexander Speirs,Q26758594,Alexander Speirs,indirect,rush
Q4786200,Archibald Alexander Speirs,Q4720126,Alexander Speirs,parent,rush
Q4786226,Archibald Boyd-Carpenter,Q333334,"John Boyd-Carpenter, Baron Boyd-Carpenter",child;parent,panel;rush
Q4786274,"Archibald Corbett, 1st Baron Rowallan",Q7791928,Thomas Lorimer Corbett,sibling,panel;rush
Q4786278,Archibald Cochrane,Q377175,"Thomas Cochrane, 1st Baron Cochrane of Cults",child;parent,panel;rush
Q4786278,Archibald Cochrane,Q5447259,"Fiennes Cornwallis, 1st Baron Cornwallis",indirect,rush
Q4786278,Archibald Cochrane,Q5537179,"George Boyle, 6th Earl of Glasgow",grandparent,rush
Q4786374,Archibald James,Q5235553,David James,child;parent,panel;rush
Q4786482,"Archibald Primrose, Lord Dalmeny",Q286118,"Philip Stanhope, 5th Earl Stanhope",indirect,rush
Q4786482,"Archibald Primrose, Lord Dalmeny",Q5671733,"Harry Primrose, 6th Earl of Rosebery",grandchild,rush
Q4786520,"Archibald Sinclair, 1st Viscount Thurso",Q272384,John Thurso,grandchild,rush
Q4786530,Archibald Stuart-Wortley,Q6143798,James Stuart-Wortley,uncle/aunt,rush
Q4786530,Archibald Stuart-Wortley,Q6235315,John Gilbert Talbot,cousin,panel;rush
Q4786530,Archibald Stuart-Wortley,Q6259508,"John Stuart-Wortley, 2nd Baron Wharncliffe",uncle/aunt,rush
Q4786553,"Archibald Williamson, 1st Baron Forres",Q5436283,"Farrer Herschell, 1st Baron Herschell",indirect,rush
Q4786553,"Archibald Williamson, 1st Baron Forres",Q7610865,Stephen Williamson,child;parent,panel;rush
Q478812,Anas Sarwar,Q334072,Mohammad Sarwar,child;parent,panel;rush
Q478832,Laura Sandys,Q203129,Duncan Sandys,child;parent,panel;rush
Q478832,Laura Sandys,Q5541118,George John Sandys,grandchild;grandparent,panel;rush
Q4795125,"Arnold Keppel, 8th Earl of Albemarle",Q628089,"William Keppel, 7th Earl of Albemarle",child;parent,panel;rush
Q4795125,"Arnold Keppel, 8th Earl of Albemarle",Q652281,"George Keppel, 6th Earl of Albemarle",grandchild;grandparent,panel;rush
Q4795181,Arnold Morley,Q15990183,Charles Morley,sibling,panel;rush
Q4795181,Arnold Morley,Q7412225,Samuel Morley,child;parent,panel;rush
Q4797779,Arthur Acland Allen,Q5081606,Charles Peter Allen,sibling,rush
Q4797826,"Arthur Annesley, 11th Viscount Valentia",Q5929861,"Hugh Annesley, 5th Earl Annesley",indirect,rush
Q4797826,"Arthur Annesley, 11th Viscount Valentia",Q8004468,"William Annesley, 4th Earl Annesley",indirect,rush
Q4797999,Arthur Bignold,Q7410921,Samuel Bignold,child;parent,panel;rush
Q4798028,Arthur Blennerhassett,Q7372102,Rowland Blennerhassett,indirect,rush
Q4798028,Arthur Blennerhassett,Q7528913,"Sir Rowland Blennerhassett, 4th Baronet",indirect,rush
Q4798072,Arthur Brand,Q3132661,"Henry Brand, 2nd Viscount Hampden",sibling,panel;rush
Q4798072,Arthur Brand,Q336732,"Henry Brand, 1st Viscount Hampden",child;parent,panel;rush
Q4798072,Arthur Brand,Q7794563,"Thomas Trevor, 22nd Baron Dacre",niece/nephew;uncle/aunt,panel;rush
Q4798455,"Arthur Dewar, Lord Dewar",Q38367,"Thomas Dewar, 1st Baron Dewar",sibling,panel;rush
Q4798455,"Arthur Dewar, Lord Dewar",Q6229296,"John Dewar, 1st Baron Forteviot",sibling,panel;rush
Q4798519,Arthur Duncombe,Q26129113,Hubert Duncombe,indirect,rush
Q4798519,Arthur Duncombe,Q4798520,Arthur Duncombe,child;parent,panel;rush
Q4798519,Arthur Duncombe,Q7076834,Octavius Duncombe,sibling,panel;rush
Q4798519,Arthur Duncombe,Q8008114,"William Duncombe, 1st Earl of Feversham",niece/nephew;uncle/aunt,panel;rush
Q4798519,Arthur Duncombe,Q8008115,"William Duncombe, 2nd Baron Feversham",sibling,panel;rush
Q4798519,Arthur Duncombe,Q890109,Thomas Slingsby Duncombe,cousin,panel;rush
Q4798520,Arthur Duncombe,Q26129113,Hubert Duncombe,indirect,rush
Q4798520,Arthur Duncombe,Q4798519,Arthur Duncombe,child;parent,panel;rush
Q4798520,Arthur Duncombe,Q7076834,Octavius Duncombe,indirect;niece/nephew;uncle/aunt,panel;rush
Q4798520,Arthur Duncombe,Q8008114,"William Duncombe, 1st Earl of Feversham",indirect,rush
Q4798520,Arthur Duncombe,Q8008115,"William Duncombe, 2nd Baron Feversham",indirect;niece/nephew,panel;rush
Q4798589,Arthur Elliot,Q5930668,Hugh Elliot,sibling,panel
Q4798589,Arthur Elliot,Q7620964,"William Elliot-Murray-Kynynmound, 3rd Earl of Minto",child;parent,panel;rush
Q4798680,Arthur Fell,Q4772495,Anthony Fell,grandchild,rush
Q4798743,Arthur Frederick Jeffreys,Q5541083,"George Jeffreys, 1st Baron Jeffreys",child;parent,panel;rush
Q4798751,"Arthur French, 1st Baron de Freyne",Q5455737,Fitzstephen French,sibling,panel
Q4798804,Arthur George Villiers Peel,Q181875,Robert Peel,grandchild,panel
Q4798804,Arthur George Villiers Peel,Q2920090,"William Peel, 1st Earl Peel",sibling,panel
Q4798804,Arthur George Villiers Peel,Q334165,Arthur Peel,child,panel
Q4798804,Arthur George Villiers Peel,Q4685934,"Sir Robert Peel, 3rd Baronet",niece/nephew,panel
Q4798804,Arthur George Villiers Peel,Q5498541,Frederick Peel,niece/nephew,panel
Q4798804,Arthur George Villiers Peel,Q7509271,Sidney Peel,sibling,panel
Q4798916,Arthur Guest,Q6242277,John Josiah Guest,child;parent,panel;rush
Q4798916,Arthur Guest,Q6904116,Montague Guest,sibling,panel;rush
Q4798999,"Arthur Hayter, 1st Baron Haversham",Q7529624,"Sir William Hayter, 1st Baronet",child;parent,panel;rush
Q4799005,Arthur Heath,Q26719445,Robert Heath,child;parent,panel;rush
Q4799005,Arthur Heath,Q7527435,"Sir James Heath, 1st Baronet",sibling,panel;rush
Q4799010,"Arthur Henderson, Baron Rowley",Q208665,Arthur Henderson,child;parent,panel;rush
Q4799010,"Arthur Henderson, Baron Rowley",Q8011845,"William Henderson, 1st Baron Henderson",sibling,panel;rush
Q4799019,Arthur Heneage,Q5343402,"Edward Heneage, 1st Baron Heneage",indirect,rush
Q4799019,Arthur Heneage,Q5343403,Edward Heneage,grandparent,rush
Q4799019,Arthur Heneage,Q5540410,George Heneage,indirect,rush
Q4799073,"Arthur Hill, 4th Marquess of Downshire",Q4799074,Arthur Hill,grandchild;grandparent,panel;rush
Q4799073,"Arthur Hill, 4th Marquess of Downshire",Q4799783,"Arthur Moyses William Hill, 2nd Baron Sandys",uncle/aunt,rush
Q4799073,"Arthur Hill, 4th Marquess of Downshire",Q5346516,"Edwin Hill-Trevor, 1st Baron Trevor",sibling,panel;rush
Q4799073,"Arthur Hill, 4th Marquess of Downshire",Q6678928,Arthur Hill,child;parent,panel;rush
Q4799073,"Arthur Hill, 4th Marquess of Downshire",Q6758436,"Marcus Sandys, 3rd Baron Sandys",uncle/aunt,rush
Q4799073,"Arthur Hill, 4th Marquess of Downshire",Q7794391,"Thomas Taylour, Earl of Bective",indirect,rush
Q4799074,Arthur Hill,Q4799073,"Arthur Hill, 4th Marquess of Downshire",grandchild;grandparent,panel;rush
Q4799074,Arthur Hill,Q4799783,"Arthur Moyses William Hill, 2nd Baron Sandys",indirect,rush
Q4799074,Arthur Hill,Q5346516,"Edwin Hill-Trevor, 1st Baron Trevor",indirect,rush
Q4799074,Arthur Hill,Q6678928,Arthur Hill,child;parent,panel;rush
Q4799074,Arthur Hill,Q6758436,"Marcus Sandys, 3rd Baron Sandys",indirect,rush
Q4799090,Arthur Hobhouse,Q5723083,Henry Hobhouse,child;parent,panel;rush
Q4799117,"Arthur Hood, 2nd Viscount Bridport",Q26701549,"Sir Alexander Hood, 2nd Baronet",uncle/aunt,rush
Q4799171,Arthur Irvine,Q13529951,Michael Irvine,child,rush
Q4799244,Arthur Jared Palmer Howard,Q5294526,"Donald Howard, 3rd Baron Strathcona and Mount Royal",parent;sibling,panel;rush
Q4799271,Arthur John Moore,Q5081053,Charles Moore,parent,rush
Q4799273,Arthur John Williams,Q5361224,Eliot Crawshay-Williams,parent,panel
Q4799620,Arthur MacMorrough Kavanagh,Q25863363,Thomas Kavanagh,child;parent,panel;rush
Q4799620,Arthur MacMorrough Kavanagh,Q7965529,Walter MacMurrough Kavanagh,child;parent,panel;rush
Q4799734,"Arthur Mills, 3rd Baron Hillingdon",Q5080952,"Charles Mills, 1st Baron Hillingdon",grandchild,panel
Q4799734,"Arthur Mills, 3rd Baron Hillingdon",Q5080955,"Charles Mills, 2nd Baron Hillingdon",child;indirect,panel;rush
Q4799734,"Arthur Mills, 3rd Baron Hillingdon",Q5082918,Charles Thomas Mills,sibling,panel
Q4799782,"Arthur Moyle, Baron Moyle",Q7360351,Roland Moyle,child,rush
Q4799783,"Arthur Moyses William Hill, 2nd Baron Sandys",Q24153864,George Hill,sibling,panel
Q4799783,"Arthur Moyses William Hill, 2nd Baron Sandys",Q4799073,"Arthur Hill, 4th Marquess of Downshire",niece/nephew,rush
Q4799783,"Arthur Moyses William Hill, 2nd Baron Sandys",Q4799074,Arthur Hill,indirect,rush
Q4799783,"Arthur Moyses William Hill, 2nd Baron Sandys",Q6758436,"Marcus Sandys, 3rd Baron Sandys",sibling,panel;rush
Q4799794,"Arthur Murray, 3rd Viscount Elibank",Q4719716,"Alexander Murray, 1st Baron Murray of Elibank",sibling,panel;rush
Q4799794,"Arthur Murray, 3rd Viscount Elibank",Q5559635,"Gideon Oliphant-Murray, 2nd Viscount Elibank",sibling,panel;rush
Q4799859,Arthur O'Neill,Q16010090,"Hugh O'Neill, 1st Baron Rathcavan",sibling,panel;rush
Q4799859,Arthur O'Neill,Q5344670,"Edward O'Neill, 2nd Baron O'Neill",child;parent,panel;rush
Q4799859,Arthur O'Neill,Q7181222,"Phelim O'Neill, 2nd Baron Rathcavan",indirect;niece/nephew;uncle/aunt,panel;rush
Q4799859,Arthur O'Neill,Q7350434,Robert Torrens O'Neill,niece/nephew;uncle/aunt,panel;rush
Q4799939,Arthur Pease,Q5726789,Henry Pease,niece/nephew,panel
Q4799939,Arthur Pease,Q5735228,"Herbert Pease, 1st Baron Daryngton",parent,panel
Q4799939,Arthur Pease,Q6114554,"Jack Pease, 1st Baron Gainford",niece/nephew;uncle/aunt,panel;rush
Q4799939,Arthur Pease,Q6286166,Joseph Pease,child,panel
Q4799939,Arthur Pease,Q7525972,"Sir Alfred Pease, 2nd Baronet",uncle/aunt,panel
Q4799939,Arthur Pease,Q7528199,"Sir Joseph Pease, 1st Baronet",sibling,panel
Q4800278,"Arthur Shirley Benn, 1st Baron Glenravel",Q6063083,Ion Hamilton Benn,sibling,rush
Q4800348,"Arthur Stanhope, 6th Earl Stanhope",Q286118,"Philip Stanhope, 5th Earl Stanhope",child;parent,panel;rush
Q4800348,"Arthur Stanhope, 6th Earl Stanhope",Q5345405,Edward Stanhope,sibling,panel;rush
Q4800348,"Arthur Stanhope, 6th Earl Stanhope",Q6233592,"Philip Stanhope, 1st Baron Weardale",sibling,panel
Q4800348,"Arthur Stanhope, 6th Earl Stanhope",Q7526578,"Sir Edward Kerrison, 1st Baronet",grandparent,rush
Q4800349,Arthur Stanley,Q222458,"Frederick Stanley, 16th Earl of Derby",child,panel
Q4800349,Arthur Stanley,Q237829,"Edward Smith-Stanley, 14th Earl of Derby",grandchild,panel
Q4800349,Arthur Stanley,Q332789,"Edward Stanley, 15th Earl of Derby",niece/nephew,panel
Q4800349,Arthur Stanley,Q338427,"Edward Stanley, 17th Earl of Derby",sibling,panel
Q4800349,Arthur Stanley,Q3497552,Oliver Stanley,uncle/aunt,panel
Q4800349,Arthur Stanley,Q5345413,"Edward Stanley, Lord Stanley",uncle/aunt,panel
Q4800349,Arthur Stanley,Q5539480,George Stanley,sibling,panel
Q4800355,Arthur Stanley Wilson,Q7526476,"Sir Edmund Filmer, 9th Baronet",indirect,rush
Q4800462,Arthur Thornhill,Q25893695,George Thornhill,grandparent,rush
Q4800494,Arthur Tremayne,Q11800905,John Tremayne,sibling,rush
Q4800494,Arthur Tremayne,Q5080191,Charles Lemon,uncle/aunt,rush
Q4800494,Arthur Tremayne,Q6256551,John Salusbury-Trelawny,indirect,rush
Q4800546,Arthur Vivian,Q12072266,"Henry Vivian, 1st Baron Swansea",sibling,panel;rush
Q4800546,Arthur Vivian,Q3787726,"Hussey Vivian, 1st Baron Vivian",niece/nephew;uncle/aunt,panel;rush
Q4800546,Arthur Vivian,Q5083146,"Charles Vivian, 2nd Baron Vivian",cousin,panel;rush
Q4800546,Arthur Vivian,Q6227494,John Vivian,cousin,panel;rush
Q4800546,Arthur Vivian,Q6238967,John Henry Vivian,child;parent,panel;rush
Q4800546,Arthur Vivian,Q6537138,Lewis Vivian Loyd,niece/nephew,rush
Q4800605,"Arthur Walsh, 2nd Baron Ormathwaite",Q4800606,"Arthur Walsh, 3rd Baron Ormathwaite",child;parent,panel;rush
Q4800605,"Arthur Walsh, 2nd Baron Ormathwaite",Q6262857,"John Walsh, 1st Baron Ormathwaite",child;parent,panel;rush
Q4800606,"Arthur Walsh, 3rd Baron Ormathwaite",Q4800605,"Arthur Walsh, 2nd Baron Ormathwaite",child;parent,panel;rush
Q4800606,"Arthur Walsh, 3rd Baron Ormathwaite",Q6262857,"John Walsh, 1st Baron Ormathwaite",grandchild;grandparent,panel;rush
Q4800673,Arthur William Buller,Q5589832,Charles Buller,sibling,panel;rush
Q4800717,Arthur Winterbotham,Q15109540,Henry Winterbotham,sibling,rush
Q4805554,Ashley Ponsonby,Q5081706,"Charles Ponsonby, 2nd Baron de Mauley",sibling,panel
Q4805554,Ashley Ponsonby,Q6253138,"John Ponsonby, 4th Earl of Bessborough",niece/nephew,panel
Q4805554,Ashley Ponsonby,Q8016999,"William Ponsonby, 1st Baron de Mauley",child,panel
Q4806083,Ashton Wentworth Dilke,Q338114,"Sir Charles Dilke, 2nd Baronet",sibling,panel;rush
Q4806083,Ashton Wentworth Dilke,Q338188,"Sir Wentworth Dilke, 1st Baronet",child;indirect;parent,panel;rush
Q4819126,Aubrey Herbert,Q2056806,Auberon Herbert,indirect,rush
Q4821369,Augustus Anson,Q1506864,George Anson,uncle/aunt,rush
Q4821369,Augustus Anson,Q1506865,George Anson,great-uncle/aunt,rush
Q4821369,Augustus Anson,Q7787091,"Thomas Anson, 2nd Earl of Lichfield",sibling,panel;rush
Q4821399,,Q7526194,"Sir Charles Clifford, 4th Baronet",parent,panel
Q4821488,Augustus Macdonald,Q5727490,"Henry Reynolds-Moreton, 2nd Earl of Ducie",sibling,panel;rush
Q4821488,Augustus Macdonald,Q5727493,"Henry Reynolds-Moreton, 3rd Earl of Ducie",niece/nephew;uncle/aunt,panel;rush
Q4821488,Augustus Macdonald,Q5727495,"Henry Reynolds-Moreton, Lord Moreton",indirect,rush
Q4822231,Aurelian Ridsdale,Q6307504,Julian Ridsdale,niece/nephew,rush
Q4823133,Austin Hopkinson,Q4722882,Alfred Hopkinson,parent,rush
Q4861635,Barnett Janner,Q1546121,"Greville Janner, Baron Janner of Braunstone",child;parent,panel;rush
Q4867100,John Peto,Q149062,Samuel Morton Peto,grandchild,panel
Q4867100,John Peto,Q4867241,Basil Peto,child,panel
Q4867100,John Peto,Q7526332,"Sir Christopher Peto, 3rd Baronet",sibling,panel
Q4867241,Basil Peto,Q149062,Samuel Morton Peto,child,panel
Q4867241,Basil Peto,Q4867100,John Peto,parent,panel
Q4867241,Basil Peto,Q7526332,"Sir Christopher Peto, 3rd Baronet",parent,panel
Q4870843,James Matheson,Q16062870,"Sir Alexander Matheson, 1st Baronet",niece/nephew,rush
Q4870843,James Matheson,Q22039578,Thomas Matheson,sibling,rush
Q4877214,Beatrice Wright,Q6254287,John Rathbone,spouse,rush
Q4877214,Beatrice Wright,Q7804145,Tim Rathbone,child;parent,panel;rush
Q4879027,Beddoe Rees,Q7851315,Tudor Rees,sibling,rush
Q4881234,"Beilby Lawley, 2nd Baron Wenlock",Q26033702,"Sir Francis Lawley, 7th Baronet",niece/nephew,panel
Q4881234,"Beilby Lawley, 2nd Baron Wenlock",Q4881236,"Beilby Lawley, 3rd Baron Wenlock",child;parent,panel;rush
Q4881234,"Beilby Lawley, 2nd Baron Wenlock",Q5480488,Francis Charles Lawley,sibling,panel;rush
Q4881234,"Beilby Lawley, 2nd Baron Wenlock",Q7153985,"Paul Thompson, 1st Baron Wenlock",child;parent,panel;rush
Q4881236,"Beilby Lawley, 3rd Baron Wenlock",Q4881234,"Beilby Lawley, 2nd Baron Wenlock",child;parent,panel;rush
Q4881236,"Beilby Lawley, 3rd Baron Wenlock",Q5480488,Francis Charles Lawley,niece/nephew;uncle/aunt,panel;rush
Q4881236,"Beilby Lawley, 3rd Baron Wenlock",Q7153985,"Paul Thompson, 1st Baron Wenlock",grandchild;grandparent,panel;rush
Q4888257,Benjamin Bathurst,Q4731527,"Allen Bathurst, 6th Earl Bathurst",child;parent,panel;rush
Q4888257,Benjamin Bathurst,Q4731531,"Allen Bathurst, Lord Apsley",niece/nephew,rush
Q4888257,Benjamin Bathurst,Q5717877,"Henry Bathurst, 4th Earl Bathurst",indirect,rush
Q4888762,Benjamin Handley,Q11802744,William Farnworth Handley,cousin,panel;rush
Q4888762,Benjamin Handley,Q26234470,Henry Handley,cousin,panel;rush
Q4888762,Benjamin Handley,Q6237583,John Handley,cousin,panel;rush
Q4888811,Benjamin Heywood,Q6136005,James Heywood,sibling,panel
Q4889248,Benjamin St John Ackers,Q25927612,James Ackers,parent,rush
Q4889385,Benjamin Whitworth,Q26690012,Thomas Whitworth,child,rush
Q4889385,Benjamin Whitworth,Q8020325,William Whitworth,sibling,rush
Q4893013,"Bernard Coleridge, 2nd Baron Coleridge",Q1574706,"John Coleridge, 1st Baron Coleridge",child;parent,panel;rush
Q4893037,Bernard Cruddas,Q26211669,William Cruddas,indirect,rush
Q4893127,"Bernard FitzPatrick, 2nd Baron Castletown",Q6233280,"John FitzPatrick, 1st Baron Castletown",child;parent,panel;rush
Q4894226,Bernhard Samuelson,Q5576536,Godfrey Samuelson,child;parent,panel;rush
Q4894226,Bernhard Samuelson,Q5727972,Henry Samuelson,child;parent,panel;rush
Q4914194,"Bingham Baring, 2nd Baron Ashburton",Q4718311,"Alexander Baring, 4th Baron Ashburton",niece/nephew;uncle/aunt,panel;rush
Q4914194,"Bingham Baring, 2nd Baron Ashburton",Q5480129,"Francis Baring, 3rd Baron Ashburton",sibling,panel;rush
Q4914194,"Bingham Baring, 2nd Baron Ashburton",Q652514,"Alexander Baring, 1st Baron Ashburton",child;parent,panel;rush
Q4914194,"Bingham Baring, 2nd Baron Ashburton",Q6679354,Lord Henry Thynne,niece/nephew,rush
Q4914194,"Bingham Baring, 2nd Baron Ashburton",Q7529038,"Sir Thomas Baring, 2nd Baronet",niece/nephew,panel
Q4932182,Bob Cryer,Q291615,John Cryer,child;parent,panel;rush
Q4932182,Bob Cryer,Q4766346,Ann Cryer,spouse,rush
Q4936901,Charlotte Atkins,Q7364652,Ronald Atkins,child,panel
Q4957034,Brandon Rhys-Williams,Q7321835,Rhys Rhys-Williams,child;parent,panel;rush
Q495977,"James Graham, 4th Duke of Montrose",Q6679791,Lord Montagu Graham,sibling,panel
Q4961378,Brent Follett,Q8020116,William Webb Follett,sibling,rush
Q4964132,Brian Iddon,Q5235553,David James,child,rush
Q49681995,James Henry Deakin,Q6135882,James Henry Deakin,parent,panel
Q4973233,Brograve Beauchamp,Q5341831,Edward Beauchamp,child,panel
Q4976602,"Brownlow Cecil, 4th Marquess of Exeter",Q1628,"David Cecil, 6th Marquess of Exeter",grandchild,rush
Q4976602,"Brownlow Cecil, 4th Marquess of Exeter",Q6679448,Lord John Joicey-Cecil,sibling,panel
Q4976602,"Brownlow Cecil, 4th Marquess of Exeter",Q8006657,"William Cecil, 3rd Marquess of Exeter",child;parent,panel;rush
Q4977230,Bruce Canning Vernon-Wentworth,Q5927716,"Hubert de Burgh-Canning, 2nd Marquess of Clanricarde",uncle/aunt,rush
Q4980274,Bryan O'Loghlen,Q7526358,"Sir Colman O'Loghlen, 2nd Baronet",sibling,panel;rush
Q4980274,Bryan O'Loghlen,Q7528339,"Sir Michael O'Loghlen, 1st Baronet",child;parent,panel;rush
Q49822556,James Bradshaw,Q7345163,Robert Haldane Bradshaw,child,panel
Q5006934,C. W. Armstrong,Q5718739,Henry Bruce Armstrong,child;parent,panel;rush
Q5019339,Caledon Du Pré,Q8005058,William Baring du Pré,indirect,rush
Q5036058,"Robert Bourke, 1st Baron Connemara",Q2614140,"Richard Bourke, 6th Earl of Mayo",sibling,panel
Q5052172,Cathcart Wason,Q11806660,Eugene Wason,sibling,rush
Q5052172,Cathcart Wason,Q7333379,Rigby Wason,parent,rush
Q5056078,"Cecil Foljambe, 1st Earl of Liverpool",Q5481513,Francis Foljambe,sibling,panel;rush
Q5056111,"Cecil Harmsworth, 1st Baron Harmsworth",Q6519187,Leicester Harmsworth,sibling,panel;rush
Q5056199,Cecil Lowther,Q1680725,"James William Lowther, 1st Viscount Ullswater",sibling,panel;rush
Q5056199,Cecil Lowther,Q5112765,Christopher Lowther,uncle/aunt,panel
Q5056199,Cecil Lowther,Q5725106,"Henry Lowther, 3rd Earl of Lonsdale",niece/nephew,panel
Q5056199,Cecil Lowther,Q5725113,Henry Lowther,grandchild,panel
Q5056199,Cecil Lowther,Q8014752,William Lowther,child;parent,panel;rush
Q5056352,"Cecil Weld-Forester, 5th Baron Forester",Q5546138,"George Weld-Forester, 3rd Baron Forester",uncle/aunt,rush
Q5056366,Cecil Wilson,Q5076509,Charles Cowan,grandparent,rush
Q5056366,Cecil Wilson,Q5730342,Henry Wilson,parent,rush
Q5074782,Charles A'Court,Q26237448,Edward Henry A'Court,uncle/aunt,rush
Q5074782,Charles A'Court,Q337595,"Sidney Herbert, 1st Baron Herbert of Lea",indirect,rush
Q5074782,Charles A'Court,Q8020939,"William à Court-Holmes, 2nd Baron Heytesbury",cousin,panel;rush
Q5075009,Charles Marjoribanks,Q21556542,Stewart Marjoribanks,indirect,rush
Q5075009,Charles Marjoribanks,Q5239121,"David Robertson, 1st Baron Marjoribanks",sibling,panel;rush
Q5075117,"Charles Anderson-Pelham, 3rd Earl of Yarborough",Q5311943,Dudley Pelham,niece/nephew;uncle/aunt,panel;rush
Q5075117,"Charles Anderson-Pelham, 3rd Earl of Yarborough",Q728007,"Charles Anderson-Pelham, 2nd Earl of Yarborough",child;parent,panel;rush
Q5075464,Charles Bateman-Hanbury-Kincaid-Lennox,Q18671334,George Drought Warburton,indirect,rush
Q5075565,"Charles Berkeley, 3rd Baron FitzHardinge",Q11771724,"Maurice Berkeley, 1st Baron FitzHardinge",child,panel
Q5075565,"Charles Berkeley, 3rd Baron FitzHardinge",Q333400,Grantley Berkeley,niece/nephew,panel
Q5075565,"Charles Berkeley, 3rd Baron FitzHardinge",Q5182718,Craven Berkeley,niece/nephew,panel
Q5075565,"Charles Berkeley, 3rd Baron FitzHardinge",Q5480202,"Francis Berkeley, 2nd Baron FitzHardinge",sibling,panel
Q5075565,"Charles Berkeley, 3rd Baron FitzHardinge",Q5721264,Henry FitzHardinge Berkeley,niece/nephew,panel
Q5075948,Charles Buxton,Q16066171,"Sir Edward Buxton, 2nd Baronet",sibling,panel;rush
Q5075948,Charles Buxton,Q1645717,"Sydney Buxton, 1st Earl Buxton",child;parent,panel;rush
Q5075948,Charles Buxton,Q18450,Charles Buxton,indirect,rush
Q5075948,Charles Buxton,Q2365347,Noel Noel-Buxton,indirect,rush
Q5075948,Charles Buxton,Q334449,Thomas Fowell Buxton,niece/nephew;uncle/aunt,panel;rush
Q5075948,Charles Buxton,Q5342118,Edward Buxton,niece/nephew;uncle/aunt,panel;rush
Q5075948,Charles Buxton,Q5480390,Francis Buxton,niece/nephew;uncle/aunt,panel;rush
Q5075948,Charles Buxton,Q5591064,"Sir Thomas Buxton, 1st Baronet",child;parent;uncle/aunt,panel;rush
Q5076054,Charles Calvert,Q17153067,Nicolson Calvert,sibling,panel
Q5076148,"Charles Cavendish, 1st Baron Chesham",Q16063121,"William Cavendish, 2nd Baron Chesham",child;parent,panel;rush
Q5076148,"Charles Cavendish, 1st Baron Chesham",Q337626,"William Cavendish, 7th Duke of Devonshire",niece/nephew,rush
Q5076148,"Charles Cavendish, 1st Baron Chesham",Q337887,"George Cavendish, 1st Earl of Burlington",child,panel
Q5076148,"Charles Cavendish, 1st Baron Chesham",Q5537511,"George Byng, 2nd Earl of Strafford",indirect,rush
Q5076148,"Charles Cavendish, 1st Baron Chesham",Q5719237,Henry Cavendish,sibling,panel;rush
Q5076148,"Charles Cavendish, 1st Baron Chesham",Q6679279,Lord George Cavendish,sibling,rush
Q5076148,"Charles Cavendish, 1st Baron Chesham",Q7794563,"Thomas Trevor, 22nd Baron Dacre",indirect,rush
Q5076163,Charles Cecil Cotes,Q26128201,John Cotes,child;parent,panel;rush
Q5076220,"Charles Chetwynd-Talbot, 19th Earl of Shrewsbury",Q1477948,Reginald Talbot,sibling,panel;rush
Q5076220,"Charles Chetwynd-Talbot, 19th Earl of Shrewsbury",Q19664755,Walter Carpenter,sibling,panel;rush
Q5076220,"Charles Chetwynd-Talbot, 19th Earl of Shrewsbury",Q4681850,"Adelbert Brownlow-Cust, 3rd Earl Brownlow",indirect,rush
Q5076220,"Charles Chetwynd-Talbot, 19th Earl of Shrewsbury",Q5077003,"Charles Duncombe, 2nd Earl of Feversham",grandchild,rush
Q5076220,"Charles Chetwynd-Talbot, 19th Earl of Shrewsbury",Q8008117,"William Duncombe, Viscount Helmsley",indirect,rush
Q5076220,"Charles Chetwynd-Talbot, 19th Earl of Shrewsbury",Q93669,"Henry Chetwynd-Talbot, 18th Earl of Shrewsbury",child;parent,panel;rush
Q5076509,Charles Cowan,Q16198477,James Cowan,sibling,rush
Q5076509,Charles Cowan,Q5056366,Cecil Wilson,grandchild,rush
Q5076509,Charles Cowan,Q5730342,Henry Wilson,indirect,rush
Q5076532,Charles Craufurd Fraser,Q5930848,Hugh Fraser,indirect,rush
Q5076532,Charles Craufurd Fraser,Q7529596,"Sir William Fraser, 4th Baronet",indirect,rush
Q5076584,Charles Cumming-Bruce,Q7529613,"Sir William Gordon-Cumming, 2nd Baronet",sibling,panel
Q5076611,Charles Cust,Q13529877,Henry Cockayne-Cust,sibling,rush
Q5076611,Charles Cust,Q1606613,Harry Cust,indirect,rush
Q5076611,Charles Cust,Q4681850,"Adelbert Brownlow-Cust, 3rd Earl Brownlow",niece/nephew;uncle/aunt,panel;rush
Q5076611,Charles Cust,Q6231485,"John Egerton, Viscount Alford",sibling,panel;rush
Q5076881,Charles Dillwyn-Venables-Llewellyn,Q332746,"Michael Hicks Beach, 1st Earl St Aldwyn",uncle/aunt,rush
Q5076881,Charles Dillwyn-Venables-Llewellyn,Q7527724,"Sir John Dillwyn-Llewellyn, 1st Baronet",child;parent,panel;rush
Q5076881,Charles Dillwyn-Venables-Llewellyn,Q7528336,"Sir Michael Hicks Beach, 8th Baronet",grandparent,rush
Q5076916,Charles Donaldson-Hudson,Q26213250,Thomas Hudson,indirect,rush
Q5077003,"Charles Duncombe, 2nd Earl of Feversham",Q26129113,Hubert Duncombe,niece/nephew,panel
Q5077003,"Charles Duncombe, 2nd Earl of Feversham",Q5076220,"Charles Chetwynd-Talbot, 19th Earl of Shrewsbury",grandparent,rush
Q5077003,"Charles Duncombe, 2nd Earl of Feversham",Q8008114,"William Duncombe, 1st Earl of Feversham",grandchild;grandparent,panel;rush
Q5077003,"Charles Duncombe, 2nd Earl of Feversham",Q8008117,"William Duncombe, Viscount Helmsley",child;parent,panel;rush
Q5077407,Charles Hambro,Q4764262,Angus Hambro,sibling,panel
Q5077684,"Charles FitzGerald, 4th Duke of Leinster",Q6679840,Lord Otho FitzGerald,sibling,panel
Q5077708,Charles Fletcher-Cooke,Q6233442,John Fletcher-Cooke,sibling,rush
Q5077724,Charles Forbes,Q24568591,John Forbes,parent,panel
Q5077866,Charles Frederick White,Q15998908,Charles Frederick White,child;parent,panel;rush
Q5077884,Charles French,Q5455737,Fitzstephen French,indirect,rush
Q5077886,Charles Frewen,Q26293147,Thomas Turner,sibling,panel;rush
Q5077886,Charles Frewen,Q6911461,Moreton Frewen,niece/nephew;uncle/aunt,panel;rush
Q5077887,Charles Freshfield,Q6145570,James William Freshfield,parent,rush
Q5078003,Charles Milnes Gaskell,Q6139821,James Milnes Gaskell,child;parent,panel;rush
Q5078392,Charles Gray Round,Q17180626,Charles Wing Gray,indirect,rush
Q5078392,Charles Gray Round,Q6142467,James Round,niece/nephew,rush
Q5078392,Charles Gray Round,Q6255760,John Round,indirect,rush
Q5078424,Charles Grenfell,Q21165612,John Ashley Warre,indirect,rush
Q5078424,Charles Grenfell,Q333887,"William Grenfell, 1st Baron Desborough",grandchild;grandparent,panel;rush
Q5078424,Charles Grenfell,Q5078425,Charles Grenfell,child;parent,panel;rush
Q5078424,Charles Grenfell,Q5343174,"Edward Grenfell, 1st Baron St Just",grandparent,panel
Q5078424,Charles Grenfell,Q5539756,"George Glyn, 1st Baron Wolverton",indirect,rush
Q5078424,Charles Grenfell,Q5539757,"George Glyn, 2nd Baron Wolverton",niece/nephew,rush
Q5078424,Charles Grenfell,Q5722211,Henry Grenfell,parent,panel
Q5078424,Charles Grenfell,Q7141836,Pascoe Glyn,niece/nephew,rush
Q5078424,Charles Grenfell,Q7509072,Sidney Glyn,niece/nephew,rush
Q5078425,Charles Grenfell,Q21165612,John Ashley Warre,indirect,rush
Q5078425,Charles Grenfell,Q333887,"William Grenfell, 1st Baron Desborough",child;parent,panel;rush
Q5078425,Charles Grenfell,Q5078424,Charles Grenfell,child;parent,panel;rush
Q5078425,Charles Grenfell,Q5343174,"Edward Grenfell, 1st Baron St Just",uncle/aunt,panel
Q5078425,Charles Grenfell,Q5722211,Henry Grenfell,sibling,panel
Q5078438,Charles Grey,Q333336,"Albert Grey, 4th Earl Grey",indirect,rush
Q5078440,Charles Grey,Q320291,"Henry Grey, 3rd Earl Grey",sibling,panel;rush
Q5078440,Charles Grey,Q333336,"Albert Grey, 4th Earl Grey",child;parent,panel;rush
Q5078440,Charles Grey,Q335187,"Edward Grey, 1st Viscount Grey of Fallodon",indirect,rush
Q5078440,Charles Grey,Q5771276,"Sir George Grey, 2nd Baronet",cousin;indirect,panel;rush
Q5078742,"Charles Hanbury-Tracy, 1st Baron Sudeley",Q5078743,"Charles Hanbury-Tracy, 4th Baron Sudeley",grandchild,rush
Q5078742,"Charles Hanbury-Tracy, 1st Baron Sudeley",Q5497958,Frederick Hanbury-Tracy,grandchild,rush
Q5078742,"Charles Hanbury-Tracy, 1st Baron Sudeley",Q5722542,Henry Hanbury-Tracy,parent,panel
Q5078743,"Charles Hanbury-Tracy, 4th Baron Sudeley",Q5078742,"Charles Hanbury-Tracy, 1st Baron Sudeley",grandparent,rush
Q5078743,"Charles Hanbury-Tracy, 4th Baron Sudeley",Q5497958,Frederick Hanbury-Tracy,sibling,panel;rush
Q5078743,"Charles Hanbury-Tracy, 4th Baron Sudeley",Q7790384,,child,panel
Q5078764,"Charles Hardinge, 2nd Viscount Hardinge",Q332793,"Henry Hardinge, 1st Viscount Hardinge",child;parent,panel;rush
Q5078764,"Charles Hardinge, 2nd Viscount Hardinge",Q7965251,"Walter James, 2nd Baron Northbourne",uncle/aunt,panel
Q5078764,"Charles Hardinge, 2nd Viscount Hardinge",Q7965252,"Walter James, 1st Baron Northbourne",sibling,panel
Q5078951,Charles Henry Lyell,Q6525517,"Leonard Lyell, 1st Baron Lyell",child;parent,panel;rush
Q5078970,Charles Henry Roberts,Q337615,"Charles Howard, 10th Earl of Carlisle",indirect,rush
Q5078970,Charles Henry Roberts,Q337630,"George Howard, 9th Earl of Carlisle",indirect,rush
Q5078970,Charles Henry Roberts,Q5534679,Geoffrey Howard,indirect,rush
Q5078970,Charles Henry Roberts,Q8001983,Wilfrid Roberts,child;parent,panel;rush
Q5078985,Charles Henry Williams,Q7526795,"Sir Frederick Williams, 2nd Baronet",sibling,panel;rush
Q5079056,Charles Hindley,Q5730476,Henry Woods,indirect,rush
Q5079116,Charles Hope,Q3073452,"Arthur Hope, 2nd Baron Rankeillour",child,rush
Q5079116,Charles Hope,Q6136223,James Hope,sibling,panel;rush
Q5079116,Charles Hope,Q7790796,Thomas Hope,child;parent,panel;rush
Q5079163,"Charles Howard, 17th Earl of Suffolk",Q13582499,"Henry Howard, 18th Earl of Suffolk",child;parent,panel;rush
Q5079163,"Charles Howard, 17th Earl of Suffolk",Q5729143,Henry Thomas Howard,sibling,panel;rush
Q5079163,"Charles Howard, 17th Earl of Suffolk",Q6136292,James Howard,sibling,panel
Q5079173,Charles Howard,Q2079517,"George Howard, 7th Earl of Carlisle",sibling,panel;rush
Q5079173,Charles Howard,Q26237499,Frederick Howard,sibling,rush
Q5079173,Charles Howard,Q333933,"George Sutherland-Leveson-Gower, 3rd Duke of Sutherland",niece/nephew,rush
Q5079173,Charles Howard,Q337615,"Charles Howard, 10th Earl of Carlisle",grandchild;grandparent,panel;rush
Q5079173,Charles Howard,Q337630,"George Howard, 9th Earl of Carlisle",child;parent,panel;rush
Q5079173,Charles Howard,Q5343513,"Edward Howard, 1st Baron Lanerton",sibling,panel;rush
Q5079173,Charles Howard,Q5534679,Geoffrey Howard,grandchild;grandparent,panel;rush
Q5079173,Charles Howard,Q8012560,William Howard,indirect,rush
Q5079274,Charles Ichabod Wright,Q5728455,Henry Smith Wright,sibling,panel;rush
Q5079388,Charles J. T. Hambro,Q4764262,Angus Hambro,indirect,rush
Q5079456,Charles James O'Donnell,Q5345155,Edward Ryley Langworthy,indirect,rush
Q5079456,Charles James O'Donnell,Q5487366,Frank Hugh O'Donnell,sibling,rush
Q5079478,Charles Jasper Selwyn,Q5083588,Charles William Selwyn,child;parent,panel;rush
Q5079532,Charles Kemeys-Tynte,Q5079740,Charles Kemeys-Tynte,child;parent,panel;rush
Q5079549,Charles John Wingfield,Q7323926,Richard Wingfield-Baker,sibling,panel;rush
Q5079740,Charles Kemeys-Tynte,Q5079532,Charles Kemeys-Tynte,child;parent,panel;rush
Q5080191,Charles Lemon,Q11800905,John Tremayne,niece/nephew,rush
Q5080191,Charles Lemon,Q4800494,Arthur Tremayne,niece/nephew,rush
Q5080257,Charles Lindsay,Q336404,"James Lindsay, 26th Earl of Crawford",niece/nephew;sibling,rush
Q5080257,Charles Lindsay,Q6128537,James Lindsay,sibling,panel;rush
Q5080266,Charles Lindsay Orr-Ewing,Q5982042,Ian Orr-Ewing,child;parent,panel;rush
Q5080266,Charles Lindsay Orr-Ewing,Q7526041,"Sir Archibald Orr-Ewing, 1st Baronet",child;parent,panel;rush
Q5080630,Charles Manners Lushington,Q7610422,Stephen Rumbold Lushington,child;parent,panel;rush
Q5080735,Charles Maule Ramsay,Q6254150,"John Ramsay, 13th Earl of Dalhousie",sibling,panel;rush
Q5080854,"Charles McLaren, 1st Baron Aberconway",Q5314516,Duncan McLaren,child;parent,panel;rush
Q5080854,"Charles McLaren, 1st Baron Aberconway",Q5481905,Francis McLaren,parent,panel
Q5080854,"Charles McLaren, 1st Baron Aberconway",Q5725740,Henry McLaren,parent,panel
Q5080854,"Charles McLaren, 1st Baron Aberconway",Q6248044,John McLaren,sibling,panel;rush
Q5080854,"Charles McLaren, 1st Baron Aberconway",Q6776167,Martin McLaren,grandparent,panel
Q5080854,"Charles McLaren, 1st Baron Aberconway",Q7965601,Walter McLaren,sibling,panel;rush
Q5080952,"Charles Mills, 1st Baron Hillingdon",Q4799734,"Arthur Mills, 3rd Baron Hillingdon",grandparent,panel
Q5080952,"Charles Mills, 1st Baron Hillingdon",Q5080955,"Charles Mills, 2nd Baron Hillingdon",child;parent,panel;rush
Q5080952,"Charles Mills, 1st Baron Hillingdon",Q5082918,Charles Thomas Mills,grandchild;grandparent,panel;rush
Q5080955,"Charles Mills, 2nd Baron Hillingdon",Q4799734,"Arthur Mills, 3rd Baron Hillingdon",indirect;parent,panel;rush
Q5080955,"Charles Mills, 2nd Baron Hillingdon",Q5080952,"Charles Mills, 1st Baron Hillingdon",child;parent,panel;rush
Q5080955,"Charles Mills, 2nd Baron Hillingdon",Q5082918,Charles Thomas Mills,child;parent,panel;rush
Q5081053,Charles Moore,Q4799271,Arthur John Moore,child,rush
Q5081069,"Charles Morgan, 1st Baron Tredegar",Q5081341,Octavius Morgan,sibling,panel
Q5081069,"Charles Morgan, 1st Baron Tredegar",Q5082144,Charles Rodney Morgan,parent,panel
Q5081069,"Charles Morgan, 1st Baron Tredegar",Q5497586,Frederick Courtenay Morgan,parent,panel
Q5081069,"Charles Morgan, 1st Baron Tredegar",Q5576507,"Godfrey Morgan, 1st Viscount Tredegar",parent,panel
Q5081098,Charles Morris,Q333326,"Estelle Morris, Baroness Morris of Yardley",parent,panel
Q5081098,Charles Morris,Q336911,Alf Morris,sibling,panel;rush
Q5081103,Charles Morrison,Q5932043,Hugh Morrison,grandchild,panel
Q5081103,Charles Morrison,Q6249506,"John Morrison, 1st Baron Margadale",child;parent,panel;rush
Q5081103,Charles Morrison,Q7175955,Peter Morrison,sibling,panel;rush
Q5081231,Charles Newdigate Newdegate,Q1441667,Francis Newdegate,indirect,rush
Q5081248,Charles N. P. Phipps,Q5081537,Charles Paul Phipps,child,panel
Q5081258,"Charles Noel, 2nd Earl of Gainsborough",Q13530009,Gerard Noel,sibling,panel;rush
Q5081258,"Charles Noel, 2nd Earl of Gainsborough",Q334449,Thomas Fowell Buxton,indirect,rush
Q5081258,"Charles Noel, 2nd Earl of Gainsborough",Q5393618,Ernest Noel,cousin,panel;rush
Q5081258,"Charles Noel, 2nd Earl of Gainsborough",Q5771276,"Sir George Grey, 2nd Baronet",uncle/aunt,rush
Q5081258,"Charles Noel, 2nd Earl of Gainsborough",Q7525995,"Sir Andrew Agnew, 8th Baronet",indirect,rush
Q5081341,Octavius Morgan,Q5081069,"Charles Morgan, 1st Baron Tredegar",sibling,panel
Q5081341,Octavius Morgan,Q5082144,Charles Rodney Morgan,uncle/aunt,panel
Q5081341,Octavius Morgan,Q5497586,Frederick Courtenay Morgan,uncle/aunt,panel
Q5081341,Octavius Morgan,Q5576507,"Godfrey Morgan, 1st Viscount Tredegar",uncle/aunt,panel
Q5081398,Charles Owen O'Conor,Q5257380,Denis Maurice O'Conor,sibling,panel;rush
Q5081398,Charles Owen O'Conor,Q5257434,Denis O'Conor,child;parent,panel;rush
Q5081537,Charles Paul Phipps,Q5081248,Charles N. P. Phipps,parent,panel
Q5081574,Charles Pelham Villiers,Q5345728,"Edward Villiers, 5th Earl of Clarendon",niece/nephew,rush
Q5081606,Charles Peter Allen,Q4797779,Arthur Acland Allen,sibling,rush
Q5081660,"Charles Pierrepont, 4th Earl Manvers",Q16066415,"Charles Evelyn Pierrepont, Viscount Newark",niece/nephew;uncle/aunt,panel;rush
Q5081660,"Charles Pierrepont, 4th Earl Manvers",Q7660092,"Sydney Pierrepont, 3rd Earl Manvers",child;parent,panel;rush
Q5081706,"Charles Ponsonby, 2nd Baron de Mauley",Q4805554,Ashley Ponsonby,sibling,panel
Q5081706,"Charles Ponsonby, 2nd Baron de Mauley",Q6253138,"John Ponsonby, 4th Earl of Bessborough",niece/nephew,panel
Q5081706,"Charles Ponsonby, 2nd Baron de Mauley",Q8016999,"William Ponsonby, 1st Baron de Mauley",child,panel
Q5081967,Charles Reed,Q324276,Edward Baines,indirect,rush
Q5081999,"Charles Rhys, 8th Baron Dynevor",Q7965958,"Walter Rice, 7th Baron Dynevor",child;parent,panel;rush
Q5082144,Charles Rodney Morgan,Q5081069,"Charles Morgan, 1st Baron Tredegar",child,panel
Q5082144,Charles Rodney Morgan,Q5081341,Octavius Morgan,niece/nephew,panel
Q5082144,Charles Rodney Morgan,Q5497586,Frederick Courtenay Morgan,sibling,panel
Q5082144,Charles Rodney Morgan,Q5576507,"Godfrey Morgan, 1st Viscount Tredegar",sibling,panel
Q5082203,"Charles Royle, Baron Royle",Q5082204,Charles Royle,parent,rush
Q5082204,Charles Royle,Q5082203,"Charles Royle, Baron Royle",child,rush
Q5082366,Charles Savile Roundell,Q8000141,"Wilbraham Tollemache, 2nd Baron Tollemache",indirect,rush
Q5082424,Charles Seale-Hayne,Q21548658,John Seale,grandparent,rush
Q5082431,Charles Seely,Q11802791,"Hugh Seely, 1st Baron Sherwood",indirect,rush
Q5082431,Charles Seely,Q6105456,"John Seely, 1st Baron Mottistone",grandchild;grandparent,panel;rush
Q5082431,Charles Seely,Q7526292,"Sir Charles Seely, 1st Baronet",child;parent,panel;rush
Q5082431,Charles Seely,Q7526294,"Sir Charles Seely, 2nd Baronet",grandchild;grandparent,panel;rush
Q5082556,Charles Smith Forster,Q7526208,"Sir Charles Forster, 1st Baronet",child,rush
Q5082570,"Charles Somers-Cocks, 3rd Earl Somers",Q11762579,Lord Henry Somerset,indirect,rush
Q5082570,"Charles Somers-Cocks, 3rd Earl Somers",Q6258484,"John Somers-Cocks, 2nd Earl Somers",child;parent,panel;rush
Q5082737,"Charles Stuart-Wortley, 1st Baron Stuart of Wortley",Q6143798,James Stuart-Wortley,child,panel
Q5082737,"Charles Stuart-Wortley, 1st Baron Stuart of Wortley",Q6235315,John Gilbert Talbot,cousin,panel;rush
Q5082737,"Charles Stuart-Wortley, 1st Baron Stuart of Wortley",Q6259508,"John Stuart-Wortley, 2nd Baron Wharncliffe",niece/nephew,panel
Q50828546,"Sir John Power, 3rd Baronet",Q26695991,"Sir James Power, 2nd Baronet",child,panel
Q5082918,Charles Thomas Mills,Q4799734,"Arthur Mills, 3rd Baron Hillingdon",sibling,panel
Q5082918,Charles Thomas Mills,Q5080952,"Charles Mills, 1st Baron Hillingdon",grandchild;grandparent,panel;rush
Q5082918,Charles Thomas Mills,Q5080955,"Charles Mills, 2nd Baron Hillingdon",child;parent,panel;rush
Q5083069,Charles Tyrrell Giles,Q4722730,Alfred Giles,child;parent,panel;rush
Q5083121,"Charles Vane-Tempest-Stewart, 6th Marquess of Londonderry",Q3087168,"Frederick Stewart, 4th Marquess of Londonderry",niece/nephew;uncle/aunt,panel;rush
Q5083121,"Charles Vane-Tempest-Stewart, 6th Marquess of Londonderry",Q333368,"Charles Vane-Tempest-Stewart, 7th Marquess of Londonderry",child;parent,panel;rush
Q5083121,"Charles Vane-Tempest-Stewart, 6th Marquess of Londonderry",Q5261284,"George Vane-Tempest, 5th Marquess of Londonderry",child;parent,panel;rush
Q5083121,"Charles Vane-Tempest-Stewart, 6th Marquess of Londonderry",Q6678890,Lord Adolphus Vane-Tempest,niece/nephew,panel
Q5083121,"Charles Vane-Tempest-Stewart, 6th Marquess of Londonderry",Q7352839,"Robin Vane-Tempest-Stewart, 8th Marquess of Londonderry",grandchild;grandparent,panel;rush
Q5083121,"Charles Vane-Tempest-Stewart, 6th Marquess of Londonderry",Q7983009,"Wentworth Beaumont, 1st Viscount Allendale",indirect,rush
Q5083146,"Charles Vivian, 2nd Baron Vivian",Q11800905,John Tremayne,indirect,rush
Q5083146,"Charles Vivian, 2nd Baron Vivian",Q12072266,"Henry Vivian, 1st Baron Swansea",cousin,panel;rush
Q5083146,"Charles Vivian, 2nd Baron Vivian",Q3787726,"Hussey Vivian, 1st Baron Vivian",child;parent,panel;rush
Q5083146,"Charles Vivian, 2nd Baron Vivian",Q4800546,Arthur Vivian,cousin,panel;rush
Q5083146,"Charles Vivian, 2nd Baron Vivian",Q6227494,John Vivian,sibling,panel;rush
Q5083146,"Charles Vivian, 2nd Baron Vivian",Q6238967,John Henry Vivian,niece/nephew;uncle/aunt,panel;rush
Q5083442,Charles Wentworth-FitzWilliam,Q26254028,"William Wentworth-Fitzwilliam, Viscount Milton",sibling,panel;rush
Q5083442,Charles Wentworth-FitzWilliam,Q5083446,"Charles Wentworth-Fitzwilliam, 5th Earl Fitzwilliam",child;parent,panel;rush
Q5083442,Charles Wentworth-FitzWilliam,Q5546159,George Wentworth-FitzWilliam,sibling,panel;rush
Q5083442,Charles Wentworth-FitzWilliam,Q5730014,Henry Wentworth-FitzWilliam,niece/nephew;uncle/aunt,panel;rush
Q5083442,Charles Wentworth-FitzWilliam,Q6263500,John Wentworth-FitzWilliam,niece/nephew;uncle/aunt,panel;rush
Q5083442,Charles Wentworth-FitzWilliam,Q7614395,"William Wentworth-Fitzwilliam, 7th Earl Fitzwilliam",indirect,rush
Q5083442,Charles Wentworth-FitzWilliam,Q8020193,"William Wentworth-FitzWilliam, Viscount Milton",niece/nephew;uncle/aunt,panel;rush
Q5083442,Charles Wentworth-FitzWilliam,Q8020195,"William Wentworth-Fitzwilliam, 6th Earl Fitzwilliam",sibling,panel;rush
Q5083446,"Charles Wentworth-Fitzwilliam, 5th Earl Fitzwilliam",Q26254028,"William Wentworth-Fitzwilliam, Viscount Milton",child;parent,panel;rush
Q5083446,"Charles Wentworth-Fitzwilliam, 5th Earl Fitzwilliam",Q5083442,Charles Wentworth-FitzWilliam,child;parent,panel;rush
Q5083446,"Charles Wentworth-Fitzwilliam, 5th Earl Fitzwilliam",Q5546159,George Wentworth-FitzWilliam,child;parent,panel;rush
Q5083446,"Charles Wentworth-Fitzwilliam, 5th Earl Fitzwilliam",Q5730014,Henry Wentworth-FitzWilliam,grandchild;grandparent,panel;rush
Q5083446,"Charles Wentworth-Fitzwilliam, 5th Earl Fitzwilliam",Q6263500,John Wentworth-FitzWilliam,grandchild;grandparent,panel;rush
Q5083446,"Charles Wentworth-Fitzwilliam, 5th Earl Fitzwilliam",Q7614395,"William Wentworth-Fitzwilliam, 7th Earl Fitzwilliam",indirect,rush
Q5083446,"Charles Wentworth-Fitzwilliam, 5th Earl Fitzwilliam",Q8020193,"William Wentworth-FitzWilliam, Viscount Milton",grandchild;grandparent,panel;rush
Q5083446,"Charles Wentworth-Fitzwilliam, 5th Earl Fitzwilliam",Q8020195,"William Wentworth-Fitzwilliam, 6th Earl Fitzwilliam",child;parent,panel;rush
Q5083588,Charles William Selwyn,Q5079478,Charles Jasper Selwyn,child;parent,panel;rush
Q5083590,Charles William White,Q24248901,Samuel White,niece/nephew;uncle/aunt,panel;rush
Q5083590,Charles William White,Q26218356,Luke White,niece/nephew;uncle/aunt,panel;rush
Q5083590,Charles William White,Q5730053,"Henry White, 1st Baron Annaly",child;parent,panel;rush
Q5083590,Charles William White,Q6702449,"Luke White, 2nd Baron Annaly",sibling,panel;rush
Q5083597,Charles Williams,Q18645992,Thomas Bedford Bolitho,indirect,rush
Q5083597,Charles Williams,Q26265403,Alfred Williams,sibling,rush
Q5083597,Charles Williams,Q6225803,John Charles Williams,parent,rush
Q5083597,Charles Williams,Q7526795,"Sir Frederick Williams, 2nd Baronet",grandparent,rush
Q5083625,"Charles Wilson, 1st Baron Nunburnholme",Q5083626,"Charles Wilson, 2nd Baron Nunburnholme",child;parent,panel;rush
Q5083625,"Charles Wilson, 1st Baron Nunburnholme",Q5622292,Guy Greville Wilson,child;parent,panel;rush
Q5083626,"Charles Wilson, 2nd Baron Nunburnholme",Q5083625,"Charles Wilson, 1st Baron Nunburnholme",child;parent,panel;rush
Q5083626,"Charles Wilson, 2nd Baron Nunburnholme",Q5622292,Guy Greville Wilson,sibling,panel;rush
Q5083684,"Charles Wood, 2nd Earl of Halifax",Q333426,"Edward Wood, 1st Earl of Halifax",child;parent,panel;rush
Q5083684,"Charles Wood, 2nd Earl of Halifax",Q7330071,"Richard Wood, Baron Holderness",sibling,panel;rush
Q5083737,Charles Wykeham-Martin,Q7184589,Philip Wykeham-Martin,child;parent,panel;rush
Q5083743,Charles Wyndham,Q13530077,Henry Wyndham,sibling,panel;rush
Q5083743,Charles Wyndham,Q5730572,"Henry Wyndham, 2nd Baron Leconfield",niece/nephew,rush
Q5083743,Charles Wyndham,Q7167656,Percy Wyndham,niece/nephew,rush
Q5083776,"Charles Yorke, 4th Earl of Hardwicke",Q337983,"Charles Yorke, 5th Earl of Hardwicke",child;parent,panel;rush
Q5083776,"Charles Yorke, 4th Earl of Hardwicke",Q5361267,Eliot Yorke,sibling,panel;rush
Q5083776,"Charles Yorke, 4th Earl of Hardwicke",Q5365591,Elliot Yorke,child;parent,panel;rush
Q5083776,"Charles Yorke, 4th Earl of Hardwicke",Q6249777,Joseph Sydney Yorke,child,panel
Q509060,James Dundas,Q19819961,Charles Whitley Deans Dundas,child,rush
Q50940574,Jonathan Joseph Richardson,Q6274234,Jonathan Richardson,cousin,panel;rush
Q5111934,Christopher Beckett Denison,Q5392782,"Ernest Beckett, 2nd Baron Grimthorpe",niece/nephew;uncle/aunt,panel;rush
Q5111934,Christopher Beckett Denison,Q5553468,Gervase Beckett,niece/nephew;uncle/aunt,panel;rush
Q5111934,Christopher Beckett Denison,Q7526465,"Sir Edmund Beckett, 4th Baronet",child;parent,panel;rush
Q5111934,Christopher Beckett Denison,Q7527597,"Sir John Beckett, 2nd Baronet",niece/nephew,panel
Q5111934,Christopher Beckett Denison,Q8005295,William Beckett-Denison,sibling,panel;rush
Q5112370,"Christopher Furness, 1st Baron Furness",Q7528984,"Sir Stephen Furness, 1st Baronet",niece/nephew,rush
Q5112765,Christopher Lowther,Q1680725,"James William Lowther, 1st Viscount Ullswater",child,panel
Q5112765,Christopher Lowther,Q5056199,Cecil Lowther,niece/nephew,panel
Q5112765,Christopher Lowther,Q7527900,"Sir John Lowther, 2nd Baronet, of Swillington",indirect,rush
Q5112765,Christopher Lowther,Q8014752,William Lowther,grandchild,panel
Q5112976,Christopher Nyholm Shawcross,Q334142,Hartley Shawcross,sibling,panel;rush
Q5113428,Christopher Codrington,Q322902,William John Codrington,cousin,panel;rush
Q5113428,Christopher Codrington,Q958853,Edward Codrington,uncle/aunt,rush
Q5113480,Christopher York,Q7526789,"Sir Frederick Milner, 7th Baronet",grandparent,rush
Q5128637,Claud Heathcote-Drummond-Willoughby,Q5560967,"Gilbert Heathcote, 1st Baron Aveland",grandchild,panel
Q5128637,Claud Heathcote-Drummond-Willoughby,Q5560968,"Gilbert Heathcote-Drummond-Willoughby, 2nd Earl of Ancaster",sibling,panel;rush
Q5128637,Claud Heathcote-Drummond-Willoughby,Q6135821,"James Heathcote-Drummond-Willoughby, 3rd Earl of Ancaster",niece/nephew;uncle/aunt,panel;rush
Q5128637,Claud Heathcote-Drummond-Willoughby,Q7620761,"Gilbert Heathcote-Drummond-Willoughby, 1st Earl of Ancaster",child;parent,panel;rush
Q5128942,Claude Lowther,Q7527900,"Sir John Lowther, 2nd Baronet, of Swillington",indirect,rush
Q5132986,Clifford Kenyon,Q7183891,Philip Kenyon-Slaney,sibling,rush
Q5134501,Clive Bossom,Q4683988,Alfred Bossom,child;parent,panel;rush
Q5161086,Coningsby Disraeli,Q82006,Benjamin Disraeli,uncle/aunt,rush
Q5171428,Cornelius O'Brien,Q21182770,James O'Brien,indirect,rush
Q5171428,Cornelius O'Brien,Q26722303,John O'Brien,indirect,rush
Q5172959,Corrie Grant,Q15459988,Henry Slesser,indirect,rush
Q5182718,Craven Berkeley,Q11771724,"Maurice Berkeley, 1st Baron FitzHardinge",sibling,panel;rush
Q5182718,Craven Berkeley,Q333400,Grantley Berkeley,sibling,panel
Q5182718,Craven Berkeley,Q5075565,"Charles Berkeley, 3rd Baron FitzHardinge",uncle/aunt,panel
Q5182718,Craven Berkeley,Q5480202,"Francis Berkeley, 2nd Baron FitzHardinge",uncle/aunt,panel
Q5182718,Craven Berkeley,Q5607504,Grenville Berkeley,sibling,rush
Q5182718,Craven Berkeley,Q5721264,Henry FitzHardinge Berkeley,sibling,panel
Q5184522,Cresswell Cresswell,Q26208214,Addison Cresswell,sibling,panel;rush
Q5187561,"Cromartie Sutherland-Leveson-Gower, 4th Duke of Sutherland",Q1242682,Lord Ronald Gower,niece/nephew;uncle/aunt,panel;rush
Q5187561,"Cromartie Sutherland-Leveson-Gower, 4th Duke of Sutherland",Q333933,"George Sutherland-Leveson-Gower, 3rd Duke of Sutherland",child;parent,panel;rush
Q5196793,Cuthbert James,Q7965251,"Walter James, 2nd Baron Northbourne",child,panel
Q5196793,Cuthbert James,Q7965252,"Walter James, 1st Baron Northbourne",grandchild,panel
Q5213768,Dan Jones,Q5222678,Dari Taylor,child,rush
Q5218291,Daniel O'Connell,Q21548703,Morgan O'Connell,cousin,panel;rush
Q5218291,Daniel O'Connell,Q314917,Daniel O'Connell,child;parent,panel;rush
Q5218291,Daniel O'Connell,Q3809512,John O'Connell,sibling,panel;rush
Q5218291,Daniel O'Connell,Q6793386,Maurice O'Connell,sibling,panel;rush
Q5218291,Daniel O'Connell,Q6911794,Morgan O'Connell,sibling,panel;rush
Q5218924,Daniel Thwaites,Q7351314,Robert Yerburgh,indirect,rush
Q5218924,Daniel Thwaites,Q7351315,"Robert Yerburgh, 1st Baron Alvingham",grandchild,rush
Q5218941,Daniel Turner Holmes,Q332412,Tony Benn,grandchild,rush
Q5218941,Daniel Turner Holmes,Q677902,"William Wedgwood Benn, 1st Viscount Stansgate",indirect,rush
Q5222678,Dari Taylor,Q5213768,Dan Jones,parent,rush
Q5231112,David Barclay,Q4718571,Alexander Charles Barclay,child;parent,panel;rush
Q5231233,"David Beatty, 2nd Earl Beatty",Q7365334,Ronald Tree,sibling,panel
Q5231862,David Brynmor Jones,Q6519485,"Leifchild Leif-Jones, 1st Baron Rhayader",sibling,panel
Q5233107,David Duncan,Q16043699,James Duncan,child,rush
Q5233519,David Faber,Q128985,Harold Macmillan,grandparent,rush
Q52340523,Humphrey St John-Mildmay,Q16065824,Humphrey St John-Mildmay,child;parent,panel;rush
Q52340523,Humphrey St John-Mildmay,Q24568662,Paulet St. John Mildmay,niece/nephew;uncle/aunt,panel;rush
Q52340523,Humphrey St John-Mildmay,Q652514,"Alexander Baring, 1st Baron Ashburton",grandparent,rush
Q5234715,David Hardie,Q332460,Keir Hardie,sibling,rush
Q5234715,David Hardie,Q5540225,George Hardie,sibling,rush
Q5235553,David James,Q4786374,Archibald James,child;parent,panel;rush
Q5235553,David James,Q4964132,Brian Iddon,parent,rush
Q5235723,David Jones,Q6242009,John Jones,sibling,rush
Q5236632,"David Lindsay, 28th Earl of Crawford",Q26034503,"Sir Henry Pelly, 3rd Baronet",grandparent,rush
Q5236632,"David Lindsay, 28th Earl of Crawford",Q335822,"Robert Lindsay, 29th Earl of Crawford",child;parent,panel;rush
Q5236632,"David Lindsay, 28th Earl of Crawford",Q336404,"James Lindsay, 26th Earl of Crawford",grandchild;grandparent,panel;rush
Q5236632,"David Lindsay, 28th Earl of Crawford",Q3703236,"David Lindsay, 27th Earl of Crawford",child;parent,panel;rush
Q5236632,"David Lindsay, 28th Earl of Crawford",Q6138080,James Lindsay,sibling,panel;rush
Q5237142,David Marquand,Q1618119,Hilary Marquand,parent,rush
Q5237163,David Marshall Mason,Q7609917,Stephen Mason,child;parent,panel;rush
Q5237629,David Mitchell,Q333261,Andrew Mitchell,parent,panel
Q5237821,"David Mure, Lord Mure",Q8015941,William Mure,niece/nephew,rush
Q5237821,"David Mure, Lord Mure",Q8015942,William Mure,sibling,rush
Q5238722,David Prior,Q333412,"James Prior, Baron Prior",child;parent,panel;rush
Q5239023,David Ricardo,Q26204048,Osman Ricardo,sibling,panel;rush
Q5239023,David Ricardo,Q5590921,John Lewis Ricardo,cousin,panel;rush
Q5239023,David Ricardo,Q7410397,Samson Ricardo,uncle/aunt,rush
Q5239121,"David Robertson, 1st Baron Marjoribanks",Q5075009,Charles Marjoribanks,sibling,panel;rush
Q5240093,David Stewart Ker,Q26218307,David Guardi Ker,child,panel
Q5240093,David Stewart Ker,Q7327054,Richard Ker,indirect;sibling,panel;rush
Q5240093,David Stewart Ker,Q7329984,Richard William Blackwood Ker,child;parent,panel;rush
Q5240774,David Walder,Q8017371,"William Rankine Milligan, Lord Milligan",indirect,rush
Q5241134,David Williams,Q16030721,"Sir Osmond Williams, 1st Baronet",child;parent,panel;rush
Q5257380,Denis Maurice O'Conor,Q5081398,Charles Owen O'Conor,sibling,panel;rush
Q5257380,Denis Maurice O'Conor,Q5257434,Denis O'Conor,child;parent,panel;rush
Q5257434,Denis O'Conor,Q5081398,Charles Owen O'Conor,child;parent,panel;rush
Q5257434,Denis O'Conor,Q5257380,Denis Maurice O'Conor,child;parent,panel;rush
Q5257515,Denis Shipwright,Q19873805,Edward Hain,indirect,rush
Q5259049,Dennis Walters,Q203129,Duncan Sandys,indirect,rush
Q5261284,"George Vane-Tempest, 5th Marquess of Londonderry",Q3087168,"Frederick Stewart, 4th Marquess of Londonderry",sibling,panel;rush
Q5261284,"George Vane-Tempest, 5th Marquess of Londonderry",Q333368,"Charles Vane-Tempest-Stewart, 7th Marquess of Londonderry",grandchild;grandparent,panel;rush
Q5261284,"George Vane-Tempest, 5th Marquess of Londonderry",Q5083121,"Charles Vane-Tempest-Stewart, 6th Marquess of Londonderry",child;parent,panel;rush
Q5261284,"George Vane-Tempest, 5th Marquess of Londonderry",Q6678890,Lord Adolphus Vane-Tempest,sibling,panel;rush
Q5261284,"George Vane-Tempest, 5th Marquess of Londonderry",Q7983009,"Wentworth Beaumont, 1st Viscount Allendale",indirect,rush
Q5262429,"Derek Walker-Smith, Baron Broxbourne",Q13530064,Jonah Walker-Smith,child;parent,panel;rush
Q5263331,Derwent Hall Caine,Q5585234,Gordon Hall Caine,sibling,panel;rush
Q5294526,"Donald Howard, 3rd Baron Strathcona and Mount Royal",Q3182815,"John Loder, 2nd Baron Wakehurst",indirect,rush
Q5294526,"Donald Howard, 3rd Baron Strathcona and Mount Royal",Q4799244,Arthur Jared Palmer Howard,child;sibling,panel;rush
Q5301898,Douglas Proby,Q335510,"Arthur Hamilton-Gordon, 1st Baron Stanmore",niece/nephew,panel
Q5301898,Douglas Proby,Q4702898,"George Hamilton-Gordon, 5th Earl of Aberdeen",niece/nephew,panel
Q5301898,Douglas Proby,Q4719056,Alexander Hamilton-Gordon,niece/nephew,panel
Q5301898,Douglas Proby,Q6679103,Lord Claud Hamilton,child,panel
Q5307835,John Crowder,Q7178722,Petre Crowder,child;parent,panel;rush
Q5311875,Dudley Fortescue,Q5359607,"Hugh Fortescue, 2nd Earl Fortescue",child,panel
Q5311875,Dudley Fortescue,Q5930808,"Hugh Fortescue, 4th Earl Fortescue",uncle/aunt,panel
Q5311875,Dudley Fortescue,Q5930822,"Hugh Fortescue, 3rd Earl Fortescue",sibling,panel
Q5311875,Dudley Fortescue,Q6233713,John William Fortescue,cousin;sibling,panel;rush
Q5311943,Dudley Pelham,Q5075117,"Charles Anderson-Pelham, 3rd Earl of Yarborough",niece/nephew;uncle/aunt,panel;rush
Q5311943,Dudley Pelham,Q728007,"Charles Anderson-Pelham, 2nd Earl of Yarborough",sibling,panel;rush
Q5311965,"Dudley Ryder, 2nd Earl of Harrowby",Q5311966,"Dudley Ryder, 3rd Earl of Harrowby",child;parent,panel;rush
Q5311965,"Dudley Ryder, 2nd Earl of Harrowby",Q5311969,"Dudley Ryder, 6th Earl of Harrowby",indirect,rush
Q5311965,"Dudley Ryder, 2nd Earl of Harrowby",Q5596937,Granville Ryder,sibling,panel;rush
Q5311965,"Dudley Ryder, 2nd Earl of Harrowby",Q5596940,Granville Ryder,niece/nephew;uncle/aunt,panel;rush
Q5311965,"Dudley Ryder, 2nd Earl of Harrowby",Q6256112,"John Ryder, 5th Earl of Harrowby",indirect,rush
Q5311966,"Dudley Ryder, 3rd Earl of Harrowby",Q5311965,"Dudley Ryder, 2nd Earl of Harrowby",child;parent,panel;rush
Q5311966,"Dudley Ryder, 3rd Earl of Harrowby",Q5311969,"Dudley Ryder, 6th Earl of Harrowby",grandchild;indirect,rush
Q5311966,"Dudley Ryder, 3rd Earl of Harrowby",Q5596937,Granville Ryder,niece/nephew;uncle/aunt,panel;rush
Q5311966,"Dudley Ryder, 3rd Earl of Harrowby",Q5596940,Granville Ryder,cousin,panel;rush
Q5311966,"Dudley Ryder, 3rd Earl of Harrowby",Q6256112,"John Ryder, 5th Earl of Harrowby",niece/nephew,rush
Q5311969,"Dudley Ryder, 6th Earl of Harrowby",Q5311965,"Dudley Ryder, 2nd Earl of Harrowby",indirect,rush
Q5311969,"Dudley Ryder, 6th Earl of Harrowby",Q5311966,"Dudley Ryder, 3rd Earl of Harrowby",grandparent;indirect,rush
Q5311969,"Dudley Ryder, 6th Earl of Harrowby",Q6256112,"John Ryder, 5th Earl of Harrowby",child;parent,panel;rush
Q5314516,Duncan McLaren,Q5080854,"Charles McLaren, 1st Baron Aberconway",child;parent,panel;rush
Q5314516,Duncan McLaren,Q5481905,Francis McLaren,grandchild;grandparent,panel;rush
Q5314516,Duncan McLaren,Q5725740,Henry McLaren,grandchild;grandparent,panel;rush
Q5314516,Duncan McLaren,Q6248044,John McLaren,child;parent,panel;rush
Q5314516,Duncan McLaren,Q6776167,Martin McLaren,indirect,rush
Q5314516,Duncan McLaren,Q7965601,Walter McLaren,child;parent,panel;rush
Q5314705,Duncombe Pleydell-Bouverie,Q5344870,Edward Pleydell-Bouverie,niece/nephew,rush
Q5314705,Duncombe Pleydell-Bouverie,Q7184217,Philip Pleydell-Bouverie,sibling,panel;rush
Q533649,Lady Cynthia Mosley,Q271878,"George Curzon, 1st Marquess Curzon of Kedleston",child;parent,panel;rush
Q533649,Lady Cynthia Mosley,Q332400,Oswald Mosley,spouse,rush
Q5337090,Edgar Alfred Bowring,Q332508,John Bowring,child;parent,panel;rush
Q5337171,Edgar Chatfeild-Clarke,Q315999,Joseph Chamberlain,cousin,panel;rush
Q5338909,"Edmond Roche, 1st Baron Fermoy",Q1791624,"James Roche, 3rd Baron Fermoy",child;parent,panel;rush
Q5338909,"Edmond Roche, 1st Baron Fermoy",Q1791630,"Maurice Roche, 4th Baron Fermoy",grandchild;grandparent,panel;rush
Q5339329,Edmund Buckley,Q7526466,"Sir Edmund Buckley, 1st Baronet",indirect;parent,panel;rush
Q5339450,"Edmund Faber, 1st Baron Faber",Q5539164,"George Faber, 1st Baron Wittenham",sibling,panel;rush
Q5339450,"Edmund Faber, 1st Baron Faber",Q7966333,Walter Faber,sibling,panel;rush
Q5339553,Edmund Kennard,Q26756847,Coleridge Kennard,sibling,panel;rush
Q5339553,Edmund Kennard,Q7346312,Robert Kennard,uncle/aunt,rush
Q5339871,Edmund Turnor,Q19653702,Christopher Turnor,parent,rush
Q5339887,Edmund Vesey Knox,Q334106,Alfred Knox,sibling,panel
Q5339897,Edmund Walter Hanbury Wood,Q2729932,"Sir John Wood, 1st Baronet",parent,rush
Q5341531,Edward Aldam Leatham,Q8012075,William Henry Leatham,sibling,panel;rush
Q5341608,Edward Arthur Somerset,Q563342,Lord Edward Somerset,child,panel
Q5341608,Edward Arthur Somerset,Q7235558,Poulett Somerset,indirect,rush
Q5341716,Edward Baines,Q324276,Edward Baines,child;parent,panel;rush
Q5341716,Edward Baines,Q6791301,Matthew Talbot Baines,sibling,panel
Q5341831,Edward Beauchamp,Q4973233,Brograve Beauchamp,parent,panel
Q5342020,Edward Brocklehurst Fielden,Q4484367,John Fielden,grandchild;grandparent,panel;rush
Q5342020,Edward Brocklehurst Fielden,Q6289810,Joshua Fielden,child;parent,panel;rush
Q5342020,Edward Brocklehurst Fielden,Q7789575,Thomas Fielden,sibling,panel;rush
Q5342048,Edward Brydges Willyams,Q26690022,Humphrey Willyams,parent,rush
Q5342065,Edward Bunbury,Q7527111,"Sir Henry Bunbury, 7th Baronet",child,panel
Q5342118,Edward Buxton,Q16066171,"Sir Edward Buxton, 2nd Baronet",child;parent,panel;rush
Q5342118,Edward Buxton,Q1645717,"Sydney Buxton, 1st Earl Buxton",cousin,panel;rush
Q5342118,Edward Buxton,Q18450,Charles Buxton,niece/nephew;uncle/aunt,panel;rush
Q5342118,Edward Buxton,Q2365347,Noel Noel-Buxton,niece/nephew;uncle/aunt,panel;rush
Q5342118,Edward Buxton,Q334449,Thomas Fowell Buxton,sibling,panel;rush
Q5342118,Edward Buxton,Q5075948,Charles Buxton,niece/nephew;uncle/aunt,panel;rush
Q5342118,Edward Buxton,Q5480390,Francis Buxton,sibling,panel;rush
Q5342118,Edward Buxton,Q5591064,"Sir Thomas Buxton, 1st Baronet",grandchild;grandparent,panel;rush
Q5342180,Edward Cadogan,Q3760457,"George Cadogan, 5th Earl Cadogan",child,panel
Q5342180,Edward Cadogan,Q5719091,"Henry Cadogan, 4th Earl Cadogan",grandchild,panel
Q5342180,Edward Cadogan,Q9287820,"Henry Cadogan, Viscount Chelsea",sibling,panel
Q5342221,Edward Carson,Q177235,"Edward Carson, Baron Carson",child,panel
Q5342254,Edward Chaplin,Q5719311,"Henry Chaplin, 1st Viscount Chaplin",sibling,panel;rush
Q5342258,Edward Chapman,Q2659147,John Chapman,parent,rush
Q5342266,Edward Charles Ellice,Q5342758,Edward Ellice,indirect,rush
Q5342327,Edward Clive,Q11801709,Edward Clive,grandchild;grandparent,panel;rush
Q5342327,Edward Clive,Q5537991,George Clive,child;parent,panel;rush
Q5342327,Edward Clive,Q7167284,Percy Clive,indirect,rush
Q5342327,Edward Clive,Q7351171,Robert Windsor-Clive,indirect,rush
Q5342350,Edward Coke,Q5610529,Wenman Coke,sibling,panel;rush
Q5342350,Edward Coke,Q5944748,"Thomas Coke, 1st Earl of Leicester",child,panel
Q5342426,"Edward Courtenay, 12th Earl of Devon",Q8007168,"William Courtenay, 11th Earl of Devon",child;parent,panel;rush
Q5342591,"Edward Digby, 10th Baron Digby",Q7520070,Simon Wingfield Digby,indirect,rush
Q5342629,"Edward Douglas-Pennant, 3rd Baron Penrhyn",Q3401219,"Edward Douglas-Pennant, 1st Baron Penrhyn",grandchild;grandparent,panel;rush
Q5342629,"Edward Douglas-Pennant, 3rd Baron Penrhyn",Q3401240,"George Douglas-Pennant, 2nd Baron Penrhyn",child;parent,panel;rush
Q5342629,"Edward Douglas-Pennant, 3rd Baron Penrhyn",Q7526376,"Sir Cuthbert Quilter, 2nd Baronet",indirect,rush
Q5342743,Edward Christopher Egerton,Q334228,"Sir Philip Grey Egerton, 10th Baronet",indirect,rush
Q5342743,Edward Christopher Egerton,Q4706577,"Alan Egerton, 3rd Baron Egerton",niece/nephew;uncle/aunt,panel;rush
Q5342743,Edward Christopher Egerton,Q7619928,"Wilbraham Egerton, 1st Earl Egerton",niece/nephew;sibling;uncle/aunt,panel;rush
Q5342743,Edward Christopher Egerton,Q8008502,"William Egerton, 1st Baron Egerton",sibling,panel;rush
Q5342752,"Edward Eliot, 3rd Earl of St Germans",Q8008524,"William Eliot, 4th Earl of St Germans",child;parent,panel;rush
Q5342758,Edward Ellice,Q157691,Edward Ellice,child;parent,panel;rush
Q5342758,Edward Ellice,Q26678464,Alexander Ellice,niece/nephew;uncle/aunt,panel;rush
Q5342758,Edward Ellice,Q5342266,Edward Charles Ellice,indirect,rush
Q5342877,"Edward Fellowes, 1st Baron de Ramsey",Q4697105,"Ailwyn Fellowes, 1st Baron Ailwyn",child;parent,panel;rush
Q5342877,"Edward Fellowes, 1st Baron de Ramsey",Q5542490,"George Milles, 1st Earl Sondes",indirect,rush
Q5342877,"Edward Fellowes, 1st Baron de Ramsey",Q7325642,Richard Fellowes Benyon,sibling,panel;rush
Q5342877,"Edward Fellowes, 1st Baron de Ramsey",Q8008975,"William Fellowes, 2nd Baron de Ramsey",child;parent,panel;rush
Q5342919,"Edward Fitzalan-Howard, 1st Baron Howard of Glossop",Q3784929,"Henry Fitzalan-Howard, 14th Duke of Norfolk",sibling,panel;rush
Q5342919,"Edward Fitzalan-Howard, 1st Baron Howard of Glossop",Q3784947,"Henry Howard, 13th Duke of Norfolk",child,panel
Q5342919,"Edward Fitzalan-Howard, 1st Baron Howard of Glossop",Q597848,"Edmund FitzAlan-Howard, 1st Viscount FitzAlan of Derwent",uncle/aunt,panel
Q5343102,"Edward Gibson, 1st Baron Ashbourne",Q8016363,"William Orde-Powlett, 5th Baron Bolton",indirect,rush
Q5343145,"Edward Goulding, 1st Baron Wargrave",Q6109153,William Goulding,child;parent,panel;rush
Q5343165,Edward Greene,Q7526558,"Sir Edward Greene, 1st Baronet",child;parent,panel;rush
Q5343165,Edward Greene,Q7528523,"Sir Raymond Greene, 2nd Baronet",grandparent,panel
Q5343174,"Edward Grenfell, 1st Baron St Just",Q26293549,Henry Adeane,indirect,rush
Q5343174,"Edward Grenfell, 1st Baron St Just",Q5078424,Charles Grenfell,grandchild,panel
Q5343174,"Edward Grenfell, 1st Baron St Just",Q5078425,Charles Grenfell,niece/nephew,panel
Q5343174,"Edward Grenfell, 1st Baron St Just",Q5722211,Henry Grenfell,child;parent,panel;rush
Q5343196,Edward Grimston,Q6135005,"James Grimston, 2nd Earl of Verulam",sibling,panel;rush
Q5343196,Edward Grimston,Q6135007,"James Grimston, 3rd Earl of Verulam",niece/nephew;uncle/aunt,panel;rush
Q5343196,Edward Grimston,Q6236441,"John Grimston, 6th Earl of Verulam",indirect,rush
Q5343295,Edward Hammond Bentall,Q17180626,Charles Wing Gray,indirect,rush
Q5343328,Edward Harrington,Q5791051,Timothy Harrington,sibling,rush
Q5343334,Edward Harris,Q321003,James Harris,sibling,panel;rush
Q5343402,"Edward Heneage, 1st Baron Heneage",Q4799019,Arthur Heneage,indirect,rush
Q5343402,"Edward Heneage, 1st Baron Heneage",Q5343403,Edward Heneage,niece/nephew;uncle/aunt,panel;rush
Q5343402,"Edward Heneage, 1st Baron Heneage",Q5540410,George Heneage,child;parent,panel;rush
Q5343403,Edward Heneage,Q4799019,Arthur Heneage,grandchild,rush
Q5343403,Edward Heneage,Q5343402,"Edward Heneage, 1st Baron Heneage",niece/nephew;uncle/aunt,panel;rush
Q5343403,Edward Heneage,Q5540410,George Heneage,sibling,panel;rush
Q5343403,Edward Heneage,Q8005441,William Beresford,indirect,rush
Q5343428,"Edward Herbert, 2nd Earl of Powis",Q15526558,George Windsor-Clive,indirect,rush
Q5343428,"Edward Herbert, 2nd Earl of Powis",Q26732794,Henry Clive,indirect,rush
Q5343428,"Edward Herbert, 2nd Earl of Powis",Q5343429,"Edward Herbert, 3rd Earl of Powis",child;parent,panel;rush
Q5343428,"Edward Herbert, 2nd Earl of Powis",Q5546432,George Windsor-Clive,niece/nephew;uncle/aunt,panel;rush
Q5343428,"Edward Herbert, 2nd Earl of Powis",Q7167284,Percy Clive,indirect,rush
Q5343428,"Edward Herbert, 2nd Earl of Powis",Q7167325,Percy Herbert,child;parent,panel;rush
Q5343428,"Edward Herbert, 2nd Earl of Powis",Q7342986,Robert Clive,indirect;sibling,panel;rush
Q5343428,"Edward Herbert, 2nd Earl of Powis",Q7351171,Robert Windsor-Clive,indirect;uncle/aunt,panel;rush
Q5343429,"Edward Herbert, 3rd Earl of Powis",Q15526558,George Windsor-Clive,indirect,rush
Q5343429,"Edward Herbert, 3rd Earl of Powis",Q26732794,Henry Clive,indirect,rush
Q5343429,"Edward Herbert, 3rd Earl of Powis",Q5343428,"Edward Herbert, 2nd Earl of Powis",child;parent,panel;rush
Q5343429,"Edward Herbert, 3rd Earl of Powis",Q5546432,George Windsor-Clive,cousin,panel;rush
Q5343429,"Edward Herbert, 3rd Earl of Powis",Q7167284,Percy Clive,indirect,rush
Q5343429,"Edward Herbert, 3rd Earl of Powis",Q7167325,Percy Herbert,sibling,panel;rush
Q5343429,"Edward Herbert, 3rd Earl of Powis",Q7342986,Robert Clive,indirect;niece/nephew;uncle/aunt,panel;rush
Q5343429,"Edward Herbert, 3rd Earl of Powis",Q7351171,Robert Windsor-Clive,indirect,rush
Q5343437,Edward Hermon,Q7345461,"Robert Hermon-Hodge, 1st Baron Wyfold",indirect,rush
Q5343505,Edward Hornby,Q8012049,William Henry Hornby,parent,rush
Q5343513,"Edward Howard, 1st Baron Lanerton",Q2079517,"George Howard, 7th Earl of Carlisle",sibling,panel;rush
Q5343513,"Edward Howard, 1st Baron Lanerton",Q26237499,Frederick Howard,sibling,rush
Q5343513,"Edward Howard, 1st Baron Lanerton",Q337630,"George Howard, 9th Earl of Carlisle",uncle/aunt,panel
Q5343513,"Edward Howard, 1st Baron Lanerton",Q5079173,Charles Howard,sibling,panel;rush
Q5343513,"Edward Howard, 1st Baron Lanerton",Q5534679,Geoffrey Howard,indirect,rush
Q5343513,"Edward Howard, 1st Baron Lanerton",Q8012560,William Howard,indirect,rush
Q5343734,Edward James Saunderson,Q5725625,"Henry Maxwell, 7th Baron Farnham",uncle/aunt,rush
Q5343734,Edward James Saunderson,Q7559889,"Somerset Maxwell, 8th Baron Farnham",uncle/aunt,rush
Q5343961,"Edward Knatchbull-Hugessen, 1st Baron Brabourne",Q5343962,"Edward Knatchbull-Hugessen, 2nd Baron Brabourne",child;parent,panel;rush
Q5343961,"Edward Knatchbull-Hugessen, 1st Baron Brabourne",Q5734817,Herbert Knatchbull-Hugessen,sibling,panel;rush
Q5343961,"Edward Knatchbull-Hugessen, 1st Baron Brabourne",Q9250977,"Sir Edward Knatchbull, 9th Baronet",child;parent,panel;rush
Q5343962,"Edward Knatchbull-Hugessen, 2nd Baron Brabourne",Q5343961,"Edward Knatchbull-Hugessen, 1st Baron Brabourne",child;parent,panel;rush
Q5343962,"Edward Knatchbull-Hugessen, 2nd Baron Brabourne",Q5734817,Herbert Knatchbull-Hugessen,niece/nephew,panel
Q5343962,"Edward Knatchbull-Hugessen, 2nd Baron Brabourne",Q7983009,"Wentworth Beaumont, 1st Viscount Allendale",indirect,rush
Q5343962,"Edward Knatchbull-Hugessen, 2nd Baron Brabourne",Q9250977,"Sir Edward Knatchbull, 9th Baronet",grandchild,panel
Q5344160,"Edward Littleton, 1st Baron Hatherton",Q16066415,"Charles Evelyn Pierrepont, Viscount Newark",indirect,rush
Q5344160,"Edward Littleton, 1st Baron Hatherton",Q5344162,"Edward Littleton, 2nd Baron Hatherton",child;parent,panel;rush
Q5344162,"Edward Littleton, 2nd Baron Hatherton",Q5344160,"Edward Littleton, 1st Baron Hatherton",child;parent,panel;rush
Q5344180,"Edward Lloyd, 1st Baron Mostyn",Q5344181,"Edward Lloyd-Mostyn, 2nd Baron Mostyn",parent,panel
Q5344180,"Edward Lloyd, 1st Baron Mostyn",Q7791887,Thomas Lloyd-Mostyn,grandparent,panel
Q5344181,"Edward Lloyd-Mostyn, 2nd Baron Mostyn",Q5344180,"Edward Lloyd, 1st Baron Mostyn",child,panel
Q5344181,"Edward Lloyd-Mostyn, 2nd Baron Mostyn",Q7791887,Thomas Lloyd-Mostyn,child;parent,panel;rush
Q5344350,Edward Marten Dunne,Q7184323,Philip Dunne,child;parent,panel;rush
Q5344445,Edward Michael Conolly,Q16063927,Thomas Conolly,child;parent,panel;rush
Q5344467,Edward Miller Mundy,Q942299,William Mundy,cousin,panel;rush
Q5344670,"Edward O'Neill, 2nd Baron O'Neill",Q16010090,"Hugh O'Neill, 1st Baron Rathcavan",child;parent,panel;rush
Q5344670,"Edward O'Neill, 2nd Baron O'Neill",Q4799859,Arthur O'Neill,child;parent,panel;rush
Q5344670,"Edward O'Neill, 2nd Baron O'Neill",Q7181222,"Phelim O'Neill, 2nd Baron Rathcavan",grandchild;grandparent,panel;rush
Q5344670,"Edward O'Neill, 2nd Baron O'Neill",Q7350434,Robert Torrens O'Neill,sibling,panel;rush
Q5344870,Edward Pleydell-Bouverie,Q5314705,Duncombe Pleydell-Bouverie,uncle/aunt,rush
Q5344870,Edward Pleydell-Bouverie,Q7184217,Philip Pleydell-Bouverie,uncle/aunt,rush
Q5344870,Edward Pleydell-Bouverie,Q7620919,"William Pleydell-Bouverie, 5th Earl of Radnor",niece/nephew,rush
Q5344887,"Edward Portman, 1st Viscount Portman",Q12066246,"Henry Portman, 2nd Viscount Portman",parent,panel
Q5344887,"Edward Portman, 1st Viscount Portman",Q5346251,Edwin Berkeley Portman,parent,panel
Q5345107,Edward Romilly,Q5498658,Frederick Romilly,sibling,panel;rush
Q5345107,Edward Romilly,Q6255541,"John Romilly, 1st Baron Romilly",sibling,panel;rush
Q5345155,Edward Ryley Langworthy,Q5079456,Charles James O'Donnell,indirect,rush
Q5345298,Edward Sheil,Q15040004,Stephen Woulfe,grandparent,rush
Q5345298,Edward Sheil,Q7327224,Richard Lalor Sheil,uncle/aunt,rush
Q5345379,Edward Southwell Ruthven,Q25894093,Edward Ruthven,child;parent,panel;rush
Q5345405,Edward Stanhope,Q22039470,James Stanhope,indirect,rush
Q5345405,Edward Stanhope,Q286118,"Philip Stanhope, 5th Earl Stanhope",child;parent,panel;rush
Q5345405,Edward Stanhope,Q4800348,"Arthur Stanhope, 6th Earl Stanhope",sibling,panel;rush
Q5345405,Edward Stanhope,Q6233592,"Philip Stanhope, 1st Baron Weardale",sibling,panel
Q5345405,Edward Stanhope,Q7526578,"Sir Edward Kerrison, 1st Baronet",grandparent,rush
Q5345410,"Edward Stanley, 4th Baron Stanley of Alderley",Q13132369,William Owen Stanley,niece/nephew,panel
Q5345410,"Edward Stanley, 4th Baron Stanley of Alderley",Q17321359,"Edward Stanley, 2nd Baron Stanley of Alderley",child,panel
Q5345410,"Edward Stanley, 4th Baron Stanley of Alderley",Q711588,"Arthur Stanley, 5th Baron Stanley of Alderley",parent,panel
Q5345412,Edward Stanley,Q237829,"Edward Smith-Stanley, 14th Earl of Derby",parent,rush
Q5345413,"Edward Stanley, Lord Stanley",Q222458,"Frederick Stanley, 16th Earl of Derby",grandchild;grandparent,panel;rush
Q5345413,"Edward Stanley, Lord Stanley",Q338427,"Edward Stanley, 17th Earl of Derby",child;parent,panel;rush
Q5345413,"Edward Stanley, Lord Stanley",Q3497552,Oliver Stanley,sibling,panel;rush
Q5345413,"Edward Stanley, Lord Stanley",Q4800349,Arthur Stanley,niece/nephew,panel
Q5345413,"Edward Stanley, Lord Stanley",Q5539480,George Stanley,niece/nephew;uncle/aunt,panel;rush
Q5345413,"Edward Stanley, Lord Stanley",Q7329218,Richard Stanley,child;parent,panel;rush
Q5345457,Edward Stillingfleet Cayley,Q319362,George Cayley,indirect,rush
Q5345487,"Edward Strutt, 1st Baron Belper",Q5728825,"Henry Strutt, 2nd Baron Belper",parent,panel
Q5345573,"Edward Tennant, 1st Baron Glenconner",Q166714,H. H. Asquith,indirect,rush
Q5345573,"Edward Tennant, 1st Baron Glenconner",Q5662543,Harold Tennant,sibling,panel;rush
Q5345573,"Edward Tennant, 1st Baron Glenconner",Q7167656,Percy Wyndham,indirect,rush
Q5345573,"Edward Tennant, 1st Baron Glenconner",Q7526303,"Sir Charles Tennant, 1st Baronet",child;parent,panel;rush
Q5345591,Edward Thomas Foley,Q5723097,Henry Hodgetts-Foley,uncle/aunt,panel
Q5345591,Edward Thomas Foley,Q6239482,John Hodgetts-Foley,sibling,panel;rush
Q5345715,"Sir Edward Verner, 4th Baronet",Q16065605,"Sir William Verner, 1st Baronet",child;parent,panel;rush
Q5345715,"Sir Edward Verner, 4th Baronet",Q7529810,"Sir William Verner, 2nd Baronet",sibling,panel
Q5345728,"Edward Villiers, 5th Earl of Clarendon",Q222458,"Frederick Stanley, 16th Earl of Derby",indirect,rush
Q5345728,"Edward Villiers, 5th Earl of Clarendon",Q338427,"Edward Stanley, 17th Earl of Derby",niece/nephew,rush
Q5345728,"Edward Villiers, 5th Earl of Clarendon",Q5081574,Charles Pelham Villiers,uncle/aunt,rush
Q5345769,Edward Wakefield,Q387525,"Wavell Wakefield, 1st Baron Wakefield of Kendal",sibling,panel;rush
Q5345819,Edward Watkin,Q26292023,"Sir Alfred Watkin, 2nd Baronet",child;parent,panel;rush
Q5345894,Edward William Cox,Q6075018,Irwin Cox,child;parent,panel;rush
Q5346251,Edwin Berkeley Portman,Q12066246,"Henry Portman, 2nd Viscount Portman",sibling,panel
Q5346251,Edwin Berkeley Portman,Q5344887,"Edward Portman, 1st Viscount Portman",child,panel
Q5346368,Edwin Durning-Lawrence,Q15434224,John Benjamin Smith,indirect,rush
Q5346368,Edwin Durning-Lawrence,Q7527452,"Sir James Lawrence, 1st Baronet",sibling,panel;rush
Q5346368,Edwin Durning-Lawrence,Q8014353,William Lawrence,sibling,panel;rush
Q5346516,"Edwin Hill-Trevor, 1st Baron Trevor",Q4799073,"Arthur Hill, 4th Marquess of Downshire",sibling,panel;rush
Q5346516,"Edwin Hill-Trevor, 1st Baron Trevor",Q4799074,Arthur Hill,indirect,rush
Q5346516,"Edwin Hill-Trevor, 1st Baron Trevor",Q6678928,Arthur Hill,niece/nephew;uncle/aunt,panel;rush
Q5346516,"Edwin Hill-Trevor, 1st Baron Trevor",Q6758436,"Marcus Sandys, 3rd Baron Sandys",uncle/aunt,rush
Q5346601,Edwin Lascelles,Q26237500,Egremont Lascelles,niece/nephew,rush
Q5346601,Edwin Lascelles,Q8014327,William Lascelles,sibling,panel;rush
Q5346929,"Edwin Wyndham-Quin, 3rd Earl of Dunraven and Mount-Earl",Q8024207,"Windham Wyndham-Quin, 5th Earl of Dunraven and Mount-Earl",indirect,rush
Q5347780,"Egerton Hubbard, 2nd Baron Addington",Q5416349,Evelyn Hubbard,sibling,panel;rush
Q5347780,"Egerton Hubbard, 2nd Baron Addington",Q6240199,"John Hubbard, 1st Baron Addington",child;parent,panel;rush
Q5347782,Egerton Leigh,Q15458169,John Smith,indirect,rush
Q5359607,"Hugh Fortescue, 2nd Earl Fortescue",Q5311875,Dudley Fortescue,parent,panel
Q5359607,"Hugh Fortescue, 2nd Earl Fortescue",Q5930808,"Hugh Fortescue, 4th Earl Fortescue",grandchild;grandparent,panel;rush
Q5359607,"Hugh Fortescue, 2nd Earl Fortescue",Q5930822,"Hugh Fortescue, 3rd Earl Fortescue",child;parent,panel;rush
Q5359607,"Hugh Fortescue, 2nd Earl Fortescue",Q6233713,John William Fortescue,parent,panel
Q5359607,"Hugh Fortescue, 2nd Earl Fortescue",Q7020238,"Newton Fellowes, 4th Earl of Portsmouth",indirect,rush
Q5360991,Elijah Sandham,Q7343988,Robert Edwards,indirect,rush
Q5361224,Eliot Crawshay-Williams,Q4799273,Arthur John Williams,child,panel
Q5361267,Eliot Yorke,Q337983,"Charles Yorke, 5th Earl of Hardwicke",niece/nephew;uncle/aunt,panel;rush
Q5361267,Eliot Yorke,Q5083776,"Charles Yorke, 4th Earl of Hardwicke",sibling,panel;rush
Q5361267,Eliot Yorke,Q5365591,Elliot Yorke,niece/nephew;uncle/aunt,panel;rush
Q5361267,Eliot Yorke,Q6249777,Joseph Sydney Yorke,child,panel
Q5365591,Elliot Yorke,Q337983,"Charles Yorke, 5th Earl of Hardwicke",sibling,panel;rush
Q5365591,Elliot Yorke,Q5083776,"Charles Yorke, 4th Earl of Hardwicke",child;parent,panel;rush
Q5365591,Elliot Yorke,Q5361267,Eliot Yorke,niece/nephew;uncle/aunt,panel;rush
Q5365591,Elliot Yorke,Q6249777,Joseph Sydney Yorke,grandchild,panel
Q5365836,Ellis Ashmead-Bartlett,Q5365837,Ellis Ashmead-Bartlett,child;parent,panel;rush
Q5365836,Ellis Ashmead-Bartlett,Q8006140,William Burdett-Coutts,niece/nephew,panel
Q5365837,Ellis Ashmead-Bartlett,Q5365836,Ellis Ashmead-Bartlett,child;parent,panel;rush
Q5365837,Ellis Ashmead-Bartlett,Q8006140,William Burdett-Coutts,sibling,panel
Q5365871,Ellis Cunliffe Lister,Q26255125,William Lister,child;parent,panel;rush
Q5374827,Emslie Horniman,Q5498153,Frederick John Horniman,parent,rush
Q5379272,Enoch Baldwin,Q166635,Stanley Baldwin,indirect,rush
Q5386555,Eric Gandar Dower,Q4706670,Alan Dower,sibling,rush
Q5392734,Ernest Armstrong,Q332660,Hilary Armstrong,child,rush
Q5392750,Ernest Baggallay,Q7323902,Richard Baggallay,parent,rush
Q5392782,"Ernest Beckett, 2nd Baron Grimthorpe",Q5111934,Christopher Beckett Denison,niece/nephew;uncle/aunt,panel;rush
Q5392782,"Ernest Beckett, 2nd Baron Grimthorpe",Q5553468,Gervase Beckett,sibling,panel;rush
Q5392782,"Ernest Beckett, 2nd Baron Grimthorpe",Q7526465,"Sir Edmund Beckett, 4th Baronet",grandchild;grandparent,panel;rush
Q5392782,"Ernest Beckett, 2nd Baron Grimthorpe",Q8005295,William Beckett-Denison,child;parent,panel;rush
Q5392837,"Ernest Brudenell-Bruce, 3rd Marquess of Ailesbury",Q13529854,"Henry Brudenell-Bruce, 5th Marquess of Ailesbury",niece/nephew;parent,panel;rush
Q5392837,"Ernest Brudenell-Bruce, 3rd Marquess of Ailesbury",Q6679038,Lord Charles Bruce,sibling,panel;rush
Q5393565,Ernest Meysey-Thompson,Q5725848,"Henry Meysey-Thompson, 1st Baron Knaresborough",sibling,rush
Q5393565,Ernest Meysey-Thompson,Q7527055,"Sir Harry Meysey-Thompson, 1st Baronet",parent,rush
Q5393588,Ernest Morrison-Bell,Q7526348,"Sir Clive Morrison-Bell, 1st Baronet",sibling,rush
Q5393606,Ernest Bennett,Q5496992,Frederic Bennett,child;parent,panel;rush
Q5393618,Ernest Noel,Q13530009,Gerard Noel,indirect,rush
Q5393618,Ernest Noel,Q5081258,"Charles Noel, 2nd Earl of Gainsborough",cousin,panel;rush
Q5393898,Ernest Thurtle,Q247589,George Lansbury,indirect,rush
Q5393944,Ernest Villiers,Q17322488,"Ivor Guest, 1st Viscount Wimborne",indirect,rush
Q5393944,Ernest Villiers,Q333839,"William Tyssen-Amherst, 1st Baron Amherst of Hackney",uncle/aunt,rush
Q5416293,"Evelyn Cecil, 1st Baron Rockley",Q243705,"Robert Gascoyne-Cecil, 3rd Marquess of Salisbury",niece/nephew,panel
Q5416293,"Evelyn Cecil, 1st Baron Rockley",Q334182,"Hugh Cecil, 1st Baron Quickswood",sibling,rush
Q5416293,"Evelyn Cecil, 1st Baron Rockley",Q6679229,Lord Eustace Cecil,child;parent,panel;rush
Q5416313,"Evelyn Emmet, Baroness Emmet of Amberley",Q334511,"Rennell Rodd, 1st Baron Rennell",child,panel
Q5416349,Evelyn Hubbard,Q5347780,"Egerton Hubbard, 2nd Baron Addington",sibling,panel;rush
Q5416349,Evelyn Hubbard,Q6240199,"John Hubbard, 1st Baron Addington",child;parent,panel;rush
Q5416443,Evelyn John Shirley,Q5416444,Evelyn Philip Shirley,child;parent,panel;rush
Q5416443,Evelyn John Shirley,Q7458155,Sewallis Shirley,grandchild;grandparent,panel;rush
Q5416444,Evelyn Philip Shirley,Q5416443,Evelyn John Shirley,child;parent,panel;rush
Q5416444,Evelyn Philip Shirley,Q7458155,Sewallis Shirley,child;parent,panel;rush
Q5430152,Fairfax Cartwright,Q8017337,William Ralph Cartwright,parent,rush
Q5436283,"Farrer Herschell, 1st Baron Herschell",Q4786553,"Archibald Williamson, 1st Baron Forres",indirect,rush
Q5442169,Felix Cobbold,Q5723929,Henry Jervis-White-Jervis,indirect,rush
Q5442169,Felix Cobbold,Q6226459,John Cobbold,child;parent,panel;rush
Q5442169,Felix Cobbold,Q6226460,John Cobbold,sibling,panel;rush
Q5442169,Felix Cobbold,Q7788487,Thomas Cobbold,sibling,panel;rush
Q5447259,"Fiennes Cornwallis, 1st Baron Cornwallis",Q4786278,Archibald Cochrane,indirect,rush
Q5455737,Fitzstephen French,Q4798751,"Arthur French, 1st Baron de Freyne",sibling,panel
Q5455737,Fitzstephen French,Q5077884,Charles French,indirect,rush
Q5478591,"Frances Davidson, Viscountess Davidson",Q5621480,"Willoughby Dickinson, 1st Baron Dickinson",child;parent,panel;rush
Q5478591,"Frances Davidson, Viscountess Davidson",Q6104908,"J. C. C. Davidson, 1st Viscount Davidson",spouse,rush
Q5478591,"Frances Davidson, Viscountess Davidson",Q7442401,Sebastian Dickinson,grandchild,panel
Q5479943,Francis Aglionby,Q5717137,Henry Aglionby Aglionby,cousin,panel;rush
Q5480129,"Francis Baring, 3rd Baron Ashburton",Q4718311,"Alexander Baring, 4th Baron Ashburton",child;parent,panel;rush
Q5480129,"Francis Baring, 3rd Baron Ashburton",Q4914194,"Bingham Baring, 2nd Baron Ashburton",sibling,panel;rush
Q5480129,"Francis Baring, 3rd Baron Ashburton",Q5622068,Guy Baring,grandparent,panel
Q5480129,"Francis Baring, 3rd Baron Ashburton",Q652514,"Alexander Baring, 1st Baron Ashburton",child;parent,panel;rush
Q5480129,"Francis Baring, 3rd Baron Ashburton",Q7529038,"Sir Thomas Baring, 2nd Baronet",niece/nephew,panel
Q5480132,"Francis Baring, 2nd Earl of Northbrook",Q337771,"Thomas Baring, 1st Earl of Northbrook",child;parent,panel;rush
Q5480132,"Francis Baring, 2nd Earl of Northbrook",Q3750914,"Francis Baring, 1st Baron Northbrook",grandchild;grandparent,panel;rush
Q5480202,"Francis Berkeley, 2nd Baron FitzHardinge",Q11771724,"Maurice Berkeley, 1st Baron FitzHardinge",child,panel
Q5480202,"Francis Berkeley, 2nd Baron FitzHardinge",Q333400,Grantley Berkeley,niece/nephew,panel
Q5480202,"Francis Berkeley, 2nd Baron FitzHardinge",Q5075565,"Charles Berkeley, 3rd Baron FitzHardinge",sibling,panel
Q5480202,"Francis Berkeley, 2nd Baron FitzHardinge",Q5182718,Craven Berkeley,niece/nephew,panel
Q5480202,"Francis Berkeley, 2nd Baron FitzHardinge",Q5721264,Henry FitzHardinge Berkeley,niece/nephew,panel
Q5480209,"Francis Bernard, 3rd Earl of Bandon",Q16929542,Henry Boyle Bernard,sibling,panel;rush
Q5480209,"Francis Bernard, 3rd Earl of Bandon",Q7167250,Percy Bernard,niece/nephew,rush
Q5480209,"Francis Bernard, 3rd Earl of Bandon",Q8018578,William Smyth Bernard,uncle/aunt,rush
Q5480351,Francis Bruen,Q5718758,Henry Bruen,sibling,panel;rush
Q5480351,Francis Bruen,Q5718763,Henry Bruen,niece/nephew;uncle/aunt,panel;rush
Q5480390,Francis Buxton,Q16066171,"Sir Edward Buxton, 2nd Baronet",child;parent,panel;rush
Q5480390,Francis Buxton,Q1645717,"Sydney Buxton, 1st Earl Buxton",cousin,panel;rush
Q5480390,Francis Buxton,Q18450,Charles Buxton,niece/nephew;uncle/aunt,panel;rush
Q5480390,Francis Buxton,Q2365347,Noel Noel-Buxton,niece/nephew;uncle/aunt,panel;rush
Q5480390,Francis Buxton,Q334449,Thomas Fowell Buxton,sibling,panel;rush
Q5480390,Francis Buxton,Q5075948,Charles Buxton,niece/nephew;uncle/aunt,panel;rush
Q5480390,Francis Buxton,Q5342118,Edward Buxton,sibling,panel;rush
Q5480390,Francis Buxton,Q5591064,"Sir Thomas Buxton, 1st Baronet",grandchild;grandparent,panel;rush
Q5480488,Francis Charles Lawley,Q26033702,"Sir Francis Lawley, 7th Baronet",niece/nephew,panel
Q5480488,Francis Charles Lawley,Q4881234,"Beilby Lawley, 2nd Baron Wenlock",sibling,panel;rush
Q5480488,Francis Charles Lawley,Q4881236,"Beilby Lawley, 3rd Baron Wenlock",niece/nephew;uncle/aunt,panel;rush
Q5480488,Francis Charles Lawley,Q7153985,"Paul Thompson, 1st Baron Wenlock",child;parent,panel;rush
Q5480498,"Francis Charteris, 10th Earl of Wemyss",Q3313247,"George Greville, 4th Earl of Warwick",indirect,rush
Q5480498,"Francis Charteris, 10th Earl of Wemyss",Q5933848,"Hugo Charteris, 11th Earl of Wemyss",child;parent,panel;rush
Q5480498,"Francis Charteris, 10th Earl of Wemyss",Q7593650,"St John Brodrick, 1st Earl of Midleton",indirect,rush
Q5480517,Francis Child Villiers,Q22039450,Frederick Child-Villiers,sibling,panel;rush
Q5480517,Francis Child Villiers,Q5537867,"George Child Villiers, 6th Earl of Jersey",sibling,panel;rush
Q5480592,Francis Compton,Q5719716,Henry Combe Compton,child;parent,panel;rush
Q5480592,Francis Compton,Q5721542,Henry Francis Compton,indirect,rush
Q5480848,Francis Egerton,Q1149445,"Francis Egerton, 1st Earl of Ellesmere",child;parent,panel;rush
Q5480848,Francis Egerton,Q4722620,Alfred Egerton,niece/nephew;uncle/aunt,panel;rush
Q5480848,Francis Egerton,Q4724140,Algernon Egerton,sibling,panel;rush
Q5480848,Francis Egerton,Q5538925,"George Egerton, 2nd Earl of Ellesmere",sibling,panel;rush
Q5481513,Francis Foljambe,Q5056078,"Cecil Foljambe, 1st Earl of Liverpool",sibling,panel;rush
Q5481905,Francis McLaren,Q5080854,"Charles McLaren, 1st Baron Aberconway",child,panel
Q5481905,Francis McLaren,Q5314516,Duncan McLaren,grandchild;grandparent,panel;rush
Q5481905,Francis McLaren,Q5725740,Henry McLaren,sibling,panel;rush
Q5481905,Francis McLaren,Q6248044,John McLaren,niece/nephew;uncle/aunt,panel;rush
Q5481905,Francis McLaren,Q6776167,Martin McLaren,child;parent,panel;rush
Q5481905,Francis McLaren,Q7965601,Walter McLaren,niece/nephew;uncle/aunt,panel;rush
Q5481938,Francis Monckton,Q5542558,"George Monckton-Arundell, 6th Viscount Galway",indirect,rush
Q5481990,Francis Stack Murphy,Q26722303,John O'Brien,indirect,rush
Q5482021,"Francis Needham, Viscount Newry",Q334253,"Francis Needham, 3rd Earl of Kilmorey",child;parent,panel;rush
Q5482059,Francis Noel-Baker,Q211856,"Philip Noel-Baker, Baron Noel-Baker",child;parent,panel;rush
Q5482059,Francis Noel-Baker,Q6280988,Joseph Allen Baker,grandchild;grandparent,panel;rush
Q5482088,"Francis Ogilvy-Grant, 6th Earl of Seafield",Q26758914,Francis Grant,child;parent,panel;rush
Q5482088,"Francis Ogilvy-Grant, 6th Earl of Seafield",Q6140591,"James Ogilvy-Grant, 9th Earl of Seafield",indirect;parent,panel;rush
Q5482088,"Francis Ogilvy-Grant, 6th Earl of Seafield",Q7526897,"Sir George Macpherson-Grant, 3rd Baronet",indirect,rush
Q5482140,Francis Parker,Q7614508,"Thomas Parker, 6th Earl of Macclesfield",child,panel
Q5482197,Francis Pigott Stainsby Conant,Q18756734,Gillery Pigott,sibling,panel
Q5482216,Francis Plunkett Dunne,Q26722115,Michael Dunne,indirect,rush
Q5482411,Francis Scott,Q5722860,"Henry Hepburne-Scott, 7th Lord Polwarth",sibling,panel
Q5482651,Francis Venables-Vernon-Harcourt,Q13529927,George Harcourt,sibling,panel;rush
Q5482651,Francis Venables-Vernon-Harcourt,Q5596904,Granville Harcourt-Vernon,sibling,panel
Q5482651,Francis Venables-Vernon-Harcourt,Q5596905,Granville Harcourt-Vernon,uncle/aunt,panel
Q5487366,Frank Hugh O'Donnell,Q5079456,Charles James O'Donnell,sibling,rush
Q5488283,Frank McElhone,Q5702814,Helen McElhone,spouse,rush
Q5491891,Franklin Thomasson,Q6252508,John Pennington Thomasson,parent,rush
Q5496992,Frederic Bennett,Q5393606,Ernest Bennett,child;parent,panel;rush
Q5497343,Frederick Barne,Q5498768,Frederick St John Barne,parent,panel
Q5497413,Frederick Brent Grotrian,Q11800391,Herbert Grotrian,child;parent,panel;rush
Q5497491,"Frederick Campbell, 3rd Earl Cawdor",Q6224958,"John Campbell, 2nd Earl Cawdor",child;parent,panel;rush
Q5497502,"Frederick Cawley, 1st Baron Cawley",Q2662125,Harold Thomas Cawley,child;parent,panel;rush
Q5497502,"Frederick Cawley, 1st Baron Cawley",Q7108101,Oswald Cawley,child;parent,panel;rush
Q5497530,Frederick Chatfield Smith,Q7372187,Rowland Smith,sibling,panel;rush
Q5497530,Frederick Chatfield Smith,Q7411475,Samuel George Smith,sibling,panel;rush
Q5497586,Frederick Courtenay Morgan,Q5081069,"Charles Morgan, 1st Baron Tredegar",child,panel
Q5497586,Frederick Courtenay Morgan,Q5081341,Octavius Morgan,niece/nephew,panel
Q5497586,Frederick Courtenay Morgan,Q5082144,Charles Rodney Morgan,sibling,panel
Q5497586,Frederick Courtenay Morgan,Q5576507,"Godfrey Morgan, 1st Viscount Tredegar",sibling,panel
Q5497772,Frederick Fison,Q19560490,Clavering Fison,indirect,rush
Q5497775,Frederick Fitzwygram,Q21545376,Alfred Wigram,cousin,panel;rush
Q5497944,Frederick Halsey,Q7793195,Thomas Plumer Halsey,child;parent,panel;rush
Q5497958,Frederick Hanbury-Tracy,Q5078742,"Charles Hanbury-Tracy, 1st Baron Sudeley",grandparent,rush
Q5497958,Frederick Hanbury-Tracy,Q5078743,"Charles Hanbury-Tracy, 4th Baron Sudeley",sibling,panel;rush
Q5497958,Frederick Hanbury-Tracy,Q7790384,,child,panel
Q5498017,"Frederick Hervey, 3rd Marquess of Bristol",Q13529938,Lord Augustus Hervey,sibling,panel;rush
Q5498017,"Frederick Hervey, 3rd Marquess of Bristol",Q5498018,"Frederick Hervey, 2nd Marquess of Bristol",child;parent,panel;rush
Q5498017,"Frederick Hervey, 3rd Marquess of Bristol",Q5498019,"Frederick Hervey, 4th Marquess of Bristol",niece/nephew;uncle/aunt,panel;rush
Q5498017,"Frederick Hervey, 3rd Marquess of Bristol",Q6678905,Lord Alfred Hervey,niece/nephew;uncle/aunt,panel;rush
Q5498017,"Frederick Hervey, 3rd Marquess of Bristol",Q6679252,Lord Francis Hervey,sibling,panel;rush
Q5498018,"Frederick Hervey, 2nd Marquess of Bristol",Q13529938,Lord Augustus Hervey,child;parent,panel;rush
Q5498018,"Frederick Hervey, 2nd Marquess of Bristol",Q5498017,"Frederick Hervey, 3rd Marquess of Bristol",child;parent,panel;rush
Q5498018,"Frederick Hervey, 2nd Marquess of Bristol",Q5498019,"Frederick Hervey, 4th Marquess of Bristol",grandchild;grandparent,panel;rush
Q5498018,"Frederick Hervey, 2nd Marquess of Bristol",Q6678905,Lord Alfred Hervey,sibling,panel;rush
Q5498018,"Frederick Hervey, 2nd Marquess of Bristol",Q6679252,Lord Francis Hervey,child;parent,panel;rush
Q5498019,"Frederick Hervey, 4th Marquess of Bristol",Q13529938,Lord Augustus Hervey,child;parent,panel;rush
Q5498019,"Frederick Hervey, 4th Marquess of Bristol",Q5498017,"Frederick Hervey, 3rd Marquess of Bristol",niece/nephew;uncle/aunt,panel;rush
Q5498019,"Frederick Hervey, 4th Marquess of Bristol",Q5498018,"Frederick Hervey, 2nd Marquess of Bristol",grandchild;grandparent,panel;rush
Q5498019,"Frederick Hervey, 4th Marquess of Bristol",Q6678905,Lord Alfred Hervey,indirect,rush
Q5498019,"Frederick Hervey, 4th Marquess of Bristol",Q6679252,Lord Francis Hervey,niece/nephew;uncle/aunt,panel;rush
Q5498024,"Sir Frederick Heygate, 2nd Baronet",Q16931294,William Unwin Heygate,sibling,panel;rush
Q5498038,Frederick Hindle,Q16031050,Frederick Hindle,parent,rush
Q5498153,Frederick John Horniman,Q5374827,Emslie Horniman,child,rush
Q5498238,"Frederick Lambton, 4th Earl of Durham",Q15456270,Hedworth Lambton,indirect,rush
Q5498238,"Frederick Lambton, 4th Earl of Durham",Q3377781,Hedworth Meux,sibling,panel;rush
Q5498238,"Frederick Lambton, 4th Earl of Durham",Q608103,Antony Lambton,grandchild,rush
Q5498260,Frederick Lehmann,Q7273520,R. C. Lehmann,parent,panel
Q5498271,Frederick Leveson-Gower,Q2906438,George Leveson-Gower,child;parent,panel;rush
Q5498271,Frederick Leveson-Gower,Q334053,"Granville Leveson-Gower, 2nd Earl Granville",sibling,panel;rush
Q5498321,"Frederick Lygon, 6th Earl Beauchamp",Q16065804,"Henry Lygon, 5th Earl Beauchamp",sibling,panel;rush
Q5498321,"Frederick Lygon, 6th Earl Beauchamp",Q5725205,"Henry Lygon, 4th Earl Beauchamp",child;parent,panel;rush
Q5498321,"Frederick Lygon, 6th Earl Beauchamp",Q7620014,"William Lygon, 8th Earl Beauchamp",grandchild,rush
Q5498345,Frederick Mallalieu,Q6285256,Joseph Mallalieu,child;parent,panel;rush
Q5498345,Frederick Mallalieu,Q6483468,Lance Mallalieu,child;parent,panel;rush
Q5498400,Frederick Milbank,Q26215755,Mark Milbank,child,panel
Q5498400,Frederick Milbank,Q7236918,Powlett Milbank,child;parent,panel;rush
Q5498507,Frederick Paget,Q10288965,Lord George Paget,cousin,panel;rush
Q5498507,Frederick Paget,Q369723,Lord Alfred Paget,cousin,panel;rush
Q5498507,Frederick Paget,Q6679084,Clarence Paget,cousin,panel;rush
Q5498507,Frederick Paget,Q6680031,William Paget,cousin,panel;rush
Q5498541,Frederick Peel,Q181875,Robert Peel,child,panel
Q5498541,Frederick Peel,Q20755914,Edmund Peel,niece/nephew,panel
Q5498541,Frederick Peel,Q2920090,"William Peel, 1st Earl Peel",uncle/aunt,panel
Q5498541,Frederick Peel,Q3041941,Jonathan Peel,niece/nephew,panel
Q5498541,Frederick Peel,Q334165,Arthur Peel,sibling,panel
Q5498541,Frederick Peel,Q4685934,"Sir Robert Peel, 3rd Baronet",sibling,panel
Q5498541,Frederick Peel,Q4798804,Arthur George Villiers Peel,uncle/aunt,panel
Q5498541,Frederick Peel,Q6107323,William Yates Peel,niece/nephew,panel
Q5498541,Frederick Peel,Q7509271,Sidney Peel,uncle/aunt,panel
Q5498650,"Frederick Robinson, 2nd Marquess of Ripon",Q333111,"George Robinson, 1st Marquess of Ripon",child;parent,panel;rush
Q5498650,"Frederick Robinson, 2nd Marquess of Ripon",Q337595,"Sidney Herbert, 1st Baron Herbert of Lea",indirect,rush
Q5498658,Frederick Romilly,Q5345107,Edward Romilly,sibling,panel;rush
Q5498658,Frederick Romilly,Q6255541,"John Romilly, 1st Baron Romilly",sibling,panel;rush
Q5498747,"Frederick Smith, 2nd Viscount Hambleden",Q176472,William Henry Smith,child;parent,panel;rush
Q5498768,Frederick St John Barne,Q5497343,Frederick Barne,child,panel
Q5498837,"Frederick Thellusson, 5th Baron Rendlesham",Q5498838,"Frederick Thellusson, 4th Baron Rendlesham",child;parent,panel;rush
Q5498837,"Frederick Thellusson, 5th Baron Rendlesham",Q6132890,James Duff,sibling,panel
Q5498838,"Frederick Thellusson, 4th Baron Rendlesham",Q5498837,"Frederick Thellusson, 5th Baron Rendlesham",child;parent,panel;rush
Q5498871,Frederick Tollemache,Q4724183,Algernon Tollemache,sibling,panel;rush
Q5498984,Frederick Walpole,Q5902833,"Horatio Walpole, 4th Earl of Orford",sibling,panel;rush
Q5499057,Frederick William Cadogan,Q3760457,"George Cadogan, 5th Earl Cadogan",uncle/aunt,panel
Q5499057,Frederick William Cadogan,Q5719091,"Henry Cadogan, 4th Earl Cadogan",sibling,panel
Q5499113,Frederick William Verney,Q26732784,Frederick Calvert,niece/nephew,panel
Q5499113,Frederick William Verney,Q7526496,"Sir Edmund Verney, 3rd Baronet",sibling,panel;rush
Q5499113,Frederick William Verney,Q7527064,"Sir Harry Verney, 2nd Baronet",child;parent,panel;rush
Q5499113,Frederick William Verney,Q7527066,"Sir Harry Verney, 4th Baronet",niece/nephew;uncle/aunt,panel;rush
Q5499146,Frederick Wolfe Astbury,Q16022822,John Meir Astbury,sibling,rush
Q5507949,"Fulke Greville-Nugent, 1st Baron Greville",Q16063606,Reginald Greville-Nugent,child;parent,panel;rush
Q5507949,"Fulke Greville-Nugent, 1st Baron Greville",Q26756818,George Greville-Nugent,child;parent,panel;rush
Q5507949,"Fulke Greville-Nugent, 1st Baron Greville",Q4724146,"Algernon Greville, 2nd Baron Greville",child;parent,panel;rush
Q5507949,"Fulke Greville-Nugent, 1st Baron Greville",Q7364912,Ronald Greville,grandparent,panel
Q5527395,"Gathorne Gathorne-Hardy, 1st Earl of Cranbrook",Q13529906,"John Gathorne-Hardy, 2nd Earl of Cranbrook",child;parent,panel;rush
Q5527395,"Gathorne Gathorne-Hardy, 1st Earl of Cranbrook",Q4722710,Alfred Gathorne-Hardy,child;parent,panel;rush
Q5527395,"Gathorne Gathorne-Hardy, 1st Earl of Cranbrook",Q6237751,John Hardy,child;parent,panel;rush
Q5527395,"Gathorne Gathorne-Hardy, 1st Earl of Cranbrook",Q6500633,Laurence Hardy,niece/nephew;uncle/aunt,panel;rush
Q5527395,"Gathorne Gathorne-Hardy, 1st Earl of Cranbrook",Q7527819,"Sir John Hardy, 1st Baronet",sibling,panel;rush
Q553229,"Walter Long, 1st Viscount Long",Q13529974,"Richard Long, 3rd Viscount Long",parent,panel
Q553229,"Walter Long, 1st Viscount Long",Q15460648,Walter Long,grandchild;grandparent,panel;rush
Q553229,"Walter Long, 1st Viscount Long",Q25927442,William Wentworth FitzWilliam Dick,grandparent,rush
Q553229,"Walter Long, 1st Viscount Long",Q7324695,"Richard Chaloner, 1st Baron Gisborough",sibling,panel;rush
Q553229,"Walter Long, 1st Viscount Long",Q7328362,Richard Penruddocke Long,child;parent,panel;rush
Q5534526,Geoffrey Clifton-Brown,Q285183,Geoffrey Clifton-Brown,grandchild,rush
Q5534526,Geoffrey Clifton-Brown,Q477587,"Douglas Clifton Brown, 1st Viscount Ruffside",indirect,rush
Q5534679,Geoffrey Howard,Q26237499,Frederick Howard,indirect,rush
Q5534679,Geoffrey Howard,Q337615,"Charles Howard, 10th Earl of Carlisle",sibling,panel;rush
Q5534679,Geoffrey Howard,Q337630,"George Howard, 9th Earl of Carlisle",child;parent,panel;rush
Q5534679,Geoffrey Howard,Q5078970,Charles Henry Roberts,indirect,rush
Q5534679,Geoffrey Howard,Q5079173,Charles Howard,grandchild;grandparent,panel;rush
Q5534679,Geoffrey Howard,Q5343513,"Edward Howard, 1st Baron Lanerton",indirect,rush
Q5534679,Geoffrey Howard,Q8001983,Wilfrid Roberts,niece/nephew,rush
Q5534892,Geoffrey Shakespeare,Q7032378,Nigel Fisher,indirect,rush
Q5536044,"George Abercromby, 3rd Baron Abercromby",Q332679,"James Abercromby, 1st Baron Dunfermline",uncle/aunt,rush
Q5536096,"Sir George Agnew, 2nd Baronet",Q7529463,"Sir William Agnew, 1st Bt.",child,panel
Q5536108,George Hutchison,Q5981200,Ian Clark Hutchison,child,rush
Q5536108,George Hutchison,Q6829288,Michael Hutchison,child,rush
Q5536680,George Bankes,Q5537119,"George Boscawen, 2nd Earl of Falmouth",niece/nephew,rush
Q5536680,George Bankes,Q984014,William John Bankes,sibling,rush
Q5536757,"George Barrington, 7th Viscount Barrington",Q5536758,George Barrington,niece/nephew;uncle/aunt,panel;rush
Q5536757,"George Barrington, 7th Viscount Barrington",Q8005118,"William Barrington, 6th Viscount Barrington",child;parent,panel;rush
Q5536758,George Barrington,Q5536757,"George Barrington, 7th Viscount Barrington",niece/nephew;uncle/aunt,panel;rush
Q5536758,George Barrington,Q8005118,"William Barrington, 6th Viscount Barrington",sibling,panel;rush
Q5536981,"George Bingham, 5th Earl of Lucan",Q771694,"Charles Bingham, 4th Earl of Lucan",child;parent,panel;rush
Q5536998,George Birnie Esslemont,Q7173881,Peter Esslemont,parent,rush
Q5537119,"George Boscawen, 2nd Earl of Falmouth",Q5536680,George Bankes,uncle/aunt,rush
Q5537119,"George Boscawen, 2nd Earl of Falmouth",Q984014,William John Bankes,uncle/aunt,rush
Q5537179,"George Boyle, 6th Earl of Glasgow",Q377175,"Thomas Cochrane, 1st Baron Cochrane of Cults",indirect,rush
Q5537179,"George Boyle, 6th Earl of Glasgow",Q4786278,Archibald Cochrane,grandchild,rush
Q5537179,"George Boyle, 6th Earl of Glasgow",Q6131068,"James Carr-Boyle, 5th Earl of Glasgow",sibling,panel
Q5537238,"George Bridgeman, 4th Earl of Bradford",Q2364372,Francis Charles Bridgeman,sibling,panel
Q5537238,"George Bridgeman, 4th Earl of Bradford",Q7103052,"Orlando Bridgeman, 3rd Earl of Bradford",child;parent,panel;rush
Q5537366,George Bryan,Q5541676,George Leopold Bryan,child,rush
Q5537511,"George Byng, 2nd Earl of Strafford",Q16063121,"William Cavendish, 2nd Baron Chesham",indirect,rush
Q5537511,"George Byng, 2nd Earl of Strafford",Q3809125,"John Byng, 1st Earl of Strafford",child;parent,panel;rush
Q5537511,"George Byng, 2nd Earl of Strafford",Q5076148,"Charles Cavendish, 1st Baron Chesham",indirect,rush
Q5537511,"George Byng, 2nd Earl of Strafford",Q5537512,"George Byng, 3rd Earl of Strafford",child;parent,panel;rush
Q5537511,"George Byng, 2nd Earl of Strafford",Q5537522,George Byng,niece/nephew;uncle/aunt,panel;rush
Q5537512,"George Byng, 3rd Earl of Strafford",Q1149445,"Francis Egerton, 1st Earl of Ellesmere",indirect,rush
Q5537512,"George Byng, 3rd Earl of Strafford",Q3809125,"John Byng, 1st Earl of Strafford",grandchild;grandparent,panel;rush
Q5537512,"George Byng, 3rd Earl of Strafford",Q5537511,"George Byng, 2nd Earl of Strafford",child;parent,panel;rush
Q5537512,"George Byng, 3rd Earl of Strafford",Q5537522,George Byng,indirect,rush
Q5537512,"George Byng, 3rd Earl of Strafford",Q5538925,"George Egerton, 2nd Earl of Ellesmere",indirect,rush
Q5537522,George Byng,Q3809125,"John Byng, 1st Earl of Strafford",sibling,panel;rush
Q5537522,George Byng,Q5537511,"George Byng, 2nd Earl of Strafford",niece/nephew;uncle/aunt,panel;rush
Q5537522,George Byng,Q5537512,"George Byng, 3rd Earl of Strafford",indirect,rush
Q5537863,"George Chichester, 3rd Marquess of Donegall",Q6678924,Lord Arthur Chichester,sibling,panel;rush
Q5537863,"George Chichester, 3rd Marquess of Donegall",Q6679437,Lord John Chichester,sibling,panel;rush
Q5537863,"George Chichester, 3rd Marquess of Donegall",Q7342905,Robert Chichester,indirect,rush
Q5537867,"George Child Villiers, 6th Earl of Jersey",Q181875,Robert Peel,indirect,rush
Q5537867,"George Child Villiers, 6th Earl of Jersey",Q22039450,Frederick Child-Villiers,sibling,panel;rush
Q5537867,"George Child Villiers, 6th Earl of Jersey",Q5480517,Francis Child Villiers,sibling,panel;rush
Q5537867,"George Child Villiers, 6th Earl of Jersey",Q6680031,William Paget,cousin,panel;rush
Q5537991,George Clive,Q11801709,Edward Clive,child;indirect;parent,panel;rush
Q5537991,George Clive,Q24254897,Henry Clive,niece/nephew,panel
Q5537991,George Clive,Q5342327,Edward Clive,child;parent,panel;rush
Q5537991,George Clive,Q7167284,Percy Clive,indirect,rush
Q5537991,George Clive,Q7342986,Robert Clive,indirect,rush
Q5537991,George Clive,Q7351171,Robert Windsor-Clive,indirect,rush
Q5538071,"Sir George Colthurst, 5th Baronet",Q21548522,David Colthurst,sibling,panel;rush
Q5538175,"George Cowper, 6th Earl Cowper",Q5719917,Henry Cowper,parent,panel
Q5538175,"George Cowper, 6th Earl Cowper",Q8007204,"William Cowper-Temple, 1st Baron Mount Temple",sibling,panel
Q5538264,"George Cubitt, 1st Baron Ashcombe",Q5720017,"Henry Cubitt, 2nd Baron Ashcombe",child;parent,panel;rush
Q5538290,"George Curzon-Howe, 2nd Earl Howe",Q11762579,Lord Henry Somerset,niece/nephew,rush
Q5538290,"George Curzon-Howe, 2nd Earl Howe",Q333791,"Francis Curzon, 5th Earl Howe",indirect,rush
Q5538290,"George Curzon-Howe, 2nd Earl Howe",Q6904065,Montagu Curzon,child;sibling,panel;rush
Q5538290,"George Curzon-Howe, 2nd Earl Howe",Q7325013,"Richard Curzon, 4th Earl Howe",niece/nephew,rush
Q5538434,George Dawson-Damer,Q5930808,"Hugh Fortescue, 4th Earl Fortescue",grandchild,rush
Q5538434,George Dawson-Damer,Q5930822,"Hugh Fortescue, 3rd Earl Fortescue",indirect,rush
Q5538434,George Dawson-Damer,Q6555615,"Lionel Dawson-Damer, 4th Earl of Portarlington",child;parent,panel;rush
Q5538488,George Denman,Q333102,"Thomas Denman, 1st Baron Denman",child,panel
Q5538925,"George Egerton, 2nd Earl of Ellesmere",Q1149445,"Francis Egerton, 1st Earl of Ellesmere",child;parent,panel;rush
Q5538925,"George Egerton, 2nd Earl of Ellesmere",Q4722620,Alfred Egerton,child;parent,panel;rush
Q5538925,"George Egerton, 2nd Earl of Ellesmere",Q4724140,Algernon Egerton,sibling,panel;rush
Q5538925,"George Egerton, 2nd Earl of Ellesmere",Q5480848,Francis Egerton,sibling,panel;rush
Q5538925,"George Egerton, 2nd Earl of Ellesmere",Q5537512,"George Byng, 3rd Earl of Strafford",indirect,rush
Q5538925,"George Egerton, 2nd Earl of Ellesmere",Q6224958,"John Campbell, 2nd Earl Cawdor",indirect,rush
Q5538954,George Elliot,Q5538960,George Elliot,child;parent,panel;rush
Q5538954,George Elliot,Q6231620,John Elliot,niece/nephew;uncle/aunt,panel;rush
Q5538954,George Elliot,Q7620964,"William Elliot-Murray-Kynynmound, 3rd Earl of Minto",cousin,panel;rush
Q5538960,George Elliot,Q5538954,George Elliot,child;parent,panel;rush
Q5538960,George Elliot,Q6231620,John Elliot,sibling,panel;rush
Q5538960,George Elliot,Q7620964,"William Elliot-Murray-Kynynmound, 3rd Earl of Minto",indirect;niece/nephew,rush
Q5539164,"George Faber, 1st Baron Wittenham",Q5339450,"Edmund Faber, 1st Baron Faber",sibling,panel;rush
Q5539164,"George Faber, 1st Baron Wittenham",Q7966333,Walter Faber,sibling,panel;rush
Q5539271,"George Finch-Hatton, 11th Earl of Winchilsea",Q5660670,Harold Finch-Hatton,sibling,panel;rush
Q5539271,"George Finch-Hatton, 11th Earl of Winchilsea",Q6939233,"Murray Finch-Hatton, 12th Earl of Winchilsea",sibling,panel;rush
Q5539273,George Finch,Q5539274,George Finch,child;parent,panel;rush
Q5539274,George Finch,Q5539273,George Finch,child;parent,panel;rush
Q5539445,George Frederick Muntz,Q13529999,"Sir Philip Muntz, 1st Baronet",child;parent,panel;rush
Q5539445,George Frederick Muntz,Q7183720,Philip Henry Muntz,sibling,panel;rush
Q5539446,George Frederic Stewart Bowles,Q13530022,John Penn,indirect,rush
Q5539446,George Frederic Stewart Bowles,Q332712,Thomas Gibson,grandchild,panel
Q5539446,George Frederic Stewart Bowles,Q3990628,Thomas Gibson Bowles,child;parent,panel;rush
Q5539480,George Stanley,Q222458,"Frederick Stanley, 16th Earl of Derby",child;parent,panel;rush
Q5539480,George Stanley,Q237829,"Edward Smith-Stanley, 14th Earl of Derby",grandchild,panel
Q5539480,George Stanley,Q332789,"Edward Stanley, 15th Earl of Derby",niece/nephew,panel
Q5539480,George Stanley,Q338427,"Edward Stanley, 17th Earl of Derby",sibling,panel;rush
Q5539480,George Stanley,Q3497552,Oliver Stanley,niece/nephew;uncle/aunt,panel;rush
Q5539480,George Stanley,Q4800349,Arthur Stanley,sibling,panel
Q5539480,George Stanley,Q5345413,"Edward Stanley, Lord Stanley",niece/nephew;uncle/aunt,panel;rush
Q5539480,George Stanley,Q7329218,Richard Stanley,indirect,rush
Q5539524,George Fuller,Q7527785,"Sir John Fuller, 1st Baronet",child;parent,panel;rush
Q5539756,"George Glyn, 1st Baron Wolverton",Q5078424,Charles Grenfell,indirect,rush
Q5539756,"George Glyn, 1st Baron Wolverton",Q5539757,"George Glyn, 2nd Baron Wolverton",child;parent,panel;rush
Q5539756,"George Glyn, 1st Baron Wolverton",Q6252459,John Pemberton Plumptre,cousin,panel;rush
Q5539756,"George Glyn, 1st Baron Wolverton",Q7141836,Pascoe Glyn,child;parent,panel;rush
Q5539756,"George Glyn, 1st Baron Wolverton",Q7509072,Sidney Glyn,child;parent,panel;rush
Q5539757,"George Glyn, 2nd Baron Wolverton",Q5078424,Charles Grenfell,uncle/aunt,rush
Q5539757,"George Glyn, 2nd Baron Wolverton",Q5539756,"George Glyn, 1st Baron Wolverton",child;parent,panel;rush
Q5539757,"George Glyn, 2nd Baron Wolverton",Q7141836,Pascoe Glyn,sibling,panel;rush
Q5539757,"George Glyn, 2nd Baron Wolverton",Q7509072,Sidney Glyn,sibling,panel;rush
Q5539833,"George Goschen, 2nd Viscount Goschen",Q333749,"George Goschen, 1st Viscount Goschen",child;parent,panel;rush
Q5540190,George Hammond Whalley,Q16066453,Hampden Whalley,child;parent,panel;rush
Q5540225,George Hardie,Q332460,Keir Hardie,sibling,rush
Q5540225,George Hardie,Q4693048,Agnes Hardie,spouse,rush
Q5540225,George Hardie,Q5234715,David Hardie,sibling,rush
Q5540333,"George Hay, Earl of Gifford",Q26387320,Thomas Hay,uncle/aunt,panel
Q5540333,"George Hay, Earl of Gifford",Q6679443,John Hay,sibling,panel;rush
Q5540333,"George Hay, Earl of Gifford",Q6679447,John Hay,uncle/aunt,rush
Q5540333,"George Hay, Earl of Gifford",Q8011045,"William Hay, 10th Marquess of Tweeddale",sibling,panel;rush
Q5540410,George Heneage,Q4799019,Arthur Heneage,indirect,rush
Q5540410,George Heneage,Q5343402,"Edward Heneage, 1st Baron Heneage",child;parent,panel;rush
Q5540410,George Heneage,Q5343403,Edward Heneage,sibling,panel;rush
Q5540410,George Heneage,Q8005441,William Beresford,indirect,rush
Q5540593,George Allsopp,Q4723284,Alfred Percy Allsopp,sibling,panel;rush
Q5540593,George Allsopp,Q5717273,"Henry Allsopp, 1st Baron Hindlip",child;parent,panel;rush
Q5540593,George Allsopp,Q7410754,"Samuel Allsopp, 2nd Baron Hindlip",sibling,panel;rush
Q5541083,"George Jeffreys, 1st Baron Jeffreys",Q4798743,Arthur Frederick Jeffreys,child;parent,panel;rush
Q5541118,George John Sandys,Q203129,Duncan Sandys,child;parent,panel;rush
Q5541118,George John Sandys,Q478832,Laura Sandys,grandchild;grandparent,panel;rush
Q5541503,George Lamb,Q8007204,"William Cowper-Temple, 1st Baron Mount Temple",indirect,rush
Q5541527,George Lane-Fox,Q7396856,Sackville Lane-Fox,sibling,panel;rush
Q5541633,George Leeman,Q6284428,Joseph Johnson Leeman,child,rush
Q5541647,George Legh,Q17326575,"Thomas Legh, 2nd Baron Newton",niece/nephew,rush
Q5541647,George Legh,Q8014460,"William Legh, 1st Baron Newton",child,rush
Q5541676,George Leopold Bryan,Q5537366,George Bryan,parent,rush
Q5541785,George Loch,Q6138142,James Loch,parent,rush
Q5541887,George Lyall,Q26479012,George Lyall,child;parent,panel;rush
Q5542038,"Sir Francis Dyke Acland, 14th Baronet",Q606299,"Sir Arthur Dyke Acland, 13th Baronet",child;parent,panel;rush
Q5542038,"Sir Francis Dyke Acland, 14th Baronet",Q7323631,Richard Acland,child;parent,panel;rush
Q5542038,"Sir Francis Dyke Acland, 14th Baronet",Q7529108,"Sir Thomas Dyke Acland, 11th Baronet",grandchild,panel
Q5542038,"Sir Francis Dyke Acland, 14th Baronet",Q7529110,"Sir Thomas Dyke Acland, 12th Baronet",niece/nephew,panel
Q5542189,George Marton,Q11802131,George Blucher Heneage Marton,child;parent,panel;rush
Q5542490,"George Milles, 1st Earl Sondes",Q5342877,"Edward Fellowes, 1st Baron de Ramsey",indirect,rush
Q5542490,"George Milles, 1st Earl Sondes",Q9250977,"Sir Edward Knatchbull, 9th Baronet",grandparent,rush
Q5542536,George Moffatt,Q5921151,Howard Vincent,indirect,rush
Q5542557,"George Monckton-Arundell, 7th Viscount Galway",Q5542558,"George Monckton-Arundell, 6th Viscount Galway",child;parent,panel;rush
Q5542558,"George Monckton-Arundell, 6th Viscount Galway",Q5481938,Francis Monckton,indirect,rush
Q5542558,"George Monckton-Arundell, 6th Viscount Galway",Q5542557,"George Monckton-Arundell, 7th Viscount Galway",child;parent,panel;rush
Q5542573,"George Montagu, 9th Earl of Sandwich",Q7926168,Victor Montagu,parent,panel
Q5543049,"George Ormsby-Gore, 3rd Baron Harlech",Q2605189,"David Ormsby-Gore, 5th Baron Harlech",grandchild;grandparent,panel;rush
Q5543049,"George Ormsby-Gore, 3rd Baron Harlech",Q26237502,Seymour Ormsby-Gore,sibling,panel;rush
Q5543049,"George Ormsby-Gore, 3rd Baron Harlech",Q2908365,"William Ormsby-Gore, 4th Baron Harlech",child;parent,panel;rush
Q5543049,"George Ormsby-Gore, 3rd Baron Harlech",Q6251316,"John Ormsby-Gore, 1st Baron Harlech",niece/nephew;uncle/aunt,panel;rush
Q5543049,"George Ormsby-Gore, 3rd Baron Harlech",Q8016372,William Ormsby-Gore,grandchild;grandparent,panel;rush
Q5543049,"George Ormsby-Gore, 3rd Baron Harlech",Q8016373,"William Ormsby-Gore, 2nd Baron Harlech",child;parent,panel;rush
Q5543175,George Palmer,Q5546342,George William Palmer,child;parent,panel;rush
Q5543175,George Palmer,Q7529396,"Sir Walter Palmer, 1st Baronet",parent,panel
Q5543323,"George Perceval, 6th Earl of Egmont",Q19901871,"Charles Perceval, 7th Earl of Egmont",niece/nephew,rush
Q5543534,"George Pratt, 2nd Marquess Camden",Q6253318,"John Pratt, 3rd Marquess Camden",parent,panel
Q5543927,George Robert Dawson,Q7348806,Robert Peel Dawson,parent,panel
Q5544363,"George Sclater-Booth, 1st Baron Basing",Q17422029,Henry Wilson-Fox,indirect,rush
Q5544472,"George Shaw-Lefevre, 1st Baron Eversley",Q205777,"Charles Shaw-Lefevre, 1st Viscount Eversley",niece/nephew;uncle/aunt,panel;rush
Q5544472,"George Shaw-Lefevre, 1st Baron Eversley",Q5727493,"Henry Reynolds-Moreton, 3rd Earl of Ducie",indirect,rush
Q5544472,"George Shaw-Lefevre, 1st Baron Eversley",Q6257470,John Shaw-Lefevre,child,panel
Q5544593,George Skene Duff,Q11309157,"James Duff, 5th Earl Fife",sibling,panel;rush
Q5544593,George Skene Duff,Q332552,"Alexander Duff, 1st Duke of Fife",uncle/aunt,panel
Q5544593,George Skene Duff,Q5590921,John Lewis Ricardo,indirect,rush
Q5544932,George Stucley,Q18161018,Lewis William Buck,child,panel
Q5545122,George Terrell,Q16008802,Reginald Terrell,child,rush
Q5545122,George Terrell,Q24289595,Henry Terrell,sibling,rush
Q5545156,George Thomas Kenyon,Q6662539,"Lloyd Kenyon, 3rd Baron Kenyon",child,panel
Q5545281,George Touche,Q7526994,"Sir Gordon Touche, 1st Baronet",child;parent,panel;rush
Q5545334,"George Tryon, 1st Baron Tryon",Q12072266,"Henry Vivian, 1st Baron Swansea",indirect,rush
Q5545808,George Waldegrave-Leslie,Q7412920,Samuel Whitbread,uncle/aunt,rush
Q5545875,"George Ward, 1st Viscount Ward of Witley",Q7350854,Robert Ward,uncle/aunt,rush
Q5545875,"George Ward, 1st Viscount Ward of Witley",Q8019994,"William Ward, 3rd Earl of Dudley",sibling,panel;rush
Q5546138,"George Weld-Forester, 3rd Baron Forester",Q5056352,"Cecil Weld-Forester, 5th Baron Forester",niece/nephew,rush
Q5546159,George Wentworth-FitzWilliam,Q26254028,"William Wentworth-Fitzwilliam, Viscount Milton",sibling,panel;rush
Q5546159,George Wentworth-FitzWilliam,Q5083442,Charles Wentworth-FitzWilliam,sibling,panel;rush
Q5546159,George Wentworth-FitzWilliam,Q5083446,"Charles Wentworth-Fitzwilliam, 5th Earl Fitzwilliam",child;parent,panel;rush
Q5546159,George Wentworth-FitzWilliam,Q5730014,Henry Wentworth-FitzWilliam,niece/nephew;uncle/aunt,panel;rush
Q5546159,George Wentworth-FitzWilliam,Q6263500,John Wentworth-FitzWilliam,niece/nephew;uncle/aunt,panel;rush
Q5546159,George Wentworth-FitzWilliam,Q7614395,"William Wentworth-Fitzwilliam, 7th Earl Fitzwilliam",indirect,rush
Q5546159,George Wentworth-FitzWilliam,Q8020193,"William Wentworth-FitzWilliam, Viscount Milton",niece/nephew;uncle/aunt,panel;rush
Q5546159,George Wentworth-FitzWilliam,Q8020195,"William Wentworth-Fitzwilliam, 6th Earl Fitzwilliam",sibling,panel;rush
Q5546224,"George Whiteley, 1st Baron Marchamley",Q7527248,"Sir Herbert Huntington-Whiteley, 1st Baronet",sibling,panel;rush
Q5546317,George William Hope,Q3012172,Alexander Hope,child;parent,panel;rush
Q5546325,George William Kekewich,Q7412796,Samuel Trehawke Kekewich,child;parent,panel;rush
Q5546342,George William Palmer,Q5543175,George Palmer,child;parent,panel;rush
Q5546342,George William Palmer,Q7529396,"Sir Walter Palmer, 1st Baronet",sibling,panel
Q5546432,George Windsor-Clive,Q15526558,George Windsor-Clive,child;parent,panel;rush
Q5546432,George Windsor-Clive,Q5343428,"Edward Herbert, 2nd Earl of Powis",niece/nephew;uncle/aunt,panel;rush
Q5546432,George Windsor-Clive,Q5343429,"Edward Herbert, 3rd Earl of Powis",cousin,panel;rush
Q5546432,George Windsor-Clive,Q7167325,Percy Herbert,cousin,panel;rush
Q5546432,George Windsor-Clive,Q7342986,Robert Clive,child;parent,panel;rush
Q5546432,George Windsor-Clive,Q7351171,Robert Windsor-Clive,sibling,panel;rush
Q5549352,"Gerald Loder, 1st Baron Wakehurst",Q3182815,"John Loder, 2nd Baron Wakehurst",child;parent,panel;rush
Q5549352,"Gerald Loder, 1st Baron Wakehurst",Q7528805,"Sir Robert Loder, 1st Baronet",child;parent,panel;rush
Q5550189,"Gerard Wallop, 9th Earl of Portsmouth",Q7020456,"Newton Wallop, 6th Earl of Portsmouth",uncle/aunt,rush
Q5553468,Gervase Beckett,Q128995,Anthony Eden,indirect,rush
Q5553468,Gervase Beckett,Q5111934,Christopher Beckett Denison,niece/nephew;uncle/aunt,panel;rush
Q5553468,Gervase Beckett,Q5392782,"Ernest Beckett, 2nd Baron Grimthorpe",sibling,panel;rush
Q5553468,Gervase Beckett,Q7526465,"Sir Edmund Beckett, 4th Baronet",grandchild;grandparent,panel;rush
Q5553468,Gervase Beckett,Q8005295,William Beckett-Denison,child;parent,panel;rush
Q5559635,"Gideon Oliphant-Murray, 2nd Viscount Elibank",Q4719716,"Alexander Murray, 1st Baron Murray of Elibank",sibling,panel;rush
Q5559635,"Gideon Oliphant-Murray, 2nd Viscount Elibank",Q4799794,"Arthur Murray, 3rd Viscount Elibank",sibling,panel;rush
Q5560967,"Gilbert Heathcote, 1st Baron Aveland",Q5128637,Claud Heathcote-Drummond-Willoughby,grandparent,panel
Q5560967,"Gilbert Heathcote, 1st Baron Aveland",Q5560968,"Gilbert Heathcote-Drummond-Willoughby, 2nd Earl of Ancaster",grandparent,panel
Q5560967,"Gilbert Heathcote, 1st Baron Aveland",Q7526975,"Sir Gilbert Heathcote, 4th Baronet",child;parent,panel;rush
Q5560967,"Gilbert Heathcote, 1st Baron Aveland",Q7620761,"Gilbert Heathcote-Drummond-Willoughby, 1st Earl of Ancaster",child;parent,panel;rush
Q5560968,"Gilbert Heathcote-Drummond-Willoughby, 2nd Earl of Ancaster",Q5128637,Claud Heathcote-Drummond-Willoughby,sibling,panel;rush
Q5560968,"Gilbert Heathcote-Drummond-Willoughby, 2nd Earl of Ancaster",Q5560967,"Gilbert Heathcote, 1st Baron Aveland",grandchild,panel
Q5560968,"Gilbert Heathcote-Drummond-Willoughby, 2nd Earl of Ancaster",Q6135821,"James Heathcote-Drummond-Willoughby, 3rd Earl of Ancaster",child;parent,panel;rush
Q5560968,"Gilbert Heathcote-Drummond-Willoughby, 2nd Earl of Ancaster",Q7620761,"Gilbert Heathcote-Drummond-Willoughby, 1st Earl of Ancaster",child;parent,panel;rush
Q5561280,"Gilbert Wills, 1st Baron Dulverton",Q7526796,"Sir Frederick Wills, 1st Baronet",child;parent,panel;rush
Q5576500,Godfrey Mark Palmer,Q7526274,"Sir Charles Palmer, 1st Baronet",child,panel
Q5576507,"Godfrey Morgan, 1st Viscount Tredegar",Q5081069,"Charles Morgan, 1st Baron Tredegar",child,panel
Q5576507,"Godfrey Morgan, 1st Viscount Tredegar",Q5081341,Octavius Morgan,niece/nephew,panel
Q5576507,"Godfrey Morgan, 1st Viscount Tredegar",Q5082144,Charles Rodney Morgan,sibling,panel
Q5576507,"Godfrey Morgan, 1st Viscount Tredegar",Q5497586,Frederick Courtenay Morgan,sibling,panel
Q5576536,Godfrey Samuelson,Q4894226,Bernhard Samuelson,child;parent,panel;rush
Q5576536,Godfrey Samuelson,Q5727972,Henry Samuelson,sibling,panel;rush
Q5585234,Gordon Hall Caine,Q5263331,Derwent Hall Caine,sibling,panel;rush
Q5589832,Charles Buller,Q4800673,Arthur William Buller,sibling,panel;rush
Q5590851,Samuel H. Butcher,Q13529891,"John Butcher, 1st Baron Danesfort",sibling,panel
Q5590921,John Lewis Ricardo,Q11309157,"James Duff, 5th Earl Fife",indirect,rush
Q5590921,John Lewis Ricardo,Q26204048,Osman Ricardo,cousin,panel;rush
Q5590921,John Lewis Ricardo,Q5239023,David Ricardo,cousin,panel;rush
Q5590921,John Lewis Ricardo,Q5544593,George Skene Duff,indirect,rush
Q5590921,John Lewis Ricardo,Q7410397,Samson Ricardo,uncle/aunt,rush
Q5591064,"Sir Thomas Buxton, 1st Baronet",Q16066171,"Sir Edward Buxton, 2nd Baronet",child;parent,panel;rush
Q5591064,"Sir Thomas Buxton, 1st Baronet",Q1645717,"Sydney Buxton, 1st Earl Buxton",grandchild;grandparent;indirect,panel;rush
Q5591064,"Sir Thomas Buxton, 1st Baronet",Q18450,Charles Buxton,indirect,rush
Q5591064,"Sir Thomas Buxton, 1st Baronet",Q2365347,Noel Noel-Buxton,indirect,rush
Q5591064,"Sir Thomas Buxton, 1st Baronet",Q334449,Thomas Fowell Buxton,grandchild;grandparent,panel;rush
Q5591064,"Sir Thomas Buxton, 1st Baronet",Q4757523,Andrew Johnston,indirect,rush
Q5591064,"Sir Thomas Buxton, 1st Baronet",Q5075948,Charles Buxton,child;niece/nephew;parent,panel;rush
Q5591064,"Sir Thomas Buxton, 1st Baronet",Q5342118,Edward Buxton,grandchild;grandparent,panel;rush
Q5591064,"Sir Thomas Buxton, 1st Baronet",Q5480390,Francis Buxton,grandchild;grandparent,panel;rush
Q5596904,Granville Harcourt-Vernon,Q13529927,George Harcourt,sibling,panel
Q5596904,Granville Harcourt-Vernon,Q5482651,Francis Venables-Vernon-Harcourt,sibling,panel
Q5596904,Granville Harcourt-Vernon,Q5596905,Granville Harcourt-Vernon,child;parent,panel;rush
Q5596905,Granville Harcourt-Vernon,Q13529927,George Harcourt,niece/nephew,panel
Q5596905,Granville Harcourt-Vernon,Q5482651,Francis Venables-Vernon-Harcourt,niece/nephew,panel
Q5596905,Granville Harcourt-Vernon,Q5596904,Granville Harcourt-Vernon,child;parent,panel;rush
Q5596937,Granville Ryder,Q5311965,"Dudley Ryder, 2nd Earl of Harrowby",sibling,panel;rush
Q5596937,Granville Ryder,Q5311966,"Dudley Ryder, 3rd Earl of Harrowby",niece/nephew;uncle/aunt,panel;rush
Q5596937,Granville Ryder,Q5596940,Granville Ryder,child;parent,panel;rush
Q5596937,Granville Ryder,Q6256112,"John Ryder, 5th Earl of Harrowby",indirect,rush
Q5596937,Granville Ryder,Q922318,"Henry Somerset, 7th Duke of Beaufort",indirect,rush
Q5596940,Granville Ryder,Q5311965,"Dudley Ryder, 2nd Earl of Harrowby",niece/nephew;uncle/aunt,panel;rush
Q5596940,Granville Ryder,Q5311966,"Dudley Ryder, 3rd Earl of Harrowby",cousin,panel;rush
Q5596940,Granville Ryder,Q5596937,Granville Ryder,child;parent,panel;rush
Q5596940,Granville Ryder,Q6256112,"John Ryder, 5th Earl of Harrowby",indirect,rush
Q560595,Charles FitzRoy,Q213756,Robert FitzRoy,sibling,panel
Q5607504,Grenville Berkeley,Q11771724,"Maurice Berkeley, 1st Baron FitzHardinge",niece/nephew,rush
Q5607504,Grenville Berkeley,Q333400,Grantley Berkeley,sibling,rush
Q5607504,Grenville Berkeley,Q5182718,Craven Berkeley,sibling,rush
Q5607839,Greville Howard,Q2959381,Charles Howard-Bury,indirect,rush
Q5609970,"Harry Powlett, 4th Duke of Cleveland",Q338053,"William Vane, 3rd Duke of Cleveland",sibling,panel
Q5609970,"Harry Powlett, 4th Duke of Cleveland",Q5609972,"Henry Vane, 2nd Duke of Cleveland",sibling,panel;rush
Q5609972,"Henry Vane, 2nd Duke of Cleveland",Q338053,"William Vane, 3rd Duke of Cleveland",sibling,panel
Q5609972,"Henry Vane, 2nd Duke of Cleveland",Q5609970,"Harry Powlett, 4th Duke of Cleveland",sibling,panel;rush
Q5610529,Wenman Coke,Q5342350,Edward Coke,sibling,panel;rush
Q5610529,Wenman Coke,Q5944748,"Thomas Coke, 1st Earl of Leicester",child,panel
Q5612667,Joseph Cowen,Q19325850,Joseph Cowen,child;parent,panel;rush
Q5612753,"Weetman Pearson, 1st Viscount Cowdray",Q5661985,"Harold Pearson, 2nd Viscount Cowdray",parent,panel
Q5613675,"Richard Assheton Cross, 1st Viscount Cross",Q13529886,William Cross,child;parent,panel;rush
Q5621197,Gustav Renwick,Q7526913,"Sir George Renwick, 1st Baronet",child;parent,panel;rush
Q5621480,"Willoughby Dickinson, 1st Baron Dickinson",Q5478591,"Frances Davidson, Viscountess Davidson",child;parent,panel;rush
Q5621480,"Willoughby Dickinson, 1st Baron Dickinson",Q6104908,"J. C. C. Davidson, 1st Viscount Davidson",indirect,rush
Q5621480,"Willoughby Dickinson, 1st Baron Dickinson",Q7442401,Sebastian Dickinson,child;parent,panel;rush
Q5622068,Guy Baring,Q4718311,"Alexander Baring, 4th Baron Ashburton",child,panel
Q5622068,Guy Baring,Q5480129,"Francis Baring, 3rd Baron Ashburton",grandchild,panel
Q5622196,Guy Dawnay,Q6536955,Lewis Payn Dawnay,sibling,panel;rush
Q5622196,Guy Dawnay,Q8007679,"William Dawnay, 7th Viscount Downe",child;parent,panel;rush
Q5622292,Guy Greville Wilson,Q5083625,"Charles Wilson, 1st Baron Nunburnholme",child;parent,panel;rush
Q5622292,Guy Greville Wilson,Q5083626,"Charles Wilson, 2nd Baron Nunburnholme",sibling,panel;rush
Q5623626,Gwilym Jones,Q63929463,Fay Jones,child;parent,panel;rush
Q5628181,H. E. A. Cotton,Q5724001,Henry John Stedman Cotton,parent,rush
Q563342,Lord Edward Somerset,Q5341608,Edward Arthur Somerset,parent,panel
Q564093,Annabelle Ewing,Q333903,Margaret Ewing,indirect,rush
Q564093,Annabelle Ewing,Q334015,Winnie Ewing,child;parent,panel;rush
Q5644068,Hamar Alfred Bass,Q337407,Michael Thomas Bass,child;parent,panel;rush
Q5644068,Hamar Alfred Bass,Q6828483,"Michael Bass, 1st Baron Burton",sibling,panel;rush
Q5644085,"Hamar Greenwood, 1st Viscount Greenwood",Q2919989,"Julian Amery, Baron Amery of Lustleigh",niece/nephew,rush
Q5644085,"Hamar Greenwood, 1st Viscount Greenwood",Q333573,Leo Amery,indirect,rush
Q5645403,Hamish Watt,Q19883124,Stuart Donaldson,grandchild,rush
Q5655049,"Harcourt Vanden-Bempde-Johnstone, 1st Baron Derwent",Q7528127,"Sir John Vanden-Bempde-Johnstone, 2nd Baronet",child;parent,panel;rush
Q5660018,Harold Trevor Baker,Q6220365,John Baker,parent,rush
Q5660023,"Harold Balfour, 1st Baron Balfour of Inchrye",Q332347,John Profumo,indirect,rush
Q5660670,Harold Finch-Hatton,Q5539271,"George Finch-Hatton, 11th Earl of Winchilsea",sibling,panel;rush
Q5660670,Harold Finch-Hatton,Q6939233,"Murray Finch-Hatton, 12th Earl of Winchilsea",sibling,panel;rush
Q5660994,Harold Henderson,Q4719112,"Alexander Henderson, 1st Baron Faringdon",child,panel
Q5661985,"Harold Pearson, 2nd Viscount Cowdray",Q5612753,"Weetman Pearson, 1st Viscount Cowdray",child,panel
Q5662543,Harold Tennant,Q166714,H. H. Asquith,indirect,rush
Q5662543,Harold Tennant,Q5345573,"Edward Tennant, 1st Baron Glenconner",sibling,panel;rush
Q5662543,Harold Tennant,Q7526303,"Sir Charles Tennant, 1st Baronet",child;parent,panel;rush
Q5668272,Harry Davenport,Q16239398,John Davenport,grandparent,rush
Q5670875,Harry Manfield,Q19324979,Moses Manfield,child;parent,panel;rush
Q5671733,"Harry Primrose, 6th Earl of Rosebery",Q4786482,"Archibald Primrose, Lord Dalmeny",grandparent,rush
Q5671733,"Harry Primrose, 6th Earl of Rosebery",Q6989174,Neil Primrose,sibling,panel
Q5675126,John Sadleir,Q6142723,James Sadleir,sibling,rush
Q5677717,Harvey du Cros,Q4723682,Alfred du Cros,child,rush
Q5677717,Harvey du Cros,Q7526085,"Sir Arthur du Cros, 1st Baronet",child;parent,panel;rush
Q5697772,"Hedworth Jolliffe, 2nd Baron Hylton",Q13529955,"Hylton Jolliffe, 3rd Baron Hylton",child;parent,panel;rush
Q5697772,"Hedworth Jolliffe, 2nd Baron Hylton",Q17279383,William Sydney Hylton Jolliffe,sibling,panel;rush
Q5697772,"Hedworth Jolliffe, 2nd Baron Hylton",Q8013712,"William Jolliffe, 1st Baron Hylton",child;parent,panel;rush
Q5702525,Helen Jackson,Q12724041,Christopher Price,sibling,rush
Q5702814,Helen McElhone,Q5488283,Frank McElhone,spouse,rush
Q5714132,"Heneage Finch, 6th Earl of Aylesford",Q7613861,"William Legge, 5th Earl of Dartmouth",indirect,rush
Q5714134,Heneage Legge,Q7613861,"William Legge, 5th Earl of Dartmouth",sibling,panel;rush
Q5714134,Heneage Legge,Q8014457,"William Legge, 6th Earl of Dartmouth",uncle/aunt,panel
Q5717137,Henry Aglionby Aglionby,Q5479943,Francis Aglionby,cousin,panel;rush
Q5717273,"Henry Allsopp, 1st Baron Hindlip",Q26689981,Thomas Walker,indirect,rush
Q5717273,"Henry Allsopp, 1st Baron Hindlip",Q4723284,Alfred Percy Allsopp,child;parent,panel;rush
Q5717273,"Henry Allsopp, 1st Baron Hindlip",Q5540593,George Allsopp,child;parent,panel;rush
Q5717273,"Henry Allsopp, 1st Baron Hindlip",Q7410754,"Samuel Allsopp, 2nd Baron Hindlip",child;parent,panel;rush
Q5717428,Henry Arthur Herbert,Q5717431,Henry Arthur Herbert,child;parent,panel;rush
Q5717431,Henry Arthur Herbert,Q5717428,Henry Arthur Herbert,child;parent,panel;rush
Q5717438,Henry Arthur Wallop Fellowes,Q7020238,"Newton Fellowes, 4th Earl of Portsmouth",child;parent,panel;rush
Q5717706,Henry Baillie,Q16065803,Hugh Duncan Baillie,child;parent,panel;rush
Q5717706,Henry Baillie,Q26735758,Francis Russell,indirect,rush
Q5717706,Henry Baillie,Q6133534,James Evan Baillie,niece/nephew;sibling,panel;rush
Q5717706,Henry Baillie,Q6220294,John Baillie,sibling,rush
Q5717877,"Henry Bathurst, 4th Earl Bathurst",Q4731527,"Allen Bathurst, 6th Earl Bathurst",niece/nephew,rush
Q5717877,"Henry Bathurst, 4th Earl Bathurst",Q4731531,"Allen Bathurst, Lord Apsley",indirect,rush
Q5717877,"Henry Bathurst, 4th Earl Bathurst",Q4888257,Benjamin Bathurst,indirect,rush
Q5718544,Henry Brassey,Q11802543,"Henry Brassey, 1st Baron Brassey of Apethorpe",child;parent,panel;rush
Q5718544,Henry Brassey,Q337691,"Thomas Brassey, 1st Earl Brassey",sibling,panel;rush
Q5718544,Henry Brassey,Q4709792,Albert Brassey,sibling,panel
Q5718544,Henry Brassey,Q7342109,Robert Brassey,uncle/aunt,panel
Q5718644,Henry Broadley,Q8010935,William Harrison-Broadley,niece/nephew,rush
Q5718739,Henry Bruce Armstrong,Q5006934,C. W. Armstrong,child;parent,panel;rush
Q5718758,Henry Bruen,Q5480351,Francis Bruen,sibling,panel;rush
Q5718758,Henry Bruen,Q5718763,Henry Bruen,child;parent,panel;rush
Q5718763,Henry Bruen,Q5480351,Francis Bruen,niece/nephew;uncle/aunt,panel;rush
Q5718763,Henry Bruen,Q5718758,Henry Bruen,child;parent,panel;rush
Q5719091,"Henry Cadogan, 4th Earl Cadogan",Q3760457,"George Cadogan, 5th Earl Cadogan",child;parent,panel;rush
Q5719091,"Henry Cadogan, 4th Earl Cadogan",Q5342180,Edward Cadogan,grandparent,panel
Q5719091,"Henry Cadogan, 4th Earl Cadogan",Q5499057,Frederick William Cadogan,sibling,panel
Q5719091,"Henry Cadogan, 4th Earl Cadogan",Q9287820,"Henry Cadogan, Viscount Chelsea",grandchild;grandparent,panel;rush
Q5719237,Henry Cavendish,Q15456270,Hedworth Lambton,indirect,rush
Q5719237,Henry Cavendish,Q16063121,"William Cavendish, 2nd Baron Chesham",uncle/aunt,panel
Q5719237,Henry Cavendish,Q2411883,"Victor Cavendish, 9th Duke of Devonshire",indirect,rush
Q5719237,Henry Cavendish,Q337626,"William Cavendish, 7th Duke of Devonshire",niece/nephew,rush
Q5719237,Henry Cavendish,Q337887,"George Cavendish, 1st Earl of Burlington",child,panel
Q5719237,Henry Cavendish,Q5076148,"Charles Cavendish, 1st Baron Chesham",sibling,panel;rush
Q5719301,Henry Channon,Q3069915,"Paul Channon, Baron Kelvedon",child;parent,panel;rush
Q5719311,"Henry Chaplin, 1st Viscount Chaplin",Q333368,"Charles Vane-Tempest-Stewart, 7th Marquess of Londonderry",indirect,rush
Q5719311,"Henry Chaplin, 1st Viscount Chaplin",Q5342254,Edward Chaplin,sibling,panel;rush
Q5719665,Henry Cole,Q24254979,Arthur Cole,indirect,rush
Q5719665,Henry Cole,Q26388219,John Cole,sibling,panel;rush
Q5719665,Henry Cole,Q6694156,"Lowry Cole, 4th Earl of Enniskillen",indirect;niece/nephew;uncle/aunt,panel;rush
Q5719665,Henry Cole,Q8006971,"William Cole, 3rd Earl of Enniskillen",sibling,panel;rush
Q5719716,Henry Combe Compton,Q5480592,Francis Compton,child;parent,panel;rush
Q5719716,Henry Combe Compton,Q5721542,Henry Francis Compton,indirect,rush
Q5719917,Henry Cowper,Q5538175,"George Cowper, 6th Earl Cowper",child,panel
Q5719917,Henry Cowper,Q8007204,"William Cowper-Temple, 1st Baron Mount Temple",cousin;niece/nephew,panel;rush
Q5720017,"Henry Cubitt, 2nd Baron Ashcombe",Q5538264,"George Cubitt, 1st Baron Ashcombe",child;parent,panel;rush
Q5720022,Henry Gooch,Q334187,George Peabody Gooch,sibling,rush
Q5721175,Henry Fenwick,Q5729132,Henry Thomas Fenwick,child,rush
Q5721264,Henry FitzHardinge Berkeley,Q11771724,"Maurice Berkeley, 1st Baron FitzHardinge",sibling,panel
Q5721264,Henry FitzHardinge Berkeley,Q333400,Grantley Berkeley,sibling,panel
Q5721264,Henry FitzHardinge Berkeley,Q5075565,"Charles Berkeley, 3rd Baron FitzHardinge",uncle/aunt,panel
Q5721264,Henry FitzHardinge Berkeley,Q5182718,Craven Berkeley,sibling,panel
Q5721264,Henry FitzHardinge Berkeley,Q5480202,"Francis Berkeley, 2nd Baron FitzHardinge",uncle/aunt,panel
Q5721297,Henry Fitzroy,Q332927,Edward FitzRoy,indirect,rush
Q5721542,Henry Francis Compton,Q5480592,Francis Compton,indirect,rush
Q5721542,Henry Francis Compton,Q5719716,Henry Combe Compton,indirect,rush
Q5722087,Henry Gore-Langton,Q16741823,William Gore-Langton,child;parent,panel;rush
Q5722116,Henry Goulburn,Q18671035,Edward Goulburn,sibling,panel;rush
Q5722150,Henry Grattan,Q26213089,James Grattan,sibling,panel;rush
Q5722211,Henry Grenfell,Q21165612,John Ashley Warre,indirect,rush
Q5722211,Henry Grenfell,Q26293549,Henry Adeane,indirect,rush
Q5722211,Henry Grenfell,Q333887,"William Grenfell, 1st Baron Desborough",uncle/aunt,panel
Q5722211,Henry Grenfell,Q5078424,Charles Grenfell,child,panel
Q5722211,Henry Grenfell,Q5078425,Charles Grenfell,sibling,panel
Q5722211,Henry Grenfell,Q5343174,"Edward Grenfell, 1st Baron St Just",child;parent,panel;rush
Q5722290,Henry Guest,Q17322488,"Ivor Guest, 1st Viscount Wimborne",sibling,panel;rush
Q5722290,Henry Guest,Q3425074,Frederick Guest,sibling,panel;rush
Q5722290,Henry Guest,Q6099395,"Ivor Guest, 2nd Viscount Wimborne",niece/nephew;uncle/aunt,panel;rush
Q5722290,Henry Guest,Q7106014,Oscar Guest,sibling,panel;rush
Q5722542,Henry Hanbury-Tracy,Q5078742,"Charles Hanbury-Tracy, 1st Baron Sudeley",child,panel
Q5722555,Henry Hanmer,Q6237617,"John Hanmer, 1st Baron Hanmer",niece/nephew,rush
Q5722860,"Henry Hepburne-Scott, 7th Lord Polwarth",Q5482411,Francis Scott,sibling,panel
Q5723083,Henry Hobhouse,Q4799090,Arthur Hobhouse,child;parent,panel;rush
Q5723083,Henry Hobhouse,Q7526233,"Sir Charles Hobhouse, 4th Baronet",indirect,rush
Q5723097,Henry Hodgetts-Foley,Q5345591,Edward Thomas Foley,niece/nephew,panel
Q5723097,Henry Hodgetts-Foley,Q6239482,John Hodgetts-Foley,child,panel
Q5723318,Henry Howard,Q16058834,Henry Howard,parent,panel
Q5723318,Henry Howard,Q7596635,Stafford Howard,parent,panel
Q5723929,Henry Jervis-White-Jervis,Q5442169,Felix Cobbold,indirect,rush
Q5723929,Henry Jervis-White-Jervis,Q6226459,John Cobbold,indirect,rush
Q5723929,Henry Jervis-White-Jervis,Q6226460,John Cobbold,indirect,rush
Q5723929,Henry Jervis-White-Jervis,Q7788487,Thomas Cobbold,indirect,rush
Q5723964,Henry John Clements,Q24254896,Robert Clements,indirect,rush
Q5723964,Henry John Clements,Q26258111,Charles Clements,indirect,rush
Q5723964,Henry John Clements,Q8006887,"William Clements, 3rd Earl of Leitrim",indirect,rush
Q5724001,Henry John Stedman Cotton,Q5628181,H. E. A. Cotton,child,rush
Q5724913,"Henry Liddell, 2nd Earl of Ravensworth",Q5724916,"Henry Liddell, 1st Earl of Ravensworth",child;parent,panel;rush
Q5724916,"Henry Liddell, 1st Earl of Ravensworth",Q334505,"George Phipps, 2nd Marquess of Normanby",niece/nephew,rush
Q5724916,"Henry Liddell, 1st Earl of Ravensworth",Q337983,"Charles Yorke, 5th Earl of Hardwicke",niece/nephew,rush
Q5724916,"Henry Liddell, 1st Earl of Ravensworth",Q5724913,"Henry Liddell, 2nd Earl of Ravensworth",child;parent,panel;rush
Q5724916,"Henry Liddell, 1st Earl of Ravensworth",Q7527086,"Sir Hedworth Williamson, 8th Baronet",indirect,rush
Q5725062,"Henry Lopes, 1st Baron Ludlow",Q1907604,"Sir Massey Lopes, 3rd Baronet",sibling,panel;rush
Q5725062,"Henry Lopes, 1st Baron Ludlow",Q5725065,"Henry Lopes, 1st Baron Roborough",niece/nephew;uncle/aunt,panel;rush
Q5725062,"Henry Lopes, 1st Baron Ludlow",Q7528514,"Sir Ralph Lopes, 2nd Baronet",child;parent,panel;rush
Q5725065,"Henry Lopes, 1st Baron Roborough",Q1907604,"Sir Massey Lopes, 3rd Baronet",child;parent,panel;rush
Q5725065,"Henry Lopes, 1st Baron Roborough",Q5725062,"Henry Lopes, 1st Baron Ludlow",niece/nephew;uncle/aunt,panel;rush
Q5725065,"Henry Lopes, 1st Baron Roborough",Q7528514,"Sir Ralph Lopes, 2nd Baronet",grandchild;grandparent,panel;rush
Q5725106,"Henry Lowther, 3rd Earl of Lonsdale",Q1680725,"James William Lowther, 1st Viscount Ullswater",uncle/aunt,panel
Q5725106,"Henry Lowther, 3rd Earl of Lonsdale",Q5056199,Cecil Lowther,uncle/aunt,panel
Q5725106,"Henry Lowther, 3rd Earl of Lonsdale",Q5725113,Henry Lowther,child;parent,panel;rush
Q5725106,"Henry Lowther, 3rd Earl of Lonsdale",Q7527900,"Sir John Lowther, 2nd Baronet, of Swillington",indirect,rush
Q5725106,"Henry Lowther, 3rd Earl of Lonsdale",Q8014747,"William Lowther, 2nd Earl of Lonsdale",niece/nephew;uncle/aunt,panel;rush
Q5725106,"Henry Lowther, 3rd Earl of Lonsdale",Q8014752,William Lowther,sibling,panel;rush
Q5725113,Henry Lowther,Q1680725,"James William Lowther, 1st Viscount Ullswater",grandchild;grandparent,panel;rush
Q5725113,Henry Lowther,Q5056199,Cecil Lowther,grandparent,panel
Q5725113,Henry Lowther,Q5725106,"Henry Lowther, 3rd Earl of Lonsdale",child;parent,panel;rush
Q5725113,Henry Lowther,Q7527900,"Sir John Lowther, 2nd Baronet, of Swillington",indirect,rush
Q5725113,Henry Lowther,Q8014747,"William Lowther, 2nd Earl of Lonsdale",sibling,panel;rush
Q5725113,Henry Lowther,Q8014752,William Lowther,child;parent,panel;rush
Q5725205,"Henry Lygon, 4th Earl Beauchamp",Q16065804,"Henry Lygon, 5th Earl Beauchamp",child;parent,panel;rush
Q5725205,"Henry Lygon, 4th Earl Beauchamp",Q5498321,"Frederick Lygon, 6th Earl Beauchamp",child;parent,panel;rush
Q5725578,Henry Feilden,Q25998074,Joseph Feilden,child;parent,panel;rush
Q5725578,Henry Feilden,Q6283050,Joseph Feilden,sibling,panel;rush
Q5725625,"Henry Maxwell, 7th Baron Farnham",Q5343734,Edward James Saunderson,niece/nephew,rush
Q5725625,"Henry Maxwell, 7th Baron Farnham",Q6139118,"James Maxwell, 9th Baron Farnham",sibling,panel
Q5725625,"Henry Maxwell, 7th Baron Farnham",Q7559819,Somerset Maxwell,indirect,rush
Q5725625,"Henry Maxwell, 7th Baron Farnham",Q7559889,"Somerset Maxwell, 8th Baron Farnham",sibling,panel;rush
Q5725696,Henry McGhee,Q7327738,Richard McGhee,parent,rush
Q5725740,Henry McLaren,Q5080854,"Charles McLaren, 1st Baron Aberconway",child,panel
Q5725740,Henry McLaren,Q5314516,Duncan McLaren,grandchild;grandparent,panel;rush
Q5725740,Henry McLaren,Q5481905,Francis McLaren,sibling,panel;rush
Q5725740,Henry McLaren,Q6248044,John McLaren,niece/nephew;uncle/aunt,panel;rush
Q5725740,Henry McLaren,Q6776167,Martin McLaren,niece/nephew;uncle/aunt,panel;rush
Q5725740,Henry McLaren,Q7965601,Walter McLaren,niece/nephew;uncle/aunt,panel;rush
Q5725848,"Henry Meysey-Thompson, 1st Baron Knaresborough",Q5393565,Ernest Meysey-Thompson,sibling,rush
Q5725848,"Henry Meysey-Thompson, 1st Baron Knaresborough",Q7175415,"Peter Legh, 4th Baron Newton",grandchild,rush
Q5725848,"Henry Meysey-Thompson, 1st Baron Knaresborough",Q7527055,"Sir Harry Meysey-Thompson, 1st Baronet",child;parent,panel;rush
Q5725940,"Henry Mond, 2nd Baron Melchett",Q333591,"Alfred Mond, 1st Baron Melchett",child;parent,panel;rush
Q5726129,"Henry Mulholland, 2nd Baron Dunleath",Q6249740,"John Mulholland, 1st Baron Dunleath",child,panel
Q5726156,Henry Munster,Q26701887,William Munster,child,rush
Q5726659,"Henry Paget, 3rd Marquess of Anglesey",Q10288965,Lord George Paget,niece/nephew;uncle/aunt,panel;rush
Q5726659,"Henry Paget, 3rd Marquess of Anglesey",Q13582500,"Henry Paget, 2nd Marquess of Anglesey",child,panel
Q5726659,"Henry Paget, 3rd Marquess of Anglesey",Q369723,Lord Alfred Paget,niece/nephew;uncle/aunt,panel;rush
Q5726659,"Henry Paget, 3rd Marquess of Anglesey",Q6679084,Clarence Paget,niece/nephew;uncle/aunt,panel;rush
Q5726659,"Henry Paget, 3rd Marquess of Anglesey",Q6680031,William Paget,niece/nephew;uncle/aunt,panel;rush
Q5726789,Henry Pease,Q4799939,Arthur Pease,uncle/aunt,panel
Q5726789,Henry Pease,Q6286166,Joseph Pease,sibling,panel
Q5726789,Henry Pease,Q7528199,"Sir Joseph Pease, 1st Baronet",uncle/aunt,panel
Q5726814,Henry Peirson Harland,Q3030361,Edward Harland,indirect,rush
Q5726814,Henry Peirson Harland,Q4710423,Albert Harland,sibling,rush
Q5726862,"Henry Percy, Earl Percy",Q1241117,"Eustace Percy, 1st Baron Percy of Newcastle",sibling,panel;rush
Q5726862,"Henry Percy, Earl Percy",Q337686,"Algernon Percy, 6th Duke of Northumberland",grandchild;grandparent,panel;rush
Q5726862,"Henry Percy, Earl Percy",Q6678906,Lord Algernon Percy,niece/nephew,panel
Q5726862,"Henry Percy, Earl Percy",Q762750,"Henry Percy, 7th Duke of Northumberland",child;parent,panel;rush
Q5727490,"Henry Reynolds-Moreton, 2nd Earl of Ducie",Q4821488,Augustus Macdonald,sibling,panel;rush
Q5727490,"Henry Reynolds-Moreton, 2nd Earl of Ducie",Q5727493,"Henry Reynolds-Moreton, 3rd Earl of Ducie",child;parent,panel;rush
Q5727490,"Henry Reynolds-Moreton, 2nd Earl of Ducie",Q5727495,"Henry Reynolds-Moreton, Lord Moreton",grandchild;grandparent,panel;rush
Q5727493,"Henry Reynolds-Moreton, 3rd Earl of Ducie",Q4821488,Augustus Macdonald,niece/nephew;uncle/aunt,panel;rush
Q5727493,"Henry Reynolds-Moreton, 3rd Earl of Ducie",Q5544472,"George Shaw-Lefevre, 1st Baron Eversley",indirect,rush
Q5727493,"Henry Reynolds-Moreton, 3rd Earl of Ducie",Q5727490,"Henry Reynolds-Moreton, 2nd Earl of Ducie",child;parent,panel;rush
Q5727493,"Henry Reynolds-Moreton, 3rd Earl of Ducie",Q5727495,"Henry Reynolds-Moreton, Lord Moreton",child;parent,panel;rush
Q5727493,"Henry Reynolds-Moreton, 3rd Earl of Ducie",Q6135713,James Haughton Langston,indirect,rush
Q5727495,"Henry Reynolds-Moreton, Lord Moreton",Q4821488,Augustus Macdonald,indirect,rush
Q5727495,"Henry Reynolds-Moreton, Lord Moreton",Q5727490,"Henry Reynolds-Moreton, 2nd Earl of Ducie",grandchild;grandparent,panel;rush
Q5727495,"Henry Reynolds-Moreton, Lord Moreton",Q5727493,"Henry Reynolds-Moreton, 3rd Earl of Ducie",child;parent,panel;rush
Q5727495,"Henry Reynolds-Moreton, Lord Moreton",Q6135713,James Haughton Langston,grandparent,rush
Q5727972,Henry Samuelson,Q4894226,Bernhard Samuelson,child;parent,panel;rush
Q5727972,Henry Samuelson,Q5576536,Godfrey Samuelson,sibling,panel;rush
Q5728226,Henry Seymour,Q13529937,"Hugh Seymour, 6th Marquess of Hertford",niece/nephew,rush
Q5728226,Henry Seymour,Q8016373,"William Ormsby-Gore, 2nd Baron Harlech",indirect,rush
Q5728455,Henry Smith Wright,Q5079274,Charles Ichabod Wright,sibling,panel;rush
Q5728825,"Henry Strutt, 2nd Baron Belper",Q5345487,"Edward Strutt, 1st Baron Belper",child,panel
Q5728843,Henry Sturt,Q5728846,"Henry Sturt, 1st Baron Alington",parent,panel
Q5728843,Henry Sturt,Q5941640,"Humphrey Sturt, 2nd Baron Alington",grandparent,panel
Q5728846,"Henry Sturt, 1st Baron Alington",Q5728843,Henry Sturt,child,panel
Q5728846,"Henry Sturt, 1st Baron Alington",Q5941640,"Humphrey Sturt, 2nd Baron Alington",parent,panel
Q5729132,Henry Thomas Fenwick,Q5721175,Henry Fenwick,parent,rush
Q5729143,Henry Thomas Howard,Q13582499,"Henry Howard, 18th Earl of Suffolk",niece/nephew;uncle/aunt,panel;rush
Q5729143,Henry Thomas Howard,Q2959381,Charles Howard-Bury,indirect,rush
Q5729143,Henry Thomas Howard,Q5079163,"Charles Howard, 17th Earl of Suffolk",sibling,panel;rush
Q5729143,Henry Thomas Howard,Q6136292,James Howard,sibling,panel;rush
Q5729188,"Henry Thynne, 6th Marquess of Bath",Q338382,"Thomas Thynne, 5th Marquess of Bath",child;parent,panel;rush
Q5729188,"Henry Thynne, 6th Marquess of Bath",Q6678901,Lord Alexander Thynne,niece/nephew;uncle/aunt,panel;rush
Q5729188,"Henry Thynne, 6th Marquess of Bath",Q6679354,Lord Henry Thynne,indirect,rush
Q5729236,Henry Torrens Anstruther,Q7528702,"Sir Robert Anstruther, 5th Baronet",child;parent,panel;rush
Q5730014,Henry Wentworth-FitzWilliam,Q26254028,"William Wentworth-Fitzwilliam, Viscount Milton",niece/nephew;uncle/aunt,panel;rush
Q5730014,Henry Wentworth-FitzWilliam,Q5083442,Charles Wentworth-FitzWilliam,niece/nephew;uncle/aunt,panel;rush
Q5730014,Henry Wentworth-FitzWilliam,Q5083446,"Charles Wentworth-Fitzwilliam, 5th Earl Fitzwilliam",grandchild;grandparent,panel;rush
Q5730014,Henry Wentworth-FitzWilliam,Q5546159,George Wentworth-FitzWilliam,niece/nephew;uncle/aunt,panel;rush
Q5730014,Henry Wentworth-FitzWilliam,Q6263500,John Wentworth-FitzWilliam,sibling,panel;rush
Q5730014,Henry Wentworth-FitzWilliam,Q7614395,"William Wentworth-Fitzwilliam, 7th Earl Fitzwilliam",niece/nephew;uncle/aunt,panel;rush
Q5730014,Henry Wentworth-FitzWilliam,Q8020193,"William Wentworth-FitzWilliam, Viscount Milton",sibling,panel;rush
Q5730014,Henry Wentworth-FitzWilliam,Q8020195,"William Wentworth-Fitzwilliam, 6th Earl Fitzwilliam",child;parent,panel;rush
Q5730028,"Henry Westenra, 3rd Baron Rossmore",Q15821520,John Westenra,sibling,panel;rush
Q5730053,"Henry White, 1st Baron Annaly",Q24248901,Samuel White,sibling,panel;rush
Q5730053,"Henry White, 1st Baron Annaly",Q26218356,Luke White,sibling,panel;rush
Q5730053,"Henry White, 1st Baron Annaly",Q5083590,Charles William White,child;parent,panel;rush
Q5730053,"Henry White, 1st Baron Annaly",Q6702449,"Luke White, 2nd Baron Annaly",child;parent,panel;rush
Q5730107,Henry Whitmore,Q7788361,Thomas Charlton Whitmore,sibling,panel;rush
Q5730107,Henry Whitmore,Q8020517,William Wolryche-Whitmore,indirect,rush
Q5730342,Henry Wilson,Q5056366,Cecil Wilson,child,rush
Q5730342,Henry Wilson,Q5076509,Charles Cowan,indirect,rush
Q5730351,Henry Wilson,Q26690029,Maitland Wilson,parent,panel
Q5730476,Henry Woods,Q5079056,Charles Hindley,indirect,rush
Q5730572,"Henry Wyndham, 2nd Baron Leconfield",Q13530077,Henry Wyndham,uncle/aunt,rush
Q5730572,"Henry Wyndham, 2nd Baron Leconfield",Q275465,George Wyndham,niece/nephew;uncle/aunt,panel;rush
Q5730572,"Henry Wyndham, 2nd Baron Leconfield",Q5083743,Charles Wyndham,uncle/aunt,rush
Q5730572,"Henry Wyndham, 2nd Baron Leconfield",Q7167656,Percy Wyndham,sibling,panel;rush
Q5730708,Henry d'Avigdor-Goldsmid,Q6146026,James d'Avigdor-Goldsmid,sibling,panel;rush
Q5733773,"Herbert Cayzer, 1st Baron Rotherwick",Q7526191,"Sir Charles Cayzer, 1st Baronet",child;parent,panel;rush
Q5733833,"Herbert Cozens-Hardy, 1st Baron Cozens-Hardy",Q8007217,"William Cozens-Hardy, 2nd Baron Cozens-Hardy",child;parent,panel;rush
Q5733912,"Herbert Dixon, 1st Baron Glentoran",Q7526381,"Sir Daniel Dixon, 1st Baronet",child;parent,panel;rush
Q5734170,"Herbert Gardner, 1st Baron Burghclere",Q16031440,Alan Coulston Gardner,sibling,panel
Q5734579,Herbert Ingram,Q7529636,"Sir William Ingram, 1st Baronet",child;parent,panel;rush
Q5734664,Herbert James Craig,Q6131870,James Craig,child;parent,panel;rush
Q5734691,"Herbert Jessel, 1st Baron Jessel",Q333938,George Jessel,child;parent,panel;rush
Q5734817,Herbert Knatchbull-Hugessen,Q5343961,"Edward Knatchbull-Hugessen, 1st Baron Brabourne",sibling,panel;rush
Q5734817,Herbert Knatchbull-Hugessen,Q5343962,"Edward Knatchbull-Hugessen, 2nd Baron Brabourne",uncle/aunt,panel
Q5734817,Herbert Knatchbull-Hugessen,Q9250977,"Sir Edward Knatchbull, 9th Baronet",child;niece/nephew;parent,panel;rush
Q5734947,Herbert Lewis,Q8018678,William Caine,indirect,rush
Q5735228,"Herbert Pease, 1st Baron Daryngton",Q4799939,Arthur Pease,child,panel
Q5735228,"Herbert Pease, 1st Baron Daryngton",Q6286166,Joseph Pease,grandchild,panel
Q5735228,"Herbert Pease, 1st Baron Daryngton",Q7528199,"Sir Joseph Pease, 1st Baronet",niece/nephew,panel
Q5748334,Hew Hamilton Dalrymple,Q4684458,Adolphus Dalrymple,indirect,rush
Q5748334,Hew Hamilton Dalrymple,Q6228434,"John Dalrymple, 10th Earl of Stair",child;grandparent;parent,panel;rush
Q5748334,Hew Hamilton Dalrymple,Q6228436,"John Dalrymple, 12th Earl of Stair",child;niece/nephew,rush
Q5748334,Hew Hamilton Dalrymple,Q6228445,"John Dalrymple, 8th Earl of Stair",grandparent;indirect,rush
Q574896,Rachel Reeves,Q30234240,Ellie Reeves,sibling,rush
Q574980,Jacob Rees-Mogg,Q75583507,Theo Clarke,niece/nephew,rush
Q575462,Toby Perkins,Q4352362,A. P. Herbert,great-grandparent,rush
Q575693,Mark Pawsey,Q6197404,Jim Pawsey,child;parent,panel;rush
Q575881,Ian Paisley Jr,Q296597,Ian Paisley,child;parent,panel;rush
Q5759238,"Sir John Gilmour, 2nd Baronet",Q13529909,"Sir John Gilmour, 3rd Baronet",child;parent,panel;rush
Q5761464,"Hilda Runciman, Viscountess Runciman of Doxford",Q333376,"Walter Runciman, 1st Viscount Runciman of Doxford",spouse,rush
Q5761464,"Hilda Runciman, Viscountess Runciman of Doxford",Q6131521,James Cochran Stevenson,child;parent,panel;rush
Q5761464,"Hilda Runciman, Viscountess Runciman of Doxford",Q7966016,"Walter Runciman, 1st Baron Runciman",indirect,rush
Q5771276,"Sir George Grey, 2nd Baronet",Q333336,"Albert Grey, 4th Earl Grey",indirect,rush
Q5771276,"Sir George Grey, 2nd Baronet",Q5078440,Charles Grey,cousin;indirect,panel;rush
Q5771276,"Sir George Grey, 2nd Baronet",Q5081258,"Charles Noel, 2nd Earl of Gainsborough",niece/nephew,rush
Q5771276,"Sir George Grey, 2nd Baronet",Q7412920,Samuel Whitbread,cousin,panel;rush
Q5790068,"Lewis Harcourt, 1st Viscount Harcourt",Q3048714,Edward William Harcourt,niece/nephew,panel
Q5790068,"Lewis Harcourt, 1st Viscount Harcourt",Q7350597,Robert Harcourt,sibling,panel;rush
Q5790068,"Lewis Harcourt, 1st Viscount Harcourt",Q775821,William Vernon Harcourt,child;parent,panel;rush
Q5791051,Timothy Harrington,Q5343328,Edward Harrington,sibling,rush
Q58300372,"John Loftus, 3rd Marquess of Ely",Q4706577,"Alan Egerton, 3rd Baron Egerton",niece/nephew,rush
Q58300372,"John Loftus, 3rd Marquess of Ely",Q7619928,"Wilbraham Egerton, 1st Earl Egerton",niece/nephew,rush
Q58300372,"John Loftus, 3rd Marquess of Ely",Q8008502,"William Egerton, 1st Baron Egerton",indirect,rush
Q5902833,"Horatio Walpole, 4th Earl of Orford",Q5498984,Frederick Walpole,sibling,panel;rush
Q5919321,Howard Clifton Brown,Q11803339,James Clifton Brown,child;parent,panel;rush
Q5919321,Howard Clifton Brown,Q477587,"Douglas Clifton Brown, 1st Viscount Ruffside",sibling,panel
Q5919321,Howard Clifton Brown,Q7525922,"Sir Alexander Brown, 1st Baronet",niece/nephew,panel
Q5921151,Howard Vincent,Q333342,"Edgar Vincent, 1st Viscount D'Abernon",sibling,rush
Q5921151,Howard Vincent,Q5542536,George Moffatt,indirect,rush
Q5927153,Hubert Beaumont,Q6828520,Michael Beaumont,child;parent,panel;rush
Q5927153,Hubert Beaumont,Q7287229,Ralph Beaumont,uncle/aunt,panel
Q5927153,Hubert Beaumont,Q7559823,Somerset Beaumont,niece/nephew,panel
Q5927153,Hubert Beaumont,Q7794992,Thomas Wentworth Beaumont,grandchild,panel
Q5927153,Hubert Beaumont,Q7983008,"Wentworth Beaumont, 1st Baron Allendale",child;parent,panel;rush
Q5927153,Hubert Beaumont,Q7983009,"Wentworth Beaumont, 1st Viscount Allendale",sibling,panel
Q5927716,"Hubert de Burgh-Canning, 2nd Marquess of Clanricarde",Q4977230,Bruce Canning Vernon-Wentworth,niece/nephew,rush
Q5927716,"Hubert de Burgh-Canning, 2nd Marquess of Clanricarde",Q7878979,"Ulick de Burgh, Lord Dunkellin",sibling,panel
Q5928148,"Hucks Gibbs, 1st Baron Aldenham",Q4709004,"Alban Gibbs, 2nd Baron Aldenham",child;parent,panel;rush
Q5928148,"Hucks Gibbs, 1st Baron Aldenham",Q7924986,Vicary Gibbs,child;parent,panel;rush
Q5928688,Hudson Gurney,Q26213260,Richard Gurney,sibling,panel
Q5929788,Hugh Adair,Q7341344,"Robert Adair, 1st Baron Waveney",sibling,panel
Q5929861,"Hugh Annesley, 5th Earl Annesley",Q4797826,"Arthur Annesley, 11th Viscount Valentia",indirect,rush
Q5929861,"Hugh Annesley, 5th Earl Annesley",Q8004468,"William Annesley, 4th Earl Annesley",sibling,panel;rush
Q5930668,Hugh Elliot,Q1314450,"Sir George Elliot, 1st Baronet",indirect,rush
Q5930668,Hugh Elliot,Q4798589,Arthur Elliot,sibling,panel
Q5930668,Hugh Elliot,Q6231620,John Elliot,indirect,rush
Q5930668,Hugh Elliot,Q7526878,"Sir George Elliot, 2nd Baronet",indirect,rush
Q5930668,Hugh Elliot,Q7620964,"William Elliot-Murray-Kynynmound, 3rd Earl of Minto",child;parent,panel;rush
Q5930808,"Hugh Fortescue, 4th Earl Fortescue",Q5311875,Dudley Fortescue,niece/nephew,panel
Q5930808,"Hugh Fortescue, 4th Earl Fortescue",Q5359607,"Hugh Fortescue, 2nd Earl Fortescue",grandchild;grandparent,panel;rush
Q5930808,"Hugh Fortescue, 4th Earl Fortescue",Q5538434,George Dawson-Damer,grandparent,rush
Q5930808,"Hugh Fortescue, 4th Earl Fortescue",Q5930822,"Hugh Fortescue, 3rd Earl Fortescue",child;parent,panel;rush
Q5930808,"Hugh Fortescue, 4th Earl Fortescue",Q6233713,John William Fortescue,niece/nephew,panel
Q5930822,"Hugh Fortescue, 3rd Earl Fortescue",Q16887005,George Wilbraham,indirect,rush
Q5930822,"Hugh Fortescue, 3rd Earl Fortescue",Q5311875,Dudley Fortescue,sibling,panel
Q5930822,"Hugh Fortescue, 3rd Earl Fortescue",Q5359607,"Hugh Fortescue, 2nd Earl Fortescue",child;parent,panel;rush
Q5930822,"Hugh Fortescue, 3rd Earl Fortescue",Q5538434,George Dawson-Damer,indirect,rush
Q5930822,"Hugh Fortescue, 3rd Earl Fortescue",Q5930808,"Hugh Fortescue, 4th Earl Fortescue",child;parent,panel;rush
Q5930822,"Hugh Fortescue, 3rd Earl Fortescue",Q6233713,John William Fortescue,sibling,panel
Q5930848,Hugh Fraser,Q5076532,Charles Craufurd Fraser,indirect,rush
Q5930848,Hugh Fraser,Q7529596,"Sir William Fraser, 4th Baronet",indirect,rush
Q5931433,Hugh Law,Q15996123,Hugh Law,child;parent,panel;rush
Q5931537,Hugh Luttrell,Q26250760,"Sir Alexander Fuller-Acland-Hood, 3rd Baronet",grandparent,rush
Q5932043,Hugh Morrison,Q5081103,Charles Morrison,grandparent,panel
Q5932043,Hugh Morrison,Q6140042,James Morrison,sibling,panel;rush
Q5932043,Hugh Morrison,Q6249506,"John Morrison, 1st Baron Margadale",parent,panel
Q5932043,Hugh Morrison,Q7175955,Peter Morrison,grandparent,panel
Q5932053,Hugh Moulton,Q1845004,"John Fletcher Moulton, Baron Moulton",child,panel
Q5932449,Hugh Rathbone,Q333992,Eleanor Rathbone,indirect,rush
Q5932449,Hugh Rathbone,Q8017389,William Rathbone,indirect,rush
Q5933848,"Hugo Charteris, 11th Earl of Wemyss",Q5480498,"Francis Charteris, 10th Earl of Wemyss",child;parent,panel;rush
Q5933848,"Hugo Charteris, 11th Earl of Wemyss",Q7167656,Percy Wyndham,indirect,rush
Q5933848,"Hugo Charteris, 11th Earl of Wemyss",Q7593650,"St John Brodrick, 1st Earl of Midleton",indirect,rush
Q5935407,"Henry Petty-Fitzmaurice, 4th Marquess of Lansdowne",Q16066148,John Fox-Strangways,indirect,rush
Q5935407,"Henry Petty-Fitzmaurice, 4th Marquess of Lansdowne",Q337913,"Edmond Fitzmaurice, 1st Baron Fitzmaurice",parent,panel
Q5935407,"Henry Petty-Fitzmaurice, 4th Marquess of Lansdowne",Q3784987,"Henry Henry William Edmund Petty-Fitzmaurice, 6th Marquess of Lansdowne",grandchild,rush
Q5935407,"Henry Petty-Fitzmaurice, 4th Marquess of Lansdowne",Q8016840,"William Petty-FitzMaurice, Earl of Kerry",sibling,panel;rush
Q5941640,"Humphrey Sturt, 2nd Baron Alington",Q5728843,Henry Sturt,grandchild,panel
Q5941640,"Humphrey Sturt, 2nd Baron Alington",Q5728846,"Henry Sturt, 1st Baron Alington",child,panel
Q5944748,"Thomas Coke, 1st Earl of Leicester",Q5342350,Edward Coke,parent,panel
Q5944748,"Thomas Coke, 1st Earl of Leicester",Q5610529,Wenman Coke,parent,panel
Q597848,"Edmund FitzAlan-Howard, 1st Viscount FitzAlan of Derwent",Q3784929,"Henry Fitzalan-Howard, 14th Duke of Norfolk",child,panel
Q597848,"Edmund FitzAlan-Howard, 1st Viscount FitzAlan of Derwent",Q3784947,"Henry Howard, 13th Duke of Norfolk",grandchild,panel
Q597848,"Edmund FitzAlan-Howard, 1st Viscount FitzAlan of Derwent",Q5342919,"Edward Fitzalan-Howard, 1st Baron Howard of Glossop",niece/nephew,panel
Q5981200,Ian Clark Hutchison,Q5536108,George Hutchison,parent,rush
Q5981200,Ian Clark Hutchison,Q6829288,Michael Hutchison,sibling,rush
Q5982042,Ian Orr-Ewing,Q5080266,Charles Lindsay Orr-Ewing,child;parent,panel;rush
Q5982042,Ian Orr-Ewing,Q7526041,"Sir Archibald Orr-Ewing, 1st Baronet",grandchild;grandparent,panel;rush
Q5991023,"Sir William Molesworth, 8th Baronet",Q7528257,"Sir Lewis Molesworth, 11th Baronet",indirect,rush
Q5991237,Ifor Davies,Q691388,Huw Irranca-Davies,niece/nephew,rush
Q600636,George Cavendish-Bentinck,Q138559,Lord William Bentinck,uncle/aunt,rush
Q600636,George Cavendish-Bentinck,Q26701524,William Cavendish-Bentinck,child;parent,panel;rush
Q600636,George Cavendish-Bentinck,Q7527888,"Sir John Leslie, 1st Baronet",indirect,rush
Q606299,"Sir Arthur Dyke Acland, 13th Baronet",Q3525076,"Sir Thomas Dyke Acland, 10th Baronet",grandchild,panel
Q606299,"Sir Arthur Dyke Acland, 13th Baronet",Q5542038,"Sir Francis Dyke Acland, 14th Baronet",child;parent,panel;rush
Q606299,"Sir Arthur Dyke Acland, 13th Baronet",Q7323631,Richard Acland,grandchild;grandparent,panel;rush
Q606299,"Sir Arthur Dyke Acland, 13th Baronet",Q7529108,"Sir Thomas Dyke Acland, 11th Baronet",child;parent,panel;rush
Q606299,"Sir Arthur Dyke Acland, 13th Baronet",Q7529110,"Sir Thomas Dyke Acland, 12th Baronet",sibling,panel;rush
Q6063083,Ion Hamilton Benn,Q4800278,"Arthur Shirley Benn, 1st Baron Glenravel",sibling,rush
Q6074453,Irving Albery,Q4764189,Angus McDonnell,indirect,rush
Q6075018,Irwin Cox,Q5345894,Edward William Cox,child;parent,panel;rush
Q6076320,Isaac Foot,Q332419,Michael Foot,child;parent,panel;rush
Q6076320,Isaac Foot,Q334651,Dingle Foot,child;parent,panel;rush
Q608103,Antony Lambton,Q3377781,Hedworth Meux,indirect,rush
Q608103,Antony Lambton,Q5498238,"Frederick Lambton, 4th Earl of Durham",grandparent,rush
Q6084189,George W. E. Russell,Q157259,"John Russell, 1st Earl Russell",niece/nephew;uncle/aunt,panel;rush
Q6084189,George W. E. Russell,Q25689,"Francis Russell, 7th Duke of Bedford",niece/nephew,panel
Q6084189,George W. E. Russell,Q31177,"George Russell, 10th Duke of Bedford",indirect,rush
Q6084189,George W. E. Russell,Q31178,"Francis Russell, 9th Duke of Bedford",cousin,panel;rush
Q6084189,George W. E. Russell,Q6678929,Lord Arthur Russell,cousin,panel;rush
Q6084189,George W. E. Russell,Q6679056,Lord Charles Russell,child;parent,panel;rush
Q6084189,George W. E. Russell,Q6679210,Lord Edward Russell,niece/nephew;uncle/aunt,panel;rush
Q6084189,George W. E. Russell,Q6834882,"William Russell, 8th Duke of Bedford",cousin,panel;rush
Q6099395,"Ivor Guest, 2nd Viscount Wimborne",Q17322488,"Ivor Guest, 1st Viscount Wimborne",child;parent,panel;rush
Q6099395,"Ivor Guest, 2nd Viscount Wimborne",Q3425074,Frederick Guest,niece/nephew;uncle/aunt,panel;rush
Q6099395,"Ivor Guest, 2nd Viscount Wimborne",Q5722290,Henry Guest,niece/nephew;uncle/aunt,panel;rush
Q6099395,"Ivor Guest, 2nd Viscount Wimborne",Q7106014,Oscar Guest,niece/nephew;uncle/aunt,panel;rush
Q6099414,"Ivor Herbert, 1st Baron Treowen",Q7965993,Walter Roch,indirect,rush
Q6099477,Ivor Philipps,Q16023302,"John Philipps, 1st Viscount St Davids",sibling,panel
Q6099477,Ivor Philipps,Q3359001,"Owen Philipps, 1st Baron Kylsant",sibling,panel
Q6104908,"J. C. C. Davidson, 1st Viscount Davidson",Q5478591,"Frances Davidson, Viscountess Davidson",spouse,rush
Q6104908,"J. C. C. Davidson, 1st Viscount Davidson",Q5621480,"Willoughby Dickinson, 1st Baron Dickinson",indirect,rush
Q6105456,"John Seely, 1st Baron Mottistone",Q11802791,"Hugh Seely, 1st Baron Sherwood",niece/nephew;uncle/aunt,panel;rush
Q6105456,"John Seely, 1st Baron Mottistone",Q30234248,Bob Seely,great-great-niece/nephew,rush
Q6105456,"John Seely, 1st Baron Mottistone",Q5082431,Charles Seely,grandchild;grandparent,panel;rush
Q6105456,"John Seely, 1st Baron Mottistone",Q7526292,"Sir Charles Seely, 1st Baronet",child;parent,panel;rush
Q6105456,"John Seely, 1st Baron Mottistone",Q7526294,"Sir Charles Seely, 2nd Baronet",sibling,panel;rush
Q6107323,William Yates Peel,Q181875,Robert Peel,sibling,panel
Q6107323,William Yates Peel,Q20755914,Edmund Peel,sibling,panel
Q6107323,William Yates Peel,Q3041941,Jonathan Peel,sibling,panel
Q6107323,William Yates Peel,Q334165,Arthur Peel,uncle/aunt,panel
Q6107323,William Yates Peel,Q4685934,"Sir Robert Peel, 3rd Baronet",uncle/aunt,panel
Q6107323,William Yates Peel,Q5498541,Frederick Peel,uncle/aunt,panel
Q6107362,J. W. Henley,Q4772694,"Anthony Henley, 3rd Baron Henley",indirect,rush
Q6109153,William Goulding,Q5343145,"Edward Goulding, 1st Baron Wargrave",child;parent,panel;rush
Q6114554,"Jack Pease, 1st Baron Gainford",Q4799939,Arthur Pease,niece/nephew;uncle/aunt,panel;rush
Q6114554,"Jack Pease, 1st Baron Gainford",Q6286166,Joseph Pease,grandchild;grandparent,panel;rush
Q6114554,"Jack Pease, 1st Baron Gainford",Q7525972,"Sir Alfred Pease, 2nd Baronet",sibling,panel;rush
Q6114554,"Jack Pease, 1st Baron Gainford",Q7527149,"Sir Henry Havelock-Allan, 1st Baronet",indirect,rush
Q6114554,"Jack Pease, 1st Baron Gainford",Q7527151,"Sir Henry Havelock-Allan, 2nd Baronet",indirect,rush
Q6114554,"Jack Pease, 1st Baron Gainford",Q7528199,"Sir Joseph Pease, 1st Baronet",child;parent,panel;rush
Q6118350,Jacob Bell,Q6143431,James Spencer-Bell,child,rush
Q6119114,"Jacob Pleydell-Bouverie, 6th Earl of Radnor",Q7620919,"William Pleydell-Bouverie, 5th Earl of Radnor",child;parent,panel;rush
Q6125171,Jakie Astor,Q195013,"Nancy Astor, Viscountess Astor",child;parent,panel;rush
Q6125171,Jakie Astor,Q2580935,"William Astor, 3rd Viscount Astor",sibling,panel;rush
Q6125171,Jakie Astor,Q2619726,"Waldorf Astor, 2nd Viscount Astor",child;parent,panel;rush
Q6125171,Jakie Astor,Q332783,"John Jacob Astor, 1st Baron Astor of Hever",niece/nephew;uncle/aunt,panel;rush
Q6125171,Jakie Astor,Q6219659,John Astor,cousin,panel;rush
Q6125171,Jakie Astor,Q6828289,Michael Astor,sibling,panel;rush
Q6128517,James Alexander Campbell,Q106618,Henry Campbell-Bannerman,sibling,panel;rush
Q6128537,James Lindsay,Q336404,"James Lindsay, 26th Earl of Crawford",niece/nephew,rush
Q6128537,James Lindsay,Q5080257,Charles Lindsay,sibling,panel;rush
Q6129021,"James Avon Clyde, Lord Clyde",Q6137806,"James Latham Clyde, Lord Clyde",child,rush
Q6129250,James Baird,Q11806757,William Baird,sibling,panel;rush
Q6130302,James Brougham,Q8005994,"William Brougham, 2nd Baron Brougham and Vaux",sibling,panel;rush
Q6131039,James Carmichael,Q11722946,"Neil Carmichael, Baron Carmichael of Kelvingrove",child,rush
Q6131068,"James Carr-Boyle, 5th Earl of Glasgow",Q5537179,"George Boyle, 6th Earl of Glasgow",sibling,panel
Q6131521,James Cochran Stevenson,Q333376,"Walter Runciman, 1st Viscount Runciman of Doxford",indirect,rush
Q6131521,James Cochran Stevenson,Q5761464,"Hilda Runciman, Viscountess Runciman of Doxford",child;parent,panel;rush
Q6131870,James Craig,Q5734664,Herbert James Craig,child;parent,panel;rush
Q6132618,James Dickson,Q7786990,Thomas Alexander Dickson,child;parent,panel;rush
Q6132890,James Duff,Q5498837,"Frederick Thellusson, 5th Baron Rendlesham",sibling,panel
Q6133505,James Erskine Wemyss,Q6135750,James Hay Erskine Wemyss,child;parent,panel;rush
Q6133534,James Evan Baillie,Q16065803,Hugh Duncan Baillie,sibling,panel
Q6133534,James Evan Baillie,Q5717706,Henry Baillie,sibling;uncle/aunt,panel;rush
Q6134098,James Fortescue Harrison,Q6678928,Arthur Hill,indirect,rush
Q6134516,James Garth Marshall,Q6246844,John Marshall,sibling,panel;rush
Q6134516,James Garth Marshall,Q8015152,William Marshall,sibling,panel;rush
Q6135005,"James Grimston, 2nd Earl of Verulam",Q5343196,Edward Grimston,sibling,panel;rush
Q6135005,"James Grimston, 2nd Earl of Verulam",Q6135007,"James Grimston, 3rd Earl of Verulam",child;parent,panel;rush
Q6135005,"James Grimston, 2nd Earl of Verulam",Q6236441,"John Grimston, 6th Earl of Verulam",indirect,rush
Q6135005,"James Grimston, 2nd Earl of Verulam",Q7620919,"William Pleydell-Bouverie, 5th Earl of Radnor",niece/nephew,rush
Q6135007,"James Grimston, 3rd Earl of Verulam",Q5343196,Edward Grimston,niece/nephew;uncle/aunt,panel;rush
Q6135007,"James Grimston, 3rd Earl of Verulam",Q6135005,"James Grimston, 2nd Earl of Verulam",child;parent,panel;rush
Q6135007,"James Grimston, 3rd Earl of Verulam",Q6236441,"John Grimston, 6th Earl of Verulam",grandchild,rush
Q6135007,"James Grimston, 3rd Earl of Verulam",Q7620919,"William Pleydell-Bouverie, 5th Earl of Radnor",cousin,rush
Q6135508,James Hans Hamilton,Q15072599,Lord Ernest Hamilton,indirect,rush
Q6135508,James Hans Hamilton,Q16059696,"Ion Hamilton, 1st Baron HolmPatrick",child;parent,panel;rush
Q6135508,James Hans Hamilton,Q1869870,Lord Frederick Spencer Hamilton,indirect,rush
Q6135508,James Hans Hamilton,Q2679435,Lord Claud Hamilton,indirect,rush
Q6135508,James Hans Hamilton,Q332813,"James Hamilton, 3rd Duke of Abercorn",indirect,rush
Q6135508,James Hans Hamilton,Q335270,"James Hamilton, 2nd Duke of Abercorn",indirect,rush
Q6135508,James Hans Hamilton,Q6679103,Lord Claud Hamilton,indirect,rush
Q6135713,James Haughton Langston,Q5727493,"Henry Reynolds-Moreton, 3rd Earl of Ducie",indirect,rush
Q6135713,James Haughton Langston,Q5727495,"Henry Reynolds-Moreton, Lord Moreton",grandchild,rush
Q6135750,James Hay Erskine Wemyss,Q6133505,James Erskine Wemyss,child;parent,panel;rush
Q6135821,"James Heathcote-Drummond-Willoughby, 3rd Earl of Ancaster",Q2619726,"Waldorf Astor, 2nd Viscount Astor",indirect,rush
Q6135821,"James Heathcote-Drummond-Willoughby, 3rd Earl of Ancaster",Q5128637,Claud Heathcote-Drummond-Willoughby,niece/nephew;uncle/aunt,panel;rush
Q6135821,"James Heathcote-Drummond-Willoughby, 3rd Earl of Ancaster",Q5560968,"Gilbert Heathcote-Drummond-Willoughby, 2nd Earl of Ancaster",child;parent,panel;rush
Q6135821,"James Heathcote-Drummond-Willoughby, 3rd Earl of Ancaster",Q7620761,"Gilbert Heathcote-Drummond-Willoughby, 1st Earl of Ancaster",grandchild,panel
Q6135882,James Henry Deakin,Q49681995,James Henry Deakin,child,panel
Q6136005,James Heywood,Q4888811,Benjamin Heywood,sibling,panel
Q6136223,James Hope,Q3012172,Alexander Hope,uncle/aunt,rush
Q6136223,James Hope,Q5079116,Charles Hope,sibling,panel;rush
Q6136223,James Hope,Q7790796,Thomas Hope,indirect;uncle/aunt,panel;rush
Q6136292,James Howard,Q13582499,"Henry Howard, 18th Earl of Suffolk",uncle/aunt,panel
Q6136292,James Howard,Q5079163,"Charles Howard, 17th Earl of Suffolk",sibling,panel
Q6136292,James Howard,Q5729143,Henry Thomas Howard,sibling,panel;rush
Q6137736,James Lamont,Q21545203,Norman Lamont,indirect,rush
Q6137736,James Lamont,Q7528392,"Sir Norman Lamont, 2nd Baronet",child,rush
Q6137806,"James Latham Clyde, Lord Clyde",Q6129021,"James Avon Clyde, Lord Clyde",parent,rush
Q6138080,James Lindsay,Q26034503,"Sir Henry Pelly, 3rd Baronet",grandparent,rush
Q6138080,James Lindsay,Q335822,"Robert Lindsay, 29th Earl of Crawford",niece/nephew;uncle/aunt,panel;rush
Q6138080,James Lindsay,Q336404,"James Lindsay, 26th Earl of Crawford",grandchild;grandparent,panel;rush
Q6138080,James Lindsay,Q3703236,"David Lindsay, 27th Earl of Crawford",child;parent,panel;rush
Q6138080,James Lindsay,Q5236632,"David Lindsay, 28th Earl of Crawford",sibling,panel;rush
Q6138142,James Loch,Q5541785,George Loch,child,rush
Q6138142,James Loch,Q6245083,John Loch,sibling,panel
Q6138705,James Mackenzie Maclean,Q7526284,"Sir Charles Rose, 1st Baronet",indirect,rush
Q6138829,"James Maitland, 9th Earl of Lauderdale",Q18526520,Anthony Maitland,sibling,panel
Q6138831,James Maitland Balfour,Q17308768,James Balfour,child;parent,panel;rush
Q6138831,James Maitland Balfour,Q19008,Arthur Balfour,parent,panel
Q6138831,James Maitland Balfour,Q2917086,"Gerald Balfour, 2nd Earl of Balfour",parent,panel
Q6138832,James Majendie,Q6536838,Lewis Majendie,parent,rush
Q6139012,James Martin McCalmont,Q7347467,Robert McCalmont,child;parent,panel;rush
Q6139118,"James Maxwell, 9th Baron Farnham",Q5725625,"Henry Maxwell, 7th Baron Farnham",sibling,panel
Q6139118,"James Maxwell, 9th Baron Farnham",Q7559819,Somerset Maxwell,indirect,rush
Q6139118,"James Maxwell, 9th Baron Farnham",Q7559889,"Somerset Maxwell, 8th Baron Farnham",sibling,panel;rush
Q6139120,James Maxton,Q64330,John Maxton,indirect,rush
Q6139316,"James McGarel-Hogg, 1st Baron Magheramorne",Q7527438,"Sir James Hogg, 1st Baronet",child,panel
Q6139821,James Milnes Gaskell,Q5078003,Charles Milnes Gaskell,child;parent,panel;rush
Q6140042,James Morrison,Q5932043,Hugh Morrison,sibling,panel;rush
Q6140042,James Morrison,Q6249506,"John Morrison, 1st Baron Margadale",uncle/aunt,panel
Q6140050,James Morrison,Q7965678,Walter Morrison,child;parent,panel;rush
Q6140508,James O'Mara,Q7610126,Stephen O'Mara,child;parent,panel;rush
Q6140591,"James Ogilvy-Grant, 9th Earl of Seafield",Q26758914,Francis Grant,indirect;sibling,panel;rush
Q6140591,"James Ogilvy-Grant, 9th Earl of Seafield",Q5482088,"Francis Ogilvy-Grant, 6th Earl of Seafield",child;indirect,panel;rush
Q6140591,"James Ogilvy-Grant, 9th Earl of Seafield",Q7526897,"Sir George Macpherson-Grant, 3rd Baronet",child,rush
Q6140659,James Orr MacAndrew,Q13529979,"Charles MacAndrew, 1st Baron MacAndrew",sibling,rush
Q6140680,James Oswald,Q4719043,Alexander Haldane Oswald,niece/nephew,rush
Q6140680,James Oswald,Q7323675,Richard Alexander Oswald,sibling,rush
Q6141825,James Ramsden,Q6830920,Michael Hamilton,indirect,rush
Q6141825,James Ramsden,Q7526278,Charles Ponsonby,indirect,rush
Q6141977,"James Remnant, 1st Baron Remnant",Q7176565,Peter Remnant,child;parent,panel;rush
Q6142173,"Sir James Rivett-Carnac, 1st Baronet",Q16063094,"Sir John Rivett-Carnac, 2nd Baronet",child;parent,panel;rush
Q6142337,James Rochfort Maguire,Q334165,Arthur Peel,indirect,rush
Q6142467,James Round,Q17180626,Charles Wing Gray,indirect,rush
Q6142467,James Round,Q5078392,Charles Gray Round,uncle/aunt,rush
Q6142467,James Round,Q6255760,John Round,indirect,rush
Q6142723,James Sadleir,Q5675126,John Sadleir,sibling,rush
Q6143153,James Sidebottom,Q7816107,Tom Harrop Sidebottom,indirect,rush
Q6143153,James Sidebottom,Q8018425,William Sidebottom,indirect,rush
Q6143431,James Spencer-Bell,Q6118350,Jacob Bell,parent,rush
Q6143798,James Stuart-Wortley,Q4786530,Archibald Stuart-Wortley,niece/nephew,rush
Q6143798,James Stuart-Wortley,Q5082737,"Charles Stuart-Wortley, 1st Baron Stuart of Wortley",parent,panel
Q6143798,James Stuart-Wortley,Q6235315,John Gilbert Talbot,niece/nephew,rush
Q6143798,James Stuart-Wortley,Q6259508,"John Stuart-Wortley, 2nd Baron Wharncliffe",sibling,panel;rush
Q6145570,James William Freshfield,Q5077887,Charles Freshfield,child,rush
Q6145654,"James Williamson, 1st Baron Ashton",Q2920090,"William Peel, 1st Earl Peel",indirect,rush
Q6145790,"James Woodhouse, 1st Baron Terrington",Q1086853,"Montague Woodhouse, 5th Baron Terrington",grandchild,rush
Q6145790,"James Woodhouse, 1st Baron Terrington",Q7920843,"Vera Woodhouse, Lady Terrington",indirect,rush
Q6146026,James d'Avigdor-Goldsmid,Q5730708,Henry d'Avigdor-Goldsmid,sibling,panel;rush
Q6153138,Jennie Adamson,Q15995651,William Murdoch Adamson,spouse,rush
Q6164005,Jasper More,Q7346069,Robert Jasper More,indirect,rush
Q6197404,Jim Pawsey,Q575693,Mark Pawsey,child;parent,panel;rush
Q6198115,Jim Sillars,Q334376,Margo MacDonald,indirect,rush
Q6218435,John Albert Bright,Q176524,John Bright,child;parent,panel;rush
Q6218435,John Albert Bright,Q3157526,Jacob Bright,niece/nephew;sibling,panel;rush
Q6218435,John Albert Bright,Q8014407,William Leatham Bright,sibling,panel
Q6219112,John Angerstein,Q8004453,William Angerstein,child,rush
Q6219146,John Annan Bryce,Q336497,"James Bryce, 1st Viscount Bryce",sibling,panel;rush
Q6219659,John Astor,Q195013,"Nancy Astor, Viscountess Astor",indirect,rush
Q6219659,John Astor,Q2580935,"William Astor, 3rd Viscount Astor",cousin,panel;rush
Q6219659,John Astor,Q2619726,"Waldorf Astor, 2nd Viscount Astor",niece/nephew;uncle/aunt,panel;rush
Q6219659,John Astor,Q332783,"John Jacob Astor, 1st Baron Astor of Hever",child;parent,panel;rush
Q6219659,John Astor,Q6125171,Jakie Astor,cousin,panel;rush
Q6219659,John Astor,Q6828289,Michael Astor,cousin,panel;rush
Q6220251,John Bagshaw,Q26272449,Robert Bagshaw,child;parent,panel;rush
Q6220252,John Baguley Brooks,Q7529549,"Sir William Brooks, 1st Baronet",uncle/aunt,rush
Q6220294,John Baillie,Q16065803,Hugh Duncan Baillie,sibling,rush
Q6220294,John Baillie,Q5717706,Henry Baillie,sibling,rush
Q6220365,John Baker,Q5660018,Harold Trevor Baker,child,rush
Q6221627,"John Beresford, 5th Marquess of Waterford",Q323773,Charles Beresford,sibling,panel;rush
Q6221791,"John Bethell, 1st Baron Bethell",Q15998931,Thomas Bethell,sibling,panel;rush
Q6222086,John Blackett,Q17081399,Christopher Blackett,child;parent,panel;rush
Q6222439,John Bonham-Carter,Q15989854,John Bonham-Carter,child;parent,panel;rush
Q6223273,John Brocklehurst,Q8005960,William Brocklehurst Brocklehurst,grandchild,rush
Q6223273,John Brocklehurst,Q8006927,William Brocklehurst,child;parent,panel;rush
Q6223903,John Karslake,Q25991552,Edward Karslake,sibling,rush
Q6224784,John Calcraft,Q24254779,John Hales Calcraft,parent,panel
Q6224784,John Calcraft,Q24254838,Granby Calcraft,parent,panel
Q6224784,John Calcraft,Q26267738,John Calcraft,grandparent,panel
Q6224958,"John Campbell, 2nd Earl Cawdor",Q5497491,"Frederick Campbell, 3rd Earl Cawdor",child;parent,panel;rush
Q6224958,"John Campbell, 2nd Earl Cawdor",Q5538925,"George Egerton, 2nd Earl of Ellesmere",indirect,rush
Q6224958,"John Campbell, 2nd Earl Cawdor",Q6227814,"John Cuffe, 3rd Earl of Desart",indirect,rush
Q6225803,John Charles Williams,Q26265403,Alfred Williams,child,rush
Q6225803,John Charles Williams,Q5083597,Charles Williams,child,rush
Q6225803,John Charles Williams,Q7526795,"Sir Frederick Williams, 2nd Baronet",indirect,rush
Q6225806,John Charlesworth Dodgson-Charlesworth,Q17279210,Albany Hawkes Charlesworth,child,rush
Q6225845,John Cheetham,Q6234106,John Frederick Cheetham,child,rush
Q6225845,John Cheetham,Q6290069,Joshua Milne Cheetham,indirect,rush
Q6226459,John Cobbold,Q5442169,Felix Cobbold,child;parent,panel;rush
Q6226459,John Cobbold,Q5723929,Henry Jervis-White-Jervis,indirect,rush
Q6226459,John Cobbold,Q6226460,John Cobbold,child;parent,panel;rush
Q6226459,John Cobbold,Q7788487,Thomas Cobbold,child;parent,panel;rush
Q6226460,John Cobbold,Q5442169,Felix Cobbold,sibling,panel;rush
Q6226460,John Cobbold,Q5723929,Henry Jervis-White-Jervis,indirect,rush
Q6226460,John Cobbold,Q6226459,John Cobbold,child;parent,panel;rush
Q6226460,John Cobbold,Q7788487,Thomas Cobbold,sibling,panel;rush
Q6226785,John Colville,Q6226788,"John Colville, 1st Baron Clydesmuir",child;parent,panel;rush
Q6226788,"John Colville, 1st Baron Clydesmuir",Q6226785,John Colville,child;parent,panel;rush
Q6227380,John Cowell-Stepney,Q7526056,Arthur Cowell-Stepney,child;parent,panel;rush
Q6227494,John Vivian,Q12072266,"Henry Vivian, 1st Baron Swansea",cousin,panel;rush
Q6227494,John Vivian,Q3787726,"Hussey Vivian, 1st Baron Vivian",child;parent,panel;rush
Q6227494,John Vivian,Q4800546,Arthur Vivian,cousin,panel;rush
Q6227494,John Vivian,Q5083146,"Charles Vivian, 2nd Baron Vivian",sibling,panel;rush
Q6227494,John Vivian,Q6238967,John Henry Vivian,niece/nephew;uncle/aunt,panel;rush
Q6227624,"John Crichton, 4th Earl Erne",Q6694156,"Lowry Cole, 4th Earl of Enniskillen",indirect,rush
Q6227624,"John Crichton, 4th Earl Erne",Q8006971,"William Cole, 3rd Earl of Enniskillen",indirect,rush
Q6227760,John Crossley,Q16065524,Francis Crossley,sibling,panel;rush
Q6227760,John Crossley,Q3048490,Edward Crossley,indirect,rush
Q6227760,John Crossley,Q7428221,"Savile Crossley, 1st Baron Somerleyton",indirect;uncle/aunt,panel;rush
Q6227814,"John Cuffe, 3rd Earl of Desart",Q6224958,"John Campbell, 2nd Earl Cawdor",indirect,rush
Q6228434,"John Dalrymple, 10th Earl of Stair",Q4684458,Adolphus Dalrymple,indirect,rush
Q6228434,"John Dalrymple, 10th Earl of Stair",Q5748334,Hew Hamilton Dalrymple,child;grandchild;parent,panel;rush
Q6228434,"John Dalrymple, 10th Earl of Stair",Q6228436,"John Dalrymple, 12th Earl of Stair",grandchild,rush
Q6228434,"John Dalrymple, 10th Earl of Stair",Q6228445,"John Dalrymple, 8th Earl of Stair",indirect,rush
Q6228436,"John Dalrymple, 12th Earl of Stair",Q5748334,Hew Hamilton Dalrymple,parent;uncle/aunt,rush
Q6228436,"John Dalrymple, 12th Earl of Stair",Q6228434,"John Dalrymple, 10th Earl of Stair",grandparent,rush
Q6228436,"John Dalrymple, 12th Earl of Stair",Q6228445,"John Dalrymple, 8th Earl of Stair",indirect,rush
Q6228445,"John Dalrymple, 8th Earl of Stair",Q4684458,Adolphus Dalrymple,indirect,rush
Q6228445,"John Dalrymple, 8th Earl of Stair",Q5748334,Hew Hamilton Dalrymple,grandchild;indirect,rush
Q6228445,"John Dalrymple, 8th Earl of Stair",Q6228434,"John Dalrymple, 10th Earl of Stair",indirect,rush
Q6228445,"John Dalrymple, 8th Earl of Stair",Q6228436,"John Dalrymple, 12th Earl of Stair",indirect,rush
Q6229296,"John Dewar, 1st Baron Forteviot",Q38367,"Thomas Dewar, 1st Baron Dewar",sibling,panel;rush
Q6229296,"John Dewar, 1st Baron Forteviot",Q4798455,"Arthur Dewar, Lord Dewar",sibling,panel;rush
Q6229878,"John Douglas-Scott-Montagu, 2nd Baron Montagu of Beaulieu",Q337468,"William Montagu Douglas Scott, 6th Duke of Buccleuch",niece/nephew,panel
Q6229878,"John Douglas-Scott-Montagu, 2nd Baron Montagu of Beaulieu",Q6259508,"John Stuart-Wortley, 2nd Baron Wharncliffe",grandparent,rush
Q6229878,"John Douglas-Scott-Montagu, 2nd Baron Montagu of Beaulieu",Q664073,"Henry Douglas-Scott-Montagu, 1st Baron Montagu of Beaulieu",child;parent,panel;rush
Q6229949,John Dove Harris,Q25863567,Richard Harris,parent,rush
Q6230399,John Dundas,Q26213078,Robert Lawrence Dundas,uncle/aunt,rush
Q6230399,John Dundas,Q3828136,"Lawrence Dundas, 1st Marquess of Zetland",child;parent,panel;rush
Q6230399,John Dundas,Q6230401,John Dundas,child;parent,panel;rush
Q6230399,John Dundas,Q6504006,"Lawrence Dundas, 2nd Marquess of Zetland",grandchild;grandparent,panel;rush
Q6230399,John Dundas,Q6593713,"Thomas Dundas, 2nd Earl of Zetland",sibling,panel;rush
Q6230401,John Dundas,Q26213078,Robert Lawrence Dundas,indirect,rush
Q6230401,John Dundas,Q3828136,"Lawrence Dundas, 1st Marquess of Zetland",sibling,panel;rush
Q6230401,John Dundas,Q6230399,John Dundas,child;parent,panel;rush
Q6230401,John Dundas,Q6504006,"Lawrence Dundas, 2nd Marquess of Zetland",niece/nephew;uncle/aunt,panel;rush
Q6230401,John Dundas,Q6593713,"Thomas Dundas, 2nd Earl of Zetland",niece/nephew;uncle/aunt,panel;rush
Q6231485,"John Egerton, Viscount Alford",Q4681850,"Adelbert Brownlow-Cust, 3rd Earl Brownlow",child;parent,panel;rush
Q6231485,"John Egerton, Viscount Alford",Q5076611,Charles Cust,sibling,panel;rush
Q6231620,John Elliot,Q1314450,"Sir George Elliot, 1st Baronet",indirect,rush
Q6231620,John Elliot,Q5538954,George Elliot,niece/nephew;uncle/aunt,panel;rush
Q6231620,John Elliot,Q5538960,George Elliot,sibling,panel;rush
Q6231620,John Elliot,Q5930668,Hugh Elliot,indirect,rush
Q6231620,John Elliot,Q7526878,"Sir George Elliot, 2nd Baronet",indirect,rush
Q6231620,John Elliot,Q7620964,"William Elliot-Murray-Kynynmound, 3rd Earl of Minto",niece/nephew,rush
Q6231682,John Ellison-Macartney,Q2578654,William Ellison-Macartney,child;parent,panel;rush
Q6231848,John Eric Loverseed,Q16030393,Frederick Loverseed,parent,rush
Q6232701,John Fane,Q19974655,John Arthur Fyler,indirect,rush
Q6233280,"John FitzPatrick, 1st Baron Castletown",Q4893127,"Bernard FitzPatrick, 2nd Baron Castletown",child;parent,panel;rush
Q6233442,John Fletcher-Cooke,Q5077708,Charles Fletcher-Cooke,sibling,rush
Q6233592,"Philip Stanhope, 1st Baron Weardale",Q286118,"Philip Stanhope, 5th Earl Stanhope",child,panel
Q6233592,"Philip Stanhope, 1st Baron Weardale",Q4800348,"Arthur Stanhope, 6th Earl Stanhope",sibling,panel
Q6233592,"Philip Stanhope, 1st Baron Weardale",Q5345405,Edward Stanhope,sibling,panel
Q6233710,John Fort,Q7325732,Richard Fort,parent,panel
Q6233710,John Fort,Q7325733,Richard Fort,grandparent,panel
Q6233713,John William Fortescue,Q5311875,Dudley Fortescue,cousin;sibling,panel;rush
Q6233713,John William Fortescue,Q5359607,"Hugh Fortescue, 2nd Earl Fortescue",child,panel
Q6233713,John William Fortescue,Q5930808,"Hugh Fortescue, 4th Earl Fortescue",uncle/aunt,panel
Q6233713,John William Fortescue,Q5930822,"Hugh Fortescue, 3rd Earl Fortescue",sibling,panel
Q6234106,John Frederick Cheetham,Q6225845,John Cheetham,parent,rush
Q6234106,John Frederick Cheetham,Q6290069,Joshua Milne Cheetham,indirect,rush
Q6235155,John George Phillimore,Q7528832,"Sir Robert Phillimore, 1st Baronet",sibling,panel
Q6235315,John Gilbert Talbot,Q4786530,Archibald Stuart-Wortley,cousin,panel;rush
Q6235315,John Gilbert Talbot,Q5082737,"Charles Stuart-Wortley, 1st Baron Stuart of Wortley",cousin,panel;rush
Q6235315,John Gilbert Talbot,Q6143798,James Stuart-Wortley,uncle/aunt,rush
Q6235315,John Gilbert Talbot,Q6259508,"John Stuart-Wortley, 2nd Baron Wharncliffe",uncle/aunt,rush
Q6235638,John Golding,Q11722962,Ness Edwards,indirect,rush
Q6235638,John Golding,Q1866867,"Llin Golding, Baroness Golding",spouse,rush
Q6236086,John Gray,Q1286201,Edmund Dwyer Gray,child;parent,panel;rush
Q6236294,"John Gretton, 2nd Baron Gretton",Q4148675,"John Gretton, 1st Baron Gretton",child,panel
Q6236441,"John Grimston, 6th Earl of Verulam",Q5343196,Edward Grimston,indirect,rush
Q6236441,"John Grimston, 6th Earl of Verulam",Q6135005,"James Grimston, 2nd Earl of Verulam",indirect,rush
Q6236441,"John Grimston, 6th Earl of Verulam",Q6135007,"James Grimston, 3rd Earl of Verulam",grandparent,rush
Q6236441,"John Grimston, 6th Earl of Verulam",Q7344973,"Robert Grimston, 1st Baron Grimston of Westbury",cousin,panel;rush
Q6237583,John Handley,Q11802744,William Farnworth Handley,cousin,panel;rush
Q6237583,John Handley,Q26234470,Henry Handley,cousin,panel;rush
Q6237583,John Handley,Q4888762,Benjamin Handley,cousin,panel;rush
Q6237617,"John Hanmer, 1st Baron Hanmer",Q5722555,Henry Hanmer,uncle/aunt,rush
Q6237617,"John Hanmer, 1st Baron Hanmer",Q7323926,Richard Wingfield-Baker,indirect,rush
Q6237751,John Hardy,Q13529906,"John Gathorne-Hardy, 2nd Earl of Cranbrook",grandparent,panel
Q6237751,John Hardy,Q4722710,Alfred Gathorne-Hardy,grandparent,panel
Q6237751,John Hardy,Q5527395,"Gathorne Gathorne-Hardy, 1st Earl of Cranbrook",child;parent,panel;rush
Q6237751,John Hardy,Q6500633,Laurence Hardy,grandchild;grandparent,panel;rush
Q6237751,John Hardy,Q7527819,"Sir John Hardy, 1st Baronet",child;parent,panel;rush
Q6237766,"John Hare, 1st Viscount Blakenham",Q8010869,"William Hare, 2nd Earl of Listowel",indirect,rush
Q6238687,"John Henniker-Major, 5th Baron Henniker",Q11803195,"John Henniker-Major, 4th Baron Henniker",child;parent,panel;rush
Q6238860,John Henry Knox,Q22344373,James Knox,sibling,panel
Q6238860,John Henry Knox,Q7791584,"Thomas Knox, 2nd Earl of Ranfurly",sibling,panel
Q6238860,John Henry Knox,Q7791585,"Thomas Knox, 3rd Earl of Ranfurly",uncle/aunt,panel
Q6238860,John Henry Knox,Q8014090,William Knox,uncle/aunt,panel
Q6238954,John Henry Thorpe,Q334102,Jeremy Thorpe,child;parent,panel;rush
Q6238954,John Henry Thorpe,Q7527977,"Sir John Norton-Griffiths, 1st Baronet",indirect,rush
Q6238967,John Henry Vivian,Q12072266,"Henry Vivian, 1st Baron Swansea",child;parent,panel;rush
Q6238967,John Henry Vivian,Q3787726,"Hussey Vivian, 1st Baron Vivian",sibling,panel;rush
Q6238967,John Henry Vivian,Q4800546,Arthur Vivian,child;parent,panel;rush
Q6238967,John Henry Vivian,Q5083146,"Charles Vivian, 2nd Baron Vivian",niece/nephew;uncle/aunt,panel;rush
Q6238967,John Henry Vivian,Q6227494,John Vivian,niece/nephew;uncle/aunt,panel;rush
Q6238967,John Henry Vivian,Q6537138,Lewis Vivian Loyd,grandchild,rush
Q6239482,John Hodgetts-Foley,Q5345591,Edward Thomas Foley,sibling,panel;rush
Q6239482,John Hodgetts-Foley,Q5723097,Henry Hodgetts-Foley,parent,panel
Q6239683,John Holms,Q8012452,William Holms,sibling,rush
Q6239794,John Hope-Johnstone,Q16063945,John Hope-Johnstone,grandparent,rush
Q6240076,John Howard Parnell,Q317436,Charles Stewart Parnell,sibling,panel
Q6240199,"John Hubbard, 1st Baron Addington",Q5347780,"Egerton Hubbard, 2nd Baron Addington",child;parent,panel;rush
Q6240199,"John Hubbard, 1st Baron Addington",Q5416349,Evelyn Hubbard,child;parent,panel;rush
Q6240846,John Ireland Blackburne,Q6240848,John Ireland Blackburne,child;parent,panel;rush
Q6240848,John Ireland Blackburne,Q6240846,John Ireland Blackburne,child;parent,panel;rush
Q6241985,John Joicey,Q6679448,Lord John Joicey-Cecil,indirect,rush
Q6242009,John Jones,Q5235723,David Jones,sibling,rush
Q6242146,John Joseph Esmonde,Q7527764,"Sir John Esmonde, 14th Baronet",parent,panel
Q6242277,John Josiah Guest,Q4798916,Arthur Guest,child;parent,panel;rush
Q6242277,John Josiah Guest,Q6904116,Montague Guest,child;parent,panel;rush
Q6242888,John Kenneth Foster,Q7184420,Philip Staveley Foster,cousin,panel;rush
Q6244393,John Lee Lee,Q7917288,Vaughan Vaughan-Lee,child;parent,panel;rush
Q6245083,John Loch,Q6138142,James Loch,sibling,panel
Q6245664,"John Lyttelton, 9th Viscount Cobham",Q1026930,"Charles Lyttelton, 8th Viscount Cobham",child;parent,panel;rush
Q6245664,"John Lyttelton, 9th Viscount Cobham",Q16063121,"William Cavendish, 2nd Baron Chesham",grandparent,rush
Q6245664,"John Lyttelton, 9th Viscount Cobham",Q2892622,"Oliver Lyttelton, 1st Viscount Chandos",cousin,panel;rush
Q6245664,"John Lyttelton, 9th Viscount Cobham",Q3395941,Alfred Lyttelton,niece/nephew;uncle/aunt,panel;rush
Q6246032,John Maberly,Q8014397,William Leader Maberly,parent,panel
Q6246262,John Mackie,Q26691275,John Mackie,grandparent,rush
Q6246292,"John Maclay, 1st Viscount Muirshiel",Q6285208,"Joseph Maclay, 2nd Baron Maclay",sibling,panel;rush
Q6246745,Frederick Smith,Q6519244,Leicester Viney Vernon,sibling,rush
Q6246844,John Marshall,Q6134516,James Garth Marshall,sibling,panel;rush
Q6246844,John Marshall,Q8015152,William Marshall,sibling,panel;rush
Q6247503,"John McClintock, 1st Baron Rathdonnell",Q26272265,Thomas Bunbury,uncle/aunt,rush
Q6247503,"John McClintock, 1st Baron Rathdonnell",Q8015338,William McClintock-Bunbury,sibling,panel;rush
Q6248044,John McLaren,Q5080854,"Charles McLaren, 1st Baron Aberconway",sibling,panel;rush
Q6248044,John McLaren,Q5314516,Duncan McLaren,child;parent,panel;rush
Q6248044,John McLaren,Q5481905,Francis McLaren,niece/nephew;uncle/aunt,panel;rush
Q6248044,John McLaren,Q5725740,Henry McLaren,niece/nephew;uncle/aunt,panel;rush
Q6248044,John McLaren,Q6776167,Martin McLaren,indirect,rush
Q6248044,John McLaren,Q7965601,Walter McLaren,sibling,panel;rush
Q6248433,John Mellor,Q6264221,John William Mellor,child,rush
Q6249506,"John Morrison, 1st Baron Margadale",Q5081103,Charles Morrison,child;parent,panel;rush
Q6249506,"John Morrison, 1st Baron Margadale",Q5932043,Hugh Morrison,child,panel
Q6249506,"John Morrison, 1st Baron Margadale",Q6140042,James Morrison,niece/nephew,panel
Q6249506,"John Morrison, 1st Baron Margadale",Q7175955,Peter Morrison,child;parent,panel;rush
Q6249740,"John Mulholland, 1st Baron Dunleath",Q5726129,"Henry Mulholland, 2nd Baron Dunleath",parent,panel
Q6249777,Joseph Sydney Yorke,Q337983,"Charles Yorke, 5th Earl of Hardwicke",grandparent,panel
Q6249777,Joseph Sydney Yorke,Q5083776,"Charles Yorke, 4th Earl of Hardwicke",parent,panel
Q6249777,Joseph Sydney Yorke,Q5361267,Eliot Yorke,parent,panel
Q6249777,Joseph Sydney Yorke,Q5365591,Elliot Yorke,grandparent,panel
Q6250233,John Gladstone,Q160852,William Ewart Gladstone,sibling,panel;rush
Q6250233,John Gladstone,Q2347324,"Herbert Gladstone, 1st Viscount Gladstone",niece/nephew;uncle/aunt,panel;rush
Q6250233,John Gladstone,Q4020043,William Henry Gladstone,niece/nephew;uncle/aunt,panel;rush
Q6250233,John Gladstone,Q7529140,"Sir Thomas Gladstone, 2nd Baronet",sibling,panel;rush
Q6250233,John Gladstone,Q8009936,William Glynne Charles Gladstone,indirect,rush
Q6251316,"John Ormsby-Gore, 1st Baron Harlech",Q26237502,Seymour Ormsby-Gore,niece/nephew;uncle/aunt,panel;rush
Q6251316,"John Ormsby-Gore, 1st Baron Harlech",Q2908365,"William Ormsby-Gore, 4th Baron Harlech",indirect,rush
Q6251316,"John Ormsby-Gore, 1st Baron Harlech",Q5543049,"George Ormsby-Gore, 3rd Baron Harlech",niece/nephew;uncle/aunt,panel;rush
Q6251316,"John Ormsby-Gore, 1st Baron Harlech",Q8016372,William Ormsby-Gore,child;parent,panel;rush
Q6251316,"John Ormsby-Gore, 1st Baron Harlech",Q8016373,"William Ormsby-Gore, 2nd Baron Harlech",sibling,panel;rush
Q6251349,John Osborn,Q26237496,Arthur Holbrook,grandparent,rush
Q6252459,John Pemberton Plumptre,Q5539756,"George Glyn, 1st Baron Wolverton",cousin,panel;rush
Q6252508,John Pennington Thomasson,Q5491891,Franklin Thomasson,child,rush
Q6252886,John Starkie,Q6506962,Le Gendre Starkie,sibling,panel
Q6253068,"John Plunkett, 17th Baron of Dunsany",Q3140471,Horace Plunkett,sibling,panel
Q6253138,"John Ponsonby, 4th Earl of Bessborough",Q4805554,Ashley Ponsonby,uncle/aunt,panel
Q6253138,"John Ponsonby, 4th Earl of Bessborough",Q5081706,"Charles Ponsonby, 2nd Baron de Mauley",uncle/aunt,panel
Q6253138,"John Ponsonby, 4th Earl of Bessborough",Q6253140,"John Ponsonby, 5th Earl of Bessborough",parent,panel
Q6253138,"John Ponsonby, 4th Earl of Bessborough",Q8016999,"William Ponsonby, 1st Baron de Mauley",sibling,panel
Q6253140,"John Ponsonby, 5th Earl of Bessborough",Q333245,"Vere Ponsonby, 9th Earl of Bessborough",indirect,rush
Q6253140,"John Ponsonby, 5th Earl of Bessborough",Q333488,"Charles Gordon-Lennox, 6th Duke of Richmond",indirect,rush
Q6253140,"John Ponsonby, 5th Earl of Bessborough",Q3610759,Lord Alexander Gordon-Lennox,indirect,rush
Q6253140,"John Ponsonby, 5th Earl of Bessborough",Q6253138,"John Ponsonby, 4th Earl of Bessborough",child,panel
Q6253140,"John Ponsonby, 5th Earl of Bessborough",Q8016999,"William Ponsonby, 1st Baron de Mauley",niece/nephew,panel
Q6253318,"John Pratt, 3rd Marquess Camden",Q5543534,"George Pratt, 2nd Marquess Camden",child,panel
Q6254150,"John Ramsay, 13th Earl of Dalhousie",Q11806802,Lauderdale Maule,indirect,rush
Q6254150,"John Ramsay, 13th Earl of Dalhousie",Q333304,"Fox Maule-Ramsay, 11th Earl of Dalhousie",indirect,rush
Q6254150,"John Ramsay, 13th Earl of Dalhousie",Q5080735,Charles Maule Ramsay,sibling,panel;rush
Q6254287,John Rathbone,Q4877214,Beatrice Wright,spouse,rush
Q6254287,John Rathbone,Q7804145,Tim Rathbone,child;parent,panel;rush
Q6255162,"John Roberts, 1st Baron Clwyd",Q6255168,John Roberts,child;parent,panel;rush
Q6255162,"John Roberts, 1st Baron Clwyd",Q8018678,William Caine,indirect,rush
Q6255168,John Roberts,Q6255162,"John Roberts, 1st Baron Clwyd",child;parent,panel;rush
Q6255541,"John Romilly, 1st Baron Romilly",Q5345107,Edward Romilly,sibling,panel;rush
Q6255541,"John Romilly, 1st Baron Romilly",Q5498658,Frederick Romilly,sibling,panel;rush
Q6255760,John Round,Q5078392,Charles Gray Round,indirect,rush
Q6255760,John Round,Q6142467,James Round,indirect,rush
Q6255964,"John Russell, Viscount Amberley",Q157259,"John Russell, 1st Earl Russell",child;parent,panel;rush
Q6255964,"John Russell, Viscount Amberley",Q25689,"Francis Russell, 7th Duke of Bedford",niece/nephew,panel
Q6255964,"John Russell, Viscount Amberley",Q6679056,Lord Charles Russell,niece/nephew,panel
Q6255964,"John Russell, Viscount Amberley",Q6679210,Lord Edward Russell,niece/nephew,panel
Q6256112,"John Ryder, 5th Earl of Harrowby",Q176472,William Henry Smith,indirect,rush
Q6256112,"John Ryder, 5th Earl of Harrowby",Q5311965,"Dudley Ryder, 2nd Earl of Harrowby",indirect,rush
Q6256112,"John Ryder, 5th Earl of Harrowby",Q5311966,"Dudley Ryder, 3rd Earl of Harrowby",uncle/aunt,rush
Q6256112,"John Ryder, 5th Earl of Harrowby",Q5311969,"Dudley Ryder, 6th Earl of Harrowby",child;parent,panel;rush
Q6256112,"John Ryder, 5th Earl of Harrowby",Q5596937,Granville Ryder,indirect,rush
Q6256112,"John Ryder, 5th Earl of Harrowby",Q5596940,Granville Ryder,indirect,rush
Q6256142,John Ryman,Q665743,"Edith Summerskill, Baroness Summerskill",indirect,rush
Q6256142,John Ryman,Q7498860,Shirley Summerskill,spouse,rush
Q6256551,John Salusbury-Trelawny,Q11800905,John Tremayne,indirect,rush
Q6256551,John Salusbury-Trelawny,Q4800494,Arthur Tremayne,indirect,rush
Q6256551,John Salusbury-Trelawny,Q7529765,"Sir William Salusbury-Trelawny, 8th Baronet",child;parent,panel;rush
Q6256600,John Sanctuary Nicholson,Q8010084,William Graham Nicholson,sibling,panel;rush
Q6256600,John Sanctuary Nicholson,Q8016134,William Nicholson,child;parent,panel;rush
Q6256610,John Sandeman Allen,Q6256611,John Sandeman Allen,child,rush
Q6256611,John Sandeman Allen,Q6256610,John Sandeman Allen,parent,rush
Q6256761,"John Savile, 3rd Earl of Mexborough",Q6256763,"John Savile, 4th Earl of Mexborough",parent,panel
Q6256763,"John Savile, 4th Earl of Mexborough",Q6256761,"John Savile, 3rd Earl of Mexborough",child,panel
Q6257135,"Sir John Scourfield, 1st Baronet",Q8012147,William Henry Scourfield,uncle/aunt,rush
Q6257470,John Shaw-Lefevre,Q205777,"Charles Shaw-Lefevre, 1st Viscount Eversley",sibling,panel
Q6257470,John Shaw-Lefevre,Q5544472,"George Shaw-Lefevre, 1st Baron Eversley",parent,panel
Q6257849,John Silkin,Q6537050,"Lewis Silkin, 1st Baron Silkin",child;parent,panel;rush
Q6257849,John Silkin,Q7412628,"Samuel Silkin, Baron Silkin of Dulwich",sibling,panel;rush
Q6258450,John Snowdon Henry,Q26385266,Alexander Henry,parent,rush
Q6258450,John Snowdon Henry,Q6881236,Mitchell Henry,sibling,rush
Q6258484,"John Somers-Cocks, 2nd Earl Somers",Q5082570,"Charles Somers-Cocks, 3rd Earl Somers",child;parent,panel;rush
Q6259508,"John Stuart-Wortley, 2nd Baron Wharncliffe",Q337686,"Algernon Percy, 6th Duke of Northumberland",cousin,panel;rush
Q6259508,"John Stuart-Wortley, 2nd Baron Wharncliffe",Q4786530,Archibald Stuart-Wortley,niece/nephew,rush
Q6259508,"John Stuart-Wortley, 2nd Baron Wharncliffe",Q5082737,"Charles Stuart-Wortley, 1st Baron Stuart of Wortley",uncle/aunt,panel
Q6259508,"John Stuart-Wortley, 2nd Baron Wharncliffe",Q6143798,James Stuart-Wortley,sibling,panel;rush
Q6259508,"John Stuart-Wortley, 2nd Baron Wharncliffe",Q6229878,"John Douglas-Scott-Montagu, 2nd Baron Montagu of Beaulieu",grandchild,rush
Q6259508,"John Stuart-Wortley, 2nd Baron Wharncliffe",Q6235315,John Gilbert Talbot,niece/nephew,rush
Q6259508,"John Stuart-Wortley, 2nd Baron Wharncliffe",Q664073,"Henry Douglas-Scott-Montagu, 1st Baron Montagu of Beaulieu",indirect,rush
Q6260189,John Talbot Clifton,Q26702418,Thomas Clifton,child;parent,panel;rush
Q6260980,"John Tollemache, 1st Baron Tollemache",Q8000141,"Wilbraham Tollemache, 2nd Baron Tollemache",child;parent,panel;rush
Q6261064,John Towneley,Q21165641,Charles Towneley,sibling,panel;rush
Q6261098,"John Townshend, 5th Marquess Townshend",Q15725713,"John Townshend, 4th Marquess Townshend",child;parent,panel;rush
Q6262857,"John Walsh, 1st Baron Ormathwaite",Q4800605,"Arthur Walsh, 2nd Baron Ormathwaite",child;parent,panel;rush
Q6262857,"John Walsh, 1st Baron Ormathwaite",Q4800606,"Arthur Walsh, 3rd Baron Ormathwaite",grandchild;grandparent,panel;rush
Q6263500,John Wentworth-FitzWilliam,Q26254028,"William Wentworth-Fitzwilliam, Viscount Milton",niece/nephew;uncle/aunt,panel;rush
Q6263500,John Wentworth-FitzWilliam,Q5083442,Charles Wentworth-FitzWilliam,niece/nephew;uncle/aunt,panel;rush
Q6263500,John Wentworth-FitzWilliam,Q5083446,"Charles Wentworth-Fitzwilliam, 5th Earl Fitzwilliam",grandchild;grandparent,panel;rush
Q6263500,John Wentworth-FitzWilliam,Q5546159,George Wentworth-FitzWilliam,niece/nephew;uncle/aunt,panel;rush
Q6263500,John Wentworth-FitzWilliam,Q5730014,Henry Wentworth-FitzWilliam,sibling,panel;rush
Q6263500,John Wentworth-FitzWilliam,Q7614395,"William Wentworth-Fitzwilliam, 7th Earl Fitzwilliam",niece/nephew;uncle/aunt,panel;rush
Q6263500,John Wentworth-FitzWilliam,Q8020193,"William Wentworth-FitzWilliam, Viscount Milton",sibling,panel;rush
Q6263500,John Wentworth-FitzWilliam,Q8020195,"William Wentworth-Fitzwilliam, 6th Earl Fitzwilliam",child;parent,panel;rush
Q6263706,"John Wheatley, Baron Wheatley",Q333784,Tam Dalyell,indirect,rush
Q6263706,"John Wheatley, Baron Wheatley",Q766908,John Wheatley,uncle/aunt,rush
Q6264221,John William Mellor,Q6248433,John Mellor,parent,rush
Q6264579,John Wimburn Laurie,Q26478535,John Laurie,parent,rush
Q6265095,"John Yarde-Buller, 1st Baron Churston",Q7526590,"Sir Edward Manningham-Buller, 1st Baronet",sibling,panel;rush
Q6265172,John Yorke,Q6288119,Joseph Yorke,child,panel
Q6274234,Jonathan Richardson,Q50940574,Jonathan Joseph Richardson,cousin,panel;rush
Q628089,"William Keppel, 7th Earl of Albemarle",Q4795125,"Arnold Keppel, 8th Earl of Albemarle",child;parent,panel;rush
Q628089,"William Keppel, 7th Earl of Albemarle",Q652281,"George Keppel, 6th Earl of Albemarle",child;parent,panel;rush
Q6280988,Joseph Allen Baker,Q211856,"Philip Noel-Baker, Baron Noel-Baker",child;parent,panel;rush
Q6280988,Joseph Allen Baker,Q5482059,Francis Noel-Baker,grandchild;grandparent,panel;rush
Q6283050,Joseph Feilden,Q25998074,Joseph Feilden,child;parent,panel;rush
Q6283050,Joseph Feilden,Q5725578,Henry Feilden,sibling,panel;rush
Q6283788,Joseph Hardcastle,Q332738,"John Campbell, 1st Baron Campbell",indirect,rush
Q6283788,Joseph Hardcastle,Q7794636,Thomas Usborne,indirect,rush
Q6284428,Joseph Johnson Leeman,Q5541633,George Leeman,parent,rush
Q6285208,"Joseph Maclay, 2nd Baron Maclay",Q6246292,"John Maclay, 1st Viscount Muirshiel",sibling,panel;rush
Q6285256,Joseph Mallalieu,Q5498345,Frederick Mallalieu,child;parent,panel;rush
Q6285256,Joseph Mallalieu,Q6483468,Lance Mallalieu,sibling,panel;rush
Q6285775,Joseph Neeld,Q7527964,"Sir John Neeld, 1st Baronet",sibling,rush
Q6286166,Joseph Pease,Q4799939,Arthur Pease,parent,panel
Q6286166,Joseph Pease,Q5726789,Henry Pease,sibling,panel
Q6286166,Joseph Pease,Q5735228,"Herbert Pease, 1st Baron Daryngton",grandparent,panel
Q6286166,Joseph Pease,Q6114554,"Jack Pease, 1st Baron Gainford",grandchild;grandparent,panel;rush
Q6286166,Joseph Pease,Q7525972,"Sir Alfred Pease, 2nd Baronet",grandparent,panel
Q6286166,Joseph Pease,Q7528199,"Sir Joseph Pease, 1st Baronet",parent,panel
Q6286713,"Joseph Russell Bailey, 1st Baron Glanusk",Q16066164,"Sir Joseph Bailey, 1st Baronet",grandchild,panel
Q6286713,"Joseph Russell Bailey, 1st Baron Glanusk",Q16240158,Joseph Bailey,child;parent,panel;rush
Q6288119,Joseph Yorke,Q6265172,John Yorke,parent,panel
Q6289810,Joshua Fielden,Q4484367,John Fielden,child;parent,panel;rush
Q6289810,Joshua Fielden,Q5342020,Edward Brocklehurst Fielden,child;parent,panel;rush
Q6289810,Joshua Fielden,Q7789575,Thomas Fielden,child;parent,panel;rush
Q6290069,Joshua Milne Cheetham,Q6225845,John Cheetham,indirect,rush
Q6290069,Joshua Milne Cheetham,Q6234106,John Frederick Cheetham,indirect,rush
Q6307504,Julian Ridsdale,Q166635,Stanley Baldwin,uncle/aunt,rush
Q6307504,Julian Ridsdale,Q4090718,"Oliver Baldwin, 2nd Earl Baldwin of Bewdley",cousin,panel;rush
Q6307504,Julian Ridsdale,Q4822231,Aurelian Ridsdale,uncle/aunt,rush
Q6308404,Julie Morgan,Q333141,Rhodri Morgan,spouse,rush
Q6317720,Justin Huntly McCarthy,Q6317871,Justin McCarthy,child;parent,panel;rush
Q6317871,Justin McCarthy,Q6317720,Justin Huntly McCarthy,child;parent,panel;rush
Q633577,Archibald Weigall,Q7527607,"Sir John Blundell Maple, 1st Baronet",indirect,rush
Q6376234,"Katharine Stewart-Murray, Duchess of Atholl",Q3809633,"John Stewart-Murray, 8th Duke of Atholl",spouse,rush
Q6390417,Kenneth Macaulay,Q315989,"Thomas Babington Macaulay, 1st Baron Macaulay",indirect,rush
Q6390855,Kenneth Younger,Q1508664,"George Younger, 1st Viscount Younger of Leckie",grandparent,rush
Q6390855,Kenneth Younger,Q333145,"George Younger, 4th Viscount Younger of Leckie",niece/nephew,rush
Q63929463,Fay Jones,Q5623626,Gwilym Jones,child;parent,panel;rush
Q64330,John Maxton,Q6139120,James Maxton,indirect,rush
Q6470476,Lady Olga Maitland,Q1748216,"Patrick Maitland, 17th Earl of Lauderdale",child;parent,panel;rush
Q6483468,Lance Mallalieu,Q5498345,Frederick Mallalieu,child;parent,panel;rush
Q6483468,Lance Mallalieu,Q6285256,Joseph Mallalieu,sibling,panel;rush
Q6483622,"Lancelot Joynson-Hicks, 3rd Viscount Brentford",Q330604,"William Joynson-Hicks, 1st Viscount Brentford",child;parent,panel;rush
Q6500441,Laurence Ambrose Waldron,Q26250709,Laurence Waldron,child;parent,panel;rush
Q6500633,Laurence Hardy,Q5527395,"Gathorne Gathorne-Hardy, 1st Earl of Cranbrook",niece/nephew;uncle/aunt,panel;rush
Q6500633,Laurence Hardy,Q6237751,John Hardy,grandchild;grandparent,panel;rush
Q6500633,Laurence Hardy,Q7527819,"Sir John Hardy, 1st Baronet",child;parent,panel;rush
Q6504006,"Lawrence Dundas, 2nd Marquess of Zetland",Q3828136,"Lawrence Dundas, 1st Marquess of Zetland",child;parent,panel;rush
Q6504006,"Lawrence Dundas, 2nd Marquess of Zetland",Q6230399,John Dundas,grandchild;grandparent,panel;rush
Q6504006,"Lawrence Dundas, 2nd Marquess of Zetland",Q6230401,John Dundas,niece/nephew;uncle/aunt,panel;rush
Q6504006,"Lawrence Dundas, 2nd Marquess of Zetland",Q7614395,"William Wentworth-Fitzwilliam, 7th Earl Fitzwilliam",indirect,rush
Q6506962,Le Gendre Starkie,Q6252886,John Starkie,sibling,panel
Q6519187,Leicester Harmsworth,Q5056111,"Cecil Harmsworth, 1st Baron Harmsworth",sibling,panel;rush
Q6519244,Leicester Viney Vernon,Q6246745,Frederick Smith,sibling,rush
Q6519485,"Leifchild Leif-Jones, 1st Baron Rhayader",Q5231862,David Brynmor Jones,sibling,panel
Q652281,"George Keppel, 6th Earl of Albemarle",Q4795125,"Arnold Keppel, 8th Earl of Albemarle",grandchild;grandparent,panel;rush
Q652281,"George Keppel, 6th Earl of Albemarle",Q628089,"William Keppel, 7th Earl of Albemarle",child;parent,panel;rush
Q652514,"Alexander Baring, 1st Baron Ashburton",Q16065824,Humphrey St John-Mildmay,indirect,rush
Q652514,"Alexander Baring, 1st Baron Ashburton",Q3750914,"Francis Baring, 1st Baron Northbrook",uncle/aunt,panel
Q652514,"Alexander Baring, 1st Baron Ashburton",Q4718311,"Alexander Baring, 4th Baron Ashburton",grandchild;grandparent,panel;rush
Q652514,"Alexander Baring, 1st Baron Ashburton",Q4914194,"Bingham Baring, 2nd Baron Ashburton",child;parent,panel;rush
Q652514,"Alexander Baring, 1st Baron Ashburton",Q52340523,Humphrey St John-Mildmay,grandchild,rush
Q652514,"Alexander Baring, 1st Baron Ashburton",Q5480129,"Francis Baring, 3rd Baron Ashburton",child;parent,panel;rush
Q652514,"Alexander Baring, 1st Baron Ashburton",Q6679354,Lord Henry Thynne,grandchild,rush
Q652514,"Alexander Baring, 1st Baron Ashburton",Q7529038,"Sir Thomas Baring, 2nd Baronet",sibling,panel
Q652514,"Alexander Baring, 1st Baron Ashburton",Q7787384,Thomas Baring,niece/nephew;uncle/aunt,panel;rush
Q6525517,"Leonard Lyell, 1st Baron Lyell",Q5078951,Charles Henry Lyell,child;parent,panel;rush
Q6530973,"Leslie Lever, Baron Lever",Q333321,"Harold Lever, Baron Lever of Manchester",sibling,panel;rush
Q6530973,"Leslie Lever, Baron Lever",Q7004840,Neville Sandelson,cousin,panel;rush
Q6531084,Leslie Pym,Q332759,Francis Pym,parent,panel
Q6531177,Leslie Thomas,Q338294,James Henry Thomas,child;parent,panel;rush
Q6535457,Levi Lapper Morse,Q8008722,William Ewart Morse,child,rush
Q6536559,Lewis Fry,Q7781789,Theodore Fry,cousin,panel;rush
Q6536667,Lewis Haslam,Q13529931,John Haslam,sibling,rush
Q6536798,Lewis Llewelyn Dillwyn,Q438932,Lewis Weston Dillwyn,child;parent,panel;rush
Q6536798,Lewis Llewelyn Dillwyn,Q7527724,"Sir John Dillwyn-Llewellyn, 1st Baronet",niece/nephew,rush
Q6536838,Lewis Majendie,Q6138832,James Majendie,child,rush
Q6536955,Lewis Payn Dawnay,Q5622196,Guy Dawnay,sibling,panel;rush
Q6536955,Lewis Payn Dawnay,Q8007679,"William Dawnay, 7th Viscount Downe",child;parent,panel;rush
Q6536990,Lewis Randle Starkey,Q7528085,"Sir John Starkey, 1st Baronet",parent,panel
Q6537050,"Lewis Silkin, 1st Baron Silkin",Q6257849,John Silkin,child;parent,panel;rush
Q6537050,"Lewis Silkin, 1st Baron Silkin",Q7412628,"Samuel Silkin, Baron Silkin of Dulwich",child;parent,panel;rush
Q6537138,Lewis Vivian Loyd,Q12072266,"Henry Vivian, 1st Baron Swansea",uncle/aunt,rush
Q6537138,Lewis Vivian Loyd,Q4800546,Arthur Vivian,uncle/aunt,rush
Q6537138,Lewis Vivian Loyd,Q6238967,John Henry Vivian,grandparent,rush
Q654942,William Edward Forster,Q3142302,Hugh Oakeley Arnold-Forster,niece/nephew,rush
Q6555534,"Lionel Berry, 2nd Viscount Kemsley",Q4772112,Anthony Berry,sibling,panel;rush
Q6555615,"Lionel Dawson-Damer, 4th Earl of Portarlington",Q5538434,George Dawson-Damer,child;parent,panel;rush
Q6555681,Lionel Holland,Q4499092,"Henry Holland, 1st Viscount Knutsford",child;parent,panel;rush
Q6555706,Lionel Louis Cohen,Q7526113,"Sir Benjamin Cohen, 1st Baronet",sibling,panel;rush
Q6593713,"Thomas Dundas, 2nd Earl of Zetland",Q11801410,"Sir Hedworth Williamson, 7th Baronet",indirect,rush
Q6593713,"Thomas Dundas, 2nd Earl of Zetland",Q3828136,"Lawrence Dundas, 1st Marquess of Zetland",niece/nephew;uncle/aunt,panel;rush
Q6593713,"Thomas Dundas, 2nd Earl of Zetland",Q6230399,John Dundas,sibling,panel;rush
Q6593713,"Thomas Dundas, 2nd Earl of Zetland",Q6230401,John Dundas,niece/nephew;uncle/aunt,panel;rush
Q6613959,William Bromley-Davenport,Q17326575,"Thomas Legh, 2nd Baron Newton",indirect,rush
Q6613959,William Bromley-Davenport,Q7964384,Walter Bromley-Davenport,child,rush
Q6613959,William Bromley-Davenport,Q8005976,William Bromley-Davenport,child;parent,panel;rush
Q664073,"Henry Douglas-Scott-Montagu, 1st Baron Montagu of Beaulieu",Q23617099,Lord John Scott,uncle/aunt,rush
Q664073,"Henry Douglas-Scott-Montagu, 1st Baron Montagu of Beaulieu",Q337464,"John Montagu Douglas Scott, 7th Duke of Buccleuch",niece/nephew;uncle/aunt,panel;rush
Q664073,"Henry Douglas-Scott-Montagu, 1st Baron Montagu of Beaulieu",Q337468,"William Montagu Douglas Scott, 6th Duke of Buccleuch",sibling,panel;rush
Q664073,"Henry Douglas-Scott-Montagu, 1st Baron Montagu of Beaulieu",Q6229878,"John Douglas-Scott-Montagu, 2nd Baron Montagu of Beaulieu",child;parent,panel;rush
Q664073,"Henry Douglas-Scott-Montagu, 1st Baron Montagu of Beaulieu",Q6259508,"John Stuart-Wortley, 2nd Baron Wharncliffe",indirect,rush
Q665743,"Edith Summerskill, Baroness Summerskill",Q6256142,John Ryman,indirect,rush
Q665743,"Edith Summerskill, Baroness Summerskill",Q7498860,Shirley Summerskill,child;parent,panel;rush
Q6661642,"Sir John Beresford, 1st Baronet",Q26197699,"Sir George Beresford, 2nd Baronet",parent,panel
Q6662539,"Lloyd Kenyon, 3rd Baron Kenyon",Q5545156,George Thomas Kenyon,parent,panel
Q6662986,Llywelyn Williams,Q333437,"Gordon Macdonald, 1st Baron Macdonald of Gwaenysgor",indirect,rush
Q6666722,Loftus Wigram,Q15990357,James Wigram,sibling,panel;rush
Q6678890,Lord Adolphus Vane-Tempest,Q2492102,"Henry Pelham-Clinton, 5th Duke of Newcastle",indirect,rush
Q6678890,Lord Adolphus Vane-Tempest,Q3087168,"Frederick Stewart, 4th Marquess of Londonderry",sibling,panel;rush
Q6678890,Lord Adolphus Vane-Tempest,Q5083121,"Charles Vane-Tempest-Stewart, 6th Marquess of Londonderry",uncle/aunt,panel
Q6678890,Lord Adolphus Vane-Tempest,Q5261284,"George Vane-Tempest, 5th Marquess of Londonderry",sibling,panel;rush
Q6678901,Lord Alexander Thynne,Q17022007,Lord Edward Thynne,indirect,rush
Q6678901,Lord Alexander Thynne,Q338382,"Thomas Thynne, 5th Marquess of Bath",sibling,panel;rush
Q6678901,Lord Alexander Thynne,Q5729188,"Henry Thynne, 6th Marquess of Bath",niece/nephew;uncle/aunt,panel;rush
Q6678901,Lord Alexander Thynne,Q6679354,Lord Henry Thynne,uncle/aunt,rush
Q6678905,Lord Alfred Hervey,Q13529938,Lord Augustus Hervey,niece/nephew;uncle/aunt,panel;rush
Q6678905,Lord Alfred Hervey,Q5498017,"Frederick Hervey, 3rd Marquess of Bristol",niece/nephew;uncle/aunt,panel;rush
Q6678905,Lord Alfred Hervey,Q5498018,"Frederick Hervey, 2nd Marquess of Bristol",sibling,panel;rush
Q6678905,Lord Alfred Hervey,Q5498019,"Frederick Hervey, 4th Marquess of Bristol",indirect,rush
Q6678905,Lord Alfred Hervey,Q6679252,Lord Francis Hervey,niece/nephew;uncle/aunt,panel;rush
Q6678906,Lord Algernon Percy,Q1241117,"Eustace Percy, 1st Baron Percy of Newcastle",niece/nephew;uncle/aunt,panel;rush
Q6678906,Lord Algernon Percy,Q337686,"Algernon Percy, 6th Duke of Northumberland",child;parent,panel;rush
Q6678906,Lord Algernon Percy,Q3810119,Lord Josceline Percy,niece/nephew,panel
Q6678906,Lord Algernon Percy,Q5726862,"Henry Percy, Earl Percy",uncle/aunt,panel
Q6678906,Lord Algernon Percy,Q6679347,Lord Henry Percy,niece/nephew;uncle/aunt,panel;rush
Q6678906,Lord Algernon Percy,Q762750,"Henry Percy, 7th Duke of Northumberland",sibling,panel;rush
Q6678906,Lord Algernon Percy,Q8008387,"William Edgcumbe, 4th Earl of Mount Edgcumbe",indirect,rush
Q6678911,Lord Alwyne Compton,Q8007035,"William Compton, 5th Marquess of Northampton",sibling,panel;rush
Q6678924,Lord Arthur Chichester,Q5537863,"George Chichester, 3rd Marquess of Donegall",sibling,panel;rush
Q6678924,Lord Arthur Chichester,Q6679437,Lord John Chichester,sibling,panel;rush
Q6678924,Lord Arthur Chichester,Q7342905,Robert Chichester,indirect,rush
Q6678926,Lord Arthur Clinton,Q2034621,"Henry Pelham-Clinton, 6th Duke of Newcastle",sibling,panel;rush
Q6678926,Lord Arthur Clinton,Q2492102,"Henry Pelham-Clinton, 5th Duke of Newcastle",child;parent,panel;rush
Q6678926,Lord Arthur Clinton,Q6679041,Lord Charles Clinton,niece/nephew;uncle/aunt,panel;rush
Q6678926,Lord Arthur Clinton,Q6679205,Lord Edward Clinton,sibling,panel;rush
Q6678926,Lord Arthur Clinton,Q6679913,Lord Robert Clinton,niece/nephew;uncle/aunt,panel;rush
Q6678928,Arthur Hill,Q4799073,"Arthur Hill, 4th Marquess of Downshire",child;parent,panel;rush
Q6678928,Arthur Hill,Q4799074,Arthur Hill,child;parent,panel;rush
Q6678928,Arthur Hill,Q5346516,"Edwin Hill-Trevor, 1st Baron Trevor",niece/nephew;uncle/aunt,panel;rush
Q6678928,Arthur Hill,Q6134098,James Fortescue Harrison,indirect,rush
Q6678929,Lord Arthur Russell,Q157259,"John Russell, 1st Earl Russell",uncle/aunt,rush
Q6678929,Lord Arthur Russell,Q31177,"George Russell, 10th Duke of Bedford",niece/nephew;uncle/aunt,panel;rush
Q6678929,Lord Arthur Russell,Q31178,"Francis Russell, 9th Duke of Bedford",sibling,panel;rush
Q6678929,Lord Arthur Russell,Q6084189,George W. E. Russell,cousin,panel;rush
Q6678929,Lord Arthur Russell,Q6679056,Lord Charles Russell,uncle/aunt,rush
Q6678929,Lord Arthur Russell,Q6679210,Lord Edward Russell,uncle/aunt,rush
Q6678929,Lord Arthur Russell,Q6834882,"William Russell, 8th Duke of Bedford",cousin,panel;rush
Q6679038,Lord Charles Bruce,Q13529854,"Henry Brudenell-Bruce, 5th Marquess of Ailesbury",niece/nephew;sibling;uncle/aunt,panel;rush
Q6679038,Lord Charles Bruce,Q5392837,"Ernest Brudenell-Bruce, 3rd Marquess of Ailesbury",sibling,panel;rush
Q6679041,Lord Charles Clinton,Q2034621,"Henry Pelham-Clinton, 6th Duke of Newcastle",niece/nephew;uncle/aunt,panel;rush
Q6679041,Lord Charles Clinton,Q2492102,"Henry Pelham-Clinton, 5th Duke of Newcastle",sibling,panel;rush
Q6679041,Lord Charles Clinton,Q6678926,Lord Arthur Clinton,niece/nephew;uncle/aunt,panel;rush
Q6679041,Lord Charles Clinton,Q6679205,Lord Edward Clinton,niece/nephew;uncle/aunt,panel;rush
Q6679041,Lord Charles Clinton,Q6679913,Lord Robert Clinton,sibling,panel;rush
Q6679044,Lord Charles FitzRoy,Q213756,Robert FitzRoy,cousin,panel;rush
Q6679044,Lord Charles FitzRoy,Q24568589,James Fitzroy,sibling,rush
Q6679044,Lord Charles FitzRoy,Q26215707,Lord Frederick Fitzroy,niece/nephew,rush
Q6679044,Lord Charles FitzRoy,Q337872,"Henry FitzRoy, 5th Duke of Grafton",sibling,panel;rush
Q6679044,Lord Charles FitzRoy,Q338004,"William FitzRoy, 6th Duke of Grafton",niece/nephew;uncle/aunt,panel;rush
Q6679056,Lord Charles Russell,Q157259,"John Russell, 1st Earl Russell",sibling,panel;rush
Q6679056,Lord Charles Russell,Q25689,"Francis Russell, 7th Duke of Bedford",sibling,panel
Q6679056,Lord Charles Russell,Q26240540,"Edward Russell, 23rd Baron de Clifford",indirect,rush
Q6679056,Lord Charles Russell,Q31177,"George Russell, 10th Duke of Bedford",indirect,rush
Q6679056,Lord Charles Russell,Q31178,"Francis Russell, 9th Duke of Bedford",niece/nephew,rush
Q6679056,Lord Charles Russell,Q6084189,George W. E. Russell,child;parent,panel;rush
Q6679056,Lord Charles Russell,Q6255964,"John Russell, Viscount Amberley",uncle/aunt,panel
Q6679056,Lord Charles Russell,Q6678929,Lord Arthur Russell,niece/nephew,rush
Q6679056,Lord Charles Russell,Q6679210,Lord Edward Russell,sibling,panel;rush
Q6679056,Lord Charles Russell,Q6834882,"William Russell, 8th Duke of Bedford",niece/nephew;uncle/aunt,panel;rush
Q6679059,Lord Charles Spencer-Churchill,Q24288427,Lord Alfred Spencer-Churchill,uncle/aunt,panel
Q6679059,Lord Charles Spencer-Churchill,Q333355,"John Spencer-Churchill, 7th Duke of Marlborough",uncle/aunt,panel
Q6679059,Lord Charles Spencer-Churchill,Q333601,"George Spencer-Churchill, 6th Duke of Marlborough",sibling,panel
Q6679084,Clarence Paget,Q10288965,Lord George Paget,sibling,panel;rush
Q6679084,Clarence Paget,Q13582500,"Henry Paget, 2nd Marquess of Anglesey",sibling,panel
Q6679084,Clarence Paget,Q369723,Lord Alfred Paget,sibling,panel;rush
Q6679084,Clarence Paget,Q4733782,"Almeric Paget, 1st Baron Queenborough",uncle/aunt,panel
Q6679084,Clarence Paget,Q5498507,Frederick Paget,cousin,panel;rush
Q6679084,Clarence Paget,Q5726659,"Henry Paget, 3rd Marquess of Anglesey",niece/nephew;uncle/aunt,panel;rush
Q6679084,Clarence Paget,Q6680031,William Paget,sibling,panel;rush
Q6679103,Lord Claud Hamilton,Q15072599,Lord Ernest Hamilton,niece/nephew,rush
Q6679103,Lord Claud Hamilton,Q1869870,Lord Frederick Spencer Hamilton,niece/nephew,rush
Q6679103,Lord Claud Hamilton,Q2679435,Lord Claud Hamilton,niece/nephew,rush
Q6679103,Lord Claud Hamilton,Q333628,Lord George Hamilton,niece/nephew,rush
Q6679103,Lord Claud Hamilton,Q335270,"James Hamilton, 2nd Duke of Abercorn",niece/nephew,rush
Q6679103,Lord Claud Hamilton,Q335510,"Arthur Hamilton-Gordon, 1st Baron Stanmore",sibling,panel
Q6679103,Lord Claud Hamilton,Q336343,"James Hamilton, 5th Duke of Abercorn",indirect,rush
Q6679103,Lord Claud Hamilton,Q4702898,"George Hamilton-Gordon, 5th Earl of Aberdeen",sibling,panel
Q6679103,Lord Claud Hamilton,Q4719056,Alexander Hamilton-Gordon,sibling,panel
Q6679103,Lord Claud Hamilton,Q5301898,Douglas Proby,parent,panel
Q6679103,Lord Claud Hamilton,Q6135508,James Hans Hamilton,indirect,rush
Q6679103,Lord Claud Hamilton,Q8000141,"Wilbraham Tollemache, 2nd Baron Tollemache",indirect,rush
Q6679126,Lord Colum Edmund Crichton-Stuart,Q6679825,Lord Ninian Crichton-Stuart,sibling,panel;rush
Q6679188,Lord Douglas Gordon-Hallyburton,Q6679267,Lord Frederick Gordon-Hallyburton,indirect,rush
Q6679205,Lord Edward Clinton,Q2034621,"Henry Pelham-Clinton, 6th Duke of Newcastle",sibling,panel;rush
Q6679205,Lord Edward Clinton,Q2492102,"Henry Pelham-Clinton, 5th Duke of Newcastle",child;parent,panel;rush
Q6679205,Lord Edward Clinton,Q6678926,Lord Arthur Clinton,sibling,panel;rush
Q6679205,Lord Edward Clinton,Q6679041,Lord Charles Clinton,niece/nephew;uncle/aunt,panel;rush
Q6679205,Lord Edward Clinton,Q6679913,Lord Robert Clinton,niece/nephew;uncle/aunt,panel;rush
Q6679210,Lord Edward Russell,Q157259,"John Russell, 1st Earl Russell",sibling,panel;rush
Q6679210,Lord Edward Russell,Q25689,"Francis Russell, 7th Duke of Bedford",sibling,panel
Q6679210,Lord Edward Russell,Q26240540,"Edward Russell, 23rd Baron de Clifford",indirect,rush
Q6679210,Lord Edward Russell,Q31177,"George Russell, 10th Duke of Bedford",indirect,rush
Q6679210,Lord Edward Russell,Q31178,"Francis Russell, 9th Duke of Bedford",niece/nephew,rush
Q6679210,Lord Edward Russell,Q6084189,George W. E. Russell,niece/nephew;uncle/aunt,panel;rush
Q6679210,Lord Edward Russell,Q6255964,"John Russell, Viscount Amberley",uncle/aunt,panel
Q6679210,Lord Edward Russell,Q6678929,Lord Arthur Russell,niece/nephew,rush
Q6679210,Lord Edward Russell,Q6679056,Lord Charles Russell,sibling,panel;rush
Q6679210,Lord Edward Russell,Q6834882,"William Russell, 8th Duke of Bedford",niece/nephew;uncle/aunt,panel;rush
Q6679211,Lord Edward Manners,Q13529986,Lord George Manners,niece/nephew;uncle/aunt,panel;rush
Q6679211,Lord Edward Manners,Q13529987,Lord Cecil Manners,sibling,panel;rush
Q6679211,Lord Edward Manners,Q2086683,"John Manners, 7th Duke of Rutland",child;parent,panel;rush
Q6679211,Lord Edward Manners,Q3666446,"Charles Manners, 6th Duke of Rutland",niece/nephew,panel
Q6679211,Lord Edward Manners,Q3784973,"Henry Manners, 8th Duke of Rutland",sibling,panel
Q6679229,Lord Eustace Cecil,Q12702,Robert Cecil,child;niece/nephew;uncle/aunt,panel;rush
Q6679229,Lord Eustace Cecil,Q243705,"Robert Gascoyne-Cecil, 3rd Marquess of Salisbury",sibling,panel;rush
Q6679229,Lord Eustace Cecil,Q334182,"Hugh Cecil, 1st Baron Quickswood",child;uncle/aunt,panel;rush
Q6679229,Lord Eustace Cecil,Q4381482,"James Gascoyne-Cecil, 4th Marquess of Salisbury",uncle/aunt,panel
Q6679229,Lord Eustace Cecil,Q5416293,"Evelyn Cecil, 1st Baron Rockley",child;parent,panel;rush
Q6679249,Lord Francis Conyngham,Q4710027,"Albert Denison, 1st Baron Londesborough",uncle/aunt,rush
Q6679252,Lord Francis Hervey,Q13529938,Lord Augustus Hervey,sibling,panel;rush
Q6679252,Lord Francis Hervey,Q5498017,"Frederick Hervey, 3rd Marquess of Bristol",sibling,panel;rush
Q6679252,Lord Francis Hervey,Q5498018,"Frederick Hervey, 2nd Marquess of Bristol",child;parent,panel;rush
Q6679252,Lord Francis Hervey,Q5498019,"Frederick Hervey, 4th Marquess of Bristol",niece/nephew;uncle/aunt,panel;rush
Q6679252,Lord Francis Hervey,Q6678905,Lord Alfred Hervey,niece/nephew;uncle/aunt,panel;rush
Q6679267,Lord Frederick Gordon-Hallyburton,Q6679188,Lord Douglas Gordon-Hallyburton,indirect,rush
Q6679279,Lord George Cavendish,Q2411883,"Victor Cavendish, 9th Duke of Devonshire",indirect,rush
Q6679279,Lord George Cavendish,Q334063,"Spencer Cavendish, 8th Duke of Devonshire",uncle/aunt,panel
Q6679279,Lord George Cavendish,Q337520,Lord Frederick Cavendish,niece/nephew;uncle/aunt,panel;rush
Q6679279,Lord George Cavendish,Q337626,"William Cavendish, 7th Duke of Devonshire",sibling,panel;rush
Q6679279,Lord George Cavendish,Q337905,Lord Edward Cavendish,niece/nephew;uncle/aunt,panel;rush
Q6679279,Lord George Cavendish,Q5076148,"Charles Cavendish, 1st Baron Chesham",sibling,rush
Q6679302,Lord Granville Somerset,Q3784915,"Henry Somerset, 8th Duke of Beaufort",niece/nephew;uncle/aunt,panel;rush
Q6679302,Lord Granville Somerset,Q7372187,Rowland Smith,indirect,rush
Q6679302,Lord Granville Somerset,Q922318,"Henry Somerset, 7th Duke of Beaufort",sibling,panel;rush
Q6679336,Lord Henry Bentinck,Q138559,Lord William Bentinck,uncle/aunt,rush
Q6679336,Lord Henry Bentinck,Q332933,Lord George Bentinck,sibling,panel;rush
Q6679347,Lord Henry Percy,Q337686,"Algernon Percy, 6th Duke of Northumberland",sibling,panel;rush
Q6679347,Lord Henry Percy,Q3810119,Lord Josceline Percy,sibling,panel;rush
Q6679347,Lord Henry Percy,Q6678906,Lord Algernon Percy,niece/nephew;uncle/aunt,panel;rush
Q6679347,Lord Henry Percy,Q762750,"Henry Percy, 7th Duke of Northumberland",niece/nephew;uncle/aunt,panel;rush
Q6679354,Lord Henry Thynne,Q17022007,Lord Edward Thynne,niece/nephew;uncle/aunt,panel;rush
Q6679354,Lord Henry Thynne,Q338382,"Thomas Thynne, 5th Marquess of Bath",niece/nephew,rush
Q6679354,Lord Henry Thynne,Q43895,"Henry Thynne, 3rd Marquess of Bath",child,panel
Q6679354,Lord Henry Thynne,Q4914194,"Bingham Baring, 2nd Baron Ashburton",uncle/aunt,rush
Q6679354,Lord Henry Thynne,Q5729188,"Henry Thynne, 6th Marquess of Bath",indirect,rush
Q6679354,Lord Henry Thynne,Q652514,"Alexander Baring, 1st Baron Ashburton",grandparent,rush
Q6679354,Lord Henry Thynne,Q6678901,Lord Alexander Thynne,niece/nephew,rush
Q6679423,Lord James Townshend,Q15725713,"John Townshend, 4th Marquess Townshend",niece/nephew,rush
Q6679437,Lord John Chichester,Q5537863,"George Chichester, 3rd Marquess of Donegall",sibling,panel;rush
Q6679437,Lord John Chichester,Q6678924,Lord Arthur Chichester,sibling,panel;rush
Q6679437,Lord John Chichester,Q7342905,Robert Chichester,indirect,rush
Q6679443,John Hay,Q26387320,Thomas Hay,parent,panel
Q6679443,John Hay,Q5540333,"George Hay, Earl of Gifford",sibling,panel;rush
Q6679443,John Hay,Q6679447,John Hay,uncle/aunt,rush
Q6679443,John Hay,Q8011045,"William Hay, 10th Marquess of Tweeddale",sibling,panel;rush
Q6679447,John Hay,Q5540333,"George Hay, Earl of Gifford",niece/nephew,rush
Q6679447,John Hay,Q6679443,John Hay,niece/nephew,rush
Q6679447,John Hay,Q8011045,"William Hay, 10th Marquess of Tweeddale",child;niece/nephew,rush
Q6679448,Lord John Joicey-Cecil,Q4976602,"Brownlow Cecil, 4th Marquess of Exeter",sibling,panel
Q6679448,Lord John Joicey-Cecil,Q6241985,John Joicey,indirect,rush
Q6679448,Lord John Joicey-Cecil,Q8006657,"William Cecil, 3rd Marquess of Exeter",child,panel
Q6679449,John Lennox,Q2865197,Lord Arthur Lennox,sibling,panel;rush
Q6679449,John Lennox,Q3610759,Lord Alexander Gordon-Lennox,niece/nephew,rush
Q6679449,John Lennox,Q3760464,Lord George Gordon-Lennox,niece/nephew,rush
Q6679449,John Lennox,Q3784916,Lord Henry Lennox,niece/nephew,rush
Q6679449,John Lennox,Q6680026,William Lennox,sibling,panel;rush
Q6679747,Lord Malcolm Douglas-Hamilton,Q332941,"Douglas Douglas-Hamilton, 14th Duke of Hamilton",sibling,panel;rush
Q6679747,Lord Malcolm Douglas-Hamilton,Q333795,"James Douglas-Hamilton, Baron Selkirk of Douglas",niece/nephew;uncle/aunt,panel;rush
Q6679791,Lord Montagu Graham,Q495977,"James Graham, 4th Duke of Montrose",sibling,panel
Q6679825,Lord Ninian Crichton-Stuart,Q6679126,Lord Colum Edmund Crichton-Stuart,sibling,panel;rush
Q6679840,Lord Otho FitzGerald,Q5077684,"Charles FitzGerald, 4th Duke of Leinster",sibling,panel
Q6679906,Lord Richard Cavendish,Q2411883,"Victor Cavendish, 9th Duke of Devonshire",sibling,panel;rush
Q6679906,Lord Richard Cavendish,Q2761950,"Edward Cavendish, 10th Duke of Devonshire",uncle/aunt,panel
Q6679906,Lord Richard Cavendish,Q333205,"Robert Gascoyne-Cecil, 5th Marquess of Salisbury",indirect,rush
Q6679906,Lord Richard Cavendish,Q334063,"Spencer Cavendish, 8th Duke of Devonshire",niece/nephew;uncle/aunt,panel;rush
Q6679906,Lord Richard Cavendish,Q337520,Lord Frederick Cavendish,niece/nephew,panel
Q6679906,Lord Richard Cavendish,Q337626,"William Cavendish, 7th Duke of Devonshire",grandchild;grandparent,panel;rush
Q6679906,Lord Richard Cavendish,Q337905,Lord Edward Cavendish,child;parent,panel;rush
Q6679913,Lord Robert Clinton,Q2034621,"Henry Pelham-Clinton, 6th Duke of Newcastle",niece/nephew;uncle/aunt,panel;rush
Q6679913,Lord Robert Clinton,Q2492102,"Henry Pelham-Clinton, 5th Duke of Newcastle",sibling,panel;rush
Q6679913,Lord Robert Clinton,Q6678926,Lord Arthur Clinton,niece/nephew;uncle/aunt,panel;rush
Q6679913,Lord Robert Clinton,Q6679041,Lord Charles Clinton,sibling,panel;rush
Q6679913,Lord Robert Clinton,Q6679205,Lord Edward Clinton,niece/nephew;uncle/aunt,panel;rush
Q6679918,Lord Robert Manners,Q13529986,Lord George Manners,niece/nephew,rush
Q6679918,Lord Robert Manners,Q16066259,Lord Charles Manners,sibling,panel;rush
Q6679918,Lord Robert Manners,Q2086683,"John Manners, 7th Duke of Rutland",niece/nephew,rush
Q6679922,Lord Robert Montagu,Q336970,"George Montagu, 8th Duke of Manchester",niece/nephew;uncle/aunt,panel;rush
Q6679922,Lord Robert Montagu,Q859822,"George Montagu, 6th Duke of Manchester",child;parent,panel;rush
Q6679922,Lord Robert Montagu,Q860041,"William Montagu, 7th Duke of Manchester",sibling,panel;rush
Q6680026,William Lennox,Q2865197,Lord Arthur Lennox,sibling,panel;rush
Q6680026,William Lennox,Q3610759,Lord Alexander Gordon-Lennox,niece/nephew,rush
Q6680026,William Lennox,Q3760464,Lord George Gordon-Lennox,niece/nephew,rush
Q6680026,William Lennox,Q3784916,Lord Henry Lennox,niece/nephew,rush
Q6680026,William Lennox,Q6679449,John Lennox,sibling,panel;rush
Q6680030,Lord William Montagu Douglas Scott,Q128976,Alec Douglas-Home,indirect,rush
Q6680030,Lord William Montagu Douglas Scott,Q2602495,"Walter Montagu Douglas Scott, 8th Duke of Buccleuch",sibling,panel
Q6680030,Lord William Montagu Douglas Scott,Q333214,"John Scott, 9th Duke of Buccleuch",uncle/aunt,panel
Q6680030,Lord William Montagu Douglas Scott,Q337464,"John Montagu Douglas Scott, 7th Duke of Buccleuch",child,panel
Q6680030,Lord William Montagu Douglas Scott,Q337468,"William Montagu Douglas Scott, 6th Duke of Buccleuch",grandchild,panel
Q6680031,William Paget,Q10288965,Lord George Paget,sibling,panel;rush
Q6680031,William Paget,Q13582500,"Henry Paget, 2nd Marquess of Anglesey",sibling,panel
Q6680031,William Paget,Q369723,Lord Alfred Paget,sibling,panel;rush
Q6680031,William Paget,Q4733782,"Almeric Paget, 1st Baron Queenborough",uncle/aunt,panel
Q6680031,William Paget,Q5498507,Frederick Paget,cousin,panel;rush
Q6680031,William Paget,Q5537867,"George Child Villiers, 6th Earl of Jersey",cousin,panel;rush
Q6680031,William Paget,Q5726659,"Henry Paget, 3rd Marquess of Anglesey",niece/nephew;uncle/aunt,panel;rush
Q6680031,William Paget,Q6679084,Clarence Paget,sibling,panel;rush
Q6690891,Love Jones-Parry,Q3402767,"Sir Love Jones-Parry, 1st Baronet",child,rush
Q6694156,"Lowry Cole, 4th Earl of Enniskillen",Q24254979,Arthur Cole,indirect;sibling,rush
Q6694156,"Lowry Cole, 4th Earl of Enniskillen",Q26388219,John Cole,niece/nephew,panel
Q6694156,"Lowry Cole, 4th Earl of Enniskillen",Q5719665,Henry Cole,indirect;niece/nephew;uncle/aunt,panel;rush
Q6694156,"Lowry Cole, 4th Earl of Enniskillen",Q6227624,"John Crichton, 4th Earl Erne",indirect,rush
Q6694156,"Lowry Cole, 4th Earl of Enniskillen",Q8006971,"William Cole, 3rd Earl of Enniskillen",child;parent,panel;rush
Q6697588,"Lucius O'Brien, 13th Baron Inchiquin",Q247141,William Smith O'Brien,sibling,panel;rush
Q6698437,"Lucy Noel-Buxton, Baroness Noel-Buxton",Q2365347,Noel Noel-Buxton,spouse,rush
Q6702449,"Luke White, 2nd Baron Annaly",Q24248901,Samuel White,niece/nephew,panel
Q6702449,"Luke White, 2nd Baron Annaly",Q26218356,Luke White,niece/nephew;uncle/aunt,panel;rush
Q6702449,"Luke White, 2nd Baron Annaly",Q5083590,Charles William White,sibling,panel;rush
Q6702449,"Luke White, 2nd Baron Annaly",Q5730053,"Henry White, 1st Baron Annaly",child;parent,panel;rush
Q6742478,Malcolm Macnaghten,Q1726897,"Edward Macnaghten, Baron Macnaghten",child;parent,panel;rush
Q6742478,Malcolm Macnaghten,Q19974263,"Sir Edmund Workman-Macnaghten, 2nd Baronet",grandchild;grandparent,panel;rush
Q6758034,Marcus Beresford,Q323773,Charles Beresford,niece/nephew,rush
Q6758034,Marcus Beresford,Q8005441,William Beresford,child,rush
Q6758436,"Marcus Sandys, 3rd Baron Sandys",Q24153864,George Hill,sibling,panel
Q6758436,"Marcus Sandys, 3rd Baron Sandys",Q4799073,"Arthur Hill, 4th Marquess of Downshire",niece/nephew,rush
Q6758436,"Marcus Sandys, 3rd Baron Sandys",Q4799074,Arthur Hill,indirect,rush
Q6758436,"Marcus Sandys, 3rd Baron Sandys",Q4799783,"Arthur Moyses William Hill, 2nd Baron Sandys",sibling,panel;rush
Q6758436,"Marcus Sandys, 3rd Baron Sandys",Q5346516,"Edwin Hill-Trevor, 1st Baron Trevor",niece/nephew,rush
Q6758436,"Marcus Sandys, 3rd Baron Sandys",Q7526476,"Sir Edmund Filmer, 9th Baronet",indirect,rush
Q6758548,Marcus Worsley,Q7287185,"Ralph Assheton, 1st Baron Clitheroe",indirect,rush
Q6760035,Margaret Wintringham,Q7795255,Thomas Wintringham,spouse,rush
Q6766776,"Mark Bonham Carter, Baron Bonham-Carter",Q166714,H. H. Asquith,grandparent,rush
Q6767617,Mark Fisher,Q7032378,Nigel Fisher,child;parent,panel;rush
Q6772042,Marmaduke D'Arcy Wyvill,Q333726,Marmaduke Wyvill,parent,rush
Q6772042,Marmaduke D'Arcy Wyvill,Q8020429,William Wilson-Todd,indirect,rush
Q6776167,Martin McLaren,Q333710,Reginald McKenna,grandparent,rush
Q6776167,Martin McLaren,Q5080854,"Charles McLaren, 1st Baron Aberconway",grandchild,panel
Q6776167,Martin McLaren,Q5314516,Duncan McLaren,indirect,rush
Q6776167,Martin McLaren,Q5481905,Francis McLaren,child;parent,panel;rush
Q6776167,Martin McLaren,Q5725740,Henry McLaren,niece/nephew;uncle/aunt,panel;rush
Q6776167,Martin McLaren,Q6248044,John McLaren,indirect,rush
Q6776167,Martin McLaren,Q7965601,Walter McLaren,indirect,rush
Q6776217,"Martin Morris, 2nd Baron Killanin",Q1747637,"Michael Morris, 1st Baron Killanin",child;parent,panel;rush
Q6776217,"Martin Morris, 2nd Baron Killanin",Q25931288,George Morris,uncle/aunt,rush
Q677902,"William Wedgwood Benn, 1st Viscount Stansgate",Q262742,Hilary Benn,grandchild;grandparent,panel;rush
Q677902,"William Wedgwood Benn, 1st Viscount Stansgate",Q332412,Tony Benn,child;parent,panel;rush
Q677902,"William Wedgwood Benn, 1st Viscount Stansgate",Q5218941,Daniel Turner Holmes,indirect,rush
Q677902,"William Wedgwood Benn, 1st Viscount Stansgate",Q7527599,"Sir John Benn, 1st Baronet",child;parent,panel;rush
Q6791301,Matthew Talbot Baines,Q324276,Edward Baines,child;parent,panel;rush
Q6791301,Matthew Talbot Baines,Q5341716,Edward Baines,sibling,panel
Q6791421,"Matthew White Ridley, 2nd Viscount Ridley",Q11802686,"Sir Matthew White Ridley, 4th Baronet",grandchild;grandparent,panel;rush
Q6791421,"Matthew White Ridley, 2nd Viscount Ridley",Q16030421,Edward Ridley,niece/nephew;uncle/aunt,panel;rush
Q6791421,"Matthew White Ridley, 2nd Viscount Ridley",Q17322488,"Ivor Guest, 1st Viscount Wimborne",indirect,rush
Q6791421,"Matthew White Ridley, 2nd Viscount Ridley",Q25863273,George Ridley,indirect,rush
Q6791421,"Matthew White Ridley, 2nd Viscount Ridley",Q324805,"Nicholas Ridley, Baron Ridley of Liddesdale",grandchild,rush
Q6791421,"Matthew White Ridley, 2nd Viscount Ridley",Q334352,"Edward Marjoribanks, 2nd Baron Tweedmouth",uncle/aunt,rush
Q6791421,"Matthew White Ridley, 2nd Viscount Ridley",Q337059,"Dudley Marjoribanks, 1st Baron Tweedmouth",grandparent,rush
Q6791421,"Matthew White Ridley, 2nd Viscount Ridley",Q337696,"Matthew White Ridley, 1st Viscount Ridley",child;parent,panel;rush
Q6791421,"Matthew White Ridley, 2nd Viscount Ridley",Q7528317,"Sir Matthew White Ridley, 3rd Baronet",indirect,rush
Q6793186,Maurice Healy,Q16031046,Thomas Joseph Healy,sibling,panel;rush
Q6793186,Maurice Healy,Q333199,Timothy Michael Healy,sibling,panel;rush
Q6793386,Maurice O'Connell,Q21548703,Morgan O'Connell,cousin,panel;rush
Q6793386,Maurice O'Connell,Q314917,Daniel O'Connell,child;parent,panel;rush
Q6793386,Maurice O'Connell,Q3809512,John O'Connell,sibling,panel;rush
Q6793386,Maurice O'Connell,Q5218291,Daniel O'Connell,sibling,panel;rush
Q6793386,Maurice O'Connell,Q6911794,Morgan O'Connell,sibling,panel;rush
Q6808694,Megan Lloyd George,Q134982,David Lloyd George,child;parent,panel;rush
Q6808694,Megan Lloyd George,Q333823,"Gwilym Lloyd George, 1st Viscount Tenby",sibling,panel;rush
Q6814689,"Ernest Edgcumbe, 3rd Earl of Mount Edgcumbe",Q8008387,"William Edgcumbe, 4th Earl of Mount Edgcumbe",parent,panel
Q6820891,Mervyn Edward Archdale,Q24239140,Mervyn Archdall,uncle/aunt,rush
Q6820891,Mervyn Edward Archdale,Q8012677,William Humphrys Archdale,sibling,panel;rush
Q682694,Julie Kirkbride,Q4757838,Andrew MacKay,spouse,rush
Q6828289,Michael Astor,Q195013,"Nancy Astor, Viscountess Astor",child;parent,panel;rush
Q6828289,Michael Astor,Q2580935,"William Astor, 3rd Viscount Astor",sibling,panel;rush
Q6828289,Michael Astor,Q2619726,"Waldorf Astor, 2nd Viscount Astor",child;parent,panel;rush
Q6828289,Michael Astor,Q332783,"John Jacob Astor, 1st Baron Astor of Hever",niece/nephew;uncle/aunt,panel;rush
Q6828289,Michael Astor,Q6125171,Jakie Astor,sibling,panel;rush
Q6828289,Michael Astor,Q6219659,John Astor,cousin,panel;rush
Q6828483,"Michael Bass, 1st Baron Burton",Q337407,Michael Thomas Bass,child;parent,panel;rush
Q6828483,"Michael Bass, 1st Baron Burton",Q5644068,Hamar Alfred Bass,sibling,panel;rush
Q6828520,Michael Beaumont,Q5927153,Hubert Beaumont,child;parent,panel;rush
Q6828520,Michael Beaumont,Q7287229,Ralph Beaumont,indirect,rush
Q6828520,Michael Beaumont,Q7983008,"Wentworth Beaumont, 1st Baron Allendale",grandchild,panel
Q6828520,Michael Beaumont,Q7983009,"Wentworth Beaumont, 1st Viscount Allendale",niece/nephew,panel
Q6828632,"Michael Biddulph, 1st Baron Biddulph",Q3041941,Jonathan Peel,indirect,rush
Q6828632,"Michael Biddulph, 1st Baron Biddulph",Q7342094,Robert Biddulph,child;grandparent,panel;rush
Q6829288,Michael Hutchison,Q5536108,George Hutchison,parent,rush
Q6829288,Michael Hutchison,Q5981200,Ian Clark Hutchison,sibling,rush
Q6830920,Michael Hamilton,Q6141825,James Ramsden,indirect,rush
Q6830920,Michael Hamilton,Q7526278,Charles Ponsonby,indirect,rush
Q6831126,"Michael Hicks Beach, Viscount Quenington",Q332746,"Michael Hicks Beach, 1st Earl St Aldwyn",child;parent,panel;rush
Q6831126,"Michael Hicks Beach, Viscount Quenington",Q7528336,"Sir Michael Hicks Beach, 8th Baronet",grandchild;grandparent,panel;rush
Q6831126,"Michael Hicks Beach, Viscount Quenington",Q8009392,William Frederick Hicks-Beach,niece/nephew;uncle/aunt,panel;rush
Q6832761,Michael McNair-Wilson,Q7147189,Patrick McNair-Wilson,sibling,panel;rush
Q6832761,Michael McNair-Wilson,Q76363401,Laura Farris,child;parent,panel;rush
Q6834882,"William Russell, 8th Duke of Bedford",Q157259,"John Russell, 1st Earl Russell",niece/nephew;uncle/aunt,panel;rush
Q6834882,"William Russell, 8th Duke of Bedford",Q25689,"Francis Russell, 7th Duke of Bedford",child,panel
Q6834882,"William Russell, 8th Duke of Bedford",Q31177,"George Russell, 10th Duke of Bedford",indirect,rush
Q6834882,"William Russell, 8th Duke of Bedford",Q31178,"Francis Russell, 9th Duke of Bedford",cousin,panel;rush
Q6834882,"William Russell, 8th Duke of Bedford",Q6084189,George W. E. Russell,cousin,panel;rush
Q6834882,"William Russell, 8th Duke of Bedford",Q6678929,Lord Arthur Russell,cousin,panel;rush
Q6834882,"William Russell, 8th Duke of Bedford",Q6679056,Lord Charles Russell,niece/nephew;uncle/aunt,panel;rush
Q6834882,"William Russell, 8th Duke of Bedford",Q6679210,Lord Edward Russell,niece/nephew;uncle/aunt,panel;rush
Q6852229,Lord Walter Gordon-Lennox,Q333488,"Charles Gordon-Lennox, 6th Duke of Richmond",child;parent;uncle/aunt,panel;rush
Q6852229,Lord Walter Gordon-Lennox,Q333879,"Charles Gordon-Lennox, 7th Duke of Richmond",sibling,panel;rush
Q6852229,Lord Walter Gordon-Lennox,Q3610759,Lord Alexander Gordon-Lennox,niece/nephew,panel
Q6852229,Lord Walter Gordon-Lennox,Q3760464,Lord George Gordon-Lennox,niece/nephew,panel
Q6852229,Lord Walter Gordon-Lennox,Q3784916,Lord Henry Lennox,niece/nephew,panel
Q6881236,Mitchell Henry,Q26385266,Alexander Henry,parent,rush
Q6881236,Mitchell Henry,Q6258450,John Snowdon Henry,sibling,rush
Q689421,Kelvin Hopkins,Q76448943,Rachel Hopkins,child;parent,panel;rush
Q689589,Gerald Howarth,Q19956787,James Cartlidge,indirect,rush
Q689660,Lindsay Hoyle,Q279314,"Doug Hoyle, Baron Hoyle",child;parent,panel;rush
Q6904055,"Montagu Bertie, 6th Earl of Abingdon",Q13529927,George Harcourt,indirect,rush
Q6904065,Montagu Curzon,Q333791,"Francis Curzon, 5th Earl Howe",indirect,rush
Q6904065,Montagu Curzon,Q5538290,"George Curzon-Howe, 2nd Earl Howe",parent;sibling,panel;rush
Q6904065,Montagu Curzon,Q7325013,"Richard Curzon, 4th Earl Howe",child;niece/nephew,rush
Q6904116,Montague Guest,Q4798916,Arthur Guest,sibling,panel;rush
Q6904116,Montague Guest,Q6242277,John Josiah Guest,child;parent,panel;rush
Q6911461,Moreton Frewen,Q26293147,Thomas Turner,child;parent,panel;rush
Q6911461,Moreton Frewen,Q5077886,Charles Frewen,niece/nephew;uncle/aunt,panel;rush
Q6911794,Morgan O'Connell,Q21548703,Morgan O'Connell,cousin,panel;rush
Q6911794,Morgan O'Connell,Q314917,Daniel O'Connell,child;parent,panel;rush
Q6911794,Morgan O'Connell,Q3809512,John O'Connell,sibling,panel;rush
Q6911794,Morgan O'Connell,Q5218291,Daniel O'Connell,sibling,panel;rush
Q6911794,Morgan O'Connell,Q6793386,Maurice O'Connell,sibling,panel;rush
Q691299,Nick Hurd,Q337375,Douglas Hurd,child;parent,panel;rush
Q691299,Nick Hurd,Q4772767,"Anthony Hurd, Baron Hurd",grandchild;grandparent,panel;rush
Q691299,Nick Hurd,Q7167412,Percy Hurd,indirect,rush
Q691388,Huw Irranca-Davies,Q5991237,Ifor Davies,uncle/aunt,rush
Q6936035,"Mungo Murray, 7th Earl of Mansfield and Mansfield",Q7614951,"William Murray, 4th Earl of Mansfield and Mansfield",indirect,rush
Q6938655,Muriel Nichol,Q7273536,R. C. Wallhead,child;parent,panel;rush
Q6939233,"Murray Finch-Hatton, 12th Earl of Winchilsea",Q3048714,Edward William Harcourt,indirect,rush
Q6939233,"Murray Finch-Hatton, 12th Earl of Winchilsea",Q5539271,"George Finch-Hatton, 11th Earl of Winchilsea",sibling,panel;rush
Q6939233,"Murray Finch-Hatton, 12th Earl of Winchilsea",Q5660670,Harold Finch-Hatton,sibling,panel;rush
Q6947717,Myles O'Reilly,Q8016257,William O'Reilly,child,panel
Q6989174,Neil Primrose,Q5671733,"Harry Primrose, 6th Earl of Rosebery",sibling,panel
Q7004840,Neville Sandelson,Q333321,"Harold Lever, Baron Lever of Manchester",cousin,panel;rush
Q7004840,Neville Sandelson,Q6530973,"Leslie Lever, Baron Lever",cousin,panel;rush
Q7020238,"Newton Fellowes, 4th Earl of Portsmouth",Q5359607,"Hugh Fortescue, 2nd Earl Fortescue",indirect,rush
Q7020238,"Newton Fellowes, 4th Earl of Portsmouth",Q5717438,Henry Arthur Wallop Fellowes,child;parent,panel;rush
Q7020238,"Newton Fellowes, 4th Earl of Portsmouth",Q7020456,"Newton Wallop, 6th Earl of Portsmouth",grandchild,rush
Q7020456,"Newton Wallop, 6th Earl of Portsmouth",Q5550189,"Gerard Wallop, 9th Earl of Portsmouth",niece/nephew,rush
Q7020456,"Newton Wallop, 6th Earl of Portsmouth",Q7020238,"Newton Fellowes, 4th Earl of Portsmouth",grandparent,rush
Q7023907,"Niall Macpherson, 1st Baron Drumalbyn",Q7050227,Norah Runge,indirect,rush
Q7025013,Nicholas Ball,Q957519,John Ball,child,rush
Q7025707,Nicholas Kendall,Q17318846,"Sir Colman Rashleigh, 2nd Baronet",indirect,rush
Q7026124,"Nicholas Ridley-Colborne, 1st Baron Colborne",Q11802686,"Sir Matthew White Ridley, 4th Baronet",uncle/aunt,panel
Q7026124,"Nicholas Ridley-Colborne, 1st Baron Colborne",Q25863273,George Ridley,uncle/aunt,panel
Q7026124,"Nicholas Ridley-Colborne, 1st Baron Colborne",Q26272953,William Colborne,child,rush
Q7026124,"Nicholas Ridley-Colborne, 1st Baron Colborne",Q7528317,"Sir Matthew White Ridley, 3rd Baronet",sibling,panel
Q7032378,Nigel Fisher,Q5534892,Geoffrey Shakespeare,indirect,rush
Q7032378,Nigel Fisher,Q6767617,Mark Fisher,child;parent,panel;rush
Q7032378,Nigel Fisher,Q7145583,Patricia Ford,spouse,rush
Q7050227,Norah Runge,Q7023907,"Niall Macpherson, 1st Baron Drumalbyn",indirect,rush
Q7052295,Norman Grosvenor,Q14945417,"Robert Grosvenor, 1st Baron Ebury",child;parent,panel;rush
Q7052295,Norman Grosvenor,Q333256,"Hugh Grosvenor, 1st Duke of Westminster",sibling,rush
Q7052295,Norman Grosvenor,Q4171078,"Richard Grosvenor, 2nd Marquess of Westminster",indirect;niece/nephew;parent,panel;rush
Q7052295,Norman Grosvenor,Q7326097,"Richard Grosvenor, 1st Baron Stalbridge",sibling,rush
Q7052295,Norman Grosvenor,Q7344985,"Robert Grosvenor, 2nd Baron Ebury",sibling,panel;rush
Q707126,George Julius Poulett Scrope,Q2959005,"Charles Thomson, 1st Baron Sydenham",sibling,rush
Q7076834,Octavius Duncombe,Q26129113,Hubert Duncombe,indirect;niece/nephew,rush
Q7076834,Octavius Duncombe,Q4798519,Arthur Duncombe,sibling,panel;rush
Q7076834,Octavius Duncombe,Q4798520,Arthur Duncombe,indirect;niece/nephew;uncle/aunt,panel;rush
Q7076834,Octavius Duncombe,Q8008114,"William Duncombe, 1st Earl of Feversham",niece/nephew;uncle/aunt,panel;rush
Q7076834,Octavius Duncombe,Q8008115,"William Duncombe, 2nd Baron Feversham",sibling,panel;rush
Q7076834,Octavius Duncombe,Q8008117,"William Duncombe, Viscount Helmsley",indirect;niece/nephew,rush
Q7076834,Octavius Duncombe,Q890109,Thomas Slingsby Duncombe,cousin,panel;rush
Q7087669,Oliver Locker-Lampson,Q13529973,Godfrey Locker-Lampson,sibling,panel;rush
Q7087955,Oliver Young,Q4684484,Adolphus William Young,parent,rush
Q7103052,"Orlando Bridgeman, 3rd Earl of Bradford",Q2364372,Francis Charles Bridgeman,parent,panel
Q7103052,"Orlando Bridgeman, 3rd Earl of Bradford",Q5537238,"George Bridgeman, 4th Earl of Bradford",child;parent,panel;rush
Q7106014,Oscar Guest,Q17322488,"Ivor Guest, 1st Viscount Wimborne",sibling,panel;rush
Q7106014,Oscar Guest,Q3425074,Frederick Guest,sibling,panel;rush
Q7106014,Oscar Guest,Q5722290,Henry Guest,sibling,panel;rush
Q7106014,Oscar Guest,Q6099395,"Ivor Guest, 2nd Viscount Wimborne",niece/nephew;uncle/aunt,panel;rush
Q7108101,Oswald Cawley,Q2662125,Harold Thomas Cawley,sibling,panel;rush
Q7108101,Oswald Cawley,Q5497502,"Frederick Cawley, 1st Baron Cawley",child;parent,panel;rush
Q7108706,Otho Nicholson,Q8010084,William Graham Nicholson,parent,rush
Q7114546,Owen Lewis Cope Williams,Q7114694,Owen Williams,grandchild,panel
Q7114546,Owen Lewis Cope Williams,Q7793085,Thomas Peers Williams,child;parent,panel;rush
Q7114653,Owen Temple-Morris,Q2078620,"Peter Temple-Morris, Baron Temple-Morris",child,rush
Q7114694,Owen Williams,Q7114546,Owen Lewis Cope Williams,grandparent,panel
Q7114694,Owen Williams,Q7793085,Thomas Peers Williams,parent,panel
Q711588,"Arthur Stanley, 5th Baron Stanley of Alderley",Q17321359,"Edward Stanley, 2nd Baron Stanley of Alderley",grandchild,panel
Q711588,"Arthur Stanley, 5th Baron Stanley of Alderley",Q5345410,"Edward Stanley, 4th Baron Stanley of Alderley",child,panel
Q7141836,Pascoe Glyn,Q5078424,Charles Grenfell,uncle/aunt,rush
Q7141836,Pascoe Glyn,Q5539756,"George Glyn, 1st Baron Wolverton",child;parent,panel;rush
Q7141836,Pascoe Glyn,Q5539757,"George Glyn, 2nd Baron Wolverton",sibling,panel;rush
Q7141836,Pascoe Glyn,Q7509072,Sidney Glyn,sibling,panel;rush
Q7145583,Patricia Ford,Q3308237,Michael Grylls,indirect,rush
Q7145583,Patricia Ford,Q7032378,Nigel Fisher,spouse,rush
Q7145583,Patricia Ford,Q7945435,Walter Smiles,child;parent,panel;rush
Q7146031,Patrick Aloysius Meehan,Q7146874,Patrick Joseph Meehan,child;parent,panel;rush
Q7146106,"Patrick Bellew, 1st Baron Bellew",Q7324087,Richard Bellew,sibling,rush
Q7146106,"Patrick Bellew, 1st Baron Bellew",Q7787559,Thomas Bellew,indirect,rush
Q7146617,Patrick Guiney,Q26691317,John Guiney,sibling,rush
Q7146874,Patrick Joseph Meehan,Q7146031,Patrick Aloysius Meehan,child;parent,panel;rush
Q7147189,Patrick McNair-Wilson,Q6832761,Michael McNair-Wilson,sibling,panel;rush
Q7147189,Patrick McNair-Wilson,Q76363401,Laura Farris,uncle/aunt,panel
Q7147842,Patrick Whitty,Q7326349,Richard Hazleton,uncle/aunt,rush
Q7153985,"Paul Thompson, 1st Baron Wenlock",Q26033702,"Sir Francis Lawley, 7th Baronet",sibling,panel
Q7153985,"Paul Thompson, 1st Baron Wenlock",Q4881234,"Beilby Lawley, 2nd Baron Wenlock",child;parent,panel;rush
Q7153985,"Paul Thompson, 1st Baron Wenlock",Q4881236,"Beilby Lawley, 3rd Baron Wenlock",grandchild;grandparent,panel;rush
Q7153985,"Paul Thompson, 1st Baron Wenlock",Q5480488,Francis Charles Lawley,child;parent,panel;rush
Q7164658,Penry Williams,Q4761765,Aneurin Williams,sibling,panel
Q7167232,Percy Barlow,Q16029286,"Sir John Barlow, 1st Baronet",sibling,panel
Q7167232,Percy Barlow,Q7527585,"Sir John Barlow, 2nd Baronet",uncle/aunt,panel
Q7167250,Percy Bernard,Q5480209,"Francis Bernard, 3rd Earl of Bandon",uncle/aunt,rush
Q7167269,Percy Burrell,Q7526182,"Sir Charles Burrell, 3rd Baronet",child;parent,panel;rush
Q7167269,Percy Burrell,Q7529373,"Sir Walter Burrell, 5th Baronet",sibling,panel;rush
Q7167284,Percy Clive,Q11801709,Edward Clive,indirect,rush
Q7167284,Percy Clive,Q26732794,Henry Clive,indirect,rush
Q7167284,Percy Clive,Q5342327,Edward Clive,indirect,rush
Q7167284,Percy Clive,Q5343428,"Edward Herbert, 2nd Earl of Powis",indirect,rush
Q7167284,Percy Clive,Q5343429,"Edward Herbert, 3rd Earl of Powis",indirect,rush
Q7167284,Percy Clive,Q5537991,George Clive,indirect,rush
Q7167325,Percy Herbert,Q5343428,"Edward Herbert, 2nd Earl of Powis",child;parent,panel;rush
Q7167325,Percy Herbert,Q5343429,"Edward Herbert, 3rd Earl of Powis",sibling,panel;rush
Q7167325,Percy Herbert,Q5546432,George Windsor-Clive,cousin,panel;rush
Q7167325,Percy Herbert,Q7342986,Robert Clive,niece/nephew;uncle/aunt,panel;rush
Q7167325,Percy Herbert,Q8016840,"William Petty-FitzMaurice, Earl of Kerry",indirect,rush
Q7167373,Percy Grieve,Q332994,Dominic Grieve,child;parent,panel;rush
Q7167412,Percy Hurd,Q337375,Douglas Hurd,grandchild;grandparent,panel;rush
Q7167412,Percy Hurd,Q4772767,"Anthony Hurd, Baron Hurd",child;parent,panel;rush
Q7167412,Percy Hurd,Q691299,Nick Hurd,indirect,rush
Q7167413,Percy Illingworth,Q3154745,"Sir Isaac Holden, 1st Baronet",grandparent,rush
Q7167413,Percy Illingworth,Q4710526,"Albert Illingworth, 1st Baron Illingworth",sibling,panel;rush
Q7167656,Percy Wyndham,Q13530077,Henry Wyndham,uncle/aunt,rush
Q7167656,Percy Wyndham,Q275465,George Wyndham,child;parent,panel;rush
Q7167656,Percy Wyndham,Q335187,"Edward Grey, 1st Viscount Grey of Fallodon",indirect,rush
Q7167656,Percy Wyndham,Q5083743,Charles Wyndham,uncle/aunt,rush
Q7167656,Percy Wyndham,Q5345573,"Edward Tennant, 1st Baron Glenconner",indirect,rush
Q7167656,Percy Wyndham,Q5730572,"Henry Wyndham, 2nd Baron Leconfield",sibling,panel;rush
Q7167656,Percy Wyndham,Q5933848,"Hugo Charteris, 11th Earl of Wemyss",indirect,rush
Q7167793,Peregrine Francis Cust,Q7526539,"Sir Edward Cust, 1st Baronet",sibling,panel
Q7172892,Peter Borthwick,Q4724136,"Algernon Borthwick, 1st Baron Glenesk",child;parent,panel;rush
Q7173881,Peter Esslemont,Q5536998,George Birnie Esslemont,child,rush
Q7175415,"Peter Legh, 4th Baron Newton",Q17326575,"Thomas Legh, 2nd Baron Newton",grandparent,rush
Q7175415,"Peter Legh, 4th Baron Newton",Q5725848,"Henry Meysey-Thompson, 1st Baron Knaresborough",grandparent,rush
Q7175415,"Peter Legh, 4th Baron Newton",Q8014460,"William Legh, 1st Baron Newton",indirect,rush
Q7175610,Peter Mahon,Q19957586,Peter Dowd,niece/nephew,rush
Q7175610,Peter Mahon,Q7519253,Simon Mahon,sibling,rush
Q7175955,Peter Morrison,Q5081103,Charles Morrison,sibling,panel;rush
Q7175955,Peter Morrison,Q5932043,Hugh Morrison,grandchild,panel
Q7175955,Peter Morrison,Q6249506,"John Morrison, 1st Baron Margadale",child;parent,panel;rush
Q7176565,Peter Remnant,Q6141977,"James Remnant, 1st Baron Remnant",child;parent,panel;rush
Q7178722,Petre Crowder,Q5307835,John Crowder,child;parent,panel;rush
Q7181222,"Phelim O'Neill, 2nd Baron Rathcavan",Q16010090,"Hugh O'Neill, 1st Baron Rathcavan",child;parent,panel;rush
Q7181222,"Phelim O'Neill, 2nd Baron Rathcavan",Q4799859,Arthur O'Neill,indirect;niece/nephew;uncle/aunt,panel;rush
Q7181222,"Phelim O'Neill, 2nd Baron Rathcavan",Q5344670,"Edward O'Neill, 2nd Baron O'Neill",grandchild;grandparent,panel;rush
Q7181222,"Phelim O'Neill, 2nd Baron Rathcavan",Q7350434,Robert Torrens O'Neill,indirect,rush
Q7182378,Phil Sawford,Q4761286,Andy Sawford,child,rush
Q7183720,Philip Henry Muntz,Q13529999,"Sir Philip Muntz, 1st Baronet",indirect;niece/nephew;uncle/aunt,panel;rush
Q7183720,Philip Henry Muntz,Q5539445,George Frederick Muntz,sibling,panel;rush
Q7183891,Philip Kenyon-Slaney,Q2374406,William Kenyon-Slaney,uncle/aunt,rush
Q7183891,Philip Kenyon-Slaney,Q5132986,Clifford Kenyon,sibling,rush
Q7184217,Philip Pleydell-Bouverie,Q5314705,Duncombe Pleydell-Bouverie,sibling,panel;rush
Q7184217,Philip Pleydell-Bouverie,Q5344870,Edward Pleydell-Bouverie,niece/nephew,rush
Q7184323,Philip Dunne,Q5344350,Edward Marten Dunne,child;parent,panel;rush
Q7184420,Philip Staveley Foster,Q6242888,John Kenneth Foster,cousin,panel;rush
Q7184589,Philip Wykeham-Martin,Q5083737,Charles Wykeham-Martin,child;parent,panel;rush
Q7191778,Pierce Butler,Q7191827,Pierce Somerset Butler,child;parent,panel;rush
Q7191827,Pierce Somerset Butler,Q7191778,Pierce Butler,child;parent,panel;rush
Q7192595,Piers Dixon,Q203129,Duncan Sandys,indirect,rush
Q7235558,Poulett Somerset,Q11762579,Lord Henry Somerset,indirect,rush
Q7235558,Poulett Somerset,Q5341608,Edward Arthur Somerset,indirect,rush
Q7236918,Powlett Milbank,Q18708340,Murrough John Wilson,indirect,rush
Q7236918,Powlett Milbank,Q26215755,Mark Milbank,grandchild,panel
Q7236918,Powlett Milbank,Q5498400,Frederick Milbank,child;parent,panel;rush
Q7245582,"Priscilla Buchan, Baroness Tweedsmuir",Q333004,John Buchan,indirect,rush
Q7245582,"Priscilla Buchan, Baroness Tweedsmuir",Q333795,"James Douglas-Hamilton, Baron Selkirk of Douglas",indirect,rush
Q7253236,Pryce Pryce-Jones,Q26000446,"Sir Edward Pryce-Jones, 1st Baronet",parent,panel
Q7273520,R. C. Lehmann,Q5498260,Frederick Lehmann,child,panel
Q7273536,R. C. Wallhead,Q6938655,Muriel Nichol,child;parent,panel;rush
Q727852,Bernard Jenkin,Q24082,Patrick Jenkin,child;parent,panel;rush
Q728007,"Charles Anderson-Pelham, 2nd Earl of Yarborough",Q5075117,"Charles Anderson-Pelham, 3rd Earl of Yarborough",child;parent,panel;rush
Q728007,"Charles Anderson-Pelham, 2nd Earl of Yarborough",Q5311943,Dudley Pelham,sibling,panel;rush
Q728063,Jo Johnson,Q180589,Boris Johnson,sibling,panel;rush
Q7283849,Raikes Currie,Q26292607,Henry Currie,cousin,panel;rush
Q7284541,"Rainald Knightley, 1st Baron Knightley",Q21548516,Charles Knightley,child;parent,panel;rush
Q7287185,"Ralph Assheton, 1st Baron Clitheroe",Q6758548,Marcus Worsley,indirect,rush
Q7287185,"Ralph Assheton, 1st Baron Clitheroe",Q7287188,Ralph Assheton,grandparent,rush
Q7287188,Ralph Assheton,Q7287185,"Ralph Assheton, 1st Baron Clitheroe",grandchild,rush
Q7287229,Ralph Beaumont,Q5927153,Hubert Beaumont,niece/nephew,panel
Q7287229,Ralph Beaumont,Q6828520,Michael Beaumont,indirect,rush
Q7287229,Ralph Beaumont,Q7983008,"Wentworth Beaumont, 1st Baron Allendale",grandchild,panel
Q7287229,Ralph Beaumont,Q7983009,"Wentworth Beaumont, 1st Viscount Allendale",child,panel
Q7287242,Ralph Bernal,Q7287243,Ralph Bernal Osborne,child;parent,panel;rush
Q7287243,Ralph Bernal Osborne,Q7287242,Ralph Bernal,child;parent,panel;rush
Q7308602,Reginald Berkeley,Q4084921,Humphry Berkeley,child;parent,panel;rush
Q7308844,Reginald Pole-Carew,Q8016975,William Pole-Carew,child,panel
Q7321835,Rhys Rhys-Williams,Q4957034,Brandon Rhys-Williams,child;parent,panel;rush
Q7323631,Richard Acland,Q5542038,"Sir Francis Dyke Acland, 14th Baronet",child;parent,panel;rush
Q7323631,Richard Acland,Q606299,"Sir Arthur Dyke Acland, 13th Baronet",grandchild;grandparent,panel;rush
Q7323675,Richard Alexander Oswald,Q4719043,Alexander Haldane Oswald,child,rush
Q7323675,Richard Alexander Oswald,Q6140680,James Oswald,sibling,rush
Q7323902,Richard Baggallay,Q5392750,Ernest Baggallay,child,rush
Q7323926,Richard Wingfield-Baker,Q5079549,Charles John Wingfield,sibling,panel;rush
Q7323926,Richard Wingfield-Baker,Q6237617,"John Hanmer, 1st Baron Hanmer",indirect,rush
Q7324087,Richard Bellew,Q7146106,"Patrick Bellew, 1st Baron Bellew",sibling,rush
Q7324261,Richard Bootle-Wilbraham,Q16887005,George Wilbraham,indirect,rush
Q7324261,Richard Bootle-Wilbraham,Q237829,"Edward Smith-Stanley, 14th Earl of Derby",indirect,rush
Q7324261,Richard Bootle-Wilbraham,Q332789,"Edward Stanley, 15th Earl of Derby",niece/nephew,rush
Q7324695,"Richard Chaloner, 1st Baron Gisborough",Q13529974,"Richard Long, 3rd Viscount Long",uncle/aunt,panel
Q7324695,"Richard Chaloner, 1st Baron Gisborough",Q15460648,Walter Long,grandchild,panel
Q7324695,"Richard Chaloner, 1st Baron Gisborough",Q553229,"Walter Long, 1st Viscount Long",sibling,panel;rush
Q7324695,"Richard Chaloner, 1st Baron Gisborough",Q7328362,Richard Penruddocke Long,child;parent,panel;rush
Q7324698,Richard Chamberlain,Q10664,Neville Chamberlain,uncle/aunt,panel
Q7324698,Richard Chamberlain,Q188999,Austen Chamberlain,uncle/aunt,panel
Q7324698,Richard Chamberlain,Q315999,Joseph Chamberlain,sibling,panel;rush
Q7325013,"Richard Curzon, 4th Earl Howe",Q333355,"John Spencer-Churchill, 7th Duke of Marlborough",indirect,rush
Q7325013,"Richard Curzon, 4th Earl Howe",Q333791,"Francis Curzon, 5th Earl Howe",child;parent,panel;rush
Q7325013,"Richard Curzon, 4th Earl Howe",Q5538290,"George Curzon-Howe, 2nd Earl Howe",uncle/aunt,rush
Q7325013,"Richard Curzon, 4th Earl Howe",Q6904065,Montagu Curzon,parent;uncle/aunt,rush
Q7325642,Richard Fellowes Benyon,Q4697105,"Ailwyn Fellowes, 1st Baron Ailwyn",niece/nephew;uncle/aunt,panel;rush
Q7325642,Richard Fellowes Benyon,Q5342877,"Edward Fellowes, 1st Baron de Ramsey",sibling,panel;rush
Q7325642,Richard Fellowes Benyon,Q8008975,"William Fellowes, 2nd Baron de Ramsey",niece/nephew;uncle/aunt,panel;rush
Q7325732,Richard Fort,Q6233710,John Fort,child,panel
Q7325732,Richard Fort,Q7325733,Richard Fort,child;parent,panel;rush
Q7325733,Richard Fort,Q6233710,John Fort,grandchild,panel
Q7325733,Richard Fort,Q7325732,Richard Fort,child;parent,panel;rush
Q7326042,Richard Green-Price,Q16885562,Richard Price,uncle/aunt,rush
Q7326097,"Richard Grosvenor, 1st Baron Stalbridge",Q14945417,"Robert Grosvenor, 1st Baron Ebury",niece/nephew;uncle/aunt,panel;rush
Q7326097,"Richard Grosvenor, 1st Baron Stalbridge",Q333256,"Hugh Grosvenor, 1st Duke of Westminster",sibling,panel;rush
Q7326097,"Richard Grosvenor, 1st Baron Stalbridge",Q4171078,"Richard Grosvenor, 2nd Marquess of Westminster",child;parent,panel;rush
Q7326097,"Richard Grosvenor, 1st Baron Stalbridge",Q7052295,Norman Grosvenor,sibling,rush
Q7326097,"Richard Grosvenor, 1st Baron Stalbridge",Q7344985,"Robert Grosvenor, 2nd Baron Ebury",sibling,rush
Q7326246,"Richard Handcock, 3rd Baron Castlemaine",Q26220083,Henry Handcock,parent,panel
Q7326349,Richard Hazleton,Q7147842,Patrick Whitty,niece/nephew,rush
Q7327054,Richard Ker,Q26218307,David Guardi Ker,child,panel
Q7327054,Richard Ker,Q5240093,David Stewart Ker,indirect;sibling,panel;rush
Q7327054,Richard Ker,Q7329984,Richard William Blackwood Ker,niece/nephew;uncle/aunt,panel;rush
Q7327223,Richard Lalor,Q16066255,Patt Lalor,child;parent,panel;rush
Q7327224,Richard Lalor Sheil,Q5345298,Edward Sheil,niece/nephew,rush
Q7327738,Richard McGhee,Q5725696,Henry McGhee,child,rush
Q7328362,Richard Penruddocke Long,Q13529974,"Richard Long, 3rd Viscount Long",grandparent,panel
Q7328362,Richard Penruddocke Long,Q15460648,Walter Long,child;parent,panel;rush
Q7328362,Richard Penruddocke Long,Q25927442,William Wentworth FitzWilliam Dick,indirect,rush
Q7328362,Richard Penruddocke Long,Q553229,"Walter Long, 1st Viscount Long",child;parent,panel;rush
Q7328362,Richard Penruddocke Long,Q7324695,"Richard Chaloner, 1st Baron Gisborough",child;parent,panel;rush
Q7329218,Richard Stanley,Q338427,"Edward Stanley, 17th Earl of Derby",grandchild;grandparent,panel;rush
Q7329218,Richard Stanley,Q3497552,Oliver Stanley,niece/nephew;uncle/aunt,panel;rush
Q7329218,Richard Stanley,Q5345413,"Edward Stanley, Lord Stanley",child;parent,panel;rush
Q7329218,Richard Stanley,Q5539480,George Stanley,indirect,rush
Q7329566,Richard Tufnell,Q26689917,Edward Tufnell,parent,rush
Q7329921,Richard Weyland,Q26256311,"Sir Frederick Johnstone, 7th Baronet",indirect,rush
Q7329984,Richard William Blackwood Ker,Q26218307,David Guardi Ker,grandchild,panel
Q7329984,Richard William Blackwood Ker,Q5240093,David Stewart Ker,child;parent,panel;rush
Q7329984,Richard William Blackwood Ker,Q7327054,Richard Ker,niece/nephew;uncle/aunt,panel;rush
Q7330071,"Richard Wood, Baron Holderness",Q333426,"Edward Wood, 1st Earl of Halifax",child;parent,panel;rush
Q7330071,"Richard Wood, Baron Holderness",Q5083684,"Charles Wood, 2nd Earl of Halifax",sibling,panel;rush
Q7333379,Rigby Wason,Q11806660,Eugene Wason,child,rush
Q7333379,Rigby Wason,Q5052172,Cathcart Wason,child,rush
Q7341344,"Robert Adair, 1st Baron Waveney",Q5929788,Hugh Adair,sibling,panel
Q7341932,Robert Bateson,Q7528718,"Sir Robert Bateson, 1st Baronet",child;parent,panel;rush
Q7341932,Robert Bateson,Q7787471,"Thomas Bateson, 1st Baron Deramore",sibling,panel;rush
Q7342094,Robert Biddulph,Q6828632,"Michael Biddulph, 1st Baron Biddulph",grandchild;parent,panel;rush
Q7342094,Robert Biddulph,Q7347908,Robert Myddelton Biddulph,child,rush
Q7342109,Robert Brassey,Q337691,"Thomas Brassey, 1st Earl Brassey",niece/nephew,panel
Q7342109,Robert Brassey,Q4709792,Albert Brassey,child;parent,panel;rush
Q7342109,Robert Brassey,Q5718544,Henry Brassey,niece/nephew,panel
Q7342745,"Robert Carew, 2nd Baron Carew",Q7342746,"Robert Carew, 1st Baron Carew",child;parent,panel;rush
Q7342746,"Robert Carew, 1st Baron Carew",Q7342745,"Robert Carew, 2nd Baron Carew",child;parent,panel;rush
Q7342786,"Robert Carrington, 2nd Baron Carrington",Q15452761,John Abel Smith,cousin,panel;rush
Q7342786,"Robert Carrington, 2nd Baron Carrington",Q15458169,John Smith,uncle/aunt,rush
Q7342786,"Robert Carrington, 2nd Baron Carrington",Q19902309,George Robert Smith,cousin,panel;rush
Q7342786,"Robert Carrington, 2nd Baron Carrington",Q2462181,"Charles Wynn-Carington, 1st Marquess of Lincolnshire",parent,panel
Q7342786,"Robert Carrington, 2nd Baron Carrington",Q4666622,Abel Smith,cousin,panel;rush
Q7342786,"Robert Carrington, 2nd Baron Carrington",Q7380262,"Rupert Carington, 4th Baron Carrington",parent,panel
Q7342786,"Robert Carrington, 2nd Baron Carrington",Q8006547,William Carington,parent,panel
Q7342905,Robert Chichester,Q5537863,"George Chichester, 3rd Marquess of Donegall",indirect,rush
Q7342905,Robert Chichester,Q6678924,Lord Arthur Chichester,indirect,rush
Q7342905,Robert Chichester,Q6679437,Lord John Chichester,indirect,rush
Q7342905,Robert Chichester,Q7348806,Robert Peel Dawson,grandparent,rush
Q7342986,Robert Clive,Q11801709,Edward Clive,indirect,rush
Q7342986,Robert Clive,Q15526558,George Windsor-Clive,grandchild;grandparent,panel;rush
Q7342986,Robert Clive,Q26732794,Henry Clive,indirect,rush
Q7342986,Robert Clive,Q5343428,"Edward Herbert, 2nd Earl of Powis",indirect;sibling,panel;rush
Q7342986,Robert Clive,Q5343429,"Edward Herbert, 3rd Earl of Powis",indirect;niece/nephew;uncle/aunt,panel;rush
Q7342986,Robert Clive,Q5537991,George Clive,indirect,rush
Q7342986,Robert Clive,Q5546432,George Windsor-Clive,child;parent,panel;rush
Q7342986,Robert Clive,Q7167325,Percy Herbert,niece/nephew;uncle/aunt,panel;rush
Q7342986,Robert Clive,Q7351171,Robert Windsor-Clive,child;parent,panel;rush
Q7343038,"Robert Collier, 1st Baron Monkswell",Q26252877,John Collier,child;parent,panel;rush
Q7343988,Robert Edwards,Q5360991,Elijah Sandham,indirect,rush
Q7344299,Robert Ferguson,Q22020041,Joseph Ferguson,parent,rush
Q7344305,Robert Ferguson of Raith,Q16863903,Robert Ferguson,niece/nephew;sibling,rush
Q7344305,Robert Ferguson of Raith,Q26704994,"Sir John Ferguson Davie, 2nd Baronet",grandparent,panel
Q7344305,Robert Ferguson of Raith,Q7364764,Ronald Craufurd Ferguson,sibling,rush
Q7344305,Robert Ferguson of Raith,Q7527131,"Sir Henry Ferguson Davie, 1st Baronet",parent,panel
Q7344973,"Robert Grimston, 1st Baron Grimston of Westbury",Q6236441,"John Grimston, 6th Earl of Verulam",cousin,panel;rush
Q7344985,"Robert Grosvenor, 2nd Baron Ebury",Q14945417,"Robert Grosvenor, 1st Baron Ebury",child;parent,panel;rush
Q7344985,"Robert Grosvenor, 2nd Baron Ebury",Q333256,"Hugh Grosvenor, 1st Duke of Westminster",sibling,rush
Q7344985,"Robert Grosvenor, 2nd Baron Ebury",Q4171078,"Richard Grosvenor, 2nd Marquess of Westminster",indirect;niece/nephew,panel;rush
Q7344985,"Robert Grosvenor, 2nd Baron Ebury",Q7052295,Norman Grosvenor,sibling,panel;rush
Q7344985,"Robert Grosvenor, 2nd Baron Ebury",Q7326097,"Richard Grosvenor, 1st Baron Stalbridge",sibling,rush
Q7345002,Robert Gunter,Q13530078,"Sir William Younger, 1st Baronet, of Auchen Castle",indirect,rush
Q7345003,"Robert Gurdon, 1st Baron Cranworth",Q11801484,John Gurdon Rebow,niece/nephew;uncle/aunt,panel;rush
Q7345003,"Robert Gurdon, 1st Baron Cranworth",Q21554127,Brampton Gurdon,child;parent,panel;rush
Q7345003,"Robert Gurdon, 1st Baron Cranworth",Q8005851,William Brampton Gurdon,sibling,rush
Q7345163,Robert Haldane Bradshaw,Q49822556,James Bradshaw,parent,panel
Q7345432,Robert Henry Hurst,Q7345433,Robert Henry Hurst,child;parent,panel;rush
Q7345433,Robert Henry Hurst,Q7345432,Robert Henry Hurst,child;parent,panel;rush
Q7345461,"Robert Hermon-Hodge, 1st Baron Wyfold",Q5343437,Edward Hermon,indirect,rush
Q7346069,Robert Jasper More,Q6164005,Jasper More,indirect,rush
Q7346312,Robert Kennard,Q26756847,Coleridge Kennard,niece/nephew,rush
Q7346312,Robert Kennard,Q5339553,Edmund Kennard,niece/nephew,rush
Q7347467,Robert McCalmont,Q6139012,James Martin McCalmont,child;parent,panel;rush
Q7347908,Robert Myddelton Biddulph,Q7342094,Robert Biddulph,parent,rush
Q7347980,Robert Needham Philips,Q333358,"Sir Charles Trevelyan, 3rd Baronet",grandchild,rush
Q7347980,Robert Needham Philips,Q333808,"Sir George Trevelyan, 2nd Baronet",indirect,rush
Q7348173,Robert Otway-Cave,Q334207,Francis Burdett,indirect,rush
Q7348173,Robert Otway-Cave,Q7526079,"Sir Arthur Otway, 3rd Baronet",cousin,panel;rush
Q7348806,Robert Peel Dawson,Q181875,Robert Peel,indirect,rush
Q7348806,Robert Peel Dawson,Q5543927,George Robert Dawson,child,panel
Q7348806,Robert Peel Dawson,Q7342905,Robert Chichester,grandchild,rush
Q7349025,Robert Preston Bruce,Q335230,"James Bruce, 8th Earl of Elgin",child,panel
Q7349025,Robert Preston Bruce,Q7788337,Thomas Charles Bruce,niece/nephew;uncle/aunt,panel;rush
Q7349602,"Robert Scarlett, 2nd Baron Abinger",Q10305110,"James Scarlett, 1st Baron Abinger",child;parent,panel;rush
Q7349602,"Robert Scarlett, 2nd Baron Abinger",Q332738,"John Campbell, 1st Baron Campbell",indirect,rush
Q7349602,"Robert Scarlett, 2nd Baron Abinger",Q333223,James Yorke Scarlett,sibling,panel;rush
Q7349602,"Robert Scarlett, 2nd Baron Abinger",Q8006488,"William Campbell, 2nd Baron Stratheden and Campbell",niece/nephew,rush
Q7350434,Robert Torrens O'Neill,Q16010090,"Hugh O'Neill, 1st Baron Rathcavan",niece/nephew;uncle/aunt,panel;rush
Q7350434,Robert Torrens O'Neill,Q4799859,Arthur O'Neill,niece/nephew;uncle/aunt,panel;rush
Q7350434,Robert Torrens O'Neill,Q5344670,"Edward O'Neill, 2nd Baron O'Neill",sibling,panel;rush
Q7350434,Robert Torrens O'Neill,Q7181222,"Phelim O'Neill, 2nd Baron Rathcavan",indirect,rush
Q7350436,Robert Torrens,Q1346375,Robert Torrens,child;parent,panel;rush
Q7350597,Robert Harcourt,Q3048714,Edward William Harcourt,niece/nephew,panel
Q7350597,Robert Harcourt,Q5790068,"Lewis Harcourt, 1st Viscount Harcourt",sibling,panel;rush
Q7350597,Robert Harcourt,Q775821,William Vernon Harcourt,child;parent,panel;rush
Q7350603,"Robert Vernon, 1st Baron Lyveden",Q24963033,Greville Richard Vernon,parent,panel
Q7350854,Robert Ward,Q5545875,"George Ward, 1st Viscount Ward of Witley",niece/nephew,rush
Q7350854,Robert Ward,Q8019994,"William Ward, 3rd Earl of Dudley",niece/nephew,rush
Q7351045,Robert Wigram Crawford,Q8007267,William Crawford,child;parent,panel;rush
Q7351045,Robert Wigram Crawford,Q8018324,William Sharman Crawford,parent,rush
Q7351116,Robert Williams,Q7351117,Robert Williams,child;parent,panel;rush
Q7351116,Robert Williams,Q7528866,"Sir Robert Williams, 1st Baronet",grandchild;grandparent,panel;rush
Q7351117,Robert Williams,Q7351116,Robert Williams,child;parent,panel;rush
Q7351117,Robert Williams,Q7528866,"Sir Robert Williams, 1st Baronet",child;parent,panel;rush
Q7351171,Robert Windsor-Clive,Q11801709,Edward Clive,indirect,rush
Q7351171,Robert Windsor-Clive,Q15526558,George Windsor-Clive,uncle/aunt,panel
Q7351171,Robert Windsor-Clive,Q26732794,Henry Clive,indirect,rush
Q7351171,Robert Windsor-Clive,Q5342327,Edward Clive,indirect,rush
Q7351171,Robert Windsor-Clive,Q5343428,"Edward Herbert, 2nd Earl of Powis",indirect;niece/nephew,panel;rush
Q7351171,Robert Windsor-Clive,Q5343429,"Edward Herbert, 3rd Earl of Powis",indirect,rush
Q7351171,Robert Windsor-Clive,Q5537991,George Clive,indirect,rush
Q7351171,Robert Windsor-Clive,Q5546432,George Windsor-Clive,sibling,panel;rush
Q7351171,Robert Windsor-Clive,Q7342986,Robert Clive,child;parent,panel;rush
Q7351314,Robert Yerburgh,Q5218924,Daniel Thwaites,indirect,rush
Q7351314,Robert Yerburgh,Q7351315,"Robert Yerburgh, 1st Baron Alvingham",child;parent,panel;rush
Q7351315,"Robert Yerburgh, 1st Baron Alvingham",Q5218924,Daniel Thwaites,grandparent,rush
Q7351315,"Robert Yerburgh, 1st Baron Alvingham",Q7351314,Robert Yerburgh,child;parent,panel;rush
Q7352835,"Robin Turton, Baron Tranmire",Q7526494,"Sir Edmund Turton, 1st Baronet",uncle/aunt,rush
Q7352839,"Robin Vane-Tempest-Stewart, 8th Marquess of Londonderry",Q333368,"Charles Vane-Tempest-Stewart, 7th Marquess of Londonderry",child;parent,panel;rush
Q7352839,"Robin Vane-Tempest-Stewart, 8th Marquess of Londonderry",Q3497552,Oliver Stanley,indirect,rush
Q7352839,"Robin Vane-Tempest-Stewart, 8th Marquess of Londonderry",Q5083121,"Charles Vane-Tempest-Stewart, 6th Marquess of Londonderry",grandchild;grandparent,panel;rush
Q7360351,Roland Moyle,Q4799782,"Arthur Moyle, Baron Moyle",parent,rush
Q7364652,Ronald Atkins,Q4936901,Charlotte Atkins,parent,panel
Q7364703,Ronald Brown,Q334073,"George Brown, Baron George-Brown",sibling,rush
Q7364764,Ronald Craufurd Ferguson,Q1386511,"Ronald Munro Ferguson, 1st Viscount Novar",grandparent,panel
Q7364764,Ronald Craufurd Ferguson,Q16863903,Robert Ferguson,parent,panel
Q7364764,Ronald Craufurd Ferguson,Q7344305,Robert Ferguson of Raith,sibling,rush
Q7364912,Ronald Greville,Q16063606,Reginald Greville-Nugent,indirect;niece/nephew,panel;rush
Q7364912,Ronald Greville,Q26756818,George Greville-Nugent,niece/nephew,panel
Q7364912,Ronald Greville,Q4724146,"Algernon Greville, 2nd Baron Greville",child;parent,panel;rush
Q7364912,Ronald Greville,Q5507949,"Fulke Greville-Nugent, 1st Baron Greville",grandchild,panel
Q7365334,Ronald Tree,Q5231233,"David Beatty, 2nd Earl Beatty",sibling,panel
Q7369291,Ross Donnelly Mangles,Q24567101,James Mangles,child;parent,panel;rush
Q7369291,Ross Donnelly Mangles,Q24579022,Charles Edward Mangles,sibling,rush
Q7372096,Rowland Barran,Q7527588,"Sir John Barran, 1st Baronet",child;parent,panel;rush
Q7372102,Rowland Blennerhassett,Q4798028,Arthur Blennerhassett,indirect,rush
Q7372102,Rowland Blennerhassett,Q7528913,"Sir Rowland Blennerhassett, 4th Baronet",indirect,rush
Q7372112,"Rowland Clegg-Hill, 3rd Viscount Hill",Q7372142,"Rowland Hill, 2nd Viscount Hill",child;parent,panel;rush
Q7372142,"Rowland Hill, 2nd Viscount Hill",Q7372112,"Rowland Clegg-Hill, 3rd Viscount Hill",child;parent,panel;rush
Q7372187,Rowland Smith,Q5497530,Frederick Chatfield Smith,sibling,panel;rush
Q7372187,Rowland Smith,Q6679302,Lord Granville Somerset,indirect,rush
Q7372187,Rowland Smith,Q7411475,Samuel George Smith,sibling,panel;rush
Q7372210,"Rowland Winn, 1st Baron St Oswald",Q7372211,"Rowland Winn, 2nd Baron St Oswald",child;parent,panel;rush
Q7372211,"Rowland Winn, 2nd Baron St Oswald",Q7372210,"Rowland Winn, 1st Baron St Oswald",child;parent,panel;rush
Q7380262,"Rupert Carington, 4th Baron Carrington",Q2462181,"Charles Wynn-Carington, 1st Marquess of Lincolnshire",sibling,panel;rush
Q7380262,"Rupert Carington, 4th Baron Carrington",Q7342786,"Robert Carrington, 2nd Baron Carrington",child,panel
Q7380262,"Rupert Carington, 4th Baron Carrington",Q8006547,William Carington,sibling,panel;rush
Q7381617,Russell Kerr,Q4768503,Anne Kerr,spouse,rush
Q7381741,Russell Rea,Q7965930,"Walter Rea, 1st Baron Rea",child;parent,panel;rush
Q7382939,Ruth Dalton,Q26207,Hugh Dalton,spouse,rush
Q7396856,Sackville Lane-Fox,Q5541527,George Lane-Fox,sibling,panel;rush
Q7410236,Sampson Lloyd,Q337086,"George Lloyd, 1st Baron Lloyd",grandchild,rush
Q7410397,Samson Ricardo,Q26204048,Osman Ricardo,niece/nephew,rush
Q7410397,Samson Ricardo,Q5239023,David Ricardo,niece/nephew,rush
Q7410397,Samson Ricardo,Q5590921,John Lewis Ricardo,niece/nephew,rush
Q741075,"Sir Patrick O'Brien, 2nd Baronet",Q2435270,Timothy O'Brien,child;parent,panel;rush
Q7410754,"Samuel Allsopp, 2nd Baron Hindlip",Q4723284,Alfred Percy Allsopp,sibling,panel;rush
Q7410754,"Samuel Allsopp, 2nd Baron Hindlip",Q5540593,George Allsopp,sibling,panel;rush
Q7410754,"Samuel Allsopp, 2nd Baron Hindlip",Q5717273,"Henry Allsopp, 1st Baron Hindlip",child;parent,panel;rush
Q7410921,Samuel Bignold,Q4797999,Arthur Bignold,child;parent,panel;rush
Q7411475,Samuel George Smith,Q5497530,Frederick Chatfield Smith,sibling,panel;rush
Q7411475,Samuel George Smith,Q7372187,Rowland Smith,sibling,panel;rush
Q7411737,Samuel Whitbread,Q7412920,Samuel Whitbread,child;parent,panel;rush
Q7412225,Samuel Morley,Q15990183,Charles Morley,child;parent,panel;rush
Q7412225,Samuel Morley,Q4795181,Arnold Morley,child;parent,panel;rush
Q7412628,"Samuel Silkin, Baron Silkin of Dulwich",Q6257849,John Silkin,sibling,panel;rush
Q7412628,"Samuel Silkin, Baron Silkin of Dulwich",Q6537050,"Lewis Silkin, 1st Baron Silkin",child;parent,panel;rush
Q7412657,Samuel Smith,Q15452761,John Abel Smith,uncle/aunt,panel
Q7412657,Samuel Smith,Q15458169,John Smith,sibling,panel
Q7412657,Samuel Smith,Q16063401,Martin Tucker Smith,uncle/aunt,panel
Q7412657,Samuel Smith,Q4666622,Abel Smith,parent,panel
Q7412657,Samuel Smith,Q4666623,Abel Smith,grandparent,panel
Q7412796,Samuel Trehawke Kekewich,Q5546325,George William Kekewich,child;parent,panel;rush
Q7412894,Samuel Waterhouse,Q7527127,"Sir Henry Edwards, 1st Baronet",indirect,rush
Q7412920,Samuel Whitbread,Q5545808,George Waldegrave-Leslie,niece/nephew,rush
Q7412920,Samuel Whitbread,Q5771276,"Sir George Grey, 2nd Baronet",cousin,panel;rush
Q7412920,Samuel Whitbread,Q7411737,Samuel Whitbread,child;parent,panel;rush
Q7412920,Samuel Whitbread,Q8012210,William Henry Whitbread,indirect,rush
Q7420531,Santo Jeger,Q15229376,"Lena Jeger, Baroness Jeger",spouse,rush
Q7428221,"Savile Crossley, 1st Baron Somerleyton",Q16065524,Francis Crossley,child;indirect;parent,panel;rush
Q7428221,"Savile Crossley, 1st Baron Somerleyton",Q3048490,Edward Crossley,indirect,rush
Q7428221,"Savile Crossley, 1st Baron Somerleyton",Q6227760,John Crossley,indirect;niece/nephew,panel;rush
Q7442401,Sebastian Dickinson,Q5478591,"Frances Davidson, Viscountess Davidson",grandparent,panel
Q7442401,Sebastian Dickinson,Q5621480,"Willoughby Dickinson, 1st Baron Dickinson",child;parent,panel;rush
Q7458155,Sewallis Shirley,Q5416443,Evelyn John Shirley,grandchild;grandparent,panel;rush
Q7458155,Sewallis Shirley,Q5416444,Evelyn Philip Shirley,child;parent,panel;rush
Q7498860,Shirley Summerskill,Q6256142,John Ryman,spouse,rush
Q7498860,Shirley Summerskill,Q665743,"Edith Summerskill, Baroness Summerskill",child;parent,panel;rush
Q7509072,Sidney Glyn,Q5078424,Charles Grenfell,uncle/aunt,rush
Q7509072,Sidney Glyn,Q5539756,"George Glyn, 1st Baron Wolverton",child;parent,panel;rush
Q7509072,Sidney Glyn,Q5539757,"George Glyn, 2nd Baron Wolverton",sibling,panel;rush
Q7509072,Sidney Glyn,Q7141836,Pascoe Glyn,sibling,panel;rush
Q7509271,Sidney Peel,Q181875,Robert Peel,grandchild,panel
Q7509271,Sidney Peel,Q2920090,"William Peel, 1st Earl Peel",sibling,panel
Q7509271,Sidney Peel,Q334165,Arthur Peel,child,panel
Q7509271,Sidney Peel,Q4685934,"Sir Robert Peel, 3rd Baronet",niece/nephew,panel
Q7509271,Sidney Peel,Q4798804,Arthur George Villiers Peel,sibling,panel
Q7509271,Sidney Peel,Q5498541,Frederick Peel,niece/nephew,panel
Q7519253,Simon Mahon,Q19957586,Peter Dowd,niece/nephew,rush
Q7519253,Simon Mahon,Q7175610,Peter Mahon,sibling,rush
Q7520070,Simon Wingfield Digby,Q5342591,"Edward Digby, 10th Baron Digby",indirect,rush
Q7525922,"Sir Alexander Brown, 1st Baronet",Q11803339,James Clifton Brown,sibling,panel
Q7525922,"Sir Alexander Brown, 1st Baronet",Q477587,"Douglas Clifton Brown, 1st Viscount Ruffside",uncle/aunt,panel
Q7525922,"Sir Alexander Brown, 1st Baronet",Q5919321,Howard Clifton Brown,uncle/aunt,panel
Q7525969,"Sir Alfred Bird, 1st Baronet",Q7528721,"Sir Robert Bird, 2nd Baronet",parent,panel;rush
Q7525972,"Sir Alfred Pease, 2nd Baronet",Q26236002,Joseph Walker Pease,parent,rush
Q7525972,"Sir Alfred Pease, 2nd Baronet",Q4799939,Arthur Pease,niece/nephew,panel
Q7525972,"Sir Alfred Pease, 2nd Baronet",Q6114554,"Jack Pease, 1st Baron Gainford",sibling,panel;rush
Q7525972,"Sir Alfred Pease, 2nd Baronet",Q6286166,Joseph Pease,grandchild,panel
Q7525972,"Sir Alfred Pease, 2nd Baronet",Q7528199,"Sir Joseph Pease, 1st Baronet",child,panel
Q7525974,"Sir Alfred Hickman, 1st Baronet",Q7789237,T. E. Hickman,child;parent,panel;rush
Q7525993,"Sir Andrew Agnew, 7th Baronet",Q7525995,"Sir Andrew Agnew, 8th Baronet",parent,panel
Q7525993,"Sir Andrew Agnew, 7th Baronet",Q7525997,"Sir Andrew Agnew, 9th Baronet",grandparent,panel
Q7525995,"Sir Andrew Agnew, 8th Baronet",Q5081258,"Charles Noel, 2nd Earl of Gainsborough",indirect,rush
Q7525995,"Sir Andrew Agnew, 8th Baronet",Q7525993,"Sir Andrew Agnew, 7th Baronet",child,panel
Q7525995,"Sir Andrew Agnew, 8th Baronet",Q7525997,"Sir Andrew Agnew, 9th Baronet",child;parent,panel;rush
Q7525997,"Sir Andrew Agnew, 9th Baronet",Q7525993,"Sir Andrew Agnew, 7th Baronet",grandchild,panel
Q7525997,"Sir Andrew Agnew, 9th Baronet",Q7525995,"Sir Andrew Agnew, 8th Baronet",child;parent,panel;rush
Q7526020,"Sir Anthony Meyer, 3rd Baronet",Q13529993,"Sir Frank Meyer, 2nd Baronet",child;parent,panel;rush
Q7526041,"Sir Archibald Orr-Ewing, 1st Baronet",Q5080266,Charles Lindsay Orr-Ewing,child;parent,panel;rush
Q7526041,"Sir Archibald Orr-Ewing, 1st Baronet",Q5982042,Ian Orr-Ewing,grandchild;grandparent,panel;rush
Q7526056,Arthur Cowell-Stepney,Q6227380,John Cowell-Stepney,child;parent,panel;rush
Q7526058,"Sir Arthur Crosfield, 1st Baronet",Q26701525,William Crosfield,indirect,rush
Q7526079,"Sir Arthur Otway, 3rd Baronet",Q7348173,Robert Otway-Cave,cousin,panel;rush
Q7526085,"Sir Arthur du Cros, 1st Baronet",Q4723682,Alfred du Cros,sibling,rush
Q7526085,"Sir Arthur du Cros, 1st Baronet",Q5677717,Harvey du Cros,child;parent,panel;rush
Q7526095,"Sir Baldwin Leighton, 7th Baronet",Q16741829,Bertie Leighton,grandchild;grandparent,panel;rush
Q7526095,"Sir Baldwin Leighton, 7th Baronet",Q7526096,"Sir Baldwyn Leighton, 8th Baronet",child;parent,panel;rush
Q7526095,"Sir Baldwin Leighton, 7th Baronet",Q7599747,Stanley Leighton,child;parent,panel;rush
Q7526096,"Sir Baldwyn Leighton, 8th Baronet",Q16741829,Bertie Leighton,uncle/aunt,panel
Q7526096,"Sir Baldwyn Leighton, 8th Baronet",Q7526095,"Sir Baldwin Leighton, 7th Baronet",child;parent,panel;rush
Q7526096,"Sir Baldwyn Leighton, 8th Baronet",Q7599747,Stanley Leighton,sibling,panel;rush
Q7526113,"Sir Benjamin Cohen, 1st Baronet",Q6555706,Lionel Louis Cohen,sibling,panel;rush
Q7526182,"Sir Charles Burrell, 3rd Baronet",Q7167269,Percy Burrell,child;parent,panel;rush
Q7526182,"Sir Charles Burrell, 3rd Baronet",Q7529373,"Sir Walter Burrell, 5th Baronet",child;parent,panel;rush
Q7526191,"Sir Charles Cayzer, 1st Baronet",Q5733773,"Herbert Cayzer, 1st Baron Rotherwick",child;parent,panel;rush
Q7526194,"Sir Charles Clifford, 4th Baronet",Q4821399,,child,panel
Q7526200,"Sir Charles Dalrymple, 1st Baronet",Q333781,James Fergusson,sibling,panel
Q7526208,"Sir Charles Forster, 1st Baronet",Q5082556,Charles Smith Forster,parent,rush
Q7526233,"Sir Charles Hobhouse, 4th Baronet",Q5723083,Henry Hobhouse,indirect,rush
Q7526258,"Sir Charles Mordaunt, 10th Baronet",Q7527946,"Sir John Mordaunt, 9th Baronet",child;parent,panel;rush
Q7526274,"Sir Charles Palmer, 1st Baronet",Q5576500,Godfrey Mark Palmer,parent,panel
Q7526278,Charles Ponsonby,Q6141825,James Ramsden,indirect,rush
Q7526278,Charles Ponsonby,Q6830920,Michael Hamilton,indirect,rush
Q7526284,"Sir Charles Rose, 1st Baronet",Q6138705,James Mackenzie Maclean,indirect,rush
Q7526292,"Sir Charles Seely, 1st Baronet",Q11802791,"Hugh Seely, 1st Baron Sherwood",grandchild;grandparent,panel;rush
Q7526292,"Sir Charles Seely, 1st Baronet",Q5082431,Charles Seely,child;parent,panel;rush
Q7526292,"Sir Charles Seely, 1st Baronet",Q6105456,"John Seely, 1st Baron Mottistone",child;parent,panel;rush
Q7526292,"Sir Charles Seely, 1st Baronet",Q7526294,"Sir Charles Seely, 2nd Baronet",child;parent,panel;rush
Q7526294,"Sir Charles Seely, 2nd Baronet",Q11802791,"Hugh Seely, 1st Baron Sherwood",child;parent,panel;rush
Q7526294,"Sir Charles Seely, 2nd Baronet",Q5082431,Charles Seely,grandchild;grandparent,panel;rush
Q7526294,"Sir Charles Seely, 2nd Baronet",Q6105456,"John Seely, 1st Baron Mottistone",sibling,panel;rush
Q7526294,"Sir Charles Seely, 2nd Baronet",Q7526292,"Sir Charles Seely, 1st Baronet",child;parent,panel;rush
Q7526300,"Sir Charles Swann, 1st Baronet",Q7526452,"Sir Duncan Swann, 2nd Baronet",child;parent,panel;rush
Q7526303,"Sir Charles Tennant, 1st Baronet",Q166714,H. H. Asquith,indirect,rush
Q7526303,"Sir Charles Tennant, 1st Baronet",Q5345573,"Edward Tennant, 1st Baron Glenconner",child;parent,panel;rush
Q7526303,"Sir Charles Tennant, 1st Baronet",Q5662543,Harold Tennant,child;parent,panel;rush
Q7526332,"Sir Christopher Peto, 3rd Baronet",Q149062,Samuel Morton Peto,grandchild,panel
Q7526332,"Sir Christopher Peto, 3rd Baronet",Q4867100,John Peto,sibling,panel
Q7526332,"Sir Christopher Peto, 3rd Baronet",Q4867241,Basil Peto,child,panel
Q7526348,"Sir Clive Morrison-Bell, 1st Baronet",Q5393588,Ernest Morrison-Bell,sibling,rush
Q7526358,"Sir Colman O'Loghlen, 2nd Baronet",Q4980274,Bryan O'Loghlen,sibling,panel;rush
Q7526358,"Sir Colman O'Loghlen, 2nd Baronet",Q7528339,"Sir Michael O'Loghlen, 1st Baronet",child;parent,panel;rush
Q7526366,"Sir Courtenay Warner, 1st Baronet",Q17180535,Edward Warner,child;parent,panel;rush
Q7526374,"Sir Cuthbert Headlam, 1st Baronet",Q7789349,Thomas Emerson Headlam,indirect,rush
Q7526376,"Sir Cuthbert Quilter, 2nd Baronet",Q3401240,"George Douglas-Pennant, 2nd Baron Penrhyn",indirect,rush
Q7526376,"Sir Cuthbert Quilter, 2nd Baronet",Q5342629,"Edward Douglas-Pennant, 3rd Baron Penrhyn",indirect,rush
Q7526376,"Sir Cuthbert Quilter, 2nd Baronet",Q8017163,William Quilter,child;parent,panel;rush
Q7526381,"Sir Daniel Dixon, 1st Baronet",Q5733912,"Herbert Dixon, 1st Baron Glentoran",child;parent,panel;rush
Q7526399,"Sir David Gammans, 1st Baronet",Q13529903,Muriel Gammans,spouse,rush
Q7526413,"Sir David Wedderburn, 3rd Baronet",Q8020135,William Wedderburn,sibling,panel;rush
Q7526452,"Sir Duncan Swann, 2nd Baronet",Q7526300,"Sir Charles Swann, 1st Baronet",child;parent,panel;rush
Q7526465,"Sir Edmund Beckett, 4th Baronet",Q5111934,Christopher Beckett Denison,child;parent,panel;rush
Q7526465,"Sir Edmund Beckett, 4th Baronet",Q5392782,"Ernest Beckett, 2nd Baron Grimthorpe",grandchild;grandparent,panel;rush
Q7526465,"Sir Edmund Beckett, 4th Baronet",Q5553468,Gervase Beckett,grandchild;grandparent,panel;rush
Q7526465,"Sir Edmund Beckett, 4th Baronet",Q7527597,"Sir John Beckett, 2nd Baronet",sibling,panel
Q7526465,"Sir Edmund Beckett, 4th Baronet",Q8005295,William Beckett-Denison,child;parent,panel;rush
Q7526466,"Sir Edmund Buckley, 1st Baronet",Q5339329,Edmund Buckley,child;indirect,panel;rush
Q7526475,"Sir Edmund Filmer, 8th Baronet",Q7526476,"Sir Edmund Filmer, 9th Baronet",child;parent,panel;rush
Q7526476,"Sir Edmund Filmer, 9th Baronet",Q4800355,Arthur Stanley Wilson,indirect,rush
Q7526476,"Sir Edmund Filmer, 9th Baronet",Q6758436,"Marcus Sandys, 3rd Baron Sandys",indirect,rush
Q7526476,"Sir Edmund Filmer, 9th Baronet",Q7526475,"Sir Edmund Filmer, 8th Baronet",child;parent,panel;rush
Q7526494,"Sir Edmund Turton, 1st Baronet",Q7352835,"Robin Turton, Baron Tranmire",niece/nephew,rush
Q7526496,"Sir Edmund Verney, 3rd Baronet",Q26732784,Frederick Calvert,niece/nephew,panel
Q7526496,"Sir Edmund Verney, 3rd Baronet",Q5499113,Frederick William Verney,sibling,panel;rush
Q7526496,"Sir Edmund Verney, 3rd Baronet",Q7527064,"Sir Harry Verney, 2nd Baronet",child;parent,panel;rush
Q7526496,"Sir Edmund Verney, 3rd Baronet",Q7527066,"Sir Harry Verney, 4th Baronet",child;parent,panel;rush
Q7526533,"Sir Edward Campbell, 1st Baronet",Q1537987,Gordon Campbell,sibling,panel;rush
Q7526539,"Sir Edward Cust, 1st Baronet",Q7167793,Peregrine Francis Cust,sibling,panel
Q7526558,"Sir Edward Greene, 1st Baronet",Q5343165,Edward Greene,child;parent,panel;rush
Q7526558,"Sir Edward Greene, 1st Baronet",Q7528523,"Sir Raymond Greene, 2nd Baronet",child;parent,panel;rush
Q7526562,"Sir Edward Grogan, 1st Baronet",Q18735550,Vincent Scully,indirect,rush
Q7526578,"Sir Edward Kerrison, 1st Baronet",Q286118,"Philip Stanhope, 5th Earl Stanhope",indirect,rush
Q7526578,"Sir Edward Kerrison, 1st Baronet",Q4800348,"Arthur Stanhope, 6th Earl Stanhope",grandchild,rush
Q7526578,"Sir Edward Kerrison, 1st Baronet",Q5345405,Edward Stanhope,grandchild,rush
Q7526578,"Sir Edward Kerrison, 1st Baronet",Q7526579,"Sir Edward Kerrison, 2nd Baronet",child;parent,panel;rush
Q7526579,"Sir Edward Kerrison, 2nd Baronet",Q7526578,"Sir Edward Kerrison, 1st Baronet",child;parent,panel;rush
Q7526590,"Sir Edward Manningham-Buller, 1st Baronet",Q6265095,"John Yarde-Buller, 1st Baron Churston",sibling,panel;rush
Q7526609,"Sir Edward Sassoon, 2nd Baronet, of Kensington Gore",Q7528499,"Sir Philip Sassoon, 3rd Baronet",child;parent,panel;rush
Q7526782,"Sir Frederick Johnstone, 8th Baronet",Q26256311,"Sir Frederick Johnstone, 7th Baronet",child;uncle/aunt,panel;rush
Q7526789,"Sir Frederick Milner, 7th Baronet",Q26695977,"Sir William Milner, 5th Baronet",child;parent,panel;rush
Q7526789,"Sir Frederick Milner, 7th Baronet",Q5113480,Christopher York,grandchild,rush
Q7526794,"Sir Frederick Thomson, 1st Baronet",Q16078875,"Sir Douglas Thomson, 2nd Baronet",child;parent,panel;rush
Q7526795,"Sir Frederick Williams, 2nd Baronet",Q26265403,Alfred Williams,grandchild,rush
Q7526795,"Sir Frederick Williams, 2nd Baronet",Q5078985,Charles Henry Williams,sibling,panel;rush
Q7526795,"Sir Frederick Williams, 2nd Baronet",Q5083597,Charles Williams,grandchild,rush
Q7526795,"Sir Frederick Williams, 2nd Baronet",Q6225803,John Charles Williams,indirect,rush
Q7526796,"Sir Frederick Wills, 1st Baronet",Q5561280,"Gilbert Wills, 1st Baron Dulverton",child;parent,panel;rush
Q7526846,"Sir George Brooke-Pechell, 4th Baronet",Q4364005,Samuel Pechell,sibling,panel
Q7526878,"Sir George Elliot, 2nd Baronet",Q1314450,"Sir George Elliot, 1st Baronet",child;parent,panel;rush
Q7526878,"Sir George Elliot, 2nd Baronet",Q5930668,Hugh Elliot,indirect,rush
Q7526878,"Sir George Elliot, 2nd Baronet",Q6231620,John Elliot,indirect,rush
Q7526897,"Sir George Macpherson-Grant, 3rd Baronet",Q5482088,"Francis Ogilvy-Grant, 6th Earl of Seafield",indirect,rush
Q7526897,"Sir George Macpherson-Grant, 3rd Baronet",Q6140591,"James Ogilvy-Grant, 9th Earl of Seafield",parent,rush
Q7526908,"Sir George Philips, 2nd Baronet",Q16741841,"Sir George Philips, 1st Baronet",child,panel
Q7526913,"Sir George Renwick, 1st Baronet",Q5621197,Gustav Renwick,child;parent,panel;rush
Q7526957,"Sir Gerard Noel, 2nd Baronet",Q13530009,Gerard Noel,indirect,rush
Q7526957,"Sir Gerard Noel, 2nd Baronet",Q8016160,William Noel,child;parent,panel;rush
Q7526970,"Sir Gilbert Greenall, 1st Baronet",Q18917218,Peter Greenall,sibling,panel;rush
Q7526975,"Sir Gilbert Heathcote, 4th Baronet",Q5560967,"Gilbert Heathcote, 1st Baron Aveland",child;parent,panel;rush
Q7526975,"Sir Gilbert Heathcote, 4th Baronet",Q7620761,"Gilbert Heathcote-Drummond-Willoughby, 1st Earl of Ancaster",grandchild;grandparent,panel;rush
Q7526983,"Sir Glynne Welby, 3rd Baronet",Q13530066,"Sir Charles Welby, 5th Baronet",grandchild;grandparent,panel;rush
Q7526983,"Sir Glynne Welby, 3rd Baronet",Q19308194,Alfred Welby,child;parent,panel;rush
Q7526983,"Sir Glynne Welby, 3rd Baronet",Q7529817,"Sir William Welby-Gregory, 4th Baronet",child;parent,panel;rush
Q7526990,"Sir Godfrey Nicholson, 1st Baronet",Q333905,"Richard Luce, Baron Luce",indirect,rush
Q7526990,"Sir Godfrey Nicholson, 1st Baronet",Q334097,Emma Nicholson,child;parent,panel;rush
Q7526994,"Sir Gordon Touche, 1st Baronet",Q5545281,George Touche,child;parent,panel;rush
Q7527055,"Sir Harry Meysey-Thompson, 1st Baronet",Q5393565,Ernest Meysey-Thompson,child,rush
Q7527055,"Sir Harry Meysey-Thompson, 1st Baronet",Q5725848,"Henry Meysey-Thompson, 1st Baron Knaresborough",child;parent,panel;rush
Q7527064,"Sir Harry Verney, 2nd Baronet",Q26732784,Frederick Calvert,sibling,panel
Q7527064,"Sir Harry Verney, 2nd Baronet",Q5499113,Frederick William Verney,child;parent,panel;rush
Q7527064,"Sir Harry Verney, 2nd Baronet",Q7526496,"Sir Edmund Verney, 3rd Baronet",child;parent,panel;rush
Q7527064,"Sir Harry Verney, 2nd Baronet",Q7527066,"Sir Harry Verney, 4th Baronet",grandchild;grandparent,panel;rush
Q7527066,"Sir Harry Verney, 4th Baronet",Q5499113,Frederick William Verney,niece/nephew;uncle/aunt,panel;rush
Q7527066,"Sir Harry Verney, 4th Baronet",Q7526496,"Sir Edmund Verney, 3rd Baronet",child;parent,panel;rush
Q7527066,"Sir Harry Verney, 4th Baronet",Q7527064,"Sir Harry Verney, 2nd Baronet",grandchild;grandparent,panel;rush
Q7527086,"Sir Hedworth Williamson, 8th Baronet",Q11801410,"Sir Hedworth Williamson, 7th Baronet",child;parent,panel;rush
Q7527086,"Sir Hedworth Williamson, 8th Baronet",Q5724916,"Henry Liddell, 1st Earl of Ravensworth",indirect,rush
Q7527111,"Sir Henry Bunbury, 7th Baronet",Q5342065,Edward Bunbury,parent,panel
Q7527127,"Sir Henry Edwards, 1st Baronet",Q7412894,Samuel Waterhouse,indirect,rush
Q7527131,"Sir Henry Ferguson Davie, 1st Baronet",Q26704994,"Sir John Ferguson Davie, 2nd Baronet",child;parent,panel;rush
Q7527131,"Sir Henry Ferguson Davie, 1st Baronet",Q7344305,Robert Ferguson of Raith,child,panel
Q7527144,"Sir Henry Halford, 2nd Baronet",Q4710997,Albert Pell,indirect,rush
Q7527149,"Sir Henry Havelock-Allan, 1st Baronet",Q6114554,"Jack Pease, 1st Baron Gainford",indirect,rush
Q7527149,"Sir Henry Havelock-Allan, 1st Baronet",Q7527151,"Sir Henry Havelock-Allan, 2nd Baronet",child;parent,panel;rush
Q7527151,"Sir Henry Havelock-Allan, 2nd Baronet",Q6114554,"Jack Pease, 1st Baron Gainford",indirect,rush
Q7527151,"Sir Henry Havelock-Allan, 2nd Baronet",Q7527149,"Sir Henry Havelock-Allan, 1st Baronet",child;parent,panel;rush
Q7527160,"Sir Henry Jackson, 2nd Baronet",Q7529639,"Sir William Jackson, 1st Baronet",child;parent,panel;rush
Q7527228,"Sir Henry Willoughby, 3rd Baronet",Q26690019,John Willoughby,sibling,rush
Q7527248,"Sir Herbert Huntington-Whiteley, 1st Baronet",Q5546224,"George Whiteley, 1st Baron Marchamley",sibling,panel;rush
Q7527261,"Sir Herbert Williams-Wynn, 7th Baronet",Q16059942,Charles Williams-Wynn,indirect,rush
Q7527261,"Sir Herbert Williams-Wynn, 7th Baronet",Q19819903,Herbert Williams-Wynn,child;parent,panel;rush
Q7527261,"Sir Herbert Williams-Wynn, 7th Baronet",Q213150,Charles Williams-Wynn,indirect,rush
Q7527261,"Sir Herbert Williams-Wynn, 7th Baronet",Q7529424,"Sir Watkin Williams-Wynn, 5th Baronet",grandchild;grandparent,panel;rush
Q7527261,"Sir Herbert Williams-Wynn, 7th Baronet",Q7529429,"Sir Watkin Williams-Wynn, 6th Baronet",niece/nephew;uncle/aunt,panel;rush
Q7527302,"Sir Hugh Cholmeley, 3rd Baronet",Q7528355,"Sir Montague Cholmeley, 2nd Baronet",child;parent,panel;rush
Q7527315,"Sir Hugh Shaw-Stewart, 8th Baronet",Q11803653,"Sir Michael Shaw-Stewart, 7th Baronet",child,panel
Q7527315,"Sir Hugh Shaw-Stewart, 8th Baronet",Q26258168,"Sir Michael Shaw-Stewart, 6th Baronet",grandchild,panel
Q7527315,"Sir Hugh Shaw-Stewart, 8th Baronet",Q333256,"Hugh Grosvenor, 1st Duke of Westminster",uncle/aunt,rush
Q7527315,"Sir Hugh Shaw-Stewart, 8th Baronet",Q338382,"Thomas Thynne, 5th Marquess of Bath",indirect,rush
Q7527315,"Sir Hugh Shaw-Stewart, 8th Baronet",Q4171078,"Richard Grosvenor, 2nd Marquess of Westminster",grandparent,rush
Q7527325,"Sir Hugo Rutherford, 2nd Baronet",Q7529763,"Sir William Rutherford, 1st Baronet",parent,rush
Q7527435,"Sir James Heath, 1st Baronet",Q26719445,Robert Heath,child;parent,panel;rush
Q7527435,"Sir James Heath, 1st Baronet",Q4799005,Arthur Heath,sibling,panel;rush
Q7527438,"Sir James Hogg, 1st Baronet",Q6139316,"James McGarel-Hogg, 1st Baron Magheramorne",parent,panel
Q7527452,"Sir James Lawrence, 1st Baronet",Q5346368,Edwin Durning-Lawrence,sibling,panel;rush
Q7527452,"Sir James Lawrence, 1st Baronet",Q8014353,William Lawrence,sibling,panel;rush
Q7527473,"Sir James Pender, 1st Baronet",Q3485213,John Pender,child,panel
Q7527510,"Sir James Whitehead, 1st Baronet",Q7528915,"Sir Rowland Whitehead, 3rd Baronet",child;parent,panel;rush
Q7527560,"Sir John Arbuthnot, 1st Baronet",Q259736,James Arbuthnot,parent,panel
Q7527561,"Sir John Astley, 1st Baronet",Q7527742,"Sir John Dugdale Astley, 3rd Baronet",grandchild,rush
Q7527585,"Sir John Barlow, 2nd Baronet",Q16029286,"Sir John Barlow, 1st Baronet",child,panel
Q7527585,"Sir John Barlow, 2nd Baronet",Q7167232,Percy Barlow,niece/nephew,panel
Q7527588,"Sir John Barran, 1st Baronet",Q7372096,Rowland Barran,child;parent,panel;rush
Q7527597,"Sir John Beckett, 2nd Baronet",Q5111934,Christopher Beckett Denison,uncle/aunt,panel
Q7527597,"Sir John Beckett, 2nd Baronet",Q7526465,"Sir Edmund Beckett, 4th Baronet",sibling,panel
Q7527597,"Sir John Beckett, 2nd Baronet",Q8005295,William Beckett-Denison,uncle/aunt,panel
Q7527599,"Sir John Benn, 1st Baronet",Q262742,Hilary Benn,indirect,rush
Q7527599,"Sir John Benn, 1st Baronet",Q332412,Tony Benn,grandchild;grandparent,panel;rush
Q7527599,"Sir John Benn, 1st Baronet",Q677902,"William Wedgwood Benn, 1st Viscount Stansgate",child;parent,panel;rush
Q7527607,"Sir John Blundell Maple, 1st Baronet",Q633577,Archibald Weigall,indirect,rush
Q7527629,"Sir John Brunner, 2nd Baronet",Q4097186,"Sir John Brunner, 1st Baronet",child;parent,panel;rush
Q7527635,"Sir John Burke, 2nd Baronet",Q7529071,"Sir Thomas Burke, 3rd Baronet",parent,panel
Q7527637,"Sir John Buxton, 2nd Baronet",Q7528734,"Sir Robert Buxton, 3rd Baronet",parent,panel
Q7527707,"Sir John Dalrymple-Hay, 3rd Baronet",Q26387320,Thomas Hay,child,rush
Q7527724,"Sir John Dillwyn-Llewellyn, 1st Baronet",Q332746,"Michael Hicks Beach, 1st Earl St Aldwyn",indirect,rush
Q7527724,"Sir John Dillwyn-Llewellyn, 1st Baronet",Q438932,Lewis Weston Dillwyn,grandparent,rush
Q7527724,"Sir John Dillwyn-Llewellyn, 1st Baronet",Q5076881,Charles Dillwyn-Venables-Llewellyn,child;parent,panel;rush
Q7527724,"Sir John Dillwyn-Llewellyn, 1st Baronet",Q6536798,Lewis Llewelyn Dillwyn,uncle/aunt,rush
Q7527724,"Sir John Dillwyn-Llewellyn, 1st Baronet",Q7528336,"Sir Michael Hicks Beach, 8th Baronet",indirect,rush
Q7527742,"Sir John Dugdale Astley, 3rd Baronet",Q7527561,"Sir John Astley, 1st Baronet",grandparent,rush
Q7527746,"Sir John Eardley-Wilmot, 2nd Baronet",Q1699911,"Sir John Eardley-Wilmot, 1st Baronet",child;parent,panel;rush
Q7527746,"Sir John Eardley-Wilmot, 2nd Baronet",Q7528680,"Sir Richard Williams-Bulkeley, 10th Baronet",indirect,rush
Q7527760,"Sir John Ennis, 2nd Baronet",Q7527761,"Sir John Ennis, 1st Baronet",child,panel
Q7527761,"Sir John Ennis, 1st Baronet",Q7527760,"Sir John Ennis, 2nd Baronet",parent,panel
Q7527764,"Sir John Esmonde, 14th Baronet",Q6242146,John Joseph Esmonde,child,panel
Q7527785,"Sir John Fuller, 1st Baronet",Q5539524,George Fuller,child;parent,panel;rush
Q7527819,"Sir John Hardy, 1st Baronet",Q13529906,"John Gathorne-Hardy, 2nd Earl of Cranbrook",uncle/aunt,panel
Q7527819,"Sir John Hardy, 1st Baronet",Q4722710,Alfred Gathorne-Hardy,uncle/aunt,panel
Q7527819,"Sir John Hardy, 1st Baronet",Q5527395,"Gathorne Gathorne-Hardy, 1st Earl of Cranbrook",sibling,panel;rush
Q7527819,"Sir John Hardy, 1st Baronet",Q6237751,John Hardy,child;parent,panel;rush
Q7527819,"Sir John Hardy, 1st Baronet",Q6500633,Laurence Hardy,child;parent,panel;rush
Q7527868,"Sir John Kinloch, 2nd Baronet",Q16931161,George Kinloch,grandparent,rush
Q7527888,"Sir John Leslie, 1st Baronet",Q21079151,Charles Powell Leslie,sibling,panel;rush
Q7527888,"Sir John Leslie, 1st Baronet",Q26701524,William Cavendish-Bentinck,niece/nephew,rush
Q7527888,"Sir John Leslie, 1st Baronet",Q600636,George Cavendish-Bentinck,indirect,rush
Q7527900,"Sir John Lowther, 2nd Baronet, of Swillington",Q5112765,Christopher Lowther,indirect,rush
Q7527900,"Sir John Lowther, 2nd Baronet, of Swillington",Q5128942,Claude Lowther,indirect,rush
Q7527900,"Sir John Lowther, 2nd Baronet, of Swillington",Q5725106,"Henry Lowther, 3rd Earl of Lonsdale",indirect,rush
Q7527900,"Sir John Lowther, 2nd Baronet, of Swillington",Q5725113,Henry Lowther,indirect,rush
Q7527900,"Sir John Lowther, 2nd Baronet, of Swillington",Q8014747,"William Lowther, 2nd Earl of Lonsdale",cousin;indirect,panel;rush
Q7527921,"Sir John Maxwell, 7th Baronet",Q18534207,"Sir John Maxwell, 8th Baronet",child;parent,panel;rush
Q7527946,"Sir John Mordaunt, 9th Baronet",Q7526258,"Sir Charles Mordaunt, 10th Baronet",child;parent,panel;rush
Q7527953,"Sir John Mowbray, 1st Baronet",Q7528815,"Sir Robert Mowbray, 2nd Baronet",child;parent,panel;rush
Q7527964,"Sir John Neeld, 1st Baronet",Q6285775,Joseph Neeld,sibling,rush
Q7527977,"Sir John Norton-Griffiths, 1st Baronet",Q334102,Jeremy Thorpe,grandchild,rush
Q7527977,"Sir John Norton-Griffiths, 1st Baronet",Q6238954,John Henry Thorpe,indirect,rush
Q7527984,"Sir John Owen, 1st Baronet",Q25558228,"Sir Hugh Owen Owen, 2nd Baronet",child;parent,panel;rush
Q7528038,"Sir John Ross, 1st Baronet",Q16006467,"Sir Ronald Ross, 2nd Baronet",child,rush
Q7528045,"Sir John Rutherford, 1st Baronet",Q26257763,John Rutherford,indirect,rush
Q7528071,"Sir John Simeon, 3rd Baronet",Q7528073,"Sir John Simeon, 4th Baronet",child;parent,panel;rush
Q7528071,"Sir John Simeon, 3rd Baronet",Q7528660,"Sir Richard Simeon, 2nd Baronet",child;parent,panel;rush
Q7528073,"Sir John Simeon, 4th Baronet",Q7528071,"Sir John Simeon, 3rd Baronet",child;parent,panel;rush
Q7528073,"Sir John Simeon, 4th Baronet",Q7528660,"Sir Richard Simeon, 2nd Baronet",grandchild;grandparent,panel;rush
Q7528074,"Sir John Sinclair, 3rd Baronet",Q15646836,George Sinclair,child;parent,panel;rush
Q7528085,"Sir John Starkey, 1st Baronet",Q6536990,Lewis Randle Starkey,child,panel
Q7528094,"Sir John Stirling-Maxwell, 10th Baronet",Q20054043,Archibald Stirling,sibling,panel
Q7528094,"Sir John Stirling-Maxwell, 10th Baronet",Q334215,"Sir William Stirling-Maxwell, 9th Baronet",child,panel
Q7528127,"Sir John Vanden-Bempde-Johnstone, 2nd Baronet",Q5655049,"Harcourt Vanden-Bempde-Johnstone, 1st Baron Derwent",child;parent,panel;rush
Q7528127,"Sir John Vanden-Bempde-Johnstone, 2nd Baronet",Q8013699,William Johnston,child,rush
Q7528194,"Sir Joseph Napier, 1st Baronet",Q212700,Charles Napier,indirect,rush
Q7528199,"Sir Joseph Pease, 1st Baronet",Q4799939,Arthur Pease,sibling,panel
Q7528199,"Sir Joseph Pease, 1st Baronet",Q5726789,Henry Pease,niece/nephew,panel
Q7528199,"Sir Joseph Pease, 1st Baronet",Q5735228,"Herbert Pease, 1st Baron Daryngton",uncle/aunt,panel
Q7528199,"Sir Joseph Pease, 1st Baronet",Q6114554,"Jack Pease, 1st Baron Gainford",child;parent,panel;rush
Q7528199,"Sir Joseph Pease, 1st Baronet",Q6286166,Joseph Pease,child,panel
Q7528199,"Sir Joseph Pease, 1st Baronet",Q7525972,"Sir Alfred Pease, 2nd Baronet",parent,panel
Q7528257,"Sir Lewis Molesworth, 11th Baronet",Q5991023,"Sir William Molesworth, 8th Baronet",indirect,rush
Q7528299,"Sir Martin Lindsay, 1st Baronet",Q3703236,"David Lindsay, 27th Earl of Crawford",indirect,rush
Q7528317,"Sir Matthew White Ridley, 3rd Baronet",Q11802686,"Sir Matthew White Ridley, 4th Baronet",child;parent,panel;rush
Q7528317,"Sir Matthew White Ridley, 3rd Baronet",Q1510187,Gerard Smith,grandchild,rush
Q7528317,"Sir Matthew White Ridley, 3rd Baronet",Q16030421,Edward Ridley,grandchild;grandparent,panel;rush
Q7528317,"Sir Matthew White Ridley, 3rd Baronet",Q25863273,George Ridley,child;parent,panel;rush
Q7528317,"Sir Matthew White Ridley, 3rd Baronet",Q337696,"Matthew White Ridley, 1st Viscount Ridley",grandchild;grandparent,panel;rush
Q7528317,"Sir Matthew White Ridley, 3rd Baronet",Q6791421,"Matthew White Ridley, 2nd Viscount Ridley",indirect,rush
Q7528317,"Sir Matthew White Ridley, 3rd Baronet",Q7026124,"Nicholas Ridley-Colborne, 1st Baron Colborne",sibling,panel
Q7528319,"Sir Matthew Wood, 1st Baronet",Q26271431,Benjamin Wood,sibling,rush
Q7528319,"Sir Matthew Wood, 1st Baronet",Q285868,"William Wood, 1st Baron Hatherley",child;parent,panel;rush
Q7528319,"Sir Matthew Wood, 1st Baronet",Q7988450,Western Wood,child;parent,panel;rush
Q7528323,"Sir Max Aitken, 2nd Baronet",Q332454,"Max Aitken, 1st Baron Beaverbrook",child;parent,panel;rush
Q7528325,Mervyn Manningham-Buller,Q2271478,"Reginald Manningham-Buller, 1st Viscount Dilhorne",child;parent,panel;rush
Q7528336,"Sir Michael Hicks Beach, 8th Baronet",Q332746,"Michael Hicks Beach, 1st Earl St Aldwyn",child;parent,panel;rush
Q7528336,"Sir Michael Hicks Beach, 8th Baronet",Q5076881,Charles Dillwyn-Venables-Llewellyn,grandchild,rush
Q7528336,"Sir Michael Hicks Beach, 8th Baronet",Q6831126,"Michael Hicks Beach, Viscount Quenington",grandchild;grandparent,panel;rush
Q7528336,"Sir Michael Hicks Beach, 8th Baronet",Q7527724,"Sir John Dillwyn-Llewellyn, 1st Baronet",indirect,rush
Q7528336,"Sir Michael Hicks Beach, 8th Baronet",Q8009392,William Frederick Hicks-Beach,child;parent,panel;rush
Q7528339,"Sir Michael O'Loghlen, 1st Baronet",Q4980274,Bryan O'Loghlen,child;parent,panel;rush
Q7528339,"Sir Michael O'Loghlen, 1st Baronet",Q7526358,"Sir Colman O'Loghlen, 2nd Baronet",child;parent,panel;rush
Q7528351,"Sir Montagu Chapman, 3rd Baronet",Q26257714,"Sir Benjamin Chapman, 4th Baronet",sibling,panel
Q7528355,"Sir Montague Cholmeley, 2nd Baronet",Q12072266,"Henry Vivian, 1st Baron Swansea",indirect,rush
Q7528355,"Sir Montague Cholmeley, 2nd Baronet",Q7527302,"Sir Hugh Cholmeley, 3rd Baronet",child;parent,panel;rush
Q7528392,"Sir Norman Lamont, 2nd Baronet",Q21545203,Norman Lamont,indirect,rush
Q7528392,"Sir Norman Lamont, 2nd Baronet",Q6137736,James Lamont,parent,rush
Q7528415,"Sir Oswald Mosley, 2nd Baronet, of Ancoats",Q332400,Oswald Mosley,indirect,rush
Q7528468,"Sir Peter Roberts, 3rd Baronet",Q7528947,"Sir Samuel Roberts, 1st Baronet",grandchild;grandparent,panel;rush
Q7528468,"Sir Peter Roberts, 3rd Baronet",Q7528949,"Sir Samuel Roberts, 2nd Baronet",child;parent,panel;rush
Q7528485,"Sir Philip Miles, 2nd Baronet",Q25927689,Philip John Miles,grandchild;grandparent;indirect,panel;rush
Q7528485,"Sir Philip Miles, 2nd Baronet",Q26265459,Philip William Skynner Miles,child;indirect;niece/nephew,panel;rush
Q7528485,"Sir Philip Miles, 2nd Baronet",Q26758643,Charles Miles,sibling,rush
Q7528485,"Sir Philip Miles, 2nd Baronet",Q7529690,"Sir William Miles, 1st Baronet",child;parent,panel;rush
Q7528499,"Sir Philip Sassoon, 3rd Baronet",Q7526609,"Sir Edward Sassoon, 2nd Baronet, of Kensington Gore",child;parent,panel;rush
Q7528514,"Sir Ralph Lopes, 2nd Baronet",Q1907604,"Sir Massey Lopes, 3rd Baronet",child;parent,panel;rush
Q7528514,"Sir Ralph Lopes, 2nd Baronet",Q5725062,"Henry Lopes, 1st Baron Ludlow",child;parent,panel;rush
Q7528514,"Sir Ralph Lopes, 2nd Baronet",Q5725065,"Henry Lopes, 1st Baron Roborough",grandchild;grandparent,panel;rush
Q7528523,"Sir Raymond Greene, 2nd Baronet",Q5343165,Edward Greene,grandchild,panel
Q7528523,"Sir Raymond Greene, 2nd Baronet",Q7526558,"Sir Edward Greene, 1st Baronet",child;parent,panel;rush
Q7528622,"Sir Richard Martin, 1st Baronet, of Overbury Court",Q26288290,James Martin,indirect,rush
Q7528622,"Sir Richard Martin, 1st Baronet, of Overbury Court",Q26611669,John Martin,indirect,rush
Q7528660,"Sir Richard Simeon, 2nd Baronet",Q7528071,"Sir John Simeon, 3rd Baronet",child;parent,panel;rush
Q7528660,"Sir Richard Simeon, 2nd Baronet",Q7528073,"Sir John Simeon, 4th Baronet",grandchild;grandparent,panel;rush
Q7528680,"Sir Richard Williams-Bulkeley, 10th Baronet",Q7527746,"Sir John Eardley-Wilmot, 2nd Baronet",indirect,rush
Q7528702,"Sir Robert Anstruther, 5th Baronet",Q5729236,Henry Torrens Anstruther,child;parent,panel;rush
Q7528718,"Sir Robert Bateson, 1st Baronet",Q7341932,Robert Bateson,child;parent,panel;rush
Q7528718,"Sir Robert Bateson, 1st Baronet",Q7787471,"Thomas Bateson, 1st Baron Deramore",child;parent,panel;rush
Q7528721,"Sir Robert Bird, 2nd Baronet",Q7525969,"Sir Alfred Bird, 1st Baronet",child,panel;rush
Q7528734,"Sir Robert Buxton, 3rd Baronet",Q7527637,"Sir John Buxton, 2nd Baronet",child,panel
Q7528805,"Sir Robert Loder, 1st Baronet",Q3182815,"John Loder, 2nd Baron Wakehurst",grandchild;grandparent,panel;rush
Q7528805,"Sir Robert Loder, 1st Baronet",Q5549352,"Gerald Loder, 1st Baron Wakehurst",child;parent,panel;rush
Q7528815,"Sir Robert Mowbray, 2nd Baronet",Q7527953,"Sir John Mowbray, 1st Baronet",child;parent,panel;rush
Q7528832,"Sir Robert Phillimore, 1st Baronet",Q6235155,John George Phillimore,sibling,panel
Q7528839,"Sir Robert Rankin, 1st Baronet",Q16910861,James Stuart Rankin,sibling,rush
Q7528866,"Sir Robert Williams, 1st Baronet",Q7351116,Robert Williams,grandchild;grandparent,panel;rush
Q7528866,"Sir Robert Williams, 1st Baronet",Q7351117,Robert Williams,child;parent,panel;rush
Q7528885,"Sir Roger Gresley, 8th Baronet",Q7529148,"Sir Thomas Gresley, 10th Baronet",indirect,rush
Q7528913,"Sir Rowland Blennerhassett, 4th Baronet",Q4798028,Arthur Blennerhassett,indirect,rush
Q7528913,"Sir Rowland Blennerhassett, 4th Baronet",Q7372102,Rowland Blennerhassett,indirect,rush
Q7528915,"Sir Rowland Whitehead, 3rd Baronet",Q7527510,"Sir James Whitehead, 1st Baronet",child;parent,panel;rush
Q7528937,"Sir Samuel Crompton, 1st Baronet",Q26721657,Joshua Crompton,indirect,rush
Q7528945,"Sir Samuel Hoare, 1st Baronet",Q333429,"Samuel Hoare, 1st Viscount Templewood",child;parent,panel;rush
Q7528947,"Sir Samuel Roberts, 1st Baronet",Q7528468,"Sir Peter Roberts, 3rd Baronet",grandchild;grandparent,panel;rush
Q7528947,"Sir Samuel Roberts, 1st Baronet",Q7528949,"Sir Samuel Roberts, 2nd Baronet",child;parent,panel;rush
Q7528949,"Sir Samuel Roberts, 2nd Baronet",Q7528468,"Sir Peter Roberts, 3rd Baronet",child;parent,panel;rush
Q7528949,"Sir Samuel Roberts, 2nd Baronet",Q7528947,"Sir Samuel Roberts, 1st Baronet",child;parent,panel;rush
Q7528950,"Sir Samuel Scott, 6th Baronet",Q16031557,"Horace Farquhar, 1st Earl Farquhar",indirect,rush
Q7528950,"Sir Samuel Scott, 6th Baronet",Q3760457,"George Cadogan, 5th Earl Cadogan",indirect,rush
Q7528974,"Sir Smith Child, 1st Baronet",Q7528975,"Sir Smith Child, 2nd Baronet",indirect,rush
Q7528975,"Sir Smith Child, 2nd Baronet",Q7528974,"Sir Smith Child, 1st Baronet",indirect,rush
Q7528984,"Sir Stephen Furness, 1st Baronet",Q5112370,"Christopher Furness, 1st Baron Furness",uncle/aunt,rush
Q7528984,"Sir Stephen Furness, 1st Baronet",Q7610101,Stephen Furness,child;parent,panel;rush
Q7528992,Stuart Samuel,Q335218,"Herbert Samuel, 1st Viscount Samuel",sibling,panel
Q7528999,"Sir Sydney Waterlow, 1st Baronet",Q16031339,David Waterlow,child;parent,panel;rush
Q7529038,"Sir Thomas Baring, 2nd Baronet",Q337771,"Thomas Baring, 1st Earl of Northbrook",grandparent,panel
Q7529038,"Sir Thomas Baring, 2nd Baronet",Q3750914,"Francis Baring, 1st Baron Northbrook",parent,panel
Q7529038,"Sir Thomas Baring, 2nd Baronet",Q4914194,"Bingham Baring, 2nd Baron Ashburton",uncle/aunt,panel
Q7529038,"Sir Thomas Baring, 2nd Baronet",Q5480129,"Francis Baring, 3rd Baron Ashburton",uncle/aunt,panel
Q7529038,"Sir Thomas Baring, 2nd Baronet",Q652514,"Alexander Baring, 1st Baron Ashburton",sibling,panel
Q7529038,"Sir Thomas Baring, 2nd Baronet",Q7787384,Thomas Baring,parent,panel
Q7529041,"Sir Thomas Barrett-Lennard, 1st Baronet",Q24239146,Thomas Barrett Lennard,child;parent,panel;rush
Q7529071,"Sir Thomas Burke, 3rd Baronet",Q7527635,"Sir John Burke, 2nd Baronet",child,panel
Q7529108,"Sir Thomas Dyke Acland, 11th Baronet",Q3525076,"Sir Thomas Dyke Acland, 10th Baronet",child;parent,panel;rush
Q7529108,"Sir Thomas Dyke Acland, 11th Baronet",Q5542038,"Sir Francis Dyke Acland, 14th Baronet",grandparent,panel
Q7529108,"Sir Thomas Dyke Acland, 11th Baronet",Q606299,"Sir Arthur Dyke Acland, 13th Baronet",child;parent,panel;rush
Q7529108,"Sir Thomas Dyke Acland, 11th Baronet",Q7529110,"Sir Thomas Dyke Acland, 12th Baronet",child;parent,panel;rush
Q7529110,"Sir Thomas Dyke Acland, 12th Baronet",Q3525076,"Sir Thomas Dyke Acland, 10th Baronet",grandchild;grandparent,panel;rush
Q7529110,"Sir Thomas Dyke Acland, 12th Baronet",Q5542038,"Sir Francis Dyke Acland, 14th Baronet",uncle/aunt,panel
Q7529110,"Sir Thomas Dyke Acland, 12th Baronet",Q606299,"Sir Arthur Dyke Acland, 13th Baronet",sibling,panel;rush
Q7529110,"Sir Thomas Dyke Acland, 12th Baronet",Q7529108,"Sir Thomas Dyke Acland, 11th Baronet",child;parent,panel;rush
Q7529116,"Sir Thomas Esmonde, 11th Baronet",Q16937367,"Sir John Esmonde, 10th Baronet",child,panel
Q7529126,Thomas Frankland Lewis,Q1230681,George Cornewall Lewis,parent,panel
Q7529140,"Sir Thomas Gladstone, 2nd Baronet",Q160852,William Ewart Gladstone,sibling,panel;rush
Q7529140,"Sir Thomas Gladstone, 2nd Baronet",Q2347324,"Herbert Gladstone, 1st Viscount Gladstone",niece/nephew;uncle/aunt,panel;rush
Q7529140,"Sir Thomas Gladstone, 2nd Baronet",Q4020043,William Henry Gladstone,niece/nephew;uncle/aunt,panel;rush
Q7529140,"Sir Thomas Gladstone, 2nd Baronet",Q6250233,John Gladstone,sibling,panel;rush
Q7529140,"Sir Thomas Gladstone, 2nd Baronet",Q8009936,William Glynne Charles Gladstone,indirect,rush
Q7529148,"Sir Thomas Gresley, 10th Baronet",Q7528885,"Sir Roger Gresley, 8th Baronet",indirect,rush
Q7529192,"Sir Thomas Lloyd, 1st Baronet",Q26239952,Thomas Lloyd,cousin,panel;rush
Q7529253,"Sir Thomas Royden, 1st Baronet",Q7793665,"Thomas Royden, 1st Baron Royden",child;parent,panel;rush
Q7529296,"Sir Thomas Western, 1st Baronet",Q7529300,"Sir Thomas Western, 2nd Baronet",child;parent,panel;rush
Q7529300,"Sir Thomas Western, 2nd Baronet",Q7529296,"Sir Thomas Western, 1st Baronet",child;parent,panel;rush
Q7529312,"Sir Thomas Winnington, 3rd Baronet",Q11803732,"Sir Thomas Winnington, 4th Baronet",parent,panel
Q7529312,"Sir Thomas Winnington, 3rd Baronet",Q15815164,Henry Winnington,sibling,panel
Q7529320,"Sir Thomas Wrightson, 1st Baronet",Q26278034,Fredric Wise,indirect,rush
Q7529373,"Sir Walter Burrell, 5th Baronet",Q7167269,Percy Burrell,sibling,panel;rush
Q7529373,"Sir Walter Burrell, 5th Baronet",Q7526182,"Sir Charles Burrell, 3rd Baronet",child;parent,panel;rush
Q7529396,"Sir Walter Palmer, 1st Baronet",Q5543175,George Palmer,child,panel
Q7529396,"Sir Walter Palmer, 1st Baronet",Q5546342,George William Palmer,sibling,panel
Q7529424,"Sir Watkin Williams-Wynn, 5th Baronet",Q16059942,Charles Williams-Wynn,niece/nephew;uncle/aunt,panel;rush
Q7529424,"Sir Watkin Williams-Wynn, 5th Baronet",Q19819903,Herbert Williams-Wynn,child;parent,panel;rush
Q7529424,"Sir Watkin Williams-Wynn, 5th Baronet",Q213150,Charles Williams-Wynn,sibling,panel;rush
Q7529424,"Sir Watkin Williams-Wynn, 5th Baronet",Q7527261,"Sir Herbert Williams-Wynn, 7th Baronet",grandchild;grandparent,panel;rush
Q7529424,"Sir Watkin Williams-Wynn, 5th Baronet",Q7529429,"Sir Watkin Williams-Wynn, 6th Baronet",child;parent,panel;rush
Q7529429,"Sir Watkin Williams-Wynn, 6th Baronet",Q16059942,Charles Williams-Wynn,cousin,panel;rush
Q7529429,"Sir Watkin Williams-Wynn, 6th Baronet",Q19819903,Herbert Williams-Wynn,sibling,panel;rush
Q7529429,"Sir Watkin Williams-Wynn, 6th Baronet",Q213150,Charles Williams-Wynn,niece/nephew;uncle/aunt,panel;rush
Q7529429,"Sir Watkin Williams-Wynn, 6th Baronet",Q7527261,"Sir Herbert Williams-Wynn, 7th Baronet",niece/nephew;uncle/aunt,panel;rush
Q7529429,"Sir Watkin Williams-Wynn, 6th Baronet",Q7529424,"Sir Watkin Williams-Wynn, 5th Baronet",child;parent,panel;rush
Q7529446,"Sir Wilfrid Lawson, 2nd Baronet",Q7529449,"Sir Wilfrid Lawson, 3rd Baronet, of Brayton",child;parent,panel;rush
Q7529449,"Sir Wilfrid Lawson, 3rd Baronet, of Brayton",Q7529446,"Sir Wilfrid Lawson, 2nd Baronet",child;parent,panel;rush
Q7529463,"Sir William Agnew, 1st Bt.",Q5536096,"Sir George Agnew, 2nd Baronet",parent,panel
Q7529524,"Sir William Chaytor, 2nd Baronet",Q7529526,"Sir William Chaytor, 1st Baronet",child;parent,panel;rush
Q7529526,"Sir William Chaytor, 1st Baronet",Q7529524,"Sir William Chaytor, 2nd Baronet",child;parent,panel;rush
Q7529549,"Sir William Brooks, 1st Baronet",Q6220252,John Baguley Brooks,niece/nephew,rush
Q7529596,"Sir William Fraser, 4th Baronet",Q5076532,Charles Craufurd Fraser,indirect,rush
Q7529596,"Sir William Fraser, 4th Baronet",Q5930848,Hugh Fraser,indirect,rush
Q7529613,"Sir William Gordon-Cumming, 2nd Baronet",Q5076584,Charles Cumming-Bruce,sibling,panel
Q7529624,"Sir William Hayter, 1st Baronet",Q4798999,"Arthur Hayter, 1st Baron Haversham",child;parent,panel;rush
Q7529634,"Sir William Hornby, 1st Baronet",Q26690970,John Hornby,niece/nephew,panel
Q7529634,"Sir William Hornby, 1st Baronet",Q8012049,William Henry Hornby,child;parent,panel;rush
Q7529636,"Sir William Ingram, 1st Baronet",Q5734579,Herbert Ingram,child;parent,panel;rush
Q7529639,"Sir William Jackson, 1st Baronet",Q7527160,"Sir Henry Jackson, 2nd Baronet",child;parent,panel;rush
Q7529690,"Sir William Miles, 1st Baronet",Q25927689,Philip John Miles,child;parent,panel;rush
Q7529690,"Sir William Miles, 1st Baronet",Q26265459,Philip William Skynner Miles,sibling,panel;rush
Q7529690,"Sir William Miles, 1st Baronet",Q26689915,Robert Tudway,indirect,rush
Q7529690,"Sir William Miles, 1st Baronet",Q26758643,Charles Miles,indirect,rush
Q7529690,"Sir William Miles, 1st Baronet",Q7528485,"Sir Philip Miles, 2nd Baronet",child;parent,panel;rush
Q7529701,"Sir William Mount, 1st Baronet",Q11800502,William George Mount,child;parent,panel;rush
Q7529701,"Sir William Mount, 1st Baronet",Q8015892,William Mount,grandchild,panel
Q7529726,"Sir William Pearce, 1st Baronet",Q7529729,"Sir William Pearce, 2nd Baronet",parent,panel
Q7529729,"Sir William Pearce, 2nd Baronet",Q7529726,"Sir William Pearce, 1st Baronet",child,panel
Q7529740,"Sir William Prescott, 1st Baronet",Q7599884,Stanley Prescott,parent,panel
Q7529763,"Sir William Rutherford, 1st Baronet",Q7527325,"Sir Hugo Rutherford, 2nd Baronet",child,rush
Q7529765,"Sir William Salusbury-Trelawny, 8th Baronet",Q6256551,John Salusbury-Trelawny,child;parent,panel;rush
Q7529810,"Sir William Verner, 2nd Baronet",Q16065605,"Sir William Verner, 1st Baronet",child;parent,panel;rush
Q7529810,"Sir William Verner, 2nd Baronet",Q5345715,"Sir Edward Verner, 4th Baronet",sibling,panel
Q7529817,"Sir William Welby-Gregory, 4th Baronet",Q13530066,"Sir Charles Welby, 5th Baronet",child;parent,panel;rush
Q7529817,"Sir William Welby-Gregory, 4th Baronet",Q19308194,Alfred Welby,sibling,panel;rush
Q7529817,"Sir William Welby-Gregory, 4th Baronet",Q7526983,"Sir Glynne Welby, 3rd Baronet",child;parent,panel;rush
Q75583507,Theo Clarke,Q574980,Jacob Rees-Mogg,uncle/aunt,rush
Q75583507,Theo Clarke,Q7559928,Somerset de Chair,grandparent,rush
Q7559819,Somerset Maxwell,Q5725625,"Henry Maxwell, 7th Baron Farnham",indirect,rush
Q7559819,Somerset Maxwell,Q6139118,"James Maxwell, 9th Baron Farnham",indirect,rush
Q7559819,Somerset Maxwell,Q7559889,"Somerset Maxwell, 8th Baron Farnham",indirect,rush
Q7559823,Somerset Beaumont,Q5927153,Hubert Beaumont,uncle/aunt,panel
Q7559823,Somerset Beaumont,Q7794992,Thomas Wentworth Beaumont,child;parent,panel;rush
Q7559823,Somerset Beaumont,Q7983008,"Wentworth Beaumont, 1st Baron Allendale",sibling,panel;rush
Q7559823,Somerset Beaumont,Q7983009,"Wentworth Beaumont, 1st Viscount Allendale",uncle/aunt,panel
Q7559889,"Somerset Maxwell, 8th Baron Farnham",Q5343734,Edward James Saunderson,niece/nephew,rush
Q7559889,"Somerset Maxwell, 8th Baron Farnham",Q5725625,"Henry Maxwell, 7th Baron Farnham",sibling,panel;rush
Q7559889,"Somerset Maxwell, 8th Baron Farnham",Q6139118,"James Maxwell, 9th Baron Farnham",sibling,panel;rush
Q7559889,"Somerset Maxwell, 8th Baron Farnham",Q7559819,Somerset Maxwell,indirect,rush
Q7559928,Somerset de Chair,Q75583507,Theo Clarke,grandchild,rush
Q7576081,Spencer Horsey de Horsey,Q13530063,Harry Spencer Waddington,sibling,rush
Q7593650,"St John Brodrick, 1st Earl of Midleton",Q5480498,"Francis Charteris, 10th Earl of Wemyss",indirect,rush
Q7593650,"St John Brodrick, 1st Earl of Midleton",Q5933848,"Hugo Charteris, 11th Earl of Wemyss",indirect,rush
Q7593650,"St John Brodrick, 1st Earl of Midleton",Q7789823,"Thomas Fremantle, 1st Baron Cottesloe",grandparent,rush
Q7593650,"St John Brodrick, 1st Earl of Midleton",Q7789824,"Thomas Fremantle, 2nd Baron Cottesloe",uncle/aunt,rush
Q7593650,"St John Brodrick, 1st Earl of Midleton",Q8005969,"William Brodrick, 8th Viscount Midleton",child;parent,panel;rush
Q7596635,Stafford Howard,Q16058834,Henry Howard,sibling,panel;rush
Q7596635,Stafford Howard,Q5723318,Henry Howard,child,panel
Q7599747,Stanley Leighton,Q16741829,Bertie Leighton,child;parent,panel;rush
Q7599747,Stanley Leighton,Q7526095,"Sir Baldwin Leighton, 7th Baronet",child;parent,panel;rush
Q7599747,Stanley Leighton,Q7526096,"Sir Baldwyn Leighton, 8th Baronet",sibling,panel;rush
Q7599884,Stanley Prescott,Q7529740,"Sir William Prescott, 1st Baronet",child,panel
Q7609831,Stephen Lushington,Q18670887,Charles Lushington,sibling,panel;rush
Q7609917,Stephen Mason,Q5237163,David Marshall Mason,child;parent,panel;rush
Q7610101,Stephen Furness,Q7528984,"Sir Stephen Furness, 1st Baronet",child;parent,panel;rush
Q7610126,Stephen O'Mara,Q6140508,James O'Mara,child;parent,panel;rush
Q7610422,Stephen Rumbold Lushington,Q5080630,Charles Manners Lushington,child;parent,panel;rush
Q7610865,Stephen Williamson,Q4786553,"Archibald Williamson, 1st Baron Forres",child;parent,panel;rush
Q7613861,"William Legge, 5th Earl of Dartmouth",Q5714132,"Heneage Finch, 6th Earl of Aylesford",indirect,rush
Q7613861,"William Legge, 5th Earl of Dartmouth",Q5714134,Heneage Legge,sibling,panel;rush
Q7613861,"William Legge, 5th Earl of Dartmouth",Q8014457,"William Legge, 6th Earl of Dartmouth",child;parent,panel;rush
Q7613861,"William Legge, 5th Earl of Dartmouth",Q8014459,"William Legge, 7th Earl of Dartmouth",grandchild;grandparent,panel;rush
Q7614395,"William Wentworth-Fitzwilliam, 7th Earl Fitzwilliam",Q26254028,"William Wentworth-Fitzwilliam, Viscount Milton",indirect,rush
Q7614395,"William Wentworth-Fitzwilliam, 7th Earl Fitzwilliam",Q3828136,"Lawrence Dundas, 1st Marquess of Zetland",indirect,rush
Q7614395,"William Wentworth-Fitzwilliam, 7th Earl Fitzwilliam",Q5083442,Charles Wentworth-FitzWilliam,indirect,rush
Q7614395,"William Wentworth-Fitzwilliam, 7th Earl Fitzwilliam",Q5083446,"Charles Wentworth-Fitzwilliam, 5th Earl Fitzwilliam",indirect,rush
Q7614395,"William Wentworth-Fitzwilliam, 7th Earl Fitzwilliam",Q5546159,George Wentworth-FitzWilliam,indirect,rush
Q7614395,"William Wentworth-Fitzwilliam, 7th Earl Fitzwilliam",Q5730014,Henry Wentworth-FitzWilliam,niece/nephew;uncle/aunt,panel;rush
Q7614395,"William Wentworth-Fitzwilliam, 7th Earl Fitzwilliam",Q6263500,John Wentworth-FitzWilliam,niece/nephew;uncle/aunt,panel;rush
Q7614395,"William Wentworth-Fitzwilliam, 7th Earl Fitzwilliam",Q6504006,"Lawrence Dundas, 2nd Marquess of Zetland",indirect,rush
Q7614395,"William Wentworth-Fitzwilliam, 7th Earl Fitzwilliam",Q8020193,"William Wentworth-FitzWilliam, Viscount Milton",child;parent,panel;rush
Q7614395,"William Wentworth-Fitzwilliam, 7th Earl Fitzwilliam",Q8020195,"William Wentworth-Fitzwilliam, 6th Earl Fitzwilliam",grandchild;grandparent,panel;rush
Q7614508,"Thomas Parker, 6th Earl of Macclesfield",Q5482140,Francis Parker,parent,panel
Q7614951,"William Murray, 4th Earl of Mansfield and Mansfield",Q6936035,"Mungo Murray, 7th Earl of Mansfield and Mansfield",indirect,rush
Q7619672,"William Temple-Gore-Langton, 4th Earl Temple of Stowe",Q16741823,William Gore-Langton,grandparent,rush
Q7619672,"William Temple-Gore-Langton, 4th Earl Temple of Stowe",Q3701723,"Richard Temple-Nugent-Brydges-Chandos-Grenville, 3rd Duke of Buckingham and Chandos",uncle/aunt,rush
Q7619672,"William Temple-Gore-Langton, 4th Earl Temple of Stowe",Q3701727,"Richard Temple-Nugent-Brydges-Chandos-Grenville, 2nd Duke of Buckingham and Chandos",grandparent,rush
Q7619672,"William Temple-Gore-Langton, 4th Earl Temple of Stowe",Q8010034,William Gore-Langton,child;parent,panel;rush
Q7619928,"Wilbraham Egerton, 1st Earl Egerton",Q334228,"Sir Philip Grey Egerton, 10th Baronet",parent,rush
Q7619928,"Wilbraham Egerton, 1st Earl Egerton",Q4706577,"Alan Egerton, 3rd Baron Egerton",sibling,panel;rush
Q7619928,"Wilbraham Egerton, 1st Earl Egerton",Q5342743,Edward Christopher Egerton,niece/nephew;sibling;uncle/aunt,panel;rush
Q7619928,"Wilbraham Egerton, 1st Earl Egerton",Q58300372,"John Loftus, 3rd Marquess of Ely",uncle/aunt,rush
Q7619928,"Wilbraham Egerton, 1st Earl Egerton",Q8008502,"William Egerton, 1st Baron Egerton",child;parent,panel;rush
Q7620014,"William Lygon, 8th Earl Beauchamp",Q16065804,"Henry Lygon, 5th Earl Beauchamp",indirect,rush
Q7620014,"William Lygon, 8th Earl Beauchamp",Q5498321,"Frederick Lygon, 6th Earl Beauchamp",grandparent,rush
Q7620761,"Gilbert Heathcote-Drummond-Willoughby, 1st Earl of Ancaster",Q5128637,Claud Heathcote-Drummond-Willoughby,child;parent,panel;rush
Q7620761,"Gilbert Heathcote-Drummond-Willoughby, 1st Earl of Ancaster",Q5560967,"Gilbert Heathcote, 1st Baron Aveland",child;parent,panel;rush
Q7620761,"Gilbert Heathcote-Drummond-Willoughby, 1st Earl of Ancaster",Q5560968,"Gilbert Heathcote-Drummond-Willoughby, 2nd Earl of Ancaster",child;parent,panel;rush
Q7620761,"Gilbert Heathcote-Drummond-Willoughby, 1st Earl of Ancaster",Q6135821,"James Heathcote-Drummond-Willoughby, 3rd Earl of Ancaster",grandparent,panel
Q7620761,"Gilbert Heathcote-Drummond-Willoughby, 1st Earl of Ancaster",Q7526975,"Sir Gilbert Heathcote, 4th Baronet",grandchild;grandparent,panel;rush
Q7620919,"William Pleydell-Bouverie, 5th Earl of Radnor",Q5344870,Edward Pleydell-Bouverie,uncle/aunt,rush
Q7620919,"William Pleydell-Bouverie, 5th Earl of Radnor",Q6119114,"Jacob Pleydell-Bouverie, 6th Earl of Radnor",child;parent,panel;rush
Q7620919,"William Pleydell-Bouverie, 5th Earl of Radnor",Q6135005,"James Grimston, 2nd Earl of Verulam",uncle/aunt,rush
Q7620919,"William Pleydell-Bouverie, 5th Earl of Radnor",Q6135007,"James Grimston, 3rd Earl of Verulam",cousin,rush
Q7620964,"William Elliot-Murray-Kynynmound, 3rd Earl of Minto",Q4798589,Arthur Elliot,child;parent,panel;rush
Q7620964,"William Elliot-Murray-Kynynmound, 3rd Earl of Minto",Q5538954,George Elliot,cousin,panel;rush
Q7620964,"William Elliot-Murray-Kynynmound, 3rd Earl of Minto",Q5538960,George Elliot,indirect;uncle/aunt,rush
Q7620964,"William Elliot-Murray-Kynynmound, 3rd Earl of Minto",Q5930668,Hugh Elliot,child;parent,panel;rush
Q7620964,"William Elliot-Murray-Kynynmound, 3rd Earl of Minto",Q6231620,John Elliot,uncle/aunt,rush
Q76237363,Jerome Mayhew,Q334163,"Patrick Mayhew, Baron Mayhew of Twysden",child;parent,panel;rush
Q762750,"Henry Percy, 7th Duke of Northumberland",Q1241117,"Eustace Percy, 1st Baron Percy of Newcastle",child;parent,panel;rush
Q762750,"Henry Percy, 7th Duke of Northumberland",Q337686,"Algernon Percy, 6th Duke of Northumberland",child;parent,panel;rush
Q762750,"Henry Percy, 7th Duke of Northumberland",Q3810119,Lord Josceline Percy,niece/nephew;uncle/aunt,panel;rush
Q762750,"Henry Percy, 7th Duke of Northumberland",Q5726862,"Henry Percy, Earl Percy",child;parent,panel;rush
Q762750,"Henry Percy, 7th Duke of Northumberland",Q6678906,Lord Algernon Percy,sibling,panel;rush
Q762750,"Henry Percy, 7th Duke of Northumberland",Q6679347,Lord Henry Percy,niece/nephew;uncle/aunt,panel;rush
Q76363401,Laura Farris,Q6832761,Michael McNair-Wilson,child;parent,panel;rush
Q76363401,Laura Farris,Q7147189,Patrick McNair-Wilson,niece/nephew,panel
Q76364163,Kate Griffiths,Q392149,Andrew Griffiths,partner,rush
Q76448943,Rachel Hopkins,Q689421,Kelvin Hopkins,child;parent,panel;rush
Q7660092,"Sydney Pierrepont, 3rd Earl Manvers",Q16066415,"Charles Evelyn Pierrepont, Viscount Newark",sibling,panel;rush
Q7660092,"Sydney Pierrepont, 3rd Earl Manvers",Q5081660,"Charles Pierrepont, 4th Earl Manvers",child;parent,panel;rush
Q766908,John Wheatley,Q6263706,"John Wheatley, Baron Wheatley",niece/nephew,rush
Q7680454,Tam Galbraith,Q7789900,"Thomas Galbraith, 1st Baron Strathclyde",child;parent,panel;rush
Q771694,"Charles Bingham, 4th Earl of Lucan",Q5536981,"George Bingham, 5th Earl of Lucan",child;parent,panel;rush
Q775821,William Vernon Harcourt,Q3048714,Edward William Harcourt,sibling,panel;rush
Q775821,William Vernon Harcourt,Q5790068,"Lewis Harcourt, 1st Viscount Harcourt",child;parent,panel;rush
Q775821,William Vernon Harcourt,Q7350597,Robert Harcourt,child;parent,panel;rush
Q7781055,Thelma Cazalet-Keir,Q7925789,Victor Cazalet,sibling,rush
Q7781789,Theodore Fry,Q6536559,Lewis Fry,cousin,panel;rush
Q7786959,Thomas Agar-Robartes,Q7786961,"Thomas Agar-Robartes, 1st Baron Robartes",grandchild;grandparent,panel;rush
Q7786959,Thomas Agar-Robartes,Q7786962,"Thomas Agar-Robartes, 6th Viscount Clifden",child;parent,panel;rush
Q7786961,"Thomas Agar-Robartes, 1st Baron Robartes",Q7786959,Thomas Agar-Robartes,grandchild;grandparent,panel;rush
Q7786961,"Thomas Agar-Robartes, 1st Baron Robartes",Q7786962,"Thomas Agar-Robartes, 6th Viscount Clifden",child;parent,panel;rush
Q7786961,"Thomas Agar-Robartes, 1st Baron Robartes",Q8016975,William Pole-Carew,indirect,rush
Q7786962,"Thomas Agar-Robartes, 6th Viscount Clifden",Q16203028,"Leopold Agar-Ellis, 5th Viscount Clifden",indirect,rush
Q7786962,"Thomas Agar-Robartes, 6th Viscount Clifden",Q7786959,Thomas Agar-Robartes,child;parent,panel;rush
Q7786962,"Thomas Agar-Robartes, 6th Viscount Clifden",Q7786961,"Thomas Agar-Robartes, 1st Baron Robartes",child;parent,panel;rush
Q7786962,"Thomas Agar-Robartes, 6th Viscount Clifden",Q8016975,William Pole-Carew,uncle/aunt,rush
Q7786990,Thomas Alexander Dickson,Q6132618,James Dickson,child;parent,panel;rush
Q7787091,"Thomas Anson, 2nd Earl of Lichfield",Q1506864,George Anson,uncle/aunt,rush
Q7787091,"Thomas Anson, 2nd Earl of Lichfield",Q1506865,George Anson,great-uncle/aunt,rush
Q7787091,"Thomas Anson, 2nd Earl of Lichfield",Q16059525,Richard Hamilton Rawson,indirect,rush
Q7787091,"Thomas Anson, 2nd Earl of Lichfield",Q16065995,"Henry Cavendish, 3rd Baron Waterpark",indirect,rush
Q7787091,"Thomas Anson, 2nd Earl of Lichfield",Q4821369,Augustus Anson,sibling,panel;rush
Q7787384,Thomas Baring,Q337771,"Thomas Baring, 1st Earl of Northbrook",uncle/aunt,panel
Q7787384,Thomas Baring,Q3750914,"Francis Baring, 1st Baron Northbrook",sibling,panel
Q7787384,Thomas Baring,Q652514,"Alexander Baring, 1st Baron Ashburton",niece/nephew;uncle/aunt,panel;rush
Q7787384,Thomas Baring,Q7529038,"Sir Thomas Baring, 2nd Baronet",child,panel
Q7787433,Thomas Bartholomew Curran,Q7788754,Thomas Curran,parent,rush
Q7787471,"Thomas Bateson, 1st Baron Deramore",Q7341932,Robert Bateson,sibling,panel;rush
Q7787471,"Thomas Bateson, 1st Baron Deramore",Q7528718,"Sir Robert Bateson, 1st Baronet",child;parent,panel;rush
Q7787488,Thomas Bayley Potter,Q14949006,John Potter,sibling,panel
Q7787559,Thomas Bellew,Q7146106,"Patrick Bellew, 1st Baron Bellew",indirect,rush
Q7788189,Thomas Cairns,Q333804,"Hugh Cairns, 1st Earl Cairns",indirect,rush
Q7788288,Thomas Cave,Q334436,"George Cave, 1st Viscount Cave",child;parent,panel;rush
Q7788322,Thomas Chambers,Q17325894,"Richard Causton, 1st Baron Southwark",indirect,rush
Q7788337,Thomas Charles Bruce,Q335230,"James Bruce, 8th Earl of Elgin",sibling,panel
Q7788337,Thomas Charles Bruce,Q7349025,Robert Preston Bruce,niece/nephew;uncle/aunt,panel;rush
Q7788351,Thomas Calley,Q24238802,Thomas Calley,indirect,rush
Q7788361,Thomas Charlton Whitmore,Q5730107,Henry Whitmore,sibling,panel;rush
Q7788361,Thomas Charlton Whitmore,Q8020517,William Wolryche-Whitmore,indirect,rush
Q7788382,Thomas Chester-Master,Q25182977,Thomas Chester-Master,child;parent,panel;rush
Q7788487,Thomas Cobbold,Q5442169,Felix Cobbold,sibling,panel;rush
Q7788487,Thomas Cobbold,Q5723929,Henry Jervis-White-Jervis,indirect,rush
Q7788487,Thomas Cobbold,Q6226459,John Cobbold,child;parent,panel;rush
Q7788487,Thomas Cobbold,Q6226460,John Cobbold,sibling,panel;rush
Q7788754,Thomas Curran,Q7787433,Thomas Bartholomew Curran,child,rush
Q7789237,T. E. Hickman,Q7525974,"Sir Alfred Hickman, 1st Baronet",child;parent,panel;rush
Q7789349,Thomas Emerson Headlam,Q7526374,"Sir Cuthbert Headlam, 1st Baronet",indirect,rush
Q7789575,Thomas Fielden,Q4484367,John Fielden,grandchild;grandparent,panel;rush
Q7789575,Thomas Fielden,Q5342020,Edward Brocklehurst Fielden,sibling,panel;rush
Q7789575,Thomas Fielden,Q6289810,Joshua Fielden,child;parent,panel;rush
Q7789699,"Thomas Foley, 4th Baron Foley",Q3784929,"Henry Fitzalan-Howard, 14th Duke of Norfolk",indirect,rush
Q7789736,"Thomas Fortescue, 1st Baron Clermont",Q1960282,"Chichester Parkinson-Fortescue, 1st Baron Carlingford",sibling,panel
Q7789823,"Thomas Fremantle, 1st Baron Cottesloe",Q7593650,"St John Brodrick, 1st Earl of Midleton",grandchild,rush
Q7789823,"Thomas Fremantle, 1st Baron Cottesloe",Q7789824,"Thomas Fremantle, 2nd Baron Cottesloe",child;parent,panel;rush
Q7789823,"Thomas Fremantle, 1st Baron Cottesloe",Q8005969,"William Brodrick, 8th Viscount Midleton",indirect,rush
Q7789824,"Thomas Fremantle, 2nd Baron Cottesloe",Q7593650,"St John Brodrick, 1st Earl of Midleton",niece/nephew,rush
Q7789824,"Thomas Fremantle, 2nd Baron Cottesloe",Q7789823,"Thomas Fremantle, 1st Baron Cottesloe",child;parent,panel;rush
Q7789824,"Thomas Fremantle, 2nd Baron Cottesloe",Q8005969,"William Brodrick, 8th Viscount Midleton",indirect,rush
Q7789900,"Thomas Galbraith, 1st Baron Strathclyde",Q7680454,Tam Galbraith,child;parent,panel;rush
Q7789927,Thomas Garfit,Q11802276,William Garfit,child,rush
Q7790050,Thomas Gisborne,Q8008696,William Evans,indirect,rush
Q7790328,Thomas Sotheron-Estcourt,Q15072591,James Bucknall Bucknall Estcourt,sibling,rush
Q7790328,Thomas Sotheron-Estcourt,Q16066313,Thomas Grimston Estcourt,child;parent,panel;rush
Q7790384,,Q5078743,"Charles Hanbury-Tracy, 4th Baron Sudeley",parent,panel
Q7790384,,Q5497958,Frederick Hanbury-Tracy,parent,panel
Q7790721,Thomas Benjamin Hobhouse,Q26734725,Henry Hobhouse,sibling,panel
Q7790721,Thomas Benjamin Hobhouse,Q332595,"John Hobhouse, 1st Baron Broughton",sibling,panel;rush
Q7790796,Thomas Hope,Q3012172,Alexander Hope,indirect,rush
Q7790796,Thomas Hope,Q5079116,Charles Hope,child;parent,panel;rush
Q7790796,Thomas Hope,Q6136223,James Hope,indirect;niece/nephew,panel;rush
Q7791305,Thomas Jeremiah Williams,Q8020385,William Williams,child;parent,panel;rush
Q7791336,Thomas Cochrane,Q1063964,"Charles Cochrane-Baillie, 2nd Baron Lamington",grandparent,panel
Q7791336,Thomas Cochrane,Q3610747,"Alexander Baillie-Cochrane, 1st Baron Lamington",child;parent,panel;rush
Q7791584,"Thomas Knox, 2nd Earl of Ranfurly",Q22344373,James Knox,sibling,panel;rush
Q7791584,"Thomas Knox, 2nd Earl of Ranfurly",Q6238860,John Henry Knox,sibling,panel
Q7791584,"Thomas Knox, 2nd Earl of Ranfurly",Q7791585,"Thomas Knox, 3rd Earl of Ranfurly",child;parent,panel;rush
Q7791584,"Thomas Knox, 2nd Earl of Ranfurly",Q8014090,William Knox,child;parent,panel;rush
Q7791585,"Thomas Knox, 3rd Earl of Ranfurly",Q22344373,James Knox,niece/nephew;uncle/aunt,panel;rush
Q7791585,"Thomas Knox, 3rd Earl of Ranfurly",Q6238860,John Henry Knox,niece/nephew,panel
Q7791585,"Thomas Knox, 3rd Earl of Ranfurly",Q7791584,"Thomas Knox, 2nd Earl of Ranfurly",child;parent,panel;rush
Q7791585,"Thomas Knox, 3rd Earl of Ranfurly",Q8014090,William Knox,sibling,panel;rush
Q7791887,Thomas Lloyd-Mostyn,Q5344180,"Edward Lloyd, 1st Baron Mostyn",grandchild,panel
Q7791887,Thomas Lloyd-Mostyn,Q5344181,"Edward Lloyd-Mostyn, 2nd Baron Mostyn",child;parent,panel;rush
Q7791928,Thomas Lorimer Corbett,Q4786274,"Archibald Corbett, 1st Baron Rowallan",sibling,panel;rush
Q7792133,"Thomas Maitland, Lord Dundrennan",Q26722255,John Maitland,niece/nephew,rush
Q7792234,Thomas Matthias Weguelin,Q26258131,Christopher Weguelin,child;parent,panel;rush
Q7792979,Thomas Pakenham,Q16844876,Edward William Pakenham,sibling,rush
Q7793085,Thomas Peers Williams,Q334429,"Henry Wellesley, 3rd Duke of Wellington",indirect,rush
Q7793085,Thomas Peers Williams,Q7114546,Owen Lewis Cope Williams,child;parent,panel;rush
Q7793085,Thomas Peers Williams,Q7114694,Owen Williams,child,panel
Q7793195,Thomas Plumer Halsey,Q5497944,Frederick Halsey,child;parent,panel;rush
Q7793440,Thomas Read Kemp,Q3750914,"Francis Baring, 1st Baron Northbrook",indirect,rush
Q7793521,Thomas Richardson,Q7793522,Thomas Richardson,child,rush
Q7793522,Thomas Richardson,Q7793521,Thomas Richardson,parent,rush
Q7793665,"Thomas Royden, 1st Baron Royden",Q7529253,"Sir Thomas Royden, 1st Baronet",child;parent,panel;rush
Q7793906,Thomas Shaw,Q8017399,William Rawson Shaw,child,rush
Q7794220,"Thomas Stonor, 3rd Baron Camoys",Q16203028,"Leopold Agar-Ellis, 5th Viscount Clifden",indirect,rush
Q7794220,"Thomas Stonor, 3rd Baron Camoys",Q4412304,Konni Zilliacus,indirect,rush
Q7794388,"Thomas Taylour, 3rd Marquess of Headfort",Q18936317,William Thompson,indirect,rush
Q7794388,"Thomas Taylour, 3rd Marquess of Headfort",Q25927692,Joseph Sandars,indirect,rush
Q7794388,"Thomas Taylour, 3rd Marquess of Headfort",Q7794391,"Thomas Taylour, Earl of Bective",child;parent,panel;rush
Q7794391,"Thomas Taylour, Earl of Bective",Q18936317,William Thompson,grandparent,rush
Q7794391,"Thomas Taylour, Earl of Bective",Q4799073,"Arthur Hill, 4th Marquess of Downshire",indirect,rush
Q7794391,"Thomas Taylour, Earl of Bective",Q7794388,"Thomas Taylour, 3rd Marquess of Headfort",child;parent,panel;rush
Q7794445,Thomas Thornhill,Q13530063,Harry Spencer Waddington,grandparent,rush
Q7794563,"Thomas Trevor, 22nd Baron Dacre",Q3132661,"Henry Brand, 2nd Viscount Hampden",niece/nephew;uncle/aunt,panel;rush
Q7794563,"Thomas Trevor, 22nd Baron Dacre",Q336732,"Henry Brand, 1st Viscount Hampden",sibling,panel;rush
Q7794563,"Thomas Trevor, 22nd Baron Dacre",Q4798072,Arthur Brand,niece/nephew;uncle/aunt,panel;rush
Q7794563,"Thomas Trevor, 22nd Baron Dacre",Q5076148,"Charles Cavendish, 1st Baron Chesham",indirect,rush
Q7794613,Thomas Twisden Hodges,Q15433949,Thomas Law Hodges,parent,rush
Q7794636,Thomas Usborne,Q6283788,Joseph Hardcastle,indirect,rush
Q7794992,Thomas Wentworth Beaumont,Q5927153,Hubert Beaumont,grandparent,panel
Q7794992,Thomas Wentworth Beaumont,Q7559823,Somerset Beaumont,child;parent,panel;rush
Q7794992,Thomas Wentworth Beaumont,Q7983008,"Wentworth Beaumont, 1st Baron Allendale",child;parent,panel;rush
Q7794992,Thomas Wentworth Beaumont,Q7983009,"Wentworth Beaumont, 1st Viscount Allendale",grandparent,panel
Q7795205,Thomas Willis Fleming,Q11801634,John Willis Fleming,parent,rush
Q7795255,Thomas Wintringham,Q6760035,Margaret Wintringham,spouse,rush
Q7795282,Thomas Wood,Q7795283,Thomas Wood,child,rush
Q7795283,Thomas Wood,Q7795282,Thomas Wood,parent,rush
Q7804145,Tim Rathbone,Q333992,Eleanor Rathbone,indirect,rush
Q7804145,Tim Rathbone,Q4877214,Beatrice Wright,child;parent,panel;rush
Q7804145,Tim Rathbone,Q6254287,John Rathbone,child;parent,panel;rush
Q7804223,Tim Sainsbury,Q261001,Shaun Woodward,indirect,rush
Q7815844,Tom Forrest Howard,Q8018368,William Shepherd,indirect,rush
Q7816107,Tom Harrop Sidebottom,Q6143153,James Sidebottom,indirect,rush
Q7816107,Tom Harrop Sidebottom,Q8018425,William Sidebottom,sibling,rush
Q7816227,Tom Hooson,Q333639,"Emlyn Hooson, Baron Hooson",cousin,panel;rush
Q7851315,Tudor Rees,Q4879027,Beddoe Rees,sibling,rush
Q7851527,"Tufton Beamish, Baron Chelwood",Q7851529,Tufton Beamish,child;parent,panel;rush
Q7851529,Tufton Beamish,Q7851527,"Tufton Beamish, Baron Chelwood",child;parent,panel;rush
Q786474,Stanley Jackson,Q8013386,"William Jackson, 1st Baron Allerton",child,panel
Q7878979,"Ulick de Burgh, Lord Dunkellin",Q5927716,"Hubert de Burgh-Canning, 2nd Marquess of Clanricarde",sibling,panel
Q7917288,Vaughan Vaughan-Lee,Q6244393,John Lee Lee,child;parent,panel;rush
Q7920843,"Vera Woodhouse, Lady Terrington",Q1086853,"Montague Woodhouse, 5th Baron Terrington",indirect,rush
Q7920843,"Vera Woodhouse, Lady Terrington",Q6145790,"James Woodhouse, 1st Baron Terrington",indirect,rush
Q7924986,Vicary Gibbs,Q4709004,"Alban Gibbs, 2nd Baron Aldenham",sibling,panel;rush
Q7924986,Vicary Gibbs,Q5928148,"Hucks Gibbs, 1st Baron Aldenham",child;parent,panel;rush
Q7925789,Victor Cazalet,Q7781055,Thelma Cazalet-Keir,sibling,rush
Q7926168,Victor Montagu,Q2916993,"Edward Montagu, 8th Earl of Sandwich",indirect,rush
Q7926168,Victor Montagu,Q5542573,"George Montagu, 9th Earl of Sandwich",child,panel
Q7926443,"Victor Warrender, 1st Baron Bruntisfield",Q16059525,Richard Hamilton Rawson,indirect,rush
Q7933220,"Violet Bathurst, Lady Apsley",Q4731531,"Allen Bathurst, Lord Apsley",spouse,rush
Q7945435,Walter Smiles,Q7145583,Patricia Ford,child;parent,panel;rush
Q7959195,Wadham Wyndham,Q26328271,John Campbell,niece/nephew,rush
Q7961641,Waldron Smithers,Q4723580,Alfred Waldron Smithers,child,panel
Q7964384,Walter Bromley-Davenport,Q6613959,William Bromley-Davenport,parent,rush
Q7965251,"Walter James, 2nd Baron Northbourne",Q5078764,"Charles Hardinge, 2nd Viscount Hardinge",niece/nephew,panel
Q7965251,"Walter James, 2nd Baron Northbourne",Q5196793,Cuthbert James,parent,panel
Q7965251,"Walter James, 2nd Baron Northbourne",Q7965252,"Walter James, 1st Baron Northbourne",child;parent,panel;rush
Q7965252,"Walter James, 1st Baron Northbourne",Q5078764,"Charles Hardinge, 2nd Viscount Hardinge",sibling,panel
Q7965252,"Walter James, 1st Baron Northbourne",Q5196793,Cuthbert James,grandparent,panel
Q7965252,"Walter James, 1st Baron Northbourne",Q7965251,"Walter James, 2nd Baron Northbourne",child;parent,panel;rush
Q7965529,Walter MacMurrough Kavanagh,Q25863363,Thomas Kavanagh,grandchild;grandparent,panel;rush
Q7965529,Walter MacMurrough Kavanagh,Q4799620,Arthur MacMorrough Kavanagh,child;parent,panel;rush
Q7965601,Walter McLaren,Q5080854,"Charles McLaren, 1st Baron Aberconway",sibling,panel;rush
Q7965601,Walter McLaren,Q5314516,Duncan McLaren,child;parent,panel;rush
Q7965601,Walter McLaren,Q5481905,Francis McLaren,niece/nephew;uncle/aunt,panel;rush
Q7965601,Walter McLaren,Q5725740,Henry McLaren,niece/nephew;uncle/aunt,panel;rush
Q7965601,Walter McLaren,Q6248044,John McLaren,sibling,panel;rush
Q7965601,Walter McLaren,Q6776167,Martin McLaren,indirect,rush
Q7965678,Walter Morrison,Q6140050,James Morrison,child;parent,panel;rush
Q7965814,"Walter Pelham, 4th Earl of Chichester",Q4666575,Abel Henry Smith,niece/nephew,rush
Q7965814,"Walter Pelham, 4th Earl of Chichester",Q4666623,Abel Smith,indirect,rush
Q7965930,"Walter Rea, 1st Baron Rea",Q7381741,Russell Rea,child;parent,panel;rush
Q7965958,"Walter Rice, 7th Baron Dynevor",Q5081999,"Charles Rhys, 8th Baron Dynevor",child;parent,panel;rush
Q7965962,W. R. H. Powell,Q7965993,Walter Roch,grandchild,rush
Q7965993,Walter Roch,Q6099414,"Ivor Herbert, 1st Baron Treowen",indirect,rush
Q7965993,Walter Roch,Q7965962,W. R. H. Powell,grandparent,rush
Q7966016,"Walter Runciman, 1st Baron Runciman",Q333376,"Walter Runciman, 1st Viscount Runciman of Doxford",child;parent,panel;rush
Q7966016,"Walter Runciman, 1st Baron Runciman",Q5761464,"Hilda Runciman, Viscountess Runciman of Doxford",indirect,rush
Q7966333,Walter Faber,Q5339450,"Edmund Faber, 1st Baron Faber",sibling,panel;rush
Q7966333,Walter Faber,Q5539164,"George Faber, 1st Baron Wittenham",sibling,panel;rush
Q7966382,Walter Waring,Q26235811,Charles Waring,child;parent,panel;rush
Q7983008,"Wentworth Beaumont, 1st Baron Allendale",Q5927153,Hubert Beaumont,child;parent,panel;rush
Q7983008,"Wentworth Beaumont, 1st Baron Allendale",Q6828520,Michael Beaumont,grandparent,panel
Q7983008,"Wentworth Beaumont, 1st Baron Allendale",Q7287229,Ralph Beaumont,grandparent,panel
Q7983008,"Wentworth Beaumont, 1st Baron Allendale",Q7559823,Somerset Beaumont,sibling,panel;rush
Q7983008,"Wentworth Beaumont, 1st Baron Allendale",Q7794992,Thomas Wentworth Beaumont,child;parent,panel;rush
Q7983008,"Wentworth Beaumont, 1st Baron Allendale",Q7983009,"Wentworth Beaumont, 1st Viscount Allendale",child;parent,panel;rush
Q7983009,"Wentworth Beaumont, 1st Viscount Allendale",Q5083121,"Charles Vane-Tempest-Stewart, 6th Marquess of Londonderry",indirect,rush
Q7983009,"Wentworth Beaumont, 1st Viscount Allendale",Q5261284,"George Vane-Tempest, 5th Marquess of Londonderry",indirect,rush
Q7983009,"Wentworth Beaumont, 1st Viscount Allendale",Q5343962,"Edward Knatchbull-Hugessen, 2nd Baron Brabourne",indirect,rush
Q7983009,"Wentworth Beaumont, 1st Viscount Allendale",Q5927153,Hubert Beaumont,sibling,panel
Q7983009,"Wentworth Beaumont, 1st Viscount Allendale",Q6828520,Michael Beaumont,uncle/aunt,panel
Q7983009,"Wentworth Beaumont, 1st Viscount Allendale",Q7287229,Ralph Beaumont,parent,panel
Q7983009,"Wentworth Beaumont, 1st Viscount Allendale",Q7559823,Somerset Beaumont,niece/nephew,panel
Q7983009,"Wentworth Beaumont, 1st Viscount Allendale",Q7794992,Thomas Wentworth Beaumont,grandchild,panel
Q7983009,"Wentworth Beaumont, 1st Viscount Allendale",Q7983008,"Wentworth Beaumont, 1st Baron Allendale",child;parent,panel;rush
Q7988450,Western Wood,Q285868,"William Wood, 1st Baron Hatherley",sibling,panel;rush
Q7988450,Western Wood,Q7528319,"Sir Matthew Wood, 1st Baronet",child;parent,panel;rush
Q8000141,"Wilbraham Tollemache, 2nd Baron Tollemache",Q5082366,Charles Savile Roundell,indirect,rush
Q8000141,"Wilbraham Tollemache, 2nd Baron Tollemache",Q6260980,"John Tollemache, 1st Baron Tollemache",child;parent,panel;rush
Q8000141,"Wilbraham Tollemache, 2nd Baron Tollemache",Q6679103,Lord Claud Hamilton,indirect,rush
Q8001983,Wilfrid Roberts,Q337615,"Charles Howard, 10th Earl of Carlisle",uncle/aunt,rush
Q8001983,Wilfrid Roberts,Q337630,"George Howard, 9th Earl of Carlisle",grandparent,rush
Q8001983,Wilfrid Roberts,Q5078970,Charles Henry Roberts,child;parent,panel;rush
Q8001983,Wilfrid Roberts,Q5534679,Geoffrey Howard,uncle/aunt,rush
Q8004211,William Aitken,Q332454,"Max Aitken, 1st Baron Beaverbrook",uncle/aunt,rush
Q8004211,William Aitken,Q332881,Jonathan Aitken,child;parent,panel;rush
Q8004277,William Alexander Mackinnon,Q15990151,William Alexander Mackinnon,child;parent,panel;rush
Q8004277,William Alexander Mackinnon,Q17721888,Lauchlan Bellingham Mackinnon,child,rush
Q8004277,William Alexander Mackinnon,Q377175,"Thomas Cochrane, 1st Baron Cochrane of Cults",grandchild,rush
Q8004279,William McArthur,Q4719574,Alexander McArthur,parent,rush
Q8004279,William McArthur,Q8015303,William McArthur,uncle/aunt,rush
Q8004338,William Allen,Q8018372,William Shepherd Allen,parent,rush
Q8004453,William Angerstein,Q6219112,John Angerstein,parent,rush
Q8004468,"William Annesley, 4th Earl Annesley",Q4797826,"Arthur Annesley, 11th Viscount Valentia",indirect,rush
Q8004468,"William Annesley, 4th Earl Annesley",Q5929861,"Hugh Annesley, 5th Earl Annesley",sibling,panel;rush
Q8004479,"William Anstruther-Gray, Baron Kilmany",Q8004480,William Anstruther-Gray,child;parent,panel;rush
Q8004480,William Anstruther-Gray,Q8004479,"William Anstruther-Gray, Baron Kilmany",child;parent,panel;rush
Q8004519,William Archer Redmond,Q225392,John Redmond,child;parent,panel;rush
Q8004519,William Archer Redmond,Q8017428,William Redmond,grandchild;grandparent,panel;rush
Q8004519,William Archer Redmond,Q8021781,Willie Redmond,child;parent,panel;rush
Q8005058,William Baring du Pré,Q5019339,Caledon Du Pré,indirect,rush
Q8005118,"William Barrington, 6th Viscount Barrington",Q5536757,"George Barrington, 7th Viscount Barrington",child;parent,panel;rush
Q8005118,"William Barrington, 6th Viscount Barrington",Q5536758,George Barrington,sibling,panel;rush
Q8005295,William Beckett-Denison,Q5111934,Christopher Beckett Denison,sibling,panel;rush
Q8005295,William Beckett-Denison,Q5392782,"Ernest Beckett, 2nd Baron Grimthorpe",child;parent,panel;rush
Q8005295,William Beckett-Denison,Q5553468,Gervase Beckett,child;parent,panel;rush
Q8005295,William Beckett-Denison,Q7526465,"Sir Edmund Beckett, 4th Baronet",child;parent,panel;rush
Q8005295,William Beckett-Denison,Q7527597,"Sir John Beckett, 2nd Baronet",niece/nephew,panel
Q8005435,William Benyon,Q262931,Richard Benyon,parent,panel
Q8005441,William Beresford,Q5343403,Edward Heneage,indirect,rush
Q8005441,William Beresford,Q5540410,George Heneage,indirect,rush
Q8005441,William Beresford,Q6758034,Marcus Beresford,parent,rush
Q8005818,"William Brabazon, 11th Earl of Meath",Q8013597,"Sir William Brabazon, 2nd Baronet",indirect,rush
Q8005851,William Brampton Gurdon,Q11801484,John Gurdon Rebow,uncle/aunt,rush
Q8005851,William Brampton Gurdon,Q21554127,Brampton Gurdon,parent,rush
Q8005851,William Brampton Gurdon,Q7345003,"Robert Gurdon, 1st Baron Cranworth",sibling,rush
Q8005960,William Brocklehurst Brocklehurst,Q6223273,John Brocklehurst,grandparent,rush
Q8005960,William Brocklehurst Brocklehurst,Q8006927,William Brocklehurst,parent,rush
Q8005969,"William Brodrick, 8th Viscount Midleton",Q7593650,"St John Brodrick, 1st Earl of Midleton",child;parent,panel;rush
Q8005969,"William Brodrick, 8th Viscount Midleton",Q7789823,"Thomas Fremantle, 1st Baron Cottesloe",indirect,rush
Q8005969,"William Brodrick, 8th Viscount Midleton",Q7789824,"Thomas Fremantle, 2nd Baron Cottesloe",indirect,rush
Q8005976,William Bromley-Davenport,Q16239398,John Davenport,indirect,rush
Q8005976,William Bromley-Davenport,Q19931188,Pryse Pryse,indirect,rush
Q8005976,William Bromley-Davenport,Q6613959,William Bromley-Davenport,child;parent,panel;rush
Q8005994,"William Brougham, 2nd Baron Brougham and Vaux",Q6130302,James Brougham,sibling,panel;rush
Q8006140,William Burdett-Coutts,Q5365836,Ellis Ashmead-Bartlett,uncle/aunt,panel
Q8006140,William Burdett-Coutts,Q5365837,Ellis Ashmead-Bartlett,sibling,panel
Q8006488,"William Campbell, 2nd Baron Stratheden and Campbell",Q10305110,"James Scarlett, 1st Baron Abinger",grandparent,rush
Q8006488,"William Campbell, 2nd Baron Stratheden and Campbell",Q332738,"John Campbell, 1st Baron Campbell",child;parent,panel;rush
Q8006488,"William Campbell, 2nd Baron Stratheden and Campbell",Q333223,James Yorke Scarlett,uncle/aunt,rush
Q8006488,"William Campbell, 2nd Baron Stratheden and Campbell",Q7349602,"Robert Scarlett, 2nd Baron Abinger",uncle/aunt,rush
Q8006547,William Carington,Q2462181,"Charles Wynn-Carington, 1st Marquess of Lincolnshire",sibling,panel;rush
Q8006547,William Carington,Q7342786,"Robert Carrington, 2nd Baron Carrington",child,panel
Q8006547,William Carington,Q7380262,"Rupert Carington, 4th Baron Carrington",sibling,panel;rush
Q8006657,"William Cecil, 3rd Marquess of Exeter",Q1628,"David Cecil, 6th Marquess of Exeter",indirect,rush
Q8006657,"William Cecil, 3rd Marquess of Exeter",Q4976602,"Brownlow Cecil, 4th Marquess of Exeter",child;parent,panel;rush
Q8006657,"William Cecil, 3rd Marquess of Exeter",Q6679448,Lord John Joicey-Cecil,parent,panel
Q8006887,"William Clements, 3rd Earl of Leitrim",Q24254896,Robert Clements,sibling,panel;rush
Q8006887,"William Clements, 3rd Earl of Leitrim",Q26258111,Charles Clements,sibling,panel;rush
Q8006887,"William Clements, 3rd Earl of Leitrim",Q5723964,Henry John Clements,indirect,rush
Q8006927,William Brocklehurst,Q6223273,John Brocklehurst,child;parent,panel;rush
Q8006927,William Brocklehurst,Q8005960,William Brocklehurst Brocklehurst,child,rush
Q8006971,"William Cole, 3rd Earl of Enniskillen",Q24254979,Arthur Cole,uncle/aunt,rush
Q8006971,"William Cole, 3rd Earl of Enniskillen",Q26388219,John Cole,sibling,panel;rush
Q8006971,"William Cole, 3rd Earl of Enniskillen",Q5719665,Henry Cole,sibling,panel;rush
Q8006971,"William Cole, 3rd Earl of Enniskillen",Q6227624,"John Crichton, 4th Earl Erne",indirect,rush
Q8006971,"William Cole, 3rd Earl of Enniskillen",Q6694156,"Lowry Cole, 4th Earl of Enniskillen",child;parent,panel;rush
Q8007035,"William Compton, 5th Marquess of Northampton",Q6678911,Lord Alwyne Compton,sibling,panel;rush
Q8007128,William Cornwallis-West,Q16066050,Frederick Richard West,child;parent,panel;rush
Q8007168,"William Courtenay, 11th Earl of Devon",Q5342426,"Edward Courtenay, 12th Earl of Devon",child;parent,panel;rush
Q8007204,"William Cowper-Temple, 1st Baron Mount Temple",Q193656,"Henry Temple, 3rd Viscount Palmerston",indirect,rush
Q8007204,"William Cowper-Temple, 1st Baron Mount Temple",Q5538175,"George Cowper, 6th Earl Cowper",sibling,panel
Q8007204,"William Cowper-Temple, 1st Baron Mount Temple",Q5541503,George Lamb,indirect,rush
Q8007204,"William Cowper-Temple, 1st Baron Mount Temple",Q5719917,Henry Cowper,cousin;uncle/aunt,panel;rush
Q8007217,"William Cozens-Hardy, 2nd Baron Cozens-Hardy",Q5733833,"Herbert Cozens-Hardy, 1st Baron Cozens-Hardy",child;parent,panel;rush
Q8007267,William Crawford,Q7351045,Robert Wigram Crawford,child;parent,panel;rush
Q8007291,William Cripps,Q24238861,Joseph Cripps,parent,rush
Q8007633,William Davies,Q15999959,William Rupert Rees-Davies,grandchild,rush
Q8007633,William Davies,Q8017448,William Rees Morgan Davies,child,rush
Q8007679,"William Dawnay, 7th Viscount Downe",Q5622196,Guy Dawnay,child;parent,panel;rush
Q8007679,"William Dawnay, 7th Viscount Downe",Q6536955,Lewis Payn Dawnay,child;parent,panel;rush
Q8007733,William Deedes,Q11283925,William Deedes,child;parent,panel;rush
Q8007733,William Deedes,Q335420,Bill Deedes,indirect,rush
Q8007758,"William Denison, 1st Earl of Londesborough",Q3101917,"Sir George Sitwell, 4th Baronet",indirect,rush
Q8007758,"William Denison, 1st Earl of Londesborough",Q4710027,"Albert Denison, 1st Baron Londesborough",child;parent,panel;rush
Q8007758,"William Denison, 1st Earl of Londesborough",Q8008702,William Evelyn Denison,indirect,rush
Q8007758,"William Denison, 1st Earl of Londesborough",Q922318,"Henry Somerset, 7th Duke of Beaufort",indirect,rush
Q8007848,William Dingwall Fordyce,Q26756051,Alexander Fordyce,parent,rush
Q8007964,William Dowdeswell,Q26213073,John Edmund Dowdeswell,child,panel
Q8007964,William Dowdeswell,Q8008430,William Edward Dowdeswell,child;parent,panel;rush
Q8008114,"William Duncombe, 1st Earl of Feversham",Q26129113,Hubert Duncombe,indirect;parent,panel;rush
Q8008114,"William Duncombe, 1st Earl of Feversham",Q333342,"Edgar Vincent, 1st Viscount D'Abernon",indirect,rush
Q8008114,"William Duncombe, 1st Earl of Feversham",Q333983,"Sir James Graham, 2nd Baronet",indirect,rush
Q8008114,"William Duncombe, 1st Earl of Feversham",Q4798519,Arthur Duncombe,niece/nephew;uncle/aunt,panel;rush
Q8008114,"William Duncombe, 1st Earl of Feversham",Q4798520,Arthur Duncombe,indirect,rush
Q8008114,"William Duncombe, 1st Earl of Feversham",Q5077003,"Charles Duncombe, 2nd Earl of Feversham",grandchild;grandparent,panel;rush
Q8008114,"William Duncombe, 1st Earl of Feversham",Q7076834,Octavius Duncombe,niece/nephew;uncle/aunt,panel;rush
Q8008114,"William Duncombe, 1st Earl of Feversham",Q8008115,"William Duncombe, 2nd Baron Feversham",child;parent,panel;rush
Q8008114,"William Duncombe, 1st Earl of Feversham",Q8008117,"William Duncombe, Viscount Helmsley",child;parent,panel;rush
Q8008115,"William Duncombe, 2nd Baron Feversham",Q26129113,Hubert Duncombe,grandparent;indirect,panel;rush
Q8008115,"William Duncombe, 2nd Baron Feversham",Q26270700,Charles Legard,niece/nephew,rush
Q8008115,"William Duncombe, 2nd Baron Feversham",Q4798519,Arthur Duncombe,sibling,panel;rush
Q8008115,"William Duncombe, 2nd Baron Feversham",Q4798520,Arthur Duncombe,indirect;uncle/aunt,panel;rush
Q8008115,"William Duncombe, 2nd Baron Feversham",Q7076834,Octavius Duncombe,sibling,panel;rush
Q8008115,"William Duncombe, 2nd Baron Feversham",Q8008114,"William Duncombe, 1st Earl of Feversham",child;parent,panel;rush
Q8008115,"William Duncombe, 2nd Baron Feversham",Q8008117,"William Duncombe, Viscount Helmsley",grandchild;grandparent,panel;rush
Q8008115,"William Duncombe, 2nd Baron Feversham",Q890109,Thomas Slingsby Duncombe,cousin,panel;rush
Q8008117,"William Duncombe, Viscount Helmsley",Q26129113,Hubert Duncombe,sibling,panel
Q8008117,"William Duncombe, Viscount Helmsley",Q5076220,"Charles Chetwynd-Talbot, 19th Earl of Shrewsbury",indirect,rush
Q8008117,"William Duncombe, Viscount Helmsley",Q5077003,"Charles Duncombe, 2nd Earl of Feversham",child;parent,panel;rush
Q8008117,"William Duncombe, Viscount Helmsley",Q7076834,Octavius Duncombe,indirect;uncle/aunt,rush
Q8008117,"William Duncombe, Viscount Helmsley",Q8008114,"William Duncombe, 1st Earl of Feversham",child;parent,panel;rush
Q8008117,"William Duncombe, Viscount Helmsley",Q8008115,"William Duncombe, 2nd Baron Feversham",grandchild;grandparent,panel;rush
Q8008387,"William Edgcumbe, 4th Earl of Mount Edgcumbe",Q6678906,Lord Algernon Percy,indirect,rush
Q8008387,"William Edgcumbe, 4th Earl of Mount Edgcumbe",Q6814689,"Ernest Edgcumbe, 3rd Earl of Mount Edgcumbe",child,panel
Q8008430,William Edward Dowdeswell,Q26213073,John Edmund Dowdeswell,grandchild,panel
Q8008430,William Edward Dowdeswell,Q8007964,William Dowdeswell,child;parent,panel;rush
Q8008456,William Edward Powell,Q44691153,William Powell,parent,panel
Q8008502,"William Egerton, 1st Baron Egerton",Q4706577,"Alan Egerton, 3rd Baron Egerton",child;parent,panel;rush
Q8008502,"William Egerton, 1st Baron Egerton",Q4722620,Alfred Egerton,child,rush
Q8008502,"William Egerton, 1st Baron Egerton",Q5342743,Edward Christopher Egerton,sibling,panel;rush
Q8008502,"William Egerton, 1st Baron Egerton",Q58300372,"John Loftus, 3rd Marquess of Ely",indirect,rush
Q8008502,"William Egerton, 1st Baron Egerton",Q7619928,"Wilbraham Egerton, 1st Earl Egerton",child;parent,panel;rush
Q8008524,"William Eliot, 4th Earl of St Germans",Q5342752,"Edward Eliot, 3rd Earl of St Germans",child;parent,panel;rush
Q8008696,William Evans,Q3496911,"Sir William Evans, 1st Baronet",child;parent,panel;rush
Q8008696,William Evans,Q7790050,Thomas Gisborne,indirect,rush
Q8008702,William Evelyn Denison,Q8007758,"William Denison, 1st Earl of Londesborough",indirect,rush
Q8008717,William Ewart,Q26678496,Joseph Christopher Ewart,sibling,panel;rush
Q8008722,William Ewart Morse,Q6535457,Levi Lapper Morse,parent,rush
Q8008975,"William Fellowes, 2nd Baron de Ramsey",Q4697105,"Ailwyn Fellowes, 1st Baron Ailwyn",sibling,panel;rush
Q8008975,"William Fellowes, 2nd Baron de Ramsey",Q5342877,"Edward Fellowes, 1st Baron de Ramsey",child;parent,panel;rush
Q8008975,"William Fellowes, 2nd Baron de Ramsey",Q7325642,Richard Fellowes Benyon,niece/nephew;uncle/aunt,panel;rush
Q8009392,William Frederick Hicks-Beach,Q332746,"Michael Hicks Beach, 1st Earl St Aldwyn",sibling,panel;rush
Q8009392,William Frederick Hicks-Beach,Q6831126,"Michael Hicks Beach, Viscount Quenington",niece/nephew;uncle/aunt,panel;rush
Q8009392,William Frederick Hicks-Beach,Q7528336,"Sir Michael Hicks Beach, 8th Baronet",child;parent,panel;rush
Q8009772,William George Boyle,Q16066277,Robert Edward Boyle,uncle/aunt,rush
Q8009772,William George Boyle,Q2904392,"Richard Boyle, 9th Earl of Cork",sibling,panel
Q8009936,William Glynne Charles Gladstone,Q160852,William Ewart Gladstone,grandchild;grandparent,panel;rush
Q8009936,William Glynne Charles Gladstone,Q2347324,"Herbert Gladstone, 1st Viscount Gladstone",niece/nephew;uncle/aunt,panel;rush
Q8009936,William Glynne Charles Gladstone,Q4020043,William Henry Gladstone,child;parent,panel;rush
Q8009936,William Glynne Charles Gladstone,Q6250233,John Gladstone,indirect,rush
Q8009936,William Glynne Charles Gladstone,Q7529140,"Sir Thomas Gladstone, 2nd Baronet",indirect,rush
Q8010034,William Gore-Langton,Q16741823,William Gore-Langton,parent,rush
Q8010034,William Gore-Langton,Q3701723,"Richard Temple-Nugent-Brydges-Chandos-Grenville, 3rd Duke of Buckingham and Chandos",indirect,rush
Q8010034,William Gore-Langton,Q3701727,"Richard Temple-Nugent-Brydges-Chandos-Grenville, 2nd Duke of Buckingham and Chandos",indirect,rush
Q8010034,William Gore-Langton,Q7619672,"William Temple-Gore-Langton, 4th Earl Temple of Stowe",child;parent,panel;rush
Q8010084,William Graham Nicholson,Q6256600,John Sanctuary Nicholson,sibling,panel;rush
Q8010084,William Graham Nicholson,Q7108706,Otho Nicholson,child,rush
Q8010084,William Graham Nicholson,Q8016134,William Nicholson,child;parent,panel;rush
Q8010869,"William Hare, 2nd Earl of Listowel",Q6237766,"John Hare, 1st Viscount Blakenham",indirect,rush
Q8010935,William Harrison-Broadley,Q13529929,Henry Harrison-Broadley,niece/nephew,rush
Q8010935,William Harrison-Broadley,Q5718644,Henry Broadley,uncle/aunt,rush
Q8011045,"William Hay, 10th Marquess of Tweeddale",Q26387320,Thomas Hay,uncle/aunt,panel
Q8011045,"William Hay, 10th Marquess of Tweeddale",Q5540333,"George Hay, Earl of Gifford",sibling,panel;rush
Q8011045,"William Hay, 10th Marquess of Tweeddale",Q6679443,John Hay,sibling,panel;rush
Q8011045,"William Hay, 10th Marquess of Tweeddale",Q6679447,John Hay,parent;uncle/aunt,rush
Q8011845,"William Henderson, 1st Baron Henderson",Q208665,Arthur Henderson,child;parent,panel;rush
Q8011845,"William Henderson, 1st Baron Henderson",Q4799010,"Arthur Henderson, Baron Rowley",sibling,panel;rush
Q8011991,William Henry Foster,Q25845819,William Foster,parent,rush
Q8012049,William Henry Hornby,Q26690970,John Hornby,sibling,panel
Q8012049,William Henry Hornby,Q5343505,Edward Hornby,child,rush
Q8012049,William Henry Hornby,Q7529634,"Sir William Hornby, 1st Baronet",child;parent,panel;rush
Q8012075,William Henry Leatham,Q5341531,Edward Aldam Leatham,sibling,panel;rush
Q8012147,William Henry Scourfield,Q6257135,"Sir John Scourfield, 1st Baronet",niece/nephew,rush
Q8012210,William Henry Whitbread,Q7412920,Samuel Whitbread,indirect,rush
Q8012452,William Holms,Q6239683,John Holms,sibling,rush
Q8012560,William Howard,Q26237499,Frederick Howard,indirect,rush
Q8012560,William Howard,Q5079173,Charles Howard,indirect,rush
Q8012560,William Howard,Q5343513,"Edward Howard, 1st Baron Lanerton",indirect,rush
Q8012597,William Howe Windham,Q16065683,Charles Ashe Windham,sibling,rush
Q8012677,William Humphrys Archdale,Q24239140,Mervyn Archdall,uncle/aunt,rush
Q8012677,William Humphrys Archdale,Q6820891,Mervyn Edward Archdale,sibling,panel;rush
Q8013386,"William Jackson, 1st Baron Allerton",Q786474,Stanley Jackson,parent,panel
Q8013597,"Sir William Brabazon, 2nd Baronet",Q8005818,"William Brabazon, 11th Earl of Meath",indirect,rush
Q8013699,William Johnston,Q7528127,"Sir John Vanden-Bempde-Johnstone, 2nd Baronet",parent,rush
Q8013712,"William Jolliffe, 1st Baron Hylton",Q13529955,"Hylton Jolliffe, 3rd Baron Hylton",grandchild;grandparent,panel;rush
Q8013712,"William Jolliffe, 1st Baron Hylton",Q17279383,William Sydney Hylton Jolliffe,child;parent,panel;rush
Q8013712,"William Jolliffe, 1st Baron Hylton",Q22041121,Richard Vyse,indirect,rush
Q8013712,"William Jolliffe, 1st Baron Hylton",Q5697772,"Hedworth Jolliffe, 2nd Baron Hylton",child;parent,panel;rush
Q8013949,William Kenrick,Q315999,Joseph Chamberlain,indirect,rush
Q8014090,William Knox,Q22344373,James Knox,niece/nephew;uncle/aunt,panel;rush
Q8014090,William Knox,Q6238860,John Henry Knox,niece/nephew,panel
Q8014090,William Knox,Q7791584,"Thomas Knox, 2nd Earl of Ranfurly",child;parent,panel;rush
Q8014090,William Knox,Q7791585,"Thomas Knox, 3rd Earl of Ranfurly",sibling,panel;rush
Q8014327,William Lascelles,Q26237500,Egremont Lascelles,niece/nephew,rush
Q8014327,William Lascelles,Q5346601,Edwin Lascelles,sibling,panel;rush
Q8014353,William Lawrence,Q5346368,Edwin Durning-Lawrence,sibling,panel;rush
Q8014353,William Lawrence,Q7527452,"Sir James Lawrence, 1st Baronet",sibling,panel;rush
Q8014397,William Leader Maberly,Q6246032,John Maberly,child,panel
Q8014407,William Leatham Bright,Q176524,John Bright,child;parent,panel;rush
Q8014407,William Leatham Bright,Q3157526,Jacob Bright,niece/nephew,panel
Q8014407,William Leatham Bright,Q6218435,John Albert Bright,sibling,panel
Q8014457,"William Legge, 6th Earl of Dartmouth",Q5714134,Heneage Legge,niece/nephew,panel
Q8014457,"William Legge, 6th Earl of Dartmouth",Q7613861,"William Legge, 5th Earl of Dartmouth",child;parent,panel;rush
Q8014457,"William Legge, 6th Earl of Dartmouth",Q8014459,"William Legge, 7th Earl of Dartmouth",child;parent,panel;rush
Q8014459,"William Legge, 7th Earl of Dartmouth",Q7613861,"William Legge, 5th Earl of Dartmouth",grandchild;grandparent,panel;rush
Q8014459,"William Legge, 7th Earl of Dartmouth",Q8014457,"William Legge, 6th Earl of Dartmouth",child;parent,panel;rush
Q8014460,"William Legh, 1st Baron Newton",Q17326575,"Thomas Legh, 2nd Baron Newton",child;parent,panel;rush
Q8014460,"William Legh, 1st Baron Newton",Q5541647,George Legh,parent,rush
Q8014460,"William Legh, 1st Baron Newton",Q7175415,"Peter Legh, 4th Baron Newton",indirect,rush
Q8014747,"William Lowther, 2nd Earl of Lonsdale",Q5725106,"Henry Lowther, 3rd Earl of Lonsdale",niece/nephew;uncle/aunt,panel;rush
Q8014747,"William Lowther, 2nd Earl of Lonsdale",Q5725113,Henry Lowther,sibling,panel;rush
Q8014747,"William Lowther, 2nd Earl of Lonsdale",Q7527900,"Sir John Lowther, 2nd Baronet, of Swillington",cousin;indirect,panel;rush
Q8014747,"William Lowther, 2nd Earl of Lonsdale",Q8014752,William Lowther,uncle/aunt,panel
Q8014752,William Lowther,Q1680725,"James William Lowther, 1st Viscount Ullswater",child;parent,panel;rush
Q8014752,William Lowther,Q5056199,Cecil Lowther,child;parent,panel;rush
Q8014752,William Lowther,Q5112765,Christopher Lowther,grandparent,panel
Q8014752,William Lowther,Q5725106,"Henry Lowther, 3rd Earl of Lonsdale",sibling,panel;rush
Q8014752,William Lowther,Q5725113,Henry Lowther,child;parent,panel;rush
Q8014752,William Lowther,Q8014747,"William Lowther, 2nd Earl of Lonsdale",niece/nephew,panel
Q8014789,William Lundon,Q26296996,Thomas Lundon,child,rush
Q8015152,William Marshall,Q6134516,James Garth Marshall,sibling,panel;rush
Q8015152,William Marshall,Q6246844,John Marshall,sibling,panel;rush
Q8015248,"William Maule, 1st Baron Panmure",Q11806802,Lauderdale Maule,parent,panel
Q8015248,"William Maule, 1st Baron Panmure",Q333304,"Fox Maule-Ramsay, 11th Earl of Dalhousie",parent,panel
Q8015303,William McArthur,Q4719574,Alexander McArthur,sibling,rush
Q8015303,William McArthur,Q8004279,William McArthur,niece/nephew,rush
Q8015338,William McClintock-Bunbury,Q26272265,Thomas Bunbury,uncle/aunt,rush
Q8015338,William McClintock-Bunbury,Q6247503,"John McClintock, 1st Baron Rathdonnell",sibling,panel;rush
Q8015892,William Mount,Q11800502,William George Mount,parent,panel
Q8015892,William Mount,Q7529701,"Sir William Mount, 1st Baronet",grandparent,panel
Q8015941,William Mure,Q5237821,"David Mure, Lord Mure",uncle/aunt,rush
Q8015941,William Mure,Q8015942,William Mure,child;parent,panel;rush
Q8015942,William Mure,Q5237821,"David Mure, Lord Mure",sibling,rush
Q8015942,William Mure,Q8015941,William Mure,child;parent,panel;rush
Q8016,Winston Churchill,Q183105,Randolph Churchill,child;parent,panel;rush
Q8016,Winston Churchill,Q203129,Duncan Sandys,indirect,rush
Q8016,Winston Churchill,Q314773,Lord Randolph Churchill,child;parent,panel;rush
Q8016,Winston Churchill,Q332528,Winston Churchill,grandchild;grandparent,panel;rush
Q8016,Winston Churchill,Q333355,"John Spencer-Churchill, 7th Duke of Marlborough",grandchild;grandparent,panel;rush
Q8016,Winston Churchill,Q390192,Nicholas Soames,grandchild,rush
Q8016134,William Nicholson,Q6256600,John Sanctuary Nicholson,child;parent,panel;rush
Q8016134,William Nicholson,Q8010084,William Graham Nicholson,child;parent,panel;rush
Q8016160,William Noel,Q7526957,"Sir Gerard Noel, 2nd Baronet",child;parent,panel;rush
Q8016201,William Nugent Macnamara,Q26270886,Francis Macnamara,child,rush
Q8016251,William O'Malley,Q12064625,Thomas Power O'Connor,indirect,rush
Q8016257,William O'Reilly,Q6947717,Myles O'Reilly,parent,panel
Q8016363,"William Orde-Powlett, 5th Baron Bolton",Q5343102,"Edward Gibson, 1st Baron Ashbourne",indirect,rush
Q8016372,William Ormsby-Gore,Q26237502,Seymour Ormsby-Gore,grandchild;grandparent,panel;rush
Q8016372,William Ormsby-Gore,Q5543049,"George Ormsby-Gore, 3rd Baron Harlech",grandchild;grandparent,panel;rush
Q8016372,William Ormsby-Gore,Q6251316,"John Ormsby-Gore, 1st Baron Harlech",child;parent,panel;rush
Q8016372,William Ormsby-Gore,Q8016373,"William Ormsby-Gore, 2nd Baron Harlech",child;parent,panel;rush
Q8016373,"William Ormsby-Gore, 2nd Baron Harlech",Q26237502,Seymour Ormsby-Gore,child;parent,panel;rush
Q8016373,"William Ormsby-Gore, 2nd Baron Harlech",Q2908365,"William Ormsby-Gore, 4th Baron Harlech",grandchild;grandparent,panel;rush
Q8016373,"William Ormsby-Gore, 2nd Baron Harlech",Q5543049,"George Ormsby-Gore, 3rd Baron Harlech",child;parent,panel;rush
Q8016373,"William Ormsby-Gore, 2nd Baron Harlech",Q5728226,Henry Seymour,indirect,rush
Q8016373,"William Ormsby-Gore, 2nd Baron Harlech",Q6251316,"John Ormsby-Gore, 1st Baron Harlech",sibling,panel;rush
Q8016373,"William Ormsby-Gore, 2nd Baron Harlech",Q8016372,William Ormsby-Gore,child;parent,panel;rush
Q8016840,"William Petty-FitzMaurice, Earl of Kerry",Q16066148,John Fox-Strangways,indirect,rush
Q8016840,"William Petty-FitzMaurice, Earl of Kerry",Q337913,"Edmond Fitzmaurice, 1st Baron Fitzmaurice",uncle/aunt,panel
Q8016840,"William Petty-FitzMaurice, Earl of Kerry",Q3784987,"Henry Henry William Edmund Petty-Fitzmaurice, 6th Marquess of Lansdowne",indirect,rush
Q8016840,"William Petty-FitzMaurice, Earl of Kerry",Q5935407,"Henry Petty-Fitzmaurice, 4th Marquess of Lansdowne",sibling,panel;rush
Q8016840,"William Petty-FitzMaurice, Earl of Kerry",Q7167325,Percy Herbert,indirect,rush
Q8016975,William Pole-Carew,Q7308844,Reginald Pole-Carew,parent,panel
Q8016975,William Pole-Carew,Q7786961,"Thomas Agar-Robartes, 1st Baron Robartes",indirect,rush
Q8016975,William Pole-Carew,Q7786962,"Thomas Agar-Robartes, 6th Viscount Clifden",niece/nephew,rush
Q8016999,"William Ponsonby, 1st Baron de Mauley",Q4805554,Ashley Ponsonby,parent,panel
Q8016999,"William Ponsonby, 1st Baron de Mauley",Q5081706,"Charles Ponsonby, 2nd Baron de Mauley",parent,panel
Q8016999,"William Ponsonby, 1st Baron de Mauley",Q6253138,"John Ponsonby, 4th Earl of Bessborough",sibling,panel
Q8016999,"William Ponsonby, 1st Baron de Mauley",Q6253140,"John Ponsonby, 5th Earl of Bessborough",uncle/aunt,panel
Q8017163,William Quilter,Q7526376,"Sir Cuthbert Quilter, 2nd Baronet",child;parent,panel;rush
Q8017337,William Ralph Cartwright,Q26577004,Henry Cartwright,child;parent,panel;rush
Q8017337,William Ralph Cartwright,Q5430152,Fairfax Cartwright,child,rush
Q8017371,"William Rankine Milligan, Lord Milligan",Q5240774,David Walder,indirect,rush
Q8017389,William Rathbone,Q333992,Eleanor Rathbone,child;parent,panel;rush
Q8017389,William Rathbone,Q5932449,Hugh Rathbone,indirect,rush
Q8017399,William Rawson Shaw,Q20639285,Joseph Crook,indirect,rush
Q8017399,William Rawson Shaw,Q7793906,Thomas Shaw,parent,rush
Q8017428,William Redmond,Q225392,John Redmond,child;parent,panel;rush
Q8017428,William Redmond,Q8004519,William Archer Redmond,grandchild;grandparent,panel;rush
Q8017428,William Redmond,Q8021781,Willie Redmond,niece/nephew;uncle/aunt,panel;rush
Q8017448,William Rees Morgan Davies,Q15999959,William Rupert Rees-Davies,child,rush
Q8017448,William Rees Morgan Davies,Q8007633,William Davies,parent,rush
Q8018184,William Scholefield,Q16741844,Joshua Scholefield,child;parent,panel;rush
Q8018324,William Sharman Crawford,Q16063595,James Sharman Crawford,child,rush
Q8018324,William Sharman Crawford,Q7351045,Robert Wigram Crawford,child,rush
Q8018368,William Shepherd,Q7815844,Tom Forrest Howard,indirect,rush
Q8018372,William Shepherd Allen,Q8004338,William Allen,child,rush
Q8018425,William Sidebottom,Q6143153,James Sidebottom,indirect,rush
Q8018425,William Sidebottom,Q7816107,Tom Harrop Sidebottom,sibling,rush
Q8018578,William Smyth Bernard,Q16929542,Henry Boyle Bernard,niece/nephew,rush
Q8018578,William Smyth Bernard,Q5480209,"Francis Bernard, 3rd Earl of Bandon",niece/nephew,rush
Q8018678,William Caine,Q5734947,Herbert Lewis,indirect,rush
Q8018678,William Caine,Q6255162,"John Roberts, 1st Baron Clwyd",indirect,rush
Q8018781,William Stephen Poyntz,Q335529,"Frederick Spencer, 4th Earl Spencer",indirect,rush
Q8018902,William Stratford Dugdale,Q13529892,John Dugdale,child;parent,panel;rush
Q8018938,William Stuart,Q8018942,William Stuart,parent,panel
Q8018942,William Stuart,Q8018938,William Stuart,child,panel
Q8019496,William Trant Fagan,Q26208404,William Fagan,child;parent,panel;rush
Q8019718,William Vesey-FitzGerald,Q8019721,"William Vesey-FitzGerald, 2nd Baron FitzGerald and Vesey",child,panel
Q8019721,"William Vesey-FitzGerald, 2nd Baron FitzGerald and Vesey",Q8019718,William Vesey-FitzGerald,parent,panel
Q8019953,William Walrond,Q26689989,John Walrond,grandchild;grandparent,panel;rush
Q8019953,William Walrond,Q8019954,"William Walrond, 1st Baron Waleran",child;parent,panel;rush
Q8019954,"William Walrond, 1st Baron Waleran",Q26689989,John Walrond,child;parent,panel;rush
Q8019954,"William Walrond, 1st Baron Waleran",Q8019953,William Walrond,child;parent,panel;rush
Q8019994,"William Ward, 3rd Earl of Dudley",Q5545875,"George Ward, 1st Viscount Ward of Witley",sibling,panel;rush
Q8019994,"William Ward, 3rd Earl of Dudley",Q7350854,Robert Ward,uncle/aunt,rush
Q8020060,William Watkin Edward Wynne,Q11802984,Robert Aglionby Slaney,indirect,rush
Q8020060,William Watkin Edward Wynne,Q20878060,William Robert Maurice Wynne,child;parent,panel;rush
Q8020116,William Webb Follett,Q4961378,Brent Follett,sibling,rush
Q8020135,William Wedderburn,Q7526413,"Sir David Wedderburn, 3rd Baronet",sibling,panel;rush
Q8020193,"William Wentworth-FitzWilliam, Viscount Milton",Q26254028,"William Wentworth-Fitzwilliam, Viscount Milton",niece/nephew;uncle/aunt,panel;rush
Q8020193,"William Wentworth-FitzWilliam, Viscount Milton",Q5083442,Charles Wentworth-FitzWilliam,niece/nephew;uncle/aunt,panel;rush
Q8020193,"William Wentworth-FitzWilliam, Viscount Milton",Q5083446,"Charles Wentworth-Fitzwilliam, 5th Earl Fitzwilliam",grandchild;grandparent,panel;rush
Q8020193,"William Wentworth-FitzWilliam, Viscount Milton",Q5546159,George Wentworth-FitzWilliam,niece/nephew;uncle/aunt,panel;rush
Q8020193,"William Wentworth-FitzWilliam, Viscount Milton",Q5730014,Henry Wentworth-FitzWilliam,sibling,panel;rush
Q8020193,"William Wentworth-FitzWilliam, Viscount Milton",Q6263500,John Wentworth-FitzWilliam,sibling,panel;rush
Q8020193,"William Wentworth-FitzWilliam, Viscount Milton",Q7614395,"William Wentworth-Fitzwilliam, 7th Earl Fitzwilliam",child;parent,panel;rush
Q8020193,"William Wentworth-FitzWilliam, Viscount Milton",Q8020195,"William Wentworth-Fitzwilliam, 6th Earl Fitzwilliam",child;parent,panel;rush
Q8020195,"William Wentworth-Fitzwilliam, 6th Earl Fitzwilliam",Q26254028,"William Wentworth-Fitzwilliam, Viscount Milton",sibling,panel;rush
Q8020195,"William Wentworth-Fitzwilliam, 6th Earl Fitzwilliam",Q5083442,Charles Wentworth-FitzWilliam,sibling,panel;rush
Q8020195,"William Wentworth-Fitzwilliam, 6th Earl Fitzwilliam",Q5083446,"Charles Wentworth-Fitzwilliam, 5th Earl Fitzwilliam",child;parent,panel;rush
Q8020195,"William Wentworth-Fitzwilliam, 6th Earl Fitzwilliam",Q5546159,George Wentworth-FitzWilliam,sibling,panel;rush
Q8020195,"William Wentworth-Fitzwilliam, 6th Earl Fitzwilliam",Q5730014,Henry Wentworth-FitzWilliam,child;parent,panel;rush
Q8020195,"William Wentworth-Fitzwilliam, 6th Earl Fitzwilliam",Q6263500,John Wentworth-FitzWilliam,child;parent,panel;rush
Q8020195,"William Wentworth-Fitzwilliam, 6th Earl Fitzwilliam",Q7614395,"William Wentworth-Fitzwilliam, 7th Earl Fitzwilliam",grandchild;grandparent,panel;rush
Q8020195,"William Wentworth-Fitzwilliam, 6th Earl Fitzwilliam",Q8020193,"William Wentworth-FitzWilliam, Viscount Milton",child;parent,panel;rush
Q8020294,William Whitelaw,Q18619569,Alexander Whitelaw,child;parent,panel;rush
Q8020294,William Whitelaw,Q26690007,Graeme Whitelaw,sibling,panel;rush
Q8020325,William Whitworth,Q26690012,Thomas Whitworth,niece/nephew,rush
Q8020325,William Whitworth,Q4889385,Benjamin Whitworth,sibling,rush
Q8020385,William Williams,Q7791305,Thomas Jeremiah Williams,child;parent,panel;rush
Q8020429,William Wilson-Todd,Q6772042,Marmaduke D'Arcy Wyvill,indirect,rush
Q8020517,William Wolryche-Whitmore,Q5730107,Henry Whitmore,indirect,rush
Q8020517,William Wolryche-Whitmore,Q7788361,Thomas Charlton Whitmore,indirect,rush
Q8020939,"William à Court-Holmes, 2nd Baron Heytesbury",Q26237448,Edward Henry A'Court,uncle/aunt,rush
Q8020939,"William à Court-Holmes, 2nd Baron Heytesbury",Q5074782,Charles A'Court,cousin,panel;rush
Q8021781,Willie Redmond,Q225392,John Redmond,sibling,panel;rush
Q8021781,Willie Redmond,Q8004519,William Archer Redmond,child;parent,panel;rush
Q8021781,Willie Redmond,Q8017428,William Redmond,niece/nephew;uncle/aunt,panel;rush
Q8024207,"Windham Wyndham-Quin, 5th Earl of Dunraven and Mount-Earl",Q5346929,"Edwin Wyndham-Quin, 3rd Earl of Dunraven and Mount-Earl",indirect,rush
Q8040122,Wyndham Knatchbull,Q9250977,"Sir Edward Knatchbull, 9th Baronet",grandparent,rush
Q82006,Benjamin Disraeli,Q5161086,Coningsby Disraeli,niece/nephew,rush
Q859822,"George Montagu, 6th Duke of Manchester",Q336970,"George Montagu, 8th Duke of Manchester",grandchild;grandparent,panel;rush
Q859822,"George Montagu, 6th Duke of Manchester",Q6679922,Lord Robert Montagu,child;parent,panel;rush
Q859822,"George Montagu, 6th Duke of Manchester",Q860041,"William Montagu, 7th Duke of Manchester",child;parent,panel;rush
Q860041,"William Montagu, 7th Duke of Manchester",Q336970,"George Montagu, 8th Duke of Manchester",child;parent,panel;rush
Q860041,"William Montagu, 7th Duke of Manchester",Q6679922,Lord Robert Montagu,sibling,panel;rush
Q860041,"William Montagu, 7th Duke of Manchester",Q859822,"George Montagu, 6th Duke of Manchester",child;parent,panel;rush
Q890109,Thomas Slingsby Duncombe,Q4798519,Arthur Duncombe,cousin,panel;rush
Q890109,Thomas Slingsby Duncombe,Q7076834,Octavius Duncombe,cousin,panel;rush
Q890109,Thomas Slingsby Duncombe,Q8008115,"William Duncombe, 2nd Baron Feversham",cousin,panel;rush
Q918902,"Marcus Kimball, Baron Kimball",Q15527009,Lawrence Kimball,child;parent,panel;rush
Q922318,"Henry Somerset, 7th Duke of Beaufort",Q11762579,Lord Henry Somerset,grandparent,panel
Q922318,"Henry Somerset, 7th Duke of Beaufort",Q3784915,"Henry Somerset, 8th Duke of Beaufort",child;parent,panel;rush
Q922318,"Henry Somerset, 7th Duke of Beaufort",Q5596937,Granville Ryder,indirect,rush
Q922318,"Henry Somerset, 7th Duke of Beaufort",Q6679302,Lord Granville Somerset,sibling,panel;rush
Q922318,"Henry Somerset, 7th Duke of Beaufort",Q8007758,"William Denison, 1st Earl of Londesborough",indirect,rush
Q9250977,"Sir Edward Knatchbull, 9th Baronet",Q2783907,"Michael Knatchbull, 5th Baron Brabourne",indirect,rush
Q9250977,"Sir Edward Knatchbull, 9th Baronet",Q5343961,"Edward Knatchbull-Hugessen, 1st Baron Brabourne",child;parent,panel;rush
Q9250977,"Sir Edward Knatchbull, 9th Baronet",Q5343962,"Edward Knatchbull-Hugessen, 2nd Baron Brabourne",grandparent,panel
Q9250977,"Sir Edward Knatchbull, 9th Baronet",Q5542490,"George Milles, 1st Earl Sondes",grandchild,rush
Q9250977,"Sir Edward Knatchbull, 9th Baronet",Q5734817,Herbert Knatchbull-Hugessen,child;parent;uncle/aunt,panel;rush
Q9250977,"Sir Edward Knatchbull, 9th Baronet",Q8040122,Wyndham Knatchbull,grandchild,rush
Q9287820,"Henry Cadogan, Viscount Chelsea",Q3760457,"George Cadogan, 5th Earl Cadogan",child;parent,panel;rush
Q9287820,"Henry Cadogan, Viscount Chelsea",Q5342180,Edward Cadogan,sibling,panel
Q9287820,"Henry Cadogan, Viscount Chelsea",Q5719091,"Henry Cadogan, 4th Earl Cadogan",grandchild;grandparent,panel;rush
Q9310800,"Robert Gascoyne-Cecil, 6th Marquess of Salisbury",Q2605189,"David Ormsby-Gore, 5th Baron Harlech",niece/nephew,panel
Q9310800,"Robert Gascoyne-Cecil, 6th Marquess of Salisbury",Q333205,"Robert Gascoyne-Cecil, 5th Marquess of Salisbury",child;parent,panel;rush
Q9310800,"Robert Gascoyne-Cecil, 6th Marquess of Salisbury",Q335589,"Robert Gascoyne-Cecil, 7th Marquess of Salisbury",child;parent,panel;rush
Q9310800,"Robert Gascoyne-Cecil, 6th Marquess of Salisbury",Q4381482,"James Gascoyne-Cecil, 4th Marquess of Salisbury",grandchild;grandparent,panel;rush
Q93669,"Henry Chetwynd-Talbot, 18th Earl of Shrewsbury",Q1477948,Reginald Talbot,child;parent,panel;rush
Q93669,"Henry Chetwynd-Talbot, 18th Earl of Shrewsbury",Q19664755,Walter Carpenter,child;parent,panel;rush
Q93669,"Henry Chetwynd-Talbot, 18th Earl of Shrewsbury",Q4681850,"Adelbert Brownlow-Cust, 3rd Earl Brownlow",indirect,rush
Q93669,"Henry Chetwynd-Talbot, 18th Earl of Shrewsbury",Q5076220,"Charles Chetwynd-Talbot, 19th Earl of Shrewsbury",child;parent,panel;rush
Q942299,William Mundy,Q5344467,Edward Miller Mundy,cousin,panel;rush
Q957519,John Ball,Q7025013,Nicholas Ball,parent,rush
Q958853,Edward Codrington,Q322902,William John Codrington,child;parent,panel;rush
Q958853,Edward Codrington,Q5113428,Christopher Codrington,niece/nephew,rush
Q959198,Eric Geddes,Q337671,"Auckland Geddes, 1st Baron Geddes",sibling,panel;rush
Q984014,William John Bankes,Q5536680,George Bankes,sibling,rush
Q984014,William John Bankes,Q5537119,"George Boscawen, 2nd Earl of Falmouth",niece/nephew,rush
