politician_id,politician_name,rushid,has_relative,n_relatives_detected,multiple_relatives,closeness,relation_types,relative_chamber,peerage_linked_flag,relative_sources,relative_examples
Q100148045,James Ewing,9093,0,0,0,,,,1,,
Q10240,Dadabhai Naoroji,2652,0,0,0,,,,0,,
Q1025409,Caerwyn Roderick,5592,0,0,0,,,,0,,
Q1026930,"Charles Lyttelton, 8th Viscount Cobham",2507,1,5,1,parent,parent;child;sibling;uncle/aunt;niece/nephew;indirect,HoC,1,panel;rush,"William Cavendish, 2nd Baron Chesham;Oliver Lyttelton, 1st Viscount Chandos;Alfred Lyttelton;Richard Temple-Nugent-Brydges-Chandos-Grenville, 3rd Duke of Buckingham and Chandos;John Lyttelton, 9th Viscount Cobham"
Q10288965,Lord George Paget,7095,1,7,1,sibling,sibling;uncle/aunt;niece/nephew;cousin,HoC,1,panel;rush,"Henry Paget, 2nd Marquess of Anglesey;Lord Alfred Paget;Almeric Paget, 1st Baron Queenborough;Frederick Paget;Henry Paget, 3rd Marquess of Anglesey;Clarence Paget;William Paget"
Q10305069,James Dunn,8646,0,0,0,,,,0,,
Q10305110,"James Scarlett, 1st Baron Abinger",5676,1,4,1,parent,parent;child;grandchild;indirect,HoC,1,panel;rush,"John Campbell, 1st Baron Campbell;James Yorke Scarlett;Robert Scarlett, 2nd Baron Abinger;William Campbell, 2nd Baron Stratheden and Campbell"
Q1049595,Roderick MacFarquhar,4837,0,0,0,,,,0,,
Q1052366,Cecil Walker,686,0,0,0,,,,0,,
Q10523755,Jocelyn Cadbury,3418,0,0,0,,,,0,,
Q1055918,Lembit Öpik,537,0,0,0,,,,0,,
Q1063662,Malcolm Barclay-Harvey,3099,0,0,0,,,,1,,
Q1063686,Charles Beattie,3134,0,0,0,,,,0,,
Q1063964,"Charles Cochrane-Baillie, 2nd Baron Lamington",1387,1,2,1,parent,parent;child;grandchild,HoC,1,panel;rush,"Alexander Baillie-Cochrane, 1st Baron Lamington;Thomas Cochrane"
Q10648,Gordon Brown,151,0,0,0,,,,0,,
Q10652,Alex Salmond,596,0,0,0,,,,0,,
Q106618,Henry Campbell-Bannerman,2913,1,1,0,sibling,sibling,HoC,1,panel;rush,James Alexander Campbell
Q10664,Neville Chamberlain,7764,1,3,1,parent,parent;child;sibling;niece/nephew,HoC,1,panel;rush,Austen Chamberlain;Joseph Chamberlain;Richard Chamberlain
Q1066568,Charles Sibthorp,5742,1,1,0,parent,parent;child,HoC,1,panel;rush,Gervaise Waldo-Sibthorp
Q106828783,Anum Qaisar-Javed,10315,0,0,0,,,,0,,
Q107009776,Kim Leadbeater,,0,0,0,,,,0,,
Q107284337,Sarah Green,,0,0,0,,,,0,,
Q10844155,Fred Blackburn,8529,0,0,0,,,,0,,
Q1086853,"Montague Woodhouse, 5th Baron Terrington",6394,1,2,1,grandparent,grandparent;indirect,HoC,1,rush,"James Woodhouse, 1st Baron Terrington;Vera Woodhouse, Lady Terrington"
Q1096999,Nigel Davies,8438,0,0,0,,,,0,,
Q10985643,Humfrey Malins,462,0,0,0,,,,0,,
Q1101328,"John Rolls, 1st Baron Llangattock",779,0,0,0,,,,1,,
Q1101999,"Clive Soley, Baron Soley",626,0,0,0,,,,1,,
Q1103940,"Terence Donovan, Baron Donovan",3758,0,0,0,,,,1,,
Q11154675,Ian Taylor,656,0,0,0,,,,0,,
Q11283925,William Deedes,3714,1,2,1,parent,parent;child;indirect,HoC,1,panel;rush,Bill Deedes;William Deedes
Q11309157,"James Duff, 5th Earl Fife",6732,1,3,1,parent,parent;sibling;indirect,HoC,1,panel;rush,"Alexander Duff, 1st Duke of Fife;George Skene Duff;John Lewis Ricardo"
Q11327314,Herbert Wragg,6265,0,0,0,,,,0,,
Q1141134,Isaac Butt,1308,0,0,0,,,,0,,
Q1145241,"Sir Harry Burrard-Neale, 2nd Baronet",5183,0,0,0,,,,1,,
Q1147508,Evelyn Ashley,1135,1,5,1,parent,parent;child;sibling;niece/nephew,HoC,1,panel;rush,"Wilfrid Ashley, 1st Baron Mount Temple;Anthony Henry Ashley-Cooper;Anthony John Ashley-Cooper;Anthony Ashley-Cooper, 7th Earl of Shaftesbury;Anthony Ashley-Cooper, 8th Earl of Shaftesbury"
Q1149445,"Francis Egerton, 1st Earl of Ellesmere",6442,1,5,1,parent,parent;child;grandparent;grandchild;indirect,HoC,1,panel;rush,"Alfred Egerton;Algernon Egerton;Francis Egerton;George Byng, 3rd Earl of Strafford;George Egerton, 2nd Earl of Ellesmere"
Q1157836,"Dale Campbell-Savours, Baron Campbell-Savours",173,0,0,0,,,,1,,
Q1160939,"Daniel Granville West, Baron Granville-West",8451,0,0,0,,,,1,,
Q11682348,Harry West,8603,0,0,0,,,,0,,
Q1170763,John Graham Kerr,4579,0,0,0,,,,0,,
Q11708915,"Henry James, 1st Baron James of Hereford",2351,0,0,0,,,,1,,
Q11722946,"Neil Carmichael, Baron Carmichael of Kelvingrove",8774,1,1,0,parent,parent,HoC,1,rush,James Carmichael
Q11722962,Ness Edwards,8776,1,2,1,child,child;indirect,HoC,0,rush,"Llin Golding, Baroness Golding;John Golding"
Q11722970,John Gunnell,325,0,0,0,,,,0,,
Q11723013,William Baxter,8942,0,0,0,,,,0,,
Q11727985,"John Sinclair, 1st Baron Pentland",2864,0,0,0,,,,1,,
Q1173562,"David Alton, Baron Alton of Liverpool",3013,0,0,0,,,,1,,
Q1175443,David Maclean,454,0,0,0,,,,1,,
Q11762579,Lord Henry Somerset,884,1,5,1,child,child;grandchild;uncle/aunt;indirect,HoC,1,panel;rush,"Henry Somerset, 8th Duke of Beaufort;Charles Somers-Cocks, 3rd Earl Somers;George Curzon-Howe, 2nd Earl Howe;Poulett Somerset;Henry Somerset, 7th Duke of Beaufort"
Q1176741,David Stewart,638,0,0,0,,,,0,,
Q1176748,"David Stoddart, Baron Stoddart of Swindon",5882,0,0,0,,,,1,,
Q11771724,"Maurice Berkeley, 1st Baron FitzHardinge",6566,1,6,1,parent,parent;sibling;uncle/aunt,HoC,1,panel;rush,"Grantley Berkeley;Charles Berkeley, 3rd Baron FitzHardinge;Craven Berkeley;Francis Berkeley, 2nd Baron FitzHardinge;Grenville Berkeley;Henry FitzHardinge Berkeley"
Q1179483,John Frederick Peel Rawlinson,5517,0,0,0,,,,0,,
Q11799507,"Osbert Peake, 1st Viscount Ingleby",5346,0,0,0,,,,1,,
Q11800391,Herbert Grotrian,7999,1,1,0,parent,parent;child,HoC,1,panel;rush,Frederick Brent Grotrian
Q11800502,William George Mount,2639,1,2,1,parent,parent;child,HoC,1,panel;rush,"Sir William Mount, 1st Baronet;William Mount"
Q11800672,Herbert Leon,2456,0,0,0,,,,1,,
Q11800706,Thomas Tyrwhitt-Drake,,0,0,0,,,,1,,
Q11800745,"Sir John Chetwode, 4th Baronet",3490,0,0,0,,,,1,,
Q11800794,James Tomkinson,6003,0,0,0,,,,1,,
Q11800905,John Tremayne,960,1,4,1,sibling,sibling;uncle/aunt;indirect,HoC,1,rush,"Arthur Tremayne;Charles Lemon;Charles Vivian, 2nd Baron Vivian;John Salusbury-Trelawny"
Q11800932,William Blamire,3233,0,0,0,,,,1,,
Q11801163,Leonard Costello,3605,0,0,0,,,,0,,
Q11801410,"Sir Hedworth Williamson, 7th Baronet",6474,1,2,1,parent,parent;child;indirect,HoC,1,panel;rush,"Thomas Dundas, 2nd Earl of Zetland;Sir Hedworth Williamson, 8th Baronet"
Q11801484,John Gurdon Rebow,742,1,3,1,sibling,sibling;uncle/aunt;niece/nephew,HoC,1,panel;rush,"Brampton Gurdon;Robert Gurdon, 1st Baron Cranworth;William Brampton Gurdon"
Q11801578,Stephen Mitchell,8248,0,0,0,,,,0,,
Q11801634,John Willis Fleming,6785,1,1,0,child,child,HoC,1,rush,Thomas Willis Fleming
Q11801663,James Winter Scott,7192,0,0,0,,,,1,,
Q11801709,Edward Clive,6656,1,6,1,parent,parent;child;sibling;grandparent;grandchild;indirect,HoC,1,panel;rush,Henry Clive;Edward Clive;George Clive;Percy Clive;Robert Clive;Robert Windsor-Clive
Q11801875,John Bonfoy Rooper,5608,0,0,0,,,,1,,
Q11801938,"Sir Edward Dering, 8th Baronet",3729,0,0,0,,,,1,,
Q11802127,John Maden,2551,0,0,0,,,,0,,
Q11802131,George Blucher Heneage Marton,2578,1,1,0,parent,parent;child,HoC,0,panel;rush,George Marton
Q11802276,William Garfit,1900,1,1,0,parent,parent,HoC,0,rush,Thomas Garfit
Q11802338,"Sir John Thorold, 12th Baronet",5980,0,0,0,,,,1,,
Q11802493,Holcombe Ingleby,4479,0,0,0,,,,0,,
Q11802543,"Henry Brassey, 1st Baron Brassey of Apethorpe",7990,1,3,1,parent,parent;child;uncle/aunt;niece/nephew,HoC,1,panel;rush,"Thomas Brassey, 1st Earl Brassey;Albert Brassey;Henry Brassey"
Q11802686,"Sir Matthew White Ridley, 4th Baronet",6465,1,7,1,parent,parent;child;sibling;grandparent;grandchild;niece/nephew,HoC,1,panel;rush,"Gerard Smith;Edward Ridley;George Ridley;Matthew White Ridley, 1st Viscount Ridley;Matthew White Ridley, 2nd Viscount Ridley;Nicholas Ridley-Colborne, 1st Baron Colborne;Sir Matthew White Ridley, 3rd Baronet"
Q11802729,Henry Eyre,1578,0,0,0,,,,0,,
Q11802744,William Farnworth Handley,4243,1,3,1,cousin,cousin,HoC,0,panel;rush,Henry Handley;Benjamin Handley;John Handley
Q11802791,"Hugh Seely, 1st Baron Sherwood",8016,1,4,1,parent,parent;child;grandparent;grandchild;uncle/aunt;niece/nephew;indirect,HoC,1,panel;rush,"Charles Seely;John Seely, 1st Baron Mottistone;Sir Charles Seely, 1st Baronet;Sir Charles Seely, 2nd Baronet"
Q11802984,Robert Aglionby Slaney,5768,1,2,1,grandchild,grandchild;indirect,HoC,1,rush,William Kenyon-Slaney;William Watkin Edward Wynne
Q11803033,Ralph Neville-Grenville,2658,0,0,0,,,,1,,
Q11803187,John Fitzgerald,,0,0,0,,,,1,,
Q11803195,"John Henniker-Major, 4th Baron Henniker",4334,1,1,0,parent,parent;child,HoC,1,panel;rush,"John Henniker-Major, 5th Baron Henniker"
Q11803265,"Sir John Whittaker Ellis, 1st Baronet",1557,0,0,0,,,,0,,
Q11803335,Musgrave Brisco,3336,0,0,0,,,,0,,
Q11803339,James Clifton Brown,6594,1,3,1,parent,parent;child;sibling,HoC,1,panel;rush,"Douglas Clifton Brown, 1st Viscount Ruffside;Howard Clifton Brown;Sir Alexander Brown, 1st Baronet"
Q11803514,"Henry Tufton, 11th Earl of Thanet",,0,0,0,,,,1,,
Q11803607,"Paul Methuen, 1st Baron Methuen",5050,0,0,0,,,,1,,
Q11803653,"Sir Michael Shaw-Stewart, 7th Baronet",7243,1,3,1,parent,parent;child;niece/nephew,HoC,1,panel,"Houston Stewart;Sir Michael Shaw-Stewart, 6th Baronet;Sir Hugh Shaw-Stewart, 8th Baronet"
Q11803680,John Brinton,1267,0,0,0,,,,0,,
Q11803699,James Foster,,0,0,0,,,,0,,
Q11803732,"Sir Thomas Winnington, 4th Baronet",6231,1,2,1,child,child;sibling;niece/nephew,HoC,1,panel;rush,"Henry Winnington;Sir Thomas Winnington, 3rd Baronet"
Q11803748,William Amcotts-Ingilby,4478,0,0,0,,,,1,,
Q11803774,"Sir Thomas Aston Clifford-Constable, 2nd Baronet",,0,0,0,,,,1,,
Q11803853,"Sir John Ramsden, 5th Baronet",737,1,1,0,parent,parent;child,HoC,1,panel;rush,John Charles Ramsden
Q11806660,Eugene Wason,2858,1,2,1,parent,parent;sibling,HoC,0,rush,Cathcart Wason;Rigby Wason
Q11806757,William Baird,6519,1,1,0,sibling,sibling,HoC,1,panel;rush,James Baird
Q11806772,"Harry Ewing, Baron Ewing of Kirkford",9250,0,0,0,,,,1,,
Q11806802,Lauderdale Maule,4957,1,4,1,child,child;sibling;cousin;indirect,HoC,1,panel;rush,"James Broun-Ramsay, 1st Marquess of Dalhousie;Fox Maule-Ramsay, 11th Earl of Dalhousie;John Ramsay, 13th Earl of Dalhousie;William Maule, 1st Baron Panmure"
Q11806927,Henry Home-Drummond,3782,0,0,0,,,,1,,
Q11806930,Robert Jardine,2353,0,0,0,,,,1,,
Q11806952,Henry Munro-Butler-Johnstone,1306,1,1,0,parent,parent;child,HoC,1,panel;rush,Henry Butler-Johnstone
Q11855440,Colin Jackson,8548,0,0,0,,,,0,,
Q11866745,John Heddle,2954,0,0,0,,,,0,,
Q1189028,Dennis Canavan,174,0,0,0,,,,0,,
Q1189567,"Dennis Turner, Baron Bilston",676,0,0,0,,,,1,,
Q11902279,Warren Hawksley,4293,0,0,0,,,,0,,
Q11998073,Robert Bourne,8211,0,0,0,,,,1,,
Q1200029,"Derek Foster, Baron Foster of Bishop Auckland",284,0,0,0,,,,1,,
Q1200811,Desmond FitzGerald,8277,0,0,0,,,,0,,
Q12061532,Harry McCalmont,1779,0,0,0,,,,0,,
Q12064625,Thomas Power O'Connor,2184,1,1,0,indirect,indirect,HoC,0,rush,William O'Malley
Q12066115,"Sir Frederick Pollock, 1st Bt",7130,0,0,0,,,,1,,
Q12066246,"Henry Portman, 2nd Viscount Portman",2780,1,2,1,child,child;sibling,HoC,1,panel,"Edward Portman, 1st Viscount Portman;Edwin Berkeley Portman"
Q12072266,"Henry Vivian, 1st Baron Swansea",2854,1,8,1,parent,parent;child;sibling;uncle/aunt;niece/nephew;cousin;indirect,HoC,1,panel;rush,"Hussey Vivian, 1st Baron Vivian;Arthur Vivian;Charles Vivian, 2nd Baron Vivian;George Tryon, 1st Baron Tryon;John Vivian;John Henry Vivian;Lewis Vivian Loyd;Sir Montague Cholmeley, 2nd Baronet"
Q1208851,"Diana Maddock, Baroness Maddock",2925,1,1,0,spouse,spouse,HoC,1,rush,Alan Beith
Q1210156,Dickson Mabon,4820,0,0,0,,,,0,,
Q121615,Bobby Sands,3432,0,0,0,,,,0,,
Q1217502,Hugh Childers,1366,0,0,0,,,,1,,
Q122522,Leslie Hore-Belisha,4412,0,0,0,,,,1,,
Q1228567,"Alan Howarth, Baron Howarth of Newport",366,0,0,0,,,,1,,
Q1230504,Winthrop Mackworth Praed,7145,0,0,0,,,,1,,
Q1230681,George Cornewall Lewis,6982,1,1,0,child,child,HoC,1,panel,Thomas Frankland Lewis
Q1234410,Howard Flight,279,0,0,0,,,,1,,
Q1235523,Watson Cheyne,3493,0,0,0,,,,1,,
Q12356771,Will Thorne,5975,0,0,0,,,,0,,
Q1237588,Dominic Corrigan,2828,0,0,0,,,,0,,
Q1239766,"Donald Chapman, Baron Northfield",8950,0,0,0,,,,1,,
Q1241043,"Robert Horne, 1st Viscount Horne of Slamannan",4417,0,0,0,,,,1,,
Q1241117,"Eustace Percy, 1st Baron Percy of Newcastle",7882,1,4,1,parent,parent;child;sibling;grandparent;grandchild;uncle/aunt;niece/nephew,HoC,1,panel;rush,"Algernon Percy, 6th Duke of Northumberland;Henry Percy, Earl Percy;Lord Algernon Percy;Henry Percy, 7th Duke of Northumberland"
Q12411364,"Richard Law, 1st Baron Coleraine",8836,1,1,0,parent,parent;child,HoC,1,panel;rush,Bonar Law
Q1242682,Lord Ronald Gower,2464,1,2,1,sibling,sibling;uncle/aunt;niece/nephew,HoC,1,panel;rush,"George Sutherland-Leveson-Gower, 3rd Duke of Sutherland;Cromartie Sutherland-Leveson-Gower, 4th Duke of Sutherland"
Q1245634,Martin Linton,438,0,0,0,,,,0,,
Q1245839,Joseph McGrath,5001,0,0,0,,,,0,,
Q125704,"John Tomlinson, Baron Tomlinson",8692,0,0,0,,,,1,,
Q1263302,"Sir Fitzroy MacLean, 1st Baronet",8520,0,0,0,,,,1,,
Q1267670,"Robin Hodgson, Baron Hodgson of Astley Abbotts",8865,0,0,0,,,,1,,
Q12702,Robert Cecil,8199,1,6,1,parent,parent;child;sibling;uncle/aunt;niece/nephew,HoC,1,panel;rush,"Robert Gascoyne-Cecil, 3rd Marquess of Salisbury;David Ormsby-Gore, 5th Baron Harlech;Robert Gascoyne-Cecil, 5th Marquess of Salisbury;Hugh Cecil, 1st Baron Quickswood;James Gascoyne-Cecil, 4th Marquess of Salisbury;Lord Eustace Cecil"
Q12724041,Christopher Price,8432,1,1,0,sibling,sibling,HoC,0,rush,Helen Jackson
Q12731310,James Hill,8893,0,0,0,,,,0,,
Q12731414,John Mark Taylor,658,0,0,0,,,,0,,
Q1279583,Tom Driberg,3779,0,0,0,,,,1,,
Q1280733,Charles Coltman-Rogers,7169,0,0,0,,,,0,,
Q1281925,"John FitzGerald, Baron FitzGerald",3977,0,0,0,,,,1,,
Q1282069,"Edward Gordon, Baron Gordon of Drumearn",1701,1,1,0,parent,parent;child,HoC,1,panel;rush,John Gordon
Q1283716,"William Gully, 1st Viscount Selby",1797,0,0,0,,,,1,,
Q1286201,Edmund Dwyer Gray,1723,1,1,0,parent,parent;child,HoC,0,panel;rush,John Gray
Q128956,Harold Wilson,8652,0,0,0,,,,1,,
Q128967,Edward Heath,345,0,0,0,,,,1,,
Q128976,Alec Douglas-Home,3768,1,1,0,indirect,indirect,HoC,1,rush,Lord William Montagu Douglas Scott
Q128985,Harold Macmillan,4867,1,3,1,parent,parent;child;grandchild;indirect,HoC,1,panel;rush,"Julian Amery, Baron Amery of Lustleigh;Maurice Macmillan;David Faber"
Q128995,Anthony Eden,3852,1,2,1,niece/nephew,niece/nephew;indirect,HoC,1,rush,"John Eden, Baron Eden of Winton;Gervase Beckett"
Q12899736,Teddy Taylor,660,0,0,0,,,,0,,
Q12900348,James Plaskitt,552,0,0,0,,,,0,,
Q129006,Clement Attlee,3066,0,0,0,,,,1,,
Q1291778,Edward Bruce Hamley,2211,0,0,0,,,,0,,
Q1292384,Ted Graham,8909,0,0,0,,,,1,,
Q1292752,Edward Joshua Cooper,9001,1,1,0,niece/nephew,niece/nephew,HoC,1,rush,Edward Henry Cooper
Q1292913,Edward Lyons,8484,0,0,0,,,,0,,
Q1292946,Edward Marjoribanks,6488,1,4,1,sibling,sibling;grandparent;uncle/aunt,HoC,1,panel;rush,"Quintin Hogg, Baron Hailsham of St Marylebone;Douglas Hogg;Edward Marjoribanks, 2nd Baron Tweedmouth;Dudley Marjoribanks, 1st Baron Tweedmouth"
Q129679,"Colin Moynihan, 4th Baron Moynihan",5136,0,0,0,,,,1,,
Q12988184,Michael Falcon,3917,0,0,0,,,,0,,
Q12989603,"Henry Holroyd, 3rd Earl of Sheffield",5382,0,0,0,,,,1,,
Q1306769,"John Lee, Baron Lee of Trafford",9321,0,0,0,,,,1,,
Q13132369,William Owen Stanley,900,1,2,1,sibling,sibling;uncle/aunt,HoC,1,panel,"Edward Stanley, 2nd Baron Stanley of Alderley;Edward Stanley, 4th Baron Stanley of Alderley"
Q1314430,John Westlake,1023,0,0,0,,,,0,,
Q1314450,"Sir George Elliot, 1st Baronet",1552,1,3,1,parent,parent;child;indirect,HoC,1,panel;rush,"Hugh Elliot;John Elliot;Sir George Elliot, 2nd Baronet"
Q13195141,Paul Holmes,4698,0,0,0,,,,0,,
Q13377499,Richard Gardner,6811,1,1,0,indirect,indirect,HoC,0,rush,Charles Beresford
Q13426124,"Aretas Akers-Douglas, 1st Viscount Chilston",1827,0,0,0,,,,1,,
Q13441368,Stanley Johnson,8125,0,0,0,,,,0,,
Q1346298,Eoin MacNeill,4873,0,0,0,,,,0,,
Q1346375,Robert Torrens,7285,1,1,0,parent,parent;child,HoC,1,panel;rush,Robert Torrens
Q1346720,Thomas Chandler Haliburton,4224,0,0,0,,,,1,,
Q134982,David Lloyd George,2206,1,2,1,parent,parent;child,HoC,1,panel;rush,"Gwilym Lloyd George, 1st Viscount Tenby;Megan Lloyd George"
Q1351076,Eric Bailey,7870,0,0,0,,,,0,,
Q13529737,Vyvyan Adams,44,0,0,0,,,,0,,
Q13529752,James Allason,6408,1,1,0,parent,parent,HoC,0,panel,Rupert Allason
Q13529771,Reginald Applin,3031,0,0,0,,,,0,,
Q13529783,"Wilfrid Ashley, 1st Baron Mount Temple",6383,1,3,1,parent,parent;child;grandchild;niece/nephew,HoC,1,panel;rush,"Evelyn Ashley;Anthony Ashley-Cooper, 7th Earl of Shaftesbury;Anthony Ashley-Cooper, 8th Earl of Shaftesbury"
Q13529787,Jack Aspinwall,3049,0,0,0,,,,0,,
Q13529838,Harry Barnston,3109,0,0,0,,,,0,,
Q13529846,Brian Batsford,3123,0,0,0,,,,0,,
Q13529848,Anthony Beaumont-Dark,3140,0,0,0,,,,0,,
Q13529849,Nicholas Bennett,9079,0,0,0,,,,0,,
Q13529850,Thomas Jewell Bennett,8286,0,0,0,,,,0,,
Q13529851,John Blackburn,2932,0,0,0,,,,0,,
Q13529852,Henry Langton Brackenbury,3312,0,0,0,,,,0,,
Q13529853,Ian Bruce,156,0,0,0,,,,0,,
Q13529854,"Henry Brudenell-Bruce, 5th Marquess of Ailesbury",1288,1,2,1,child,child;sibling;uncle/aunt;niece/nephew,HoC,1,panel;rush,"Ernest Brudenell-Bruce, 3rd Marquess of Ailesbury;Lord Charles Bruce"
Q13529856,Henry Buckingham,3380,0,0,0,,,,0,,
Q13529858,Henry Butler-Johnstone,6615,1,1,0,parent,parent;child,HoC,1,panel;rush,Henry Munro-Butler-Johnstone
Q13529860,Alexander Henry Campbell,6621,0,0,0,,,,0,,
Q13529861,Robert Carden,1328,0,0,0,,,,1,,
Q13529862,William Carlile,1776,0,0,0,,,,0,,
Q13529863,William Compton Carr,9300,0,0,0,,,,0,,
Q13529864,"Sir Robert Cary, 1st Baronet",3455,0,0,0,,,,1,,
Q13529870,Judith Chaplin,2924,0,0,0,,,,1,,
Q13529872,"Hugh Cholmondeley, 2nd Baron Delamere",3501,0,0,0,,,,1,,
Q13529873,Michael Clark,192,0,0,0,,,,0,,
Q13529874,"Sir Edward Coates, 1st Baronet",3538,0,0,0,,,,1,,
Q13529877,Henry Cockayne-Cust,1442,1,3,1,parent,parent;child;sibling;cousin,HoC,1,panel;rush,"Harry Cust;Adelbert Brownlow-Cust, 3rd Earl Brownlow;Charles Cust"
Q13529878,John Cockcroft,3543,0,0,0,,,,0,,
Q13529880,Jack Cohen,8023,0,0,0,,,,1,,
Q13529884,William Craven-Ellis,3619,0,0,0,,,,0,,
Q13529886,William Cross,1425,1,1,0,parent,parent;child,HoC,1,panel;rush,"Richard Assheton Cross, 1st Viscount Cross"
Q13529887,Oliver Crosthwaite-Eyre,3645,0,0,0,,,,0,,
Q13529889,Knox Cunningham,9073,0,0,0,,,,0,,
Q13529890,Philip Hugh Dalbiac,1443,0,0,0,,,,0,,
Q13529891,"John Butcher, 1st Baron Danesfort",2204,1,1,0,sibling,sibling,HoC,1,panel,Samuel H. Butcher
Q13529892,John Dugdale,1518,1,1,0,parent,parent;child,HoC,1,panel;rush,William Stratford Dugdale
Q13529893,John Dumphreys,3808,0,0,0,,,,0,,
Q13529894,James Erskine,8043,0,0,0,,,,1,,
Q13529896,William Feilden,6767,1,1,0,parent,parent;child,HoC,1,panel;rush,Montague Feilden
Q13529900,Nigel Forman,4016,0,0,0,,,,0,,
Q13529901,"Ian Fraser, Baron Fraser of Lonsdale",8960,0,0,0,,,,1,,
Q13529902,Francis Fremantle,7894,0,0,0,,,,1,,
Q13529903,Muriel Gammans,4057,1,1,0,spouse,spouse,HoC,0,rush,"Sir David Gammans, 1st Baronet"
Q13529904,Ernest Gardner,7874,0,0,0,,,,0,,
Q13529905,Charles Samuel Garland,4063,0,0,0,,,,0,,
Q13529906,"John Gathorne-Hardy, 2nd Earl of Cranbrook",1668,1,4,1,parent,parent;child;sibling;grandchild;niece/nephew,HoC,1,panel;rush,"Alfred Gathorne-Hardy;Gathorne Gathorne-Hardy, 1st Earl of Cranbrook;John Hardy;Sir John Hardy, 1st Baronet"
Q13529907,"Sir William Geary, 3rd Baronet",4077,0,0,0,,,,0,,
Q13529908,John Saunders Gilliat,1683,0,0,0,,,,1,,
Q13529909,"Sir John Gilmour, 3rd Baronet",4096,1,1,0,parent,parent;child,HoC,1,panel;rush,"Sir John Gilmour, 2nd Baronet"
Q13529910,"Ralph Glyn, 1st Baron Glyn",8816,0,0,0,,,,1,,
Q13529911,Victor Goodhew,4127,0,0,0,,,,0,,
Q13529912,John Gordon,1770,1,1,0,parent,parent;child,HoC,1,panel;rush,"Edward Gordon, Baron Gordon of Drumearn"
Q13529913,William Gordon,6450,1,2,1,niece/nephew,niece/nephew,HoC,1,rush,"Arthur Hamilton-Gordon, 1st Baron Stanmore;George Hamilton-Gordon, 5th Earl of Aberdeen"
Q13529914,Matthew Banks,9080,0,0,0,,,,0,,
Q13529916,Harry Greenway,9317,0,0,0,,,,0,,
Q13529917,Harry Greer,7972,0,0,0,,,,0,,
Q13529919,James Grimble Groves,4191,0,0,0,,,,0,,
Q13529920,Harold Gurden,4202,0,0,0,,,,0,,
Q13529921,"Lawrence Palk, 1st Baron Haldon",2717,1,1,0,sibling,sibling,HoC,1,panel,Edward Bourchier Hartopp
Q13529922,"Sir George Hamilton, 1st Baronet",7816,0,0,0,,,,1,,
Q13529924,Denis Augustine Hanley,9156,0,0,0,,,,0,,
Q13529925,Ian Hannah,4247,0,0,0,,,,0,,
Q13529926,Patrick Hannon,4249,0,0,0,,,,0,,
Q13529927,George Harcourt,6873,1,4,1,sibling,sibling;uncle/aunt;indirect,HoC,1,panel;rush,"Francis Venables-Vernon-Harcourt;Granville Harcourt-Vernon;Granville Harcourt-Vernon;Montagu Bertie, 6th Earl of Abingdon"
Q13529928,Francis Capel Harrison,7891,0,0,0,,,,1,,
Q13529929,Henry Harrison-Broadley,7598,1,1,0,uncle/aunt,uncle/aunt,HoC,0,rush,William Harrison-Broadley
Q13529930,"Sir William Hart Dyke, 7th Baronet",1869,0,0,0,,,,1,,
Q13529931,John Haslam,4278,1,1,0,sibling,sibling,HoC,0,rush,Lewis Haslam
Q13529933,Robert Henderson,8224,0,0,0,,,,0,,
Q13529935,John Herbert,4337,0,0,0,,,,1,,
Q13529937,"Hugh Seymour, 6th Marquess of Hertford",1100,1,1,0,uncle/aunt,uncle/aunt,HoC,1,rush,Henry Seymour
Q13529938,Lord Augustus Hervey,2264,1,6,1,parent,parent;child;sibling;uncle/aunt;niece/nephew;indirect,HoC,1,panel;rush,"Sir Charles Welby, 5th Baronet;Frederick Hervey, 3rd Marquess of Bristol;Frederick Hervey, 2nd Marquess of Bristol;Frederick Hervey, 4th Marquess of Bristol;Lord Alfred Hervey;Lord Francis Hervey"
Q13529939,Thomas Hewlett,4349,0,0,0,,,,1,,
Q13529941,Charles Frederick Higham,4358,0,0,0,,,,0,,
Q13529942,Edward Brodie Hoare,1910,0,0,0,,,,0,,
Q13529945,Thomas Horsfall,4426,0,0,0,,,,1,,
Q13529946,Joseph Hoult,4434,0,0,0,,,,0,,
Q13529950,Henry Hunloke,4454,1,1,0,indirect,indirect,HoC,1,rush,"William Astor, 3rd Viscount Astor"
Q13529951,Michael Irvine,4489,1,1,0,parent,parent,HoC,0,rush,Arthur Irvine
Q13529953,Tim Janman,4501,0,0,0,,,,0,,
Q13529954,Howard Johnson,2,0,0,0,,,,0,,
Q13529955,"Hylton Jolliffe, 3rd Baron Hylton",4531,1,3,1,parent,parent;child;grandparent;grandchild;uncle/aunt;niece/nephew,HoC,1,panel;rush,"William Sydney Hylton Jolliffe;Hedworth Jolliffe, 2nd Baron Hylton;William Jolliffe, 1st Baron Hylton"
Q13529957,John Kerans,8724,0,0,0,,,,1,,
Q13529958,Henry Kerby,4574,0,0,0,,,,0,,
Q13529959,John Kerr,4576,0,0,0,,,,0,,
Q13529961,Henry Newton Knights,4619,0,0,0,,,,0,,
Q13529962,John Laird,2416,0,0,0,,,,1,,
Q13529963,Joseph Lamb,4628,0,0,0,,,,0,,
Q13529965,Joseph Lawrence,7689,0,0,0,,,,1,,
Q13529967,John Lees-Jones,4681,0,0,0,,,,0,,
Q13529968,Harry Legge-Bourke,4686,0,0,0,,,,1,,
Q13529970,Mark Lennox-Boyd,4702,1,1,0,parent,parent;child,HoC,1,panel;rush,"Alan Lennox-Boyd, 1st Viscount Boyd of Merton"
Q13529973,Godfrey Locker-Lampson,4735,1,1,0,sibling,sibling,HoC,1,panel;rush,Oliver Locker-Lampson
Q13529974,"Richard Long, 3rd Viscount Long",8185,1,3,1,child,child;grandchild;niece/nephew,HoC,1,panel,"Walter Long, 1st Viscount Long;Richard Chaloner, 1st Baron Gisborough;Richard Penruddocke Long"
Q13529976,Malcolm Low,2492,0,0,0,,,,1,,
Q13529977,John Lowles,2494,0,0,0,,,,0,,
Q13529978,Hugh Lucas-Tooth,5156,0,0,0,,,,1,,
Q13529979,"Charles MacAndrew, 1st Baron MacAndrew",4825,1,1,0,sibling,sibling,HoC,1,rush,James Orr MacAndrew
Q13529980,Ian MacArthur,4826,0,0,0,,,,0,,
Q13529984,"Sir Harry Mallaby-Deeley, 1st Baronet",4902,0,0,0,,,,0,,
Q13529986,Lord George Manners,2567,1,7,1,sibling,sibling;uncle/aunt;niece/nephew;indirect,HoC,1,panel;rush,"Lord Cecil Manners;Lord Charles Manners;John Manners, 7th Duke of Rutland;Charles Manners, 6th Duke of Rutland;Henry Manners, 8th Duke of Rutland;Lord Edward Manners;Lord Robert Manners"
Q13529987,Lord Cecil Manners,7630,1,5,1,parent,parent;child;sibling;uncle/aunt;niece/nephew,HoC,1,panel;rush,"Lord George Manners;John Manners, 7th Duke of Rutland;Charles Manners, 6th Duke of Rutland;Henry Manners, 8th Duke of Rutland;Lord Edward Manners"
Q13529988,Paul Marland,4931,0,0,0,,,,0,,
Q13529989,Michael Mates,475,0,0,0,,,,0,,
Q13529991,Forster Alleyne McGeachy,4998,0,0,0,,,,0,,
Q13529992,Richard Meller,8188,0,0,0,,,,0,,
Q13529993,"Sir Frank Meyer, 2nd Baronet",5053,1,1,0,parent,parent;child,HoC,1,panel;rush,"Sir Anthony Meyer, 3rd Baronet"
Q13529994,Iain Mills,9325,0,0,0,,,,0,,
Q13529996,Victor Milward,2609,0,0,0,,,,0,,
Q13529997,"Hugh Molson, Baron Molson",5079,1,1,0,parent,parent;child,HoC,1,panel;rush,John Elsdale Molson
Q13529998,John Elsdale Molson,5080,1,1,0,parent,parent;child,HoC,0,panel;rush,"Hugh Molson, Baron Molson"
Q13529999,"Sir Philip Muntz, 1st Baronet",2100,1,2,1,parent,parent;child;uncle/aunt;niece/nephew;indirect,HoC,1,panel;rush,George Frederick Muntz;Philip Henry Muntz
Q13530001,John Macnamara,4869,0,0,0,,,,0,,
Q13530002,"Sir Joseph Nall, 1st Baronet",5172,0,0,0,,,,1,,
Q13530004,Percy Newson,5203,0,0,0,,,,1,,
Q13530007,William Newzam Nicholson,2663,0,0,0,,,,1,,
Q13530008,Robert Nisbet-Hamilton,5216,0,0,0,,,,1,,
Q13530009,Gerard Noel,2667,1,3,1,sibling,sibling;indirect,HoC,1,panel;rush,"Charles Noel, 2nd Earl of Gainsborough;Ernest Noel;Sir Gerard Noel, 2nd Baronet"
Q13530011,John James Oddy,5270,0,0,0,,,,0,,
Q13530012,Phillip Oppenheim,5285,1,1,0,parent,parent;child,HoC,1,panel;rush,"Sally Oppenheim-Barnes, Baroness Oppenheim-Barnes"
Q13530013,"Ian Orr-Ewing, Baron Orr-Ewing",8427,0,0,0,,,,1,,
Q13530014,James Francis Oswald,2710,0,0,0,,,,0,,
Q13530016,Norman Pannell,5315,0,0,0,,,,0,,
Q13530019,Elizabeth Peacock,9358,0,0,0,,,,0,,
Q13530020,"Charles Pearson, Lord Pearson",2735,0,0,0,,,,0,,
Q13530021,"Thomas Pemberton Leigh, 1st Baron Kingsdown",7117,0,0,0,,,,1,,
Q13530022,John Penn,1872,1,1,0,indirect,indirect,HoC,0,rush,George Frederic Stewart Bowles
Q13530024,James Pitman,5409,0,0,0,,,,1,,
Q13530025,"Ernest Pollock, 1st Viscount Hanworth",7879,0,0,0,,,,1,,
Q13530027,Alexander Ramsay,7719,0,0,0,,,,0,,
Q13530028,Gervais Rentoul,7953,1,1,0,parent,parent,HoC,0,rush,James Rentoul
Q13530029,James Rentoul,2027,1,1,0,child,child,HoC,0,rush,Gervais Rentoul
Q13530031,Marion Roe,580,0,0,0,,,,0,,
Q13530033,William Anderson Rose,5616,0,0,0,,,,0,,
Q13530034,Lionel Nathan de Rothschild,3704,0,0,0,,,,1,,
Q13530035,Percy Royds,8165,0,0,0,,,,1,,
Q13530036,Hamer Field Russell,7965,0,0,0,,,,0,,
Q13530037,Marcus Reginald Anthony Samuel,8132,0,0,0,,,,0,,
Q13530038,Samuel Samuel,9445,0,0,0,,,,1,,
Q13530040,James Scott-Hopkins,5689,0,0,0,,,,0,,
Q13530041,Harold Smith,7967,0,0,0,,,,0,,
Q13530042,Henry Spence,5820,0,0,0,,,,0,,
Q13530045,"Patrick Spens, 1st Baron Spens",5825,0,0,0,,,,1,,
Q13530046,Ivor Stanbrook,5843,0,0,0,,,,0,,
Q13530047,Marshall Stevens,5870,0,0,0,,,,0,,
Q13530048,Harold Macdonald Steward,5875,0,0,0,,,,0,,
Q13530049,John Stradling Thomas,2966,0,0,0,,,,0,,
Q13530050,Henry Stuart,7251,0,0,0,,,,0,,
Q13530051,"Sir Henry Studholme, 1st Baronet",5907,0,0,0,,,,1,,
Q13530052,Peter Sturrock,910,0,0,0,,,,0,,
Q13530053,Harold Sutcliffe,9249,0,0,0,,,,0,,
Q13530055,John Ellis Talbot,8695,0,0,0,,,,0,,
Q13530057,Thomas Tickler,5989,0,0,0,,,,0,,
Q13530058,John Tilney,5995,0,0,0,,,,1,,
Q13530060,Michael Trend,672,0,0,0,,,,0,,
Q13530061,"John Vaughan-Morgan, Baron Reigate",6089,1,1,0,parent,parent;child,HoC,1,panel;rush,Kenyon Vaughan-Morgan
Q13530063,Harry Spencer Waddington,9119,1,3,1,sibling,sibling;grandchild;indirect,HoC,0,rush,"Richard Monckton Milnes, 1st Baron Houghton;Spencer Horsey de Horsey;Thomas Thornhill"
Q13530064,Jonah Walker-Smith,6120,1,1,0,parent,parent;child,HoC,1,panel;rush,"Derek Walker-Smith, Baron Broxbourne"
Q13530066,"Sir Charles Welby, 5th Baronet",7638,1,4,1,parent,parent;child;grandparent;grandchild;uncle/aunt;niece/nephew;indirect,HoC,1,panel;rush,"Lord Augustus Hervey;Alfred Welby;Sir Glynne Welby, 3rd Baronet;Sir William Welby-Gregory, 4th Baronet"
Q13530067,John Wells,6746,0,0,0,,,,1,,
Q13530069,John Wheeler,6180,0,0,0,,,,0,,
Q13530070,John Whitfield,6186,0,0,0,,,,0,,
Q13530071,Henry Wickham Wickham,7348,0,0,0,,,,0,,
Q13530072,Jerry Wiggin,8387,1,1,0,parent,parent;child,HoC,1,panel;rush,Bill Wiggin
Q13530073,"Sir Henry Wilmot, 5th Baronet",1066,0,0,0,,,,1,,
Q13530074,Nicholas Wood,1082,0,0,0,,,,0,,
Q13530075,John Woollam,6249,0,0,0,,,,0,,
Q13530076,"Norman Wylie, Lord Wylie",6414,0,0,0,,,,0,,
Q13530077,Henry Wyndham,6313,1,4,1,sibling,sibling;niece/nephew;indirect,HoC,1,panel;rush,"George Wyndham;Charles Wyndham;Henry Wyndham, 2nd Baron Leconfield;Percy Wyndham"
Q13530078,"Sir William Younger, 1st Baronet, of Auchen Castle",2063,1,1,0,indirect,indirect,HoC,1,rush,Robert Gunter
Q13533665,James Francis Hogan,2287,0,0,0,,,,0,,
Q1355040,"Sir George Cockburn, 10th Baronet",3542,0,0,0,,,,1,,
Q1356246,Ernest Blythe,3243,0,0,0,,,,0,,
Q13581086,"John St Aubyn, 1st Baron St Levan",811,1,1,0,indirect,indirect,HoC,1,rush,"John Townshend, 4th Marquess Townshend"
Q13582499,"Henry Howard, 18th Earl of Suffolk",3022,1,3,1,parent,parent;child;uncle/aunt;niece/nephew,HoC,1,panel;rush,"Charles Howard, 17th Earl of Suffolk;Henry Thomas Howard;James Howard"
Q13582500,"Henry Paget, 2nd Marquess of Anglesey",,1,6,1,parent,parent;sibling;uncle/aunt,HoC,1,panel,"Lord George Paget;Lord Alfred Paget;Almeric Paget, 1st Baron Queenborough;Henry Paget, 3rd Marquess of Anglesey;Clarence Paget;William Paget"
Q13592719,"Sir James Horlick, 4th Baronet",4413,0,0,0,,,,1,,
Q1364848,George Grote,4188,0,0,0,,,,0,,
Q1369396,Robert Steuart,5869,0,0,0,,,,0,,
Q1372753,John Henry Gurney Sr.,6857,0,0,0,,,,1,,
Q1379003,John McAllion,480,0,0,0,,,,0,,
Q137911,"Joyce Quin, Baroness Quin",565,0,0,0,,,,1,,
Q1379995,"Jeff Rooker, Baron Rooker",582,0,0,0,,,,1,,
Q138192,"Giles Radice, Baron Radice",567,0,0,0,,,,1,,
Q138559,Lord William Bentinck,6557,1,3,1,niece/nephew,niece/nephew,HoC,1,rush,Lord George Bentinck;George Cavendish-Bentinck;Lord Henry Bentinck
Q1386511,"Ronald Munro Ferguson, 1st Viscount Novar",2138,1,2,1,child,child;grandchild,HoC,1,panel,Robert Ferguson;Ronald Craufurd Ferguson
Q1387994,Michael Davitt,1463,0,0,0,,,,0,,
Q1398423,Terence MacSwiney,4882,0,0,0,,,,1,,
Q1415207,Reginald Hall,8353,0,0,0,,,,1,,
Q1418483,Geraint Howells,9247,0,0,0,,,,1,,
Q1418573,Fionán Lynch,4798,0,0,0,,,,0,,
Q1419462,"Terence Boston, Baron Boston of Faversham",3267,0,0,0,,,,1,,
Q1441538,Francis Goldsmid,1695,1,2,1,sibling,sibling;niece/nephew,HoC,1,rush,Julian Goldsmid;Frederick Goldsmid
Q1441667,Francis Newdegate,2101,1,1,0,indirect,indirect,HoC,1,rush,Charles Newdigate Newdegate
Q1443517,"Frank Judd, Baron Judd",4540,0,0,0,,,,1,,
Q1443717,Frank Maguire,8758,0,0,0,,,,0,,
Q1474995,"Ian Stewart, Baron Stewartby",8412,0,0,0,,,,1,,
Q1477948,Reginald Talbot,928,1,3,1,parent,parent;child;sibling,HoC,1,panel;rush,"Walter Carpenter;Charles Chetwynd-Talbot, 19th Earl of Shrewsbury;Henry Chetwynd-Talbot, 18th Earl of Shrewsbury"
Q149062,Samuel Morton Peto,5378,1,3,1,parent,parent;grandparent,HoC,1,panel,"John Peto;Basil Peto;Sir Christopher Peto, 3rd Baronet"
Q1494468,"Robert Maclennan, Baron Maclennan of Rogart",455,0,0,0,,,,1,,
Q14945394,Henry George Allen,801,0,0,0,,,,1,,
Q14945396,"William Amherst, 2nd Earl Amherst",,1,1,0,parent,parent,HoC,1,panel,"William Amherst, 3rd Earl Amherst"
Q14945417,"Robert Grosvenor, 1st Baron Ebury",6851,1,5,1,parent,parent;child;sibling;uncle/aunt;niece/nephew,HoC,1,panel;rush,"Hugh Grosvenor, 1st Duke of Westminster;Richard Grosvenor, 2nd Marquess of Westminster;Norman Grosvenor;Richard Grosvenor, 1st Baron Stalbridge;Robert Grosvenor, 2nd Baron Ebury"
Q14945434,"Sir Berkeley Guise, 2nd Baronet",4199,0,0,0,,,,1,,
Q14945472,Henry Wyndham West,1021,0,0,0,,,,1,,
Q14945475,Charles Wynne,6273,1,1,0,child,child,HoC,1,panel,Charles Griffith-Wynne
Q14945476,Ryland Adkins,57,0,0,0,,,,0,,
Q14945620,Harry Trelawney Eve,3906,0,0,0,,,,0,,
Q14945625,Henry Maden,7975,0,0,0,,,,0,,
Q14945676,William Bowen Rowlands,789,0,0,0,,,,0,,
Q14945723,Henry Yorke Stanger,5847,0,0,0,,,,0,,
Q14946689,Ted Garrett,4065,0,0,0,,,,0,,
Q14946890,Percy Molteno,5081,0,0,0,,,,1,,
Q14946953,John Lee,8716,0,0,0,,,,0,,
Q14948811,John Nicolson,9638,0,0,0,,,,0,,
Q14948913,Richard Davey,6701,0,0,0,,,,0,,
Q14948945,"William Grant, Lord Grant",8948,0,0,0,,,,0,,
Q14948955,James Hogge,4393,0,0,0,,,,0,,
Q14949006,John Potter,7132,1,1,0,sibling,sibling,HoC,1,panel,Thomas Bayley Potter
Q14949041,John Shiress Will,1049,0,0,0,,,,0,,
Q14949124,John Alfred Lush,2502,0,0,0,,,,0,,
Q14949160,Robert James McMordie,5019,0,0,0,,,,0,,
Q1502976,Geoffrey Finsberg,3973,0,0,0,,,,1,,
Q1503024,"Geoffrey Lofthouse, Baron Lofthouse of Pontefract",4741,0,0,0,,,,1,,
Q15039914,Henry Maitland Clark,8600,0,0,0,,,,1,,
Q15039933,John George,9010,0,0,0,,,,1,,
Q15039947,Hugh Holmes,2298,0,0,0,,,,0,,
Q15039950,Henry Singer Keating,4546,0,0,0,,,,1,,
Q15039959,James Godfrey MacManaway,4863,0,0,0,,,,1,,
Q15039961,James Patrick Mahon,2556,0,0,0,,,,0,,
Q15040004,Stephen Woulfe,6264,1,1,0,grandchild,grandchild,HoC,0,rush,Edward Sheil
Q15047180,Maria Fyfe,292,0,0,0,,,,0,,
Q15047465,John Sutherland,7542,0,0,0,,,,0,,
Q15052587,Herbert Dunnico,3824,0,0,0,,,,0,,
Q15054299,"Anthony Greenwood, Baron Greenwood of Rossendale",4163,1,1,0,parent,parent;child,HoC,1,panel;rush,Arthur Greenwood
Q15055971,"Harold Davies, Baron Davies of Leek",8582,0,0,0,,,,1,,
Q15056719,Purcell O'Gorman,2691,0,0,0,,,,0,,
Q1506864,George Anson,6295,1,3,1,uncle/aunt,uncle/aunt;niece/nephew,HoC,1,rush,"George Anson;Augustus Anson;Thomas Anson, 2nd Earl of Lichfield"
Q1506865,George Anson,6294,1,3,1,niece/nephew,niece/nephew;great-niece/nephew,HoC,1,rush,"George Anson;Augustus Anson;Thomas Anson, 2nd Earl of Lichfield"
Q1506930,George Balfour,6489,0,0,0,,,,0,,
Q15070089,"Sir Frank Newnes, 2nd Baronet",7571,1,1,0,parent,parent,HoC,0,rush,George Newnes
Q15070130,John Pardoe,5317,0,0,0,,,,0,,
Q15070153,Alfred Broughton,3367,0,0,0,,,,0,,
Q1507209,"George Delacourt-Smith, Baron Delacourt-Smith",8426,0,0,0,,,,1,,
Q15072586,J. R. M. Butler,9182,0,0,0,,,,1,,
Q15072591,James Bucknall Bucknall Estcourt,3897,1,2,1,parent,parent;sibling,HoC,0,rush,Thomas Grimston Estcourt;Thomas Sotheron-Estcourt
Q15072599,Lord Ernest Hamilton,1764,1,8,1,sibling,sibling;uncle/aunt;indirect,HoC,1,panel;rush,"Lord Frederick Spencer Hamilton;Lord Claud Hamilton;James Hamilton, 3rd Duke of Abercorn;Lord George Hamilton;James Hamilton, 2nd Duke of Abercorn;James Hamilton, 5th Duke of Abercorn;James Hans Hamilton;Lord Claud Hamilton"
Q15072603,John Robert Hollond,2296,0,0,0,,,,1,,
Q15072628,Arthur Walters Wills,7538,0,0,0,,,,0,,
Q1507362,"George Foulkes, Baron Foulkes of Cumnock",288,0,0,0,,,,1,,
Q1507405,George Gavan Duffy,3797,1,1,0,child,child;indirect,HoC,1,panel;rush,Charles Gavan Duffy
Q1507828,"George Mackie, Baron Mackie of Benshie",8562,1,1,0,sibling,sibling,HoC,1,panel;rush,"John Mackie, Baron John-Mackie"
Q1508011,"George Osborne, 10th Duke of Leeds",1334,0,0,0,,,,1,,
Q1508161,George Rennie,5550,0,0,0,,,,0,,
Q1508489,George Walden,6114,0,0,0,,,,0,,
Q1508595,"George Wigg, Baron Wigg",6194,0,0,0,,,,1,,
Q1508664,"George Younger, 1st Viscount Younger of Leckie",6358,1,2,1,grandchild,grandchild;indirect,HoC,1,rush,"George Younger, 4th Viscount Younger of Leckie;Kenneth Younger"
Q1510187,Gerard Smith,7212,1,6,1,parent,parent;child;grandparent;grandchild;uncle/aunt;niece/nephew;cousin,HoC,1,panel;rush,"Sir Matthew White Ridley, 4th Baronet;John Abel Smith;John Smith;Martin Tucker Smith;Matthew White Ridley, 1st Viscount Ridley;Sir Matthew White Ridley, 3rd Baronet"
Q15103444,William R. O'Byrne,2678,0,0,0,,,,0,,
Q15109490,Evan Durbin,3827,0,0,0,,,,0,,
Q15109496,Julian Goldsmid,1696,1,2,1,parent,parent;uncle/aunt,HoC,1,rush,Francis Goldsmid;Frederick Goldsmid
Q15109540,Henry Winterbotham,1079,1,1,0,sibling,sibling,HoC,0,rush,Arthur Winterbotham
Q15207882,"Michael Winstanley, Baron Winstanley",6232,0,0,0,,,,1,,
Q15229376,"Lena Jeger, Baroness Jeger",4508,1,1,0,spouse,spouse,HoC,1,rush,Santo Jeger
Q15260662,Abraham Wildey Robarts,5588,0,0,0,,,,0,,
Q1528561,Ivor Bulmer-Thomas,8635,0,0,0,,,,0,,
Q1530652,Charles Pearson,7107,0,0,0,,,,0,,
Q1533969,"Sally Oppenheim-Barnes, Baroness Oppenheim-Barnes",5284,1,1,0,parent,parent;child,HoC,1,panel;rush,Phillip Oppenheim
Q153454,Diane Abbott,7,0,0,0,,,,0,,
Q1536928,Richard Bell,7454,0,0,0,,,,0,,
Q1537987,Gordon Campbell,7959,1,1,0,sibling,sibling,HoC,1,panel;rush,"Sir Edward Campbell, 1st Baronet"
Q1541974,"Graham Tope, Baron Tope",6008,0,0,0,,,,1,,
Q15433949,Thomas Law Hodges,4388,1,1,0,child,child,HoC,1,rush,Thomas Twisden Hodges
Q15434224,John Benjamin Smith,872,1,1,0,indirect,indirect,HoC,0,rush,Edwin Durning-Lawrence
Q15434977,Henry Lee,2441,0,0,0,,,,0,,
Q15435293,James Nicholson Richardson,759,0,0,0,,,,0,,
Q15437271,Charles Edward Grey,6847,0,0,0,,,,0,,
Q15439243,James Campbell Ker,8037,0,0,0,,,,0,,
Q15439295,Patrick Carvill,2029,0,0,0,,,,0,,
Q15439646,Alexander MacCallum Scott,7723,0,0,0,,,,0,,
Q15442333,"John Thynne, 3rd Baron Carteret",,0,0,0,,,,1,,
Q15443188,Joseph Brotherton,3360,0,0,0,,,,0,,
Q15451868,Frank Hodges,4390,0,0,0,,,,0,,
Q15452587,Harry Gosling,4143,0,0,0,,,,0,,
Q15452761,John Abel Smith,7215,1,6,1,parent,parent;child;sibling;uncle/aunt;niece/nephew;cousin,HoC,1,panel;rush,"Gerard Smith;John Smith;Martin Tucker Smith;Jervoise Smith;Robert Carrington, 2nd Baron Carrington;Samuel Smith"
Q15452807,Francis Seymour Stevenson,2093,0,0,0,,,,0,,
Q15452825,William Coningham,3580,0,0,0,,,,0,,
Q15456236,William Williams,7356,0,0,0,,,,0,,
Q15456270,Hedworth Lambton,6970,1,3,1,indirect,indirect,HoC,1,rush,"Hedworth Meux;Frederick Lambton, 4th Earl of Durham;Henry Cavendish"
Q15456740,John Jervis,4517,1,2,1,parent,parent;child;cousin,HoC,1,panel;rush,Swynfen Jervis;John Jervis
Q15457875,Henry Campbell,1324,0,0,0,,,,0,,
Q15458169,John Smith,7214,1,8,1,parent,parent;child;sibling;grandparent;grandchild;uncle/aunt;niece/nephew;indirect,HoC,1,panel;rush,"Gerard Smith;John Abel Smith;Martin Tucker Smith;Jervoise Smith;Abel Smith;Egerton Leigh;Robert Carrington, 2nd Baron Carrington;Samuel Smith"
Q15458356,John O'Connor,2874,0,0,0,,,,0,,
Q15459988,Henry Slesser,5772,1,1,0,indirect,indirect,HoC,0,rush,Corrie Grant
Q15460648,Walter Long,6991,1,3,1,parent,parent;child;grandparent;grandchild,HoC,1,panel;rush,"Walter Long, 1st Viscount Long;Richard Chaloner, 1st Baron Gisborough;Richard Penruddocke Long"
Q1546121,"Greville Janner, Baron Janner of Braunstone",4502,1,1,0,parent,parent;child,HoC,1,panel;rush,Barnett Janner
Q15461373,John Paton,5334,0,0,0,,,,0,,
Q15463280,John Belcher,3149,0,0,0,,,,0,,
Q15463534,Stanley Henig,4328,0,0,0,,,,1,,
Q15469,William John Hamilton,6869,0,0,0,,,,1,,
Q15485640,Hugh Mason,2581,0,0,0,,,,0,,
Q15485984,"Sir Richard Durning Holt, 1st Baronet",7428,0,0,0,,,,1,,
Q15488783,James Barr,3110,0,0,0,,,,0,,
Q15491084,William Edward David Allen,6386,0,0,0,,,,1,,
Q15492296,Norman Atkinson,6413,0,0,0,,,,0,,
Q15497087,Joseph d'Aguilar Samuda,816,0,0,0,,,,0,,
Q15497183,William Job Collins,7674,0,0,0,,,,0,,
Q15501389,Francis Neilson,5191,0,0,0,,,,0,,
Q15501618,Reginald Jaffray Lucas,4773,0,0,0,,,,1,,
Q15503086,Eddie Milne,5065,0,0,0,,,,0,,
Q15503233,Robert Wallace,6471,0,0,0,,,,1,,
Q15512861,,,0,0,0,,,,1,,
Q15514214,Alfred Dobbs,3744,0,0,0,,,,0,,
Q15515551,Jabez Balfour,1160,0,0,0,,,,0,,
Q15525123,Jim Marshall,471,0,0,0,,,,0,,
Q15525275,Julia Drown,257,0,0,0,,,,0,,
Q15526135,Henry Salwey,5658,0,0,0,,,,0,,
Q15526558,George Windsor-Clive,6359,1,6,1,parent,parent;child;grandparent;grandchild;niece/nephew;indirect,HoC,1,panel;rush,"Charles Carmichael Lacaita;Edward Herbert, 2nd Earl of Powis;Edward Herbert, 3rd Earl of Powis;George Windsor-Clive;Robert Clive;Robert Windsor-Clive"
Q15526648,Frederick Goldsmid,6824,1,2,1,child,child;sibling,HoC,0,rush,Francis Goldsmid;Julian Goldsmid
Q15526650,James Ruddell-Todd,7459,0,0,0,,,,0,,
Q15526655,Harry Baines Lott,,0,0,0,,,,0,,
Q15526925,James Stewart,6469,0,0,0,,,,0,,
Q15526928,Arthur Chichester,3497,0,0,0,,,,0,,
Q15527009,Lawrence Kimball,4597,1,1,0,parent,parent;child,HoC,1,panel;rush,"Marcus Kimball, Baron Kimball"
Q155375,Archibald Hill,7751,0,0,0,,,,0,,
Q1557837,"Gwendolen Guinness, Countess of Iveagh",4497,1,3,1,spouse,spouse;indirect,HoC,1,rush,"Rupert Guinness, 2nd Earl of Iveagh;Walter Guinness, 1st Baron Moyne;Alan Lennox-Boyd, 1st Viscount Boyd of Merton"
Q1557927,Gwyn Prosser,563,0,0,0,,,,0,,
Q155907,"Sir George Stokes, 1st Baronet",5886,0,0,0,,,,0,,
Q15616177,George Hussey Packe,5304,1,1,0,sibling,sibling,HoC,1,panel;rush,Charles William Packe
Q15616964,Joseph MacBride,4972,0,0,0,,,,0,,
Q15646836,George Sinclair,7208,1,1,0,parent,parent;child,HoC,1,panel;rush,"Sir John Sinclair, 3rd Baronet"
Q15689540,Alfred Peter Hillier,4364,0,0,0,,,,0,,
Q1570046,"Albert Stallard, Baron Stallard",5841,0,0,0,,,,1,,
Q15700879,Joseph William Noble,7069,0,0,0,,,,0,,
Q15725713,"John Townshend, 4th Marquess Townshend",6021,1,3,1,parent,parent;child;uncle/aunt;indirect,HoC,1,panel;rush,"John St Aubyn, 1st Baron St Levan;John Townshend, 5th Marquess Townshend;Lord James Townshend"
Q157259,"John Russell, 1st Earl Russell",7180,1,10,1,parent,parent;child;sibling;uncle/aunt;niece/nephew;indirect,HoC,1,panel;rush,"Francis Russell, 7th Duke of Bedford;Edward Russell, 23rd Baron de Clifford;George Russell, 10th Duke of Bedford;Francis Russell, 9th Duke of Bedford;George W. E. Russell;John Russell, Viscount Amberley;Lord Arthur Russell;Lord Charles Russell;Lord Edward Russell;William Russell, 8th Duke of Bedford"
Q1574706,"John Coleridge, 1st Baron Coleridge",1398,1,1,0,parent,parent;child,HoC,1,panel;rush,"Bernard Coleridge, 2nd Baron Coleridge"
Q157691,Edward Ellice,6443,1,2,1,parent,parent;child;sibling,HoC,1,panel;rush,Alexander Ellice;Edward Ellice
Q15815164,Henry Winnington,6230,1,2,1,sibling,sibling;uncle/aunt,HoC,1,panel;rush,"Sir Thomas Winnington, 4th Baronet;Sir Thomas Winnington, 3rd Baronet"
Q15821520,John Westenra,6170,1,1,0,sibling,sibling,HoC,1,panel;rush,"Henry Westenra, 3rd Baron Rossmore"
Q1585945,"Harold Walker, Baron Walker of Doncaster",8583,0,0,0,,,,1,,
Q1586577,Harry Hylton-Foster,4470,0,0,0,,,,1,,
Q15967316,James Dickens,2813,0,0,0,,,,0,,
Q15968114,Patricia McLaughlin,5013,0,0,0,,,,0,,
Q15968427,Mary McAlister,4970,0,0,0,,,,0,,
Q15968697,Philip Oliver,5281,0,0,0,,,,0,,
Q15969400,Harriet Slater,5770,0,0,0,,,,0,,
Q15971315,Charles Rudkin,5633,0,0,0,,,,0,,
Q15972493,Joseph Johnstone,8110,0,0,0,,,,0,,
Q15976329,"John Mackie, Baron John-Mackie",8680,1,1,0,sibling,sibling,HoC,1,panel;rush,"George Mackie, Baron Mackie of Benshie"
Q15985286,Granville Leveson-Gower,9096,0,0,0,,,,1,,
Q15989854,John Bonham-Carter,1241,1,1,0,parent,parent;child,HoC,1,panel;rush,John Bonham-Carter
Q15989931,Norman Carlyle Craig,7495,0,0,0,,,,0,,
Q15990036,Arnold Herbert,7381,0,0,0,,,,0,,
Q15990054,Henry Hope,9019,1,1,0,sibling,sibling,HoC,1,panel,Alexander Beresford Hope
Q15990065,Edward John Hutchins,4463,0,0,0,,,,0,,
Q15990103,Henry Keswick,4589,1,1,0,parent,parent;child,HoC,1,panel;rush,William Keswick
Q15990106,John Alexander Kinglake,2395,0,0,0,,,,0,,
Q15990138,Frank Lockwood,2486,0,0,0,,,,1,,
Q15990151,William Alexander Mackinnon,4853,1,3,1,parent,parent;child;sibling;niece/nephew,HoC,1,panel;rush,"Lauchlan Bellingham Mackinnon;Thomas Cochrane, 1st Baron Cochrane of Cults;William Alexander Mackinnon"
Q15990183,Charles Morley,1991,1,2,1,parent,parent;child;sibling,HoC,1,panel;rush,Arnold Morley;Samuel Morley
Q15990226,George Lort Phillips,7125,0,0,0,,,,1,,
Q15990268,"John Lumley-Savile, 8th Earl of Scarbrough",4780,0,0,0,,,,1,,
Q15990294,Nigel Spearing,5813,0,0,0,,,,0,,
Q15990302,Paul Stinchcombe,640,0,0,0,,,,0,,
Q15990321,John Tilley,5994,0,0,0,,,,0,,
Q15990328,George James Turner,7296,0,0,0,,,,0,,
Q15990334,,,0,0,0,,,,1,,
Q15990357,James Wigram,7349,1,1,0,sibling,sibling,HoC,1,panel;rush,Loftus Wigram
Q15994409,Lord William Douglas,,0,0,0,,,,1,,
Q15994564,James Lewis Knight-Bruce,,0,0,0,,,,1,,
Q15994601,"John Macdonald, Lord Kingsburgh",2520,0,0,0,,,,1,,
Q15994823,John Weyland,,0,0,0,,,,0,,
Q15994825,James Whatman,1028,0,0,0,,,,1,,
Q15995041,"Sir William Dunn, 1st Baronet, of Lakenheath",2017,0,0,0,,,,0,,
Q15995331,David King Murray,8276,0,0,0,,,,0,,
Q15995651,William Murdoch Adamson,50,1,1,0,spouse,spouse,HoC,0,rush,Jennie Adamson
Q15995675,Henry Chancellor,3475,0,0,0,,,,0,,
Q15995793,Henry George Purchase,9169,0,0,0,,,,0,,
Q15995796,"George Kemp, 1st Baron Rochdale",1832,0,0,0,,,,1,,
Q15996053,P. J. Brady,7438,0,0,0,,,,0,,
Q15996123,Hugh Law,7413,1,1,0,parent,parent;child,HoC,1,panel;rush,Hugh Law
Q15996195,Herbert Willison,6217,0,0,0,,,,0,,
Q15996281,Thomas Howell Williams Idris,4473,0,0,0,,,,0,,
Q15996331,Hilton Philipson,5387,0,0,0,,,,0,,
Q15996349,"Sir Charles Shaw, 1st Baronet",2865,0,0,0,,,,0,,
Q15996350,Arthur Sherwell,5730,0,0,0,,,,0,,
Q15996362,John Lincoln Tattersall,5948,0,0,0,,,,0,,
Q15996369,John Train,6025,0,0,0,,,,0,,
Q15996380,Sir Roy Wilson,8230,0,0,0,,,,0,,
Q15996425,Harold Elverston,3875,0,0,0,,,,0,,
Q15996967,Arthur George Hooper,7426,0,0,0,,,,0,,
Q15996986,Joseph Leech,4679,0,0,0,,,,0,,
Q15997094,Frank Smith,7898,0,0,0,,,,0,,
Q15997294,Thomas Raven Ackroyd,20,0,0,0,,,,0,,
Q15997318,James Crowley,3651,0,0,0,,,,0,,
Q15997324,John Duckworth,3790,0,0,0,,,,0,,
Q15997417,Berkeley Sheffield,5723,0,0,0,,,,1,,
Q15997422,William Stewart,8348,0,0,0,,,,0,,
Q15997495,Henry Holman Gregory,7988,0,0,0,,,,0,,
Q15997526,Francis Norie-Miller,5222,0,0,0,,,,0,,
Q15997531,Edward Timothy Palmer,7865,0,0,0,,,,0,,
Q15997536,Leslie Renton,5552,0,0,0,,,,0,,
Q15997627,Henry Fildes,3962,0,0,0,,,,0,,
Q15997723,John Bertrand Watson,8065,0,0,0,,,,0,,
Q15997752,Thomas Worrall Casey,3456,0,0,0,,,,0,,
Q15997804,William Leach,4669,0,0,0,,,,0,,
Q15997854,Tom Snowden,5789,0,0,0,,,,0,,
Q15997946,"Joseph Henderson, 1st Baron Henderson of Ardwick",8728,0,0,0,,,,1,,
Q15998003,Reginald Purbrick,5480,0,0,0,,,,0,,
Q15998023,Maxwell Thornton,8138,0,0,0,,,,0,,
Q15998030,William Ward Warner,8358,0,0,0,,,,0,,
Q15998051,John Wycliffe Black,3222,0,0,0,,,,0,,
Q15998134,Henry Montgomery,5097,0,0,0,,,,0,,
Q15998181,Thomas Wiles,6204,0,0,0,,,,0,,
Q15998183,John Worthington,6370,0,0,0,,,,0,,
Q15998428,John Pratt,5449,0,0,0,,,,0,,
Q15998437,Howel Walter Samuel,8010,0,0,0,,,,0,,
Q15998441,Tom Smith,8921,0,0,0,,,,0,,
Q15998566,Sir Charles Price,7807,0,0,0,,,,0,,
Q15998602,Wilfrid Wills,8308,0,0,0,,,,1,,
Q15998643,"George Muff, 1st Baron Calverley",5139,0,0,0,,,,1,,
Q15998778,Patrick Bartley,8788,0,0,0,,,,0,,
Q15998792,Francis Alfred Broad,7890,0,0,0,,,,0,,
Q15998793,Harry Cunningham Brodie,3351,0,0,0,,,,0,,
Q15998908,Charles Frederick White,8425,1,1,0,parent,parent;child,HoC,0,panel;rush,Charles Frederick White
Q15998931,Thomas Bethell,3181,1,1,0,sibling,sibling,HoC,1,panel;rush,"John Bethell, 1st Baron Bethell"
Q15999049,Russell Thomas,8354,0,0,0,,,,0,,
Q15999092,Thomas Brooks,8915,0,0,0,,,,0,,
Q15999104,Horace Crawfurd,3620,0,0,0,,,,0,,
Q15999119,James Glanville,4103,0,0,0,,,,0,,
Q15999171,Thomas Naylor,5179,0,0,0,,,,0,,
Q15999284,Henry Charleton,3481,0,0,0,,,,0,,
Q15999312,James Harrison,8640,0,0,0,,,,0,,
Q15999315,Samuel Gillmor Haughton,4287,0,0,0,,,,1,,
Q15999385,John William Howard Thompson,7555,0,0,0,,,,0,,
Q15999413,Jack Beattie,3135,0,0,0,,,,0,,
Q15999856,,,0,0,0,,,,1,,
Q15999959,William Rupert Rees-Davies,5542,1,2,1,parent,parent;grandparent,HoC,0,rush,William Davies;William Rees Morgan Davies
Q16000200,Louis Comyns,3575,0,0,0,,,,0,,
Q16000244,Guy Dalrymple Fanshawe,3924,0,0,0,,,,1,,
Q16000300,John Henry Jones,8705,0,0,0,,,,0,,
Q16000327,Fred Marshall,9065,0,0,0,,,,0,,
Q16000350,Henry Nicholls,9253,0,0,0,,,,0,,
Q16000418,John Taylor,8677,0,0,0,,,,0,,
Q16003726,Hubert Medland,5035,0,0,0,,,,0,,
Q16003771,Samuel Viant,6094,0,0,0,,,,0,,
Q16003777,Henry White,8593,0,0,0,,,,0,,
Q16003888,James Dixon Murray,8647,0,0,0,,,,0,,
Q16004033,Paul Galligan,4053,0,0,0,,,,0,,
Q16006467,"Sir Ronald Ross, 2nd Baronet",8874,1,1,0,parent,parent,HoC,1,rush,"Sir John Ross, 1st Baronet"
Q16006679,James Welsh,9174,0,0,0,,,,0,,
Q16007033,Horace Holmes,8612,0,0,0,,,,0,,
Q16007585,Herschel Lewis Austin,6405,0,0,0,,,,0,,
Q16007644,Charles Howell,8422,0,0,0,,,,0,,
Q16007670,Neil McBride,4973,0,0,0,,,,0,,
Q16007970,William Ainsley,2985,0,0,0,,,,0,,
Q16008683,Harold Finch,8585,0,0,0,,,,0,,
Q16008802,Reginald Terrell,5961,1,2,1,parent,parent;uncle/aunt,HoC,0,rush,Henry Terrell;George Terrell
Q16009960,Henry Drummond Wolff,7991,1,1,0,indirect,indirect,HoC,0,rush,Henry Drummond Wolff
Q16010090,"Hugh O'Neill, 1st Baron Rathcavan",8864,1,4,1,parent,parent;child;sibling;uncle/aunt;niece/nephew,HoC,1,panel;rush,"Arthur O'Neill;Edward O'Neill, 2nd Baron O'Neill;Phelim O'Neill, 2nd Baron Rathcavan;Robert Torrens O'Neill"
Q16011182,Harry Cowans,3613,0,0,0,,,,0,,
Q16011273,Harry Hynd,4471,0,0,0,,,,0,,
Q16012268,Elwyn Jones,8952,0,0,0,,,,0,,
Q16012366,Walter Alldritt,3001,0,0,0,,,,0,,
Q16012621,Adam Hunter,8001,0,0,0,,,,0,,
Q16012745,Joyce Butler,9271,0,0,0,,,,0,,
Q16012875,Sidney Schofield,5682,0,0,0,,,,0,,
Q16013699,Margaret McKay,5006,0,0,0,,,,0,,
Q16013765,Henry Usborne,8595,0,0,0,,,,0,,
Q16013802,Syd Bidwell,3196,0,0,0,,,,0,,
Q16013816,Ivor Clemitson,3522,0,0,0,,,,0,,
Q16013828,Jimmy Dunnachie,3819,0,0,0,,,,0,,
Q16013864,John Horner,4418,0,0,0,,,,0,,
Q16013877,Hugh Lawson,8015,0,0,0,,,,0,,
Q16013902,Edward Moeran,5074,0,0,0,,,,0,,
Q16013991,Robert Woof,6247,0,0,0,,,,0,,
Q16014466,Michael O'Halloran,5259,0,0,0,,,,0,,
Q16015196,John Maginnis,9267,0,0,0,,,,0,,
Q16017494,Hugh McCartney,9254,1,1,0,child,child,HoC,0,rush,Ian McCartney
Q16018065,Hugh Brown,8617,0,0,0,,,,0,,
Q16018627,James White,6501,0,0,0,,,,0,,
Q16022822,John Meir Astbury,3051,1,1,0,sibling,sibling,HoC,0,rush,Frederick Wolfe Astbury
Q16022826,John Baker,6491,0,0,0,,,,0,,
Q16022838,Willie Brooke,8362,0,0,0,,,,0,,
Q16022911,William Henry Porteous Martin,8344,0,0,0,,,,0,,
Q16023275,John Muldoon,5145,0,0,0,,,,0,,
Q16023302,"John Philipps, 1st Viscount St Davids",2871,1,2,1,sibling,sibling,HoC,1,panel,"Owen Philipps, 1st Baron Kylsant;Ivor Philipps"
Q16023329,David Vaughan,6084,0,0,0,,,,0,,
Q16023338,Robert Henry Woods,6377,0,0,0,,,,1,,
Q16023409,William Clough,7484,1,1,0,sibling,sibling,HoC,0,panel,Robert Clough
Q16023428,Frederick William Gibbins,4084,0,0,0,,,,0,,
Q16025088,Ronald Wilberforce Allen,6379,0,0,0,,,,0,,
Q16025107,Alfred Bigland,3200,0,0,0,,,,0,,
Q16025241,William Arthur Lindsay,8322,0,0,0,,,,0,,
Q16025309,John Taylor,8051,0,0,0,,,,0,,
Q16026114,Harry Barnes,7973,0,0,0,,,,0,,
Q16026150,"Sir George Clark, 1st Baronet",102,0,0,0,,,,1,,
Q16026156,Charles Corbett,7502,0,0,0,,,,0,,
Q16026297,John Aeron Thomas,7552,0,0,0,,,,0,,
Q16026983,Joseph Richard Cox,1406,0,0,0,,,,0,,
Q16026997,"Hudson Kearley, 1st Viscount Devonport",1811,0,0,0,,,,1,,
Q16027108,"Sir William Raeburn, 1st Baronet",5494,0,0,0,,,,1,,
Q16029212,"Sir Francis Layland-Barratt, 1st Baronet",4665,0,0,0,,,,0,,
Q16029214,"Sir Maurice Levy, 1st Baronet",4711,0,0,0,,,,0,,
Q16029227,Thomas Bateman Napier,7574,0,0,0,,,,0,,
Q16029286,"Sir John Barlow, 1st Baronet",2907,1,2,1,parent,parent;sibling,HoC,1,panel,"Percy Barlow;Sir John Barlow, 2nd Baronet"
Q16029329,John Sharp Higham,4357,0,0,0,,,,0,,
Q16029356,James O'Doherty,2685,0,0,0,,,,0,,
Q16029905,Herbert Evans,7997,0,0,0,,,,0,,
Q16029927,Edward Thomas John,9128,0,0,0,,,,0,,
Q16029933,Harry Liddell,9122,0,0,0,,,,0,,
Q16029937,James Melville,2555,0,0,0,,,,0,,
Q16029944,John William Muir,5141,0,0,0,,,,0,,
Q16029945,Frank Murrell,5162,0,0,0,,,,0,,
Q16030063,David Kent,4570,0,0,0,,,,0,,
Q16030123,Llewellyn Atherley-Jones,1847,0,0,0,,,,0,,
Q16030131,George Jackson Bentham,3166,0,0,0,,,,0,,
Q16030146,Robert Climie,3526,0,0,0,,,,0,,
Q16030168,Alfred Paget Hedges,4317,0,0,0,,,,0,,
Q16030281,Henry Green,1728,0,0,0,,,,0,,
Q16030312,Douglas Coghill,1956,0,0,0,,,,0,,
Q16030357,Hugh Hayes,8012,0,0,0,,,,0,,
Q16030393,Frederick Loverseed,4766,1,1,0,child,child,HoC,0,rush,John Eric Loverseed
Q16030421,Edward Ridley,7161,1,5,1,parent,parent;child;sibling;grandparent;grandchild;uncle/aunt;niece/nephew,HoC,1,panel;rush,"Sir Matthew White Ridley, 4th Baronet;George Ridley;Matthew White Ridley, 1st Viscount Ridley;Matthew White Ridley, 2nd Viscount Ridley;Sir Matthew White Ridley, 3rd Baronet"
Q16030427,John Doherty Barbour,6530,0,0,0,,,,1,,
Q16030499,John Morrogh,2637,0,0,0,,,,0,,
Q16030511,Charles Kearns Deane Tanner,2025,0,0,0,,,,0,,
Q16030594,John Finucane,1605,0,0,0,,,,0,,
Q16030599,"Sir John Harmood-Banner, 1st Baronet",4259,0,0,0,,,,0,,
Q16030680,Howard Spensley,888,0,0,0,,,,0,,
Q16030681,Simon Watson Taylor,7269,1,1,0,child,child,HoC,0,panel,George Watson-Taylor
Q16030721,"Sir Osmond Williams, 1st Baronet",5296,1,1,0,parent,parent;child,HoC,1,panel;rush,David Williams
Q16030743,William Samuel Glyn-Jones,4116,0,0,0,,,,0,,
Q16030795,Henry Joseph Gill,1681,0,0,0,,,,0,,
Q16030823,William Doris,3760,0,0,0,,,,0,,
Q16030881,Hugh Lea,7408,0,0,0,,,,0,,
Q16030894,Michael Molloy,9417,0,0,0,,,,0,,
Q16031046,Thomas Joseph Healy,2245,1,2,1,sibling,sibling,HoC,1,panel;rush,Timothy Michael Healy;Maurice Healy
Q16031050,Frederick Hindle,4377,1,1,0,child,child,HoC,0,rush,Frederick Hindle
Q16031068,James Lardner,4652,0,0,0,,,,0,,
Q16031128,Frederick Whitley Thomson,7556,0,0,0,,,,0,,
Q16031134,James Wignall,6196,0,0,0,,,,0,,
Q16031163,James Bevan Bowen,3284,0,0,0,,,,0,,
Q16031236,"John Balfour, 1st Baron Kinross",1161,0,0,0,,,,1,,
Q16031269,William Parrott,5328,0,0,0,,,,0,,
Q16031292,Herbert Raphael,5507,0,0,0,,,,1,,
Q16031311,Thomas Ball Silcock,5745,0,0,0,,,,0,,
Q16031339,David Waterlow,7530,1,1,0,parent,parent;child,HoC,1,panel;rush,"Sir Sydney Waterlow, 1st Baronet"
Q16031342,Frederick William Wilson,1922,0,0,0,,,,0,,
Q16031423,Bernard Collery,1399,0,0,0,,,,0,,
Q16031429,Alfred Davies,7470,0,0,0,,,,0,,
Q16031440,Alan Coulston Gardner,7405,1,1,0,sibling,sibling,HoC,1,panel,"Herbert Gardner, 1st Baron Burghclere"
Q16031545,Daniel Crilly,1420,0,0,0,,,,0,,
Q16031557,"Horace Farquhar, 1st Earl Farquhar",3929,1,2,1,parent,parent;child;indirect,HoC,1,panel;rush,"Sir Walter Minto Townsend-Farquhar, 2nd Baronet;Sir Samuel Scott, 6th Baronet"
Q16031617,John Francis Small,866,0,0,0,,,,0,,
Q16031624,Henry de Rosenbach Walker,7549,0,0,0,,,,0,,
Q16031648,Joseph Bennett,1206,0,0,0,,,,0,,
Q16031682,Laurence Connolly,2812,0,0,0,,,,0,,
Q16031716,John McAusland Denny,2000,0,0,0,,,,0,,
Q16031736,Hugh Fullerton,4045,0,0,0,,,,0,,
Q16031744,Joseph Leigh,2050,0,0,0,,,,0,,
Q16031755,John Pinkerton,2764,0,0,0,,,,0,,
Q16031788,Joseph MacDonagh,9410,0,0,0,,,,0,,
Q16031849,John Williams,8049,0,0,0,,,,0,,
Q16037625,John Barry,1176,0,0,0,,,,0,,
Q16037646,William Joseph Corbet,2823,0,0,0,,,,0,,
Q16037702,James Halpin,4233,0,0,0,,,,0,,
Q16037711,James Patrick Farrell,2144,0,0,0,,,,0,,
Q16037759,Francis Arthur O'Keefe,2694,0,0,0,,,,0,,
Q16037763,Patrick Aloysius McHugh,4816,0,0,0,,,,0,,
Q16037832,Thomas Meyrick,2596,0,0,0,,,,1,,
Q16037929,William Wilson,8357,0,0,0,,,,0,,
Q16043442,"William Amherst, 3rd Earl Amherst",2299,1,1,0,child,child,HoC,1,panel,"William Amherst, 2nd Earl Amherst"
Q16043493,James Gibb,7404,0,0,0,,,,0,,
Q16043494,John Cullinan,3656,0,0,0,,,,0,,
Q16043538,Spencer Leigh Hughes,8247,0,0,0,,,,0,,
Q16043560,Alfred John King,7429,0,0,0,,,,0,,
Q16043602,John O'Donnell,7562,0,0,0,,,,0,,
Q16043613,James Rowlands,2868,0,0,0,,,,0,,
Q16043668,John Brigg,2112,0,0,0,,,,0,,
Q16043699,James Duncan,3466,1,1,0,parent,parent,HoC,0,rush,David Duncan
Q16043716,John Fitzgibbon,3994,0,0,0,,,,0,,
Q16043724,John Lloyd Gibbons,4087,0,0,0,,,,0,,
Q16043736,Jeremiah Jordan,2157,0,0,0,,,,0,,
Q16043741,"Sir Edward Holden, 1st Baronet",7685,1,1,0,parent,parent,HoC,0,rush,"Sir Isaac Holden, 1st Baronet"
Q16043743,William Henry Bateman Hope,9127,0,0,0,,,,0,,
Q16043747,John Eustace Jameson,2024,0,0,0,,,,1,,
Q16043830,Dudley Stewart-Smith,5878,0,0,0,,,,0,,
Q16043839,"Sir Samuel Walker, 1st Baronet",7319,0,0,0,,,,1,,
Q16058421,William Humphery,4452,1,1,0,parent,parent,HoC,0,rush,John Humphery
Q16058675,Thomas Joseph Farrell,1583,0,0,0,,,,0,,
Q16058723,James McKillop,2019,0,0,0,,,,0,,
Q16058751,John Francis Smithwick,879,0,0,0,,,,0,,
Q16058759,James Woolley Summers,7541,0,0,0,,,,1,,
Q16058830,"Sir John Heathcoat-Amory, 1st Baronet",2248,1,3,1,indirect,indirect,HoC,1,rush,"John Heathcoat;David Heathcoat-Amory;Derick Heathcoat-Amory, 1st Viscount Amory"
Q16058834,Henry Howard,2313,1,2,1,child,child;sibling,HoC,1,panel;rush,Henry Howard;Stafford Howard
Q16058841,Horace Rendall Mansfield,4921,0,0,0,,,,0,,
Q16059013,James Duckworth,3791,0,0,0,,,,0,,
Q16059015,William Farrer Ecroyd,3849,0,0,0,,,,0,,
Q16059037,Robert Laidlaw,4625,0,0,0,,,,0,,
Q16059060,Conor O'Kelly,7584,0,0,0,,,,0,,
Q16059123,Thomas Henry Bolton,1239,0,0,0,,,,0,,
Q16059133,William Burnyeat,3406,0,0,0,,,,0,,
Q16059143,Andrew Commins,2809,0,0,0,,,,0,,
Q16059166,James Gilhooly,2149,0,0,0,,,,0,,
Q16059222,Bernard Charles Molloy,2613,0,0,0,,,,0,,
Q16059243,James Tuite,963,0,0,0,,,,0,,
Q16059291,William Francis Cotton,7496,0,0,0,,,,0,,
Q16059315,William Charles Heaton-Armstrong,4314,0,0,0,,,,1,,
Q16059525,Richard Hamilton Rawson,5519,1,2,1,indirect,indirect,HoC,1,rush,"Thomas Anson, 2nd Earl of Lichfield;Victor Warrender, 1st Baron Bruntisfield"
Q16059549,Robert Thompson,7558,0,0,0,,,,0,,
Q16059570,Samuel Young,2145,0,0,0,,,,0,,
Q16059696,"Ion Hamilton, 1st Baron HolmPatrick",1766,1,1,0,parent,parent;child,HoC,1,panel;rush,James Hans Hamilton
Q16059942,Charles Williams-Wynn,1097,1,5,1,parent,parent;child;uncle/aunt;niece/nephew;cousin;indirect,HoC,1,panel;rush,"Herbert Williams-Wynn;Charles Williams-Wynn;Sir Herbert Williams-Wynn, 7th Baronet;Sir Watkin Williams-Wynn, 5th Baronet;Sir Watkin Williams-Wynn, 6th Baronet"
Q16060018,Vere Fane Benett-Stanford,1205,0,0,0,,,,0,,
Q16060038,William Gordon,1702,0,0,0,,,,0,,
Q16060051,John Kinnear,2398,0,0,0,,,,0,,
Q16061349,Cranley Onslow,8443,0,0,0,,,,1,,
Q16062337,Henry Wardle,994,0,0,0,,,,0,,
Q16062446,James Johnston Clark,6650,0,0,0,,,,1,,
Q16062449,Lord James Stuart,7255,1,1,0,parent,parent,HoC,1,panel,James Crichton-Stuart
Q16062486,Peter McDonald,2521,0,0,0,,,,0,,
Q16062564,James Pilkington,7128,0,0,0,,,,0,,
Q16062575,Enoch Salisbury,5656,0,0,0,,,,0,,
Q16062609,Samuel Christy-Miller,3504,0,0,0,,,,0,,
Q16062611,William Cox,6682,0,0,0,,,,0,,
Q16062703,John Daly,1448,0,0,0,,,,0,,
Q16062754,John Aloysius Blake,1230,0,0,0,,,,1,,
Q16062767,John Kynaston Cross,1423,0,0,0,,,,1,,
Q16062817,Thomas Watson,1003,0,0,0,,,,0,,
Q16062818,Joshua Westhead,1280,0,0,0,,,,0,,
Q16062840,John Bramley-Moore,7047,0,0,0,,,,0,,
Q16062870,"Sir Alexander Matheson, 1st Baronet",2583,1,1,0,uncle/aunt,uncle/aunt,HoC,1,rush,James Matheson
Q16062936,Christopher Darby Griffith,4177,0,0,0,,,,1,,
Q16063094,"Sir John Rivett-Carnac, 2nd Baronet",3447,1,1,0,parent,parent;child,HoC,1,panel;rush,"Sir James Rivett-Carnac, 1st Baronet"
Q16063121,"William Cavendish, 2nd Baron Chesham",2569,1,6,1,parent,parent;child;grandchild;niece/nephew;indirect,HoC,1,panel;rush,"Charles Lyttelton, 8th Viscount Cobham;George Cavendish, 1st Earl of Burlington;Charles Cavendish, 1st Baron Chesham;George Byng, 2nd Earl of Strafford;Henry Cavendish;John Lyttelton, 9th Viscount Cobham"
Q16063142,Samuel Gurney,6858,0,0,0,,,,1,,
Q16063146,John Dyson Hutchinson,2334,0,0,0,,,,0,,
Q16063156,Richard Malins,9029,0,0,0,,,,0,,
Q16063301,Joseph Foley,1618,0,0,0,,,,0,,
Q16063316,William Lee,2442,0,0,0,,,,0,,
Q16063342,Michael Francis Ward,7325,0,0,0,,,,0,,
Q16063401,Martin Tucker Smith,7217,1,5,1,parent,parent;child;sibling;uncle/aunt;niece/nephew,HoC,1,panel;rush,Gerard Smith;John Abel Smith;John Smith;Jervoise Smith;Samuel Smith
Q16063595,James Sharman Crawford,1413,1,1,0,parent,parent,HoC,0,rush,William Sharman Crawford
Q16063606,Reginald Greville-Nugent,6845,1,4,1,parent,parent;child;sibling;uncle/aunt;indirect,HoC,1,panel;rush,"George Greville-Nugent;Algernon Greville, 2nd Baron Greville;Fulke Greville-Nugent, 1st Baron Greville;Ronald Greville"
Q16063633,Edward Royd Rice,5567,0,0,0,,,,1,,
Q16063838,Henry Danby Seymour,7197,1,1,0,sibling,sibling,HoC,1,panel;rush,Alfred Seymour
Q16063927,Thomas Conolly,2814,1,1,0,parent,parent;child,HoC,1,panel;rush,Edward Michael Conolly
Q16063945,John Hope-Johnstone,6942,1,1,0,grandchild,grandchild,HoC,1,rush,John Hope-Johnstone
Q16063967,Joseph Philip Ronayne,780,0,0,0,,,,0,,
Q16065355,Houston Stewart,7240,1,2,1,sibling,sibling;uncle/aunt,HoC,1,panel,"Sir Michael Shaw-Stewart, 7th Baronet;Sir Michael Shaw-Stewart, 6th Baronet"
Q16065383,Thomas Challis,3472,0,0,0,,,,1,,
Q16065470,"Ernest Vaughan, 4th Earl of Lisburne",4724,0,0,0,,,,1,,
Q16065476,Alexander Mitchell,9039,0,0,0,,,,0,,
Q16065524,Francis Crossley,1427,1,3,1,parent,parent;child;sibling;indirect,HoC,1,panel;rush,"Edward Crossley;John Crossley;Savile Crossley, 1st Baron Somerleyton"
Q16065567,Charles Tyrrell,6066,0,0,0,,,,0,,
Q16065605,"Sir William Verner, 1st Baronet",6470,1,2,1,parent,parent;child,HoC,1,panel;rush,"Sir Edward Verner, 4th Baronet;Sir William Verner, 2nd Baronet"
Q16065606,Joshua Walmsley,6124,0,0,0,,,,0,,
Q16065631,John Campbell Colquhoun,3571,0,0,0,,,,1,,
Q16065673,Maurice Power,7141,0,0,0,,,,0,,
Q16065683,Charles Ashe Windham,6225,1,1,0,sibling,sibling,HoC,1,rush,William Howe Windham
Q16065721,John Ffolliott,3955,0,0,0,,,,1,,
Q16065803,Hugh Duncan Baillie,6512,1,3,1,parent,parent;child;sibling,HoC,1,panel;rush,Henry Baillie;James Evan Baillie;John Baillie
Q16065804,"Henry Lygon, 5th Earl Beauchamp",3872,1,3,1,parent,parent;child;sibling;indirect,HoC,1,panel;rush,"Frederick Lygon, 6th Earl Beauchamp;Henry Lygon, 4th Earl Beauchamp;William Lygon, 8th Earl Beauchamp"
Q16065824,Humphrey St John-Mildmay,7031,1,3,1,parent,parent;child;sibling;indirect,HoC,1,panel;rush,"Paulet St. John Mildmay;Humphrey St John-Mildmay;Alexander Baring, 1st Baron Ashburton"
Q16065864,Matthias Wolverley Attwood,3070,1,1,0,parent,parent;child,HoC,0,panel;rush,Matthias Attwood
Q16065913,John Lloyd Vaughan Watkins,6147,0,0,0,,,,0,,
Q16065945,Francis Scully,5695,1,1,0,cousin,cousin,HoC,0,panel;rush,Vincent Scully
Q16065995,"Henry Cavendish, 3rd Baron Waterpark",6142,1,1,0,indirect,indirect,HoC,1,rush,"Thomas Anson, 2nd Earl of Lichfield"
Q16065998,Digby Cayley Wrangham,,0,0,0,,,,0,,
Q16066023,"Arthur Hill-Trevor, 3rd Viscount Dungannon",3813,0,0,0,,,,1,,
Q16066050,Frederick Richard West,7335,1,1,0,parent,parent;child,HoC,1,panel;rush,William Cornwallis-West
Q16066056,Herbert Baldwin,6523,1,1,0,cousin,cousin,HoC,0,panel;rush,Daniel O'Connell
Q16066097,William Masters Smith,7222,0,0,0,,,,0,,
Q1606613,Harry Cust,2042,1,3,1,parent,parent;child;cousin;indirect,HoC,1,panel;rush,"Henry Cockayne-Cust;Adelbert Brownlow-Cust, 3rd Earl Brownlow;Charles Cust"
Q16066148,John Fox-Strangways,5897,1,2,1,indirect,indirect,HoC,1,rush,"Henry Petty-Fitzmaurice, 4th Marquess of Lansdowne;William Petty-FitzMaurice, Earl of Kerry"
Q16066161,Anthony Henry Ashley-Cooper,8998,1,4,1,sibling,sibling;uncle/aunt,HoC,1,panel,"Evelyn Ashley;Anthony John Ashley-Cooper;Anthony Ashley-Cooper, 7th Earl of Shaftesbury;Anthony Ashley-Cooper, 8th Earl of Shaftesbury"
Q16066164,"Sir Joseph Bailey, 1st Baronet",6508,1,2,1,parent,parent;child;grandparent,HoC,1,panel;rush,"Joseph Bailey;Joseph Russell Bailey, 1st Baron Glanusk"
Q16066168,Thomas William Booker-Blakemore,3258,0,0,0,,,,0,,
Q16066171,"Sir Edward Buxton, 2nd Baronet",6437,1,8,1,parent,parent;child;sibling;grandparent;grandchild;uncle/aunt;niece/nephew,HoC,1,panel;rush,"Sydney Buxton, 1st Earl Buxton;Charles Buxton;Noel Noel-Buxton;Thomas Fowell Buxton;Charles Buxton;Edward Buxton;Francis Buxton;Sir Thomas Buxton, 1st Baronet"
Q16066203,Michael Williams,7354,0,0,0,,,,1,,
Q16066212,John Milley Doyle,,0,0,0,,,,0,,
Q16066255,Patt Lalor,6968,1,1,0,parent,parent;child,HoC,0,panel;rush,Richard Lalor
Q16066259,Lord Charles Manners,7008,1,2,1,sibling,sibling;indirect,HoC,1,panel;rush,Lord George Manners;Lord Robert Manners
Q16066265,William Ord,5288,1,1,0,parent,parent;child,HoC,0,panel;rush,William Henry Ord
Q16066277,Robert Edward Boyle,3300,1,3,1,sibling,sibling;niece/nephew,HoC,1,panel;rush,"John Boyle;Richard Boyle, 9th Earl of Cork;William George Boyle"
Q16066278,"Sir Arthur Brooke, 2nd Baronet",6590,0,0,0,,,,1,,
Q16066313,Thomas Grimston Estcourt,3899,1,2,1,parent,parent;child,HoC,1,panel;rush,James Bucknall Bucknall Estcourt;Thomas Sotheron-Estcourt
Q16066414,"Francis Osborne, 1st Baron Godolphin",,0,0,0,,,,1,,
Q16066415,"Charles Evelyn Pierrepont, Viscount Newark",9404,1,3,1,sibling,sibling;uncle/aunt;niece/nephew;indirect,HoC,1,panel;rush,"Charles Pierrepont, 4th Earl Manvers;Edward Littleton, 1st Baron Hatherton;Sydney Pierrepont, 3rd Earl Manvers"
Q16066453,Hampden Whalley,7337,1,1,0,parent,parent;child,HoC,0,panel;rush,George Hammond Whalley
Q16066471,Lord Colin Campbell,1321,1,1,0,sibling,sibling,HoC,1,panel;rush,"John Campbell, 9th Duke of Argyll"
Q16066489,Frederick William Horner,4419,0,0,0,,,,0,,
Q16066790,George Robert Harland Bowden,3277,0,0,0,,,,0,,
Q16066811,John Dickie,3736,0,0,0,,,,0,,
Q1606684,Henry Drummond Wolff,6309,1,1,0,indirect,indirect,HoC,1,rush,Henry Drummond Wolff
Q16066841,Charles William Darbishire,3683,0,0,0,,,,0,,
Q16066941,John Mills,8071,0,0,0,,,,1,,
Q1606850,"Henry Herbert, 3rd Earl of Carnarvon",,1,2,1,parent,parent;sibling,HoC,1,panel,Auberon Herbert;Edward Herbert
Q16071510,James Guy,4205,0,0,0,,,,0,,
Q16072674,Harold Neal,5181,0,0,0,,,,0,,
Q1607419,Henry Lowry-Corry,2496,1,1,0,uncle/aunt,uncle/aunt,HoC,1,rush,Henry Lowry-Corry
Q16078875,"Sir Douglas Thomson, 2nd Baronet",8648,1,1,0,parent,parent;child,HoC,1,panel;rush,"Sir Frederick Thomson, 1st Baronet"
Q16079015,Jack McCann,4979,0,0,0,,,,0,,
Q160852,William Ewart Gladstone,1687,1,5,1,parent,parent;child;sibling;grandparent;grandchild,HoC,1,panel;rush,"Herbert Gladstone, 1st Viscount Gladstone;William Henry Gladstone;John Gladstone;Sir Thomas Gladstone, 2nd Baronet;William Glynne Charles Gladstone"
Q16091442,John Ellis,8670,0,0,0,,,,0,,
Q16091939,Tom Mitchell,9297,0,0,0,,,,0,,
Q16093151,Brian Walden,6113,0,0,0,,,,0,,
Q16104546,William Ross,585,0,0,0,,,,0,,
Q16105245,Frank White,8528,0,0,0,,,,0,,
Q16107112,Christine Russell,593,0,0,0,,,,0,,
Q1611293,James O'Grady,5256,0,0,0,,,,0,,
Q16121348,Jenny Jones,396,0,0,0,,,,0,,
Q16146311,Henry Adeane,,1,1,0,parent,parent,HoC,1,panel,Henry Adeane
Q16150309,Lucy Allan,9759,0,0,0,,,,0,,
Q1617771,"Peter Archer, Baron Archer of Sandwell",3038,0,0,0,,,,1,,
Q1618119,Hilary Marquand,4937,1,1,0,child,child,HoC,0,rush,David Marquand
Q16190543,Ivan Henderson,348,0,0,0,,,,0,,
Q16190632,Mike Kane,10072,0,0,0,,,,0,,
Q16190712,Emma Lewell-Buck,10073,0,0,0,,,,0,,
Q16191379,Robert Tootill,6007,0,0,0,,,,0,,
Q16198301,Thomas Bolton,1799,0,0,0,,,,0,,
Q16198416,Michael Conway,2815,0,0,0,,,,0,,
Q16198477,James Cowan,2837,1,1,0,sibling,sibling,HoC,0,rush,Charles Cowan
Q16198554,Francis Coldwells,1392,0,0,0,,,,0,,
Q16198699,Augustus Godson,1971,1,1,0,uncle/aunt,uncle/aunt,HoC,0,rush,Richard Godson
Q16203028,"Leopold Agar-Ellis, 5th Viscount Clifden",728,1,3,1,cousin,cousin;indirect,HoC,1,panel;rush,"George Howard, 7th Earl of Carlisle;Thomas Agar-Robartes, 6th Viscount Clifden;Thomas Stonor, 3rd Baron Camoys"
Q16203056,Herbert Curteis,3662,1,2,1,parent,parent;child;uncle/aunt;niece/nephew,HoC,1,panel;rush,Herbert Barrett Curteis;Edward Curteis
Q16203209,William Findlater,1601,0,0,0,,,,1,,
Q16211496,Nigel Huddleston,9790,0,0,0,,,,0,,
Q16232474,Tom Pursglove,9808,0,0,0,,,,0,,
Q16239398,John Davenport,6700,1,2,1,grandchild,grandchild;indirect,HoC,0,rush,Harry Davenport;William Bromley-Davenport
Q16239969,Fulk Greville Howard,,0,0,0,,,,1,,
Q16240158,Joseph Bailey,6509,1,2,1,parent,parent;child,HoC,1,panel;rush,"Sir Joseph Bailey, 1st Baronet;Joseph Russell Bailey, 1st Baron Glanusk"
Q16240305,Wadham Locke,6988,0,0,0,,,,0,,
Q1624073,Peter Rost,5622,0,0,0,,,,0,,
Q1627883,"Horace King, Baron Maybray-King",8613,0,0,0,,,,1,,
Q1628,"David Cecil, 6th Marquess of Exeter",7826,1,2,1,grandparent,grandparent;indirect,HoC,1,rush,"Brownlow Cecil, 4th Marquess of Exeter;William Cecil, 3rd Marquess of Exeter"
Q16293034,"Roy Hughes, Baron Islwyn",8886,0,0,0,,,,1,,
Q16294802,"Stanley Orme, Baron Orme",5290,0,0,0,,,,1,,
Q1633598,Alick Buchanan-Smith,2969,0,0,0,,,,1,,
Q1634164,Charles Carmichael Lacaita,2412,1,1,0,indirect,indirect,HoC,1,rush,George Windsor-Clive
Q1636045,"John Roper, Baron Roper",5611,1,1,0,indirect,indirect,HoC,1,rush,John Edwards
Q1639223,John Stonehouse,5888,0,0,0,,,,0,,
Q1645717,"Sydney Buxton, 1st Earl Buxton",2073,1,8,1,parent,parent;child;grandparent;grandchild;uncle/aunt;niece/nephew;cousin;indirect,HoC,1,panel;rush,"Sir Edward Buxton, 2nd Baronet;Charles Buxton;Noel Noel-Buxton;Thomas Fowell Buxton;Charles Buxton;Edward Buxton;Francis Buxton;Sir Thomas Buxton, 1st Baronet"
Q16515053,Danny Kruger,10237,0,0,0,,,,0,,
Q16529268,Anneliese Dodds,10023,0,0,0,,,,0,,
Q1655384,Iain Sproat,5831,0,0,0,,,,0,,
Q1655520,Ian Gow,2959,0,0,0,,,,1,,
Q16576599,Mark Napier,2653,0,0,0,,,,1,,
Q1660170,Edwina Currie,9345,0,0,0,,,,0,,
Q166635,Stanley Baldwin,7455,1,4,1,parent,parent;child;niece/nephew;indirect,HoC,1,panel;rush,"Oliver Baldwin, 2nd Earl Baldwin of Bewdley;Alfred Baldwin;Enoch Baldwin;Julian Ridsdale"
Q166646,Ramsay MacDonald,7416,1,1,0,parent,parent;child,HoC,1,panel;rush,Malcolm MacDonald
Q166663,Bonar Law,7412,1,1,0,parent,parent;child,HoC,1,panel;rush,"Richard Law, 1st Baron Coleraine"
Q166714,H. H. Asquith,2208,1,4,1,grandchild,grandchild;indirect,HoC,1,rush,"Edward Tennant, 1st Baron Glenconner;Harold Tennant;Mark Bonham Carter, Baron Bonham-Carter;Sir Charles Tennant, 1st Baronet"
Q167076,William Keswick,4590,1,1,0,parent,parent;child,HoC,1,panel;rush,Henry Keswick
Q1672680,"Martin O'Neill, Baron O'Neill of Clackmannan",536,0,0,0,,,,1,,
Q16732295,Natalie McGarry,9628,0,0,0,,,,0,,
Q167386,Charles Gavan Duffy,3798,1,1,0,parent,parent;indirect,HoC,1,panel;rush,George Gavan Duffy
Q16741815,John Cairns,3423,0,0,0,,,,0,,
Q16741816,James Charles Dalbiac,6696,1,1,0,grandchild,grandchild,HoC,1,rush,"James Innes-Ker, 7th Duke of Roxburghe"
Q16741820,John Lalor Fitzpatrick,7397,0,0,0,,,,0,,
Q16741821,Richard Fryer,4042,0,0,0,,,,0,,
Q16741823,William Gore-Langton,4648,1,3,1,parent,parent;child;grandchild,HoC,1,panel;rush,"Henry Gore-Langton;William Temple-Gore-Langton, 4th Earl Temple of Stowe;William Gore-Langton"
Q16741824,William Greenwood,4165,0,0,0,,,,0,,
Q16741826,Arthur Hollins,4400,0,0,0,,,,0,,
Q16741828,John William Dennis,3724,0,0,0,,,,1,,
Q16741829,Bertie Leighton,7779,1,3,1,parent,parent;child;grandparent;grandchild;niece/nephew,HoC,1,panel;rush,"Sir Baldwin Leighton, 7th Baronet;Sir Baldwyn Leighton, 8th Baronet;Stanley Leighton"
Q16741837,John Henry North,,0,0,0,,,,1,,
Q16741840,John Pearse,,0,0,0,,,,0,,
Q16741841,"Sir George Philips, 1st Baronet",,1,1,0,parent,parent,HoC,0,panel,"Sir George Philips, 2nd Baronet"
Q16741842,John Charles Ramsden,7154,1,1,0,parent,parent;child,HoC,1,panel;rush,"Sir John Ramsden, 5th Baronet"
Q16741844,Joshua Scholefield,5684,1,1,0,parent,parent;child,HoC,0,panel;rush,William Scholefield
Q16741846,Matthew Sharpe,7201,0,0,0,,,,1,,
Q16741851,Robert Spankie,5809,0,0,0,,,,0,,
Q16741852,George Spence,,0,0,0,,,,0,,
Q16741853,"Sir Horace St Paul, 1st Baronet",,1,1,0,parent,parent,HoC,1,panel,"Sir Horace St Paul, 2nd Baronet"
Q16741855,George Watson-Taylor,,1,1,0,parent,parent,HoC,0,panel,Simon Watson Taylor
Q16741857,Edward Webb,,0,0,0,,,,0,,
Q16751766,Will Quince,9810,0,0,0,,,,0,,
Q1676982,"Jack Browne, Baron Craigton",8638,0,0,0,,,,1,,
Q1680124,"James Campbell, 1st Baron Glenavy",7445,0,0,0,,,,1,,
Q1680597,"James Innes-Ker, 7th Duke of Roxburghe",3290,1,2,1,grandparent,grandparent;indirect,HoC,1,rush,"James Charles Dalbiac;John Spencer-Churchill, 7th Duke of Marlborough"
Q1680725,"James William Lowther, 1st Viscount Ullswater",1795,1,5,1,parent,parent;child;sibling;grandparent;grandchild;niece/nephew,HoC,1,panel;rush,"Cecil Lowther;Christopher Lowther;Henry Lowther, 3rd Earl of Lonsdale;Henry Lowther;William Lowther"
Q1680843,"James Molyneaux, Baron Molyneaux of Killead",5082,0,0,0,,,,1,,
Q1681177,"James Thomas, 1st Viscount Cilcennin",8659,0,0,0,,,,1,,
Q1681420,Jamie Stone,9844,0,0,0,,,,1,,
Q168235,"Tristan Garel-Jones, Baron Garel Jones",4062,0,0,0,,,,1,,
Q1682992,John Henry Whitley,8082,0,0,0,,,,0,,
Q16843012,John Dunlop,3460,0,0,0,,,,0,,
Q16844876,Edward William Pakenham,5309,1,1,0,sibling,sibling,HoC,1,rush,Thomas Pakenham
Q16844928,Myles Harper Parker,8147,0,0,0,,,,0,,
Q16845988,"Sir David Roche, 1st Baronet",7165,0,0,0,,,,1,,
Q16847140,Patrick Boyle Smollett,880,1,1,0,sibling,sibling,HoC,0,rush,Alexander Smollett
Q16849698,Brooks Crompton Wood,7782,1,1,0,indirect,indirect,HoC,0,rush,Alfred Billson
Q16853324,John Phillpotts,7126,0,0,0,,,,0,,
Q16858096,"Sir John Newport, 1st Baronet",,0,0,0,,,,0,,
Q16858130,Charles O'Connell,5243,1,1,0,indirect,indirect,HoC,1,rush,Daniel O'Connell
Q16858159,George Palmer,6461,0,0,0,,,,1,,
Q168606,"Angela Smith, Baroness Smith of Basildon",616,0,0,0,,,,1,,
Q16863903,Robert Ferguson,6446,1,3,1,parent,parent;child;sibling;uncle/aunt,HoC,1,panel;rush,"Ronald Munro Ferguson, 1st Viscount Novar;Robert Ferguson of Raith;Ronald Craufurd Ferguson"
Q1686926,"Jennie Lee, Baroness Lee of Asheridge",8665,1,1,0,spouse,spouse,HoC,1,rush,Aneurin Bevan
Q16873031,Samuel Gibson Getty,4082,0,0,0,,,,0,,
Q16873072,John Edmund Mills,8072,0,0,0,,,,0,,
Q16875060,Samuel Clowes,8234,0,0,0,,,,0,,
Q16885499,John Benett,3163,0,0,0,,,,1,,
Q16885523,Edward Bourchier Hartopp,4269,1,1,0,sibling,sibling,HoC,1,panel,"Lawrence Palk, 1st Baron Haldon"
Q16885562,Richard Price,7147,1,1,0,niece/nephew,niece/nephew,HoC,1,rush,Richard Green-Price
Q16886171,Arnold Townend,9150,0,0,0,,,,0,,
Q16886998,George Tyler,7300,0,0,0,,,,1,,
Q16887005,George Wilbraham,6200,1,2,1,indirect,indirect,HoC,1,rush,"Hugh Fortescue, 3rd Earl Fortescue;Richard Bootle-Wilbraham"
Q16910849,Albert Edward Jacob,4498,0,0,0,,,,0,,
Q16910861,James Stuart Rankin,8046,1,1,0,sibling,sibling,HoC,0,rush,"Sir Robert Rankin, 1st Baronet"
Q16914060,Alfred Hill,7730,0,0,0,,,,0,,
Q16929534,Richard Allman,1108,0,0,0,,,,0,,
Q16929542,Henry Boyle Bernard,3170,1,2,1,sibling,sibling;uncle/aunt,HoC,1,panel;rush,"Francis Bernard, 3rd Earl of Bandon;William Smyth Bernard"
Q16929550,Robert Burrowes,3409,0,0,0,,,,1,,
Q16929565,John Thomas Donovan,3759,0,0,0,,,,0,,
Q16929693,James Lockwood,8041,0,0,0,,,,0,,
Q16929738,Edward Peter O'Kelly,2169,0,0,0,,,,0,,
Q16931161,George Kinloch,6964,1,1,0,grandchild,grandchild,HoC,1,rush,"Sir John Kinloch, 2nd Baronet"
Q16931294,William Unwin Heygate,2803,1,1,0,sibling,sibling,HoC,1,panel;rush,"Sir Frederick Heygate, 2nd Baronet"
Q16933564,Andrew Scoble,828,0,0,0,,,,0,,
Q16934040,Tasmina Ahmed-Sheikh,9582,0,0,0,,,,0,,
Q16937361,William Christmas,3505,0,0,0,,,,0,,
Q16937362,James Delahunty,1477,0,0,0,,,,0,,
Q16937367,"Sir John Esmonde, 10th Baronet",1570,1,1,0,parent,parent,HoC,1,panel,"Sir Thomas Esmonde, 11th Baronet"
Q16937388,John Phillips,,0,0,0,,,,0,,
Q16937413,Thomas Meagher,5032,0,0,0,,,,0,,
Q16970441,William Acton,30,1,1,0,niece/nephew,niece/nephew,HoC,0,rush,George Drought Warburton
Q16972528,Chris Philp,9807,0,0,0,,,,0,,
Q16980037,Andrew Lewer,9901,0,0,0,,,,0,,
Q16980304,Robert John Dickson Burnie,1300,0,0,0,,,,0,,
Q16983434,Michael D. Hassard,4279,0,0,0,,,,1,,
Q16988827,Robert Keating,4547,0,0,0,,,,0,,
Q1699462,John Burns Hynd,4472,0,0,0,,,,0,,
Q1699659,"John Cope, Baron Cope of Berkeley",3588,0,0,0,,,,1,,
Q1699862,John Dunwoody,9268,1,1,0,spouse,spouse,HoC,1,rush,Gwyneth Dunwoody
Q1699911,"Sir John Eardley-Wilmot, 1st Baronet",7359,1,1,0,parent,parent;child,HoC,1,panel;rush,"Sir John Eardley-Wilmot, 2nd Baronet"
Q1699922,"John Eden, Baron Eden of Winton",3853,1,1,0,uncle/aunt,uncle/aunt,HoC,1,rush,Anthony Eden
Q1699943,John Edwards,8746,1,1,0,indirect,indirect,HoC,1,rush,"John Roper, Baron Roper"
Q1699992,"Evelyn Denison, 1st Viscount Ossington",1482,0,0,0,,,,1,,
Q1700212,"John Gilbert, Baron Gilbert",4091,0,0,0,,,,1,,
Q1700483,John Home Robertson,359,0,0,0,,,,0,,
Q1700583,John J. O'Kelly,8088,0,0,0,,,,0,,
Q1700778,John Lamont,9902,0,0,0,,,,0,,
Q1700959,John Malcolm,,0,0,0,,,,1,,
Q1700987,John Mason,10149,0,0,0,,,,0,,
Q17013960,"Sir Henry Peyton, 3rd Baronet",5383,0,0,0,,,,1,,
Q1701413,"John Peyton, Baron Peyton of Yeovil",5384,0,0,0,,,,1,,
Q1701558,John Reynolds,7158,0,0,0,,,,0,,
Q1701969,Tudor Walters,6128,0,0,0,,,,0,,
Q17019881,Nicholas Mahon Power,7142,0,0,0,,,,1,,
Q1702096,John Walter,6472,1,1,0,parent,parent;child,HoC,1,panel;rush,John Walter
Q1702099,John Walter,992,1,1,0,parent,parent;child,HoC,1,panel;rush,John Walter
Q17022007,Lord Edward Thynne,7283,1,4,1,sibling,sibling;uncle/aunt;niece/nephew;indirect,HoC,1,panel;rush,"Thomas Thynne, 5th Marquess of Bath;Henry Thynne, 3rd Marquess of Bath;Lord Alexander Thynne;Lord Henry Thynne"
Q17027787,Charles George Tottenham,2776,1,1,0,parent,parent;child,HoC,1,panel;rush,Charles Tottenham
Q17037837,Robert Nichol,5208,0,0,0,,,,0,,
Q17042703,George Banton,3097,0,0,0,,,,0,,
Q17057181,Karin Smyth,10008,0,0,0,,,,0,,
Q1707785,Joseph Patrick Nannetti,5175,0,0,0,,,,0,,
Q17081399,Christopher Blackett,3225,1,1,0,parent,parent;child,HoC,0,panel;rush,John Blackett
Q17101319,Anthony Coombs,3584,0,0,0,,,,0,,
Q171421,Henry Morton Stanley,899,0,0,0,,,,1,,
Q17153067,Nicolson Calvert,2255,1,1,0,sibling,sibling,HoC,1,panel,Charles Calvert
Q1716798,"Ray Michie, Baroness Michie of Gallanach",506,0,0,0,,,,1,,
Q17180499,James Alexander,,1,1,0,sibling,sibling,HoC,1,panel,Josias du Pré Alexander
Q17180500,Josias du Pré Alexander,,1,1,0,sibling,sibling,HoC,1,panel,James Alexander
Q17180507,Gibbs Antrobus,,0,0,0,,,,1,,
Q17180535,Edward Warner,7327,1,1,0,parent,parent;child,HoC,1,panel;rush,"Sir Courtenay Warner, 1st Baronet"
Q17180536,Henry Negus Burroughes,3408,0,0,0,,,,1,,
Q17180537,"Sir Henry Stracey, 5th Baronet",,0,0,0,,,,1,,
Q17180551,"Sir Charles Cockerell, 1st Baronet",3545,0,0,0,,,,1,,
Q17180554,Thomas Cordes,2825,0,0,0,,,,0,,
Q17180626,Charles Wing Gray,1722,1,3,1,indirect,indirect,HoC,0,rush,Charles Gray Round;Edward Hammond Bentall;James Round
Q17180636,James Halse,4234,0,0,0,,,,0,,
Q17180656,Edward Holland,6902,0,0,0,,,,1,,
Q17180679,Robert Jenrick,9583,0,0,0,,,,0,,
Q17180954,"Sir Grey Skipwith, 8th Baronet",5766,0,0,0,,,,1,,
Q17180975,Charles Strutt,1842,0,0,0,,,,1,,
Q17198948,Charles Griffith-Wynne,,1,1,0,parent,parent,HoC,1,panel,Charles Wynne
Q17199020,Leverton Harris,7387,0,0,0,,,,0,,
Q17199200,Tom Sutcliffe,9203,0,0,0,,,,0,,
Q1722777,"Paul Tyler, Baron Tyler",681,0,0,0,,,,1,,
Q1725749,Richard Charles Mayne,2586,0,0,0,,,,0,,
Q1726897,"Edward Macnaghten, Baron Macnaghten",2549,1,2,1,parent,parent;child,HoC,1,panel;rush,"Sir Edmund Workman-Macnaghten, 2nd Baronet;Malcolm Macnaghten"
Q1727346,William Copeland Borlase,1245,0,0,0,,,,0,,
Q17279134,Rowland Alston,3010,0,0,0,,,,1,,
Q17279198,"Sir Thomas Buchan-Hepburn, 3rd Baronet",9016,0,0,0,,,,1,,
Q17279206,William Cargill,3442,0,0,0,,,,0,,
Q17279210,Albany Hawkes Charlesworth,1359,1,1,0,parent,parent,HoC,0,rush,John Charlesworth Dodgson-Charlesworth
Q17279230,"Sir William Clayton, 5th Baronet",3512,1,1,0,sibling,sibling,HoC,1,panel,Rice Clayton
Q17279274,Geoffrey Drage,1512,0,0,0,,,,1,,
Q17279316,William Downe Gillon,4094,0,0,0,,,,0,,
Q17279361,"Sir Hugh Innes, 1st Baronet",,0,0,0,,,,1,,
Q17279379,James Johnstone,6941,0,0,0,,,,1,,
Q17279382,Hylton Jolliffe,,0,0,0,,,,0,,
Q17279383,William Sydney Hylton Jolliffe,2371,1,3,1,parent,parent;child;sibling;uncle/aunt;niece/nephew,HoC,1,panel;rush,"Hylton Jolliffe, 3rd Baron Hylton;Hedworth Jolliffe, 2nd Baron Hylton;William Jolliffe, 1st Baron Hylton"
Q17285479,Alfred Ravenscroft Kennedy,7734,0,0,0,,,,0,,
Q17285625,William Morison,5114,0,0,0,,,,0,,
Q17285644,"Sir Richard Musgrave, 3rd Baronet, of Tourin",7065,0,0,0,,,,1,,
Q17285694,John Peel,7112,0,0,0,,,,0,,
Q17300054,Charles Neate,5184,0,0,0,,,,0,,
Q17306267,Jim McMahon,10086,0,0,0,,,,0,,
Q17308768,James Balfour,6524,1,3,1,parent,parent;child;grandparent,HoC,1,panel;rush,"Arthur Balfour;Gerald Balfour, 2nd Earl of Balfour;James Maitland Balfour"
Q17308814,James Blair,6571,0,0,0,,,,0,,
Q17308897,Charles Harvey Combe,2807,0,0,0,,,,0,,
Q17308949,William Joseph Denison,6715,0,0,0,,,,1,,
Q17309185,Frederick Wootton Isaacson,2346,0,0,0,,,,1,,
Q17318798,Alexander Murray,7060,0,0,0,,,,1,,
Q17318846,"Sir Colman Rashleigh, 2nd Baronet",739,1,2,1,cousin,cousin;indirect,HoC,1,panel;rush,William Rashleigh;Nicholas Kendall
Q17318849,William Rashleigh,6159,1,1,0,cousin,cousin,HoC,0,panel;rush,"Sir Colman Rashleigh, 2nd Baronet"
Q17318853,Michael Reddy,5530,0,0,0,,,,0,,
Q17318895,Thomas Kemp Sanderson,819,0,0,0,,,,0,,
Q17318933,George Henry Sherwood,5731,0,0,0,,,,0,,
Q17319001,Alfred Aspinall Tobin,6002,0,0,0,,,,0,,
Q17319037,Robert Vans-Agnew,973,0,0,0,,,,1,,
Q173196,Michael Collins,8140,0,0,0,,,,0,,
Q17321119,"David Plunket, 1st Baron Rathmore",5417,0,0,0,,,,1,,
Q17321359,"Edward Stanley, 2nd Baron Stanley of Alderley",,1,3,1,parent,parent;sibling;grandparent,HoC,1,panel,"William Owen Stanley;Edward Stanley, 4th Baron Stanley of Alderley;Arthur Stanley, 5th Baron Stanley of Alderley"
Q17322488,"Ivor Guest, 1st Viscount Wimborne",7611,1,6,1,parent,parent;child;sibling;indirect,HoC,1,panel;rush,"Frederick Guest;Ernest Villiers;Henry Guest;Ivor Guest, 2nd Viscount Wimborne;Matthew White Ridley, 2nd Viscount Ridley;Oscar Guest"
Q17325894,"Richard Causton, 1st Baron Southwark",2098,1,1,0,indirect,indirect,HoC,1,rush,Thomas Chambers
Q17326466,"Sydney Arnold, 1st Baron Arnold",6381,0,0,0,,,,1,,
Q17326575,"Thomas Legh, 2nd Baron Newton",2448,1,4,1,parent,parent;child;grandchild;uncle/aunt;indirect,HoC,1,panel;rush,"George Legh;William Bromley-Davenport;Peter Legh, 4th Baron Newton;William Legh, 1st Baron Newton"
Q173347,Éamon de Valera,3707,0,0,0,,,,1,,
Q1738083,Keith Raffan,5495,0,0,0,,,,0,,
Q1738633,Ken Maginnis,459,0,0,0,,,,1,,
Q17388544,"Sir Richard Levinge, 7th Baronet",4709,0,0,0,,,,1,,
Q17388923,John Arthur Wynne,6272,0,0,0,,,,1,,
Q1738920,"Kenneth Woolmer, Baron Woolmer of Leeds",6251,0,0,0,,,,1,,
Q1739190,"Alex Carlile, Baron Carlile of Berriew",9342,0,0,0,,,,1,,
Q1739864,Alexander Beresford Hope,1213,1,1,0,sibling,sibling,HoC,1,panel,Henry Hope
Q17421341,Edward Henry Cooper,9000,1,1,0,uncle/aunt,uncle/aunt,HoC,1,rush,Edward Joshua Cooper
Q17421565,Henry Currie Leigh-Bennett,4688,0,0,0,,,,1,,
Q17421593,George Mitcheson,5058,0,0,0,,,,0,,
Q17421602,William Albert Robinson,8319,0,0,0,,,,0,,
Q17421669,John Patrick Morris,8092,0,0,0,,,,0,,
Q17421871,Ernest Spencer,1945,0,0,0,,,,0,,
Q17422004,Edward Wells,1016,0,0,0,,,,0,,
Q17422029,Henry Wilson-Fox,6222,1,1,0,indirect,indirect,HoC,1,rush,"George Sclater-Booth, 1st Baron Basing"
Q17423498,Theobald Jones,6945,0,0,0,,,,1,,
Q17423536,David Lyon,,1,1,0,sibling,sibling,HoC,0,panel,William Lyon
Q17423654,Robert Townley Parker,,0,0,0,,,,1,,
Q1747637,"Michael Morris, 1st Baron Killanin",7054,1,2,1,parent,parent;child;sibling,HoC,1,panel;rush,"George Morris;Martin Morris, 2nd Baron Killanin"
Q17479276,John Seymour Keay,2378,0,0,0,,,,0,,
Q17479311,Robert Laffan,4623,0,0,0,,,,0,,
Q1748216,"Patrick Maitland, 17th Earl of Lauderdale",8789,1,1,0,parent,parent;child,HoC,1,panel;rush,Lady Olga Maitland
Q175162,"John Patten, Baron Patten",9328,1,1,0,sibling,sibling,HoC,1,rush,Chris Patten
Q175366,"Quintin Hogg, Baron Hailsham of St Marylebone",9279,1,3,1,parent,parent;child;sibling,HoC,1,panel;rush,"Edward Marjoribanks;Douglas Hogg, 1st Viscount Hailsham;Douglas Hogg"
Q1755413,"William Vanneck, 5th Baron Huntingfield",4457,0,0,0,,,,1,,
Q1755603,William Johnson Fox,6807,0,0,0,,,,0,,
Q1758476,Martin Flannery,8751,0,0,0,,,,0,,
Q1760329,"Sir William Williams, 1st Baronet, of Kars",6215,0,0,0,,,,0,,
Q17626670,George Waters,6143,0,0,0,,,,0,,
Q17626845,Hugh Taylor,7266,0,0,0,,,,0,,
Q17626961,John Thomas Macpherson,4879,0,0,0,,,,0,,
Q17626964,Samuel March,8236,0,0,0,,,,0,,
Q17627073,John Frederick Stanford,5846,0,0,0,,,,0,,
Q176472,William Henry Smith,877,1,2,1,parent,parent;child;indirect,HoC,1,panel;rush,"Frederick Smith, 2nd Viscount Hambleden;John Ryder, 5th Earl of Harrowby"
Q176524,John Bright,1263,1,3,1,parent,parent;child;sibling,HoC,1,panel;rush,Jacob Bright;John Albert Bright;William Leatham Bright
Q1765791,"Thomas Shaw, 1st Baron Craigmyle",2914,1,1,0,parent,parent;child,HoC,1,panel;rush,"Alexander Shaw, 2nd Baron Craigmyle"
Q1766003,"James Robertson, Baron Robertson",770,0,0,0,,,,1,,
Q1766011,"William Robson, Baron Robson",1850,0,0,0,,,,1,,
Q1766037,William Watson,7331,1,1,0,parent,parent;child,HoC,1,panel;rush,"William Watson, Baron Thankerton"
Q17721888,Lauchlan Bellingham Mackinnon,4851,1,3,1,parent,parent;sibling;niece/nephew,HoC,0,rush,"William Alexander Mackinnon;Thomas Cochrane, 1st Baron Cochrane of Cults;William Alexander Mackinnon"
Q177235,"Edward Carson, Baron Carson",2210,1,1,0,parent,parent,HoC,1,panel,Edward Carson
Q1777518,Lewis Pelly,2745,0,0,0,,,,1,,
Q1785555,Liam Mellows,5042,0,0,0,,,,0,,
Q1785569,Jeremiah O'Donovan Rossa,5250,0,0,0,,,,0,,
Q1785574,Harry Boland,3248,0,0,0,,,,0,,
Q1791624,"James Roche, 3rd Baron Fermoy",774,1,2,1,parent,parent;child,HoC,1,panel;rush,"Maurice Roche, 4th Baron Fermoy;Edmond Roche, 1st Baron Fermoy"
Q1791630,"Maurice Roche, 4th Baron Fermoy",3950,1,2,1,parent,parent;child;grandparent;grandchild,HoC,1,panel;rush,"James Roche, 3rd Baron Fermoy;Edmond Roche, 1st Baron Fermoy"
Q17984549,Richard Samuel Guinness,6854,0,0,0,,,,1,,
Q17986154,John Crocker Bulteel,3390,0,0,0,,,,1,,
Q1800489,Henry Barkly,3104,0,0,0,,,,0,,
Q1800501,Rufane Shaw Donkin,6726,0,0,0,,,,1,,
Q18038467,Pickering Phipps,2856,0,0,0,,,,0,,
Q180589,Boris Johnson,4823,1,1,0,sibling,sibling,HoC,1,panel;rush,Jo Johnson
Q18115166,Francis William Russell,800,0,0,0,,,,0,,
Q181590,George Greenwood,4167,0,0,0,,,,0,,
Q18161018,Lewis William Buck,9083,1,1,0,parent,parent,HoC,1,panel,George Stucley
Q18161607,Edward Ayshford Sanford,5666,0,0,0,,,,1,,
Q18164278,Angela Rayner,9999,0,0,0,,,,0,,
Q181875,Robert Peel,6462,1,11,1,parent,parent;sibling;grandparent;indirect,HoC,1,panel;rush,"Edmund Peel;William Peel, 1st Earl Peel;Jonathan Peel;Arthur Peel;Sir Robert Peel, 3rd Baronet;Arthur George Villiers Peel;Frederick Peel;George Child Villiers, 6th Earl of Jersey;William Yates Peel;Robert Peel Dawson;Sidney Peel"
Q182035,RAB Butler,9284,1,1,0,parent,parent,HoC,1,panel,Adam Butler
Q18205146,Thomas Barnard,3105,0,0,0,,,,1,,
Q18207913,"Sir Charles Huntington, 1st Baronet",2331,0,0,0,,,,1,,
Q1820832,Leslie Wilson,8122,0,0,0,,,,0,,
Q18211142,Liz McInnes,10075,0,0,0,,,,0,,
Q18216791,James Cropper,3640,0,0,0,,,,1,,
Q182408,Glenda Jackson,383,0,0,0,,,,0,,
Q182904,Margaret Bondfield,3254,0,0,0,,,,0,,
Q183105,Randolph Churchill,8174,1,3,1,parent,parent;child;grandparent;grandchild,HoC,1,panel;rush,Lord Randolph Churchill;Winston Churchill;Winston Churchill
Q1834123,A. J. Mundella,2644,0,0,0,,,,1,,
Q1844725,"Andrew Murray, 1st Viscount Dunedin",2001,0,0,0,,,,1,,
Q18450,Charles Buxton,7801,1,8,1,parent,parent;child;sibling;grandparent;grandchild;uncle/aunt;niece/nephew;indirect,HoC,1,panel;rush,"Sir Edward Buxton, 2nd Baronet;Sydney Buxton, 1st Earl Buxton;Noel Noel-Buxton;Thomas Fowell Buxton;Charles Buxton;Edward Buxton;Francis Buxton;Sir Thomas Buxton, 1st Baronet"
Q1845004,"John Fletcher Moulton, Baron Moulton",2053,1,1,0,parent,parent,HoC,1,panel,Hugh Moulton
Q18526520,Anthony Maitland,,1,1,0,sibling,sibling,HoC,1,panel,"James Maitland, 9th Earl of Lauderdale"
Q18527043,John Hewett,4346,0,0,0,,,,1,,
Q18527127,John Kelk,4558,0,0,0,,,,1,,
Q18529938,James Wyld,6269,0,0,0,,,,0,,
Q18531095,William Chaplin,6641,0,0,0,,,,0,,
Q18531153,William Daunt,3688,0,0,0,,,,1,,
Q18534207,"Sir John Maxwell, 8th Baronet",7022,1,1,0,parent,parent;child,HoC,1,panel;rush,"Sir John Maxwell, 7th Baronet"
Q18546483,John Biggs,3199,0,0,0,,,,0,,
Q18546725,Peter Curran,7466,0,0,0,,,,0,,
Q18575260,John Horatio Lloyd,6986,0,0,0,,,,0,,
Q18576595,Joseph Somes,5801,0,0,0,,,,0,,
Q18619475,Thomas Russell,9444,0,0,0,,,,0,,
Q18619569,Alexander Whitelaw,1037,1,2,1,parent,parent;child,HoC,0,panel;rush,Graeme Whitelaw;William Whitelaw
Q18645992,Thomas Bedford Bolitho,1237,1,1,0,indirect,indirect,HoC,1,rush,Charles Williams
Q1866867,"Llin Golding, Baroness Golding",310,1,2,1,parent,parent;spouse,HoC,1,rush,Ness Edwards;John Golding
Q18670887,Charles Lushington,4786,1,1,0,sibling,sibling,HoC,1,panel;rush,Stephen Lushington
Q18671035,Edward Goulburn,4147,1,1,0,sibling,sibling,HoC,1,panel;rush,Henry Goulburn
Q18671164,Evan Rowland Jones,2372,0,0,0,,,,0,,
Q18671334,George Drought Warburton,6131,1,2,1,uncle/aunt,uncle/aunt;indirect,HoC,1,rush,William Acton;Charles Bateman-Hanbury-Kincaid-Lennox
Q18671576,James Heald,9015,0,0,0,,,,0,,
Q18672152,Robert Brooks,6591,0,0,0,,,,0,,
Q18672409,Thomas Seaton Forman,4018,0,0,0,,,,0,,
Q18672914,William Lindsay,9118,0,0,0,,,,0,,
Q18673976,John Singleton,5758,0,0,0,,,,0,,
Q18674002,John Wyllie,6270,0,0,0,,,,1,,
Q1869870,Lord Frederick Spencer Hamilton,1765,1,8,1,sibling,sibling;uncle/aunt;indirect,HoC,1,panel;rush,"Lord Ernest Hamilton;Lord Claud Hamilton;James Hamilton, 3rd Duke of Abercorn;Lord George Hamilton;James Hamilton, 2nd Duke of Abercorn;James Hamilton, 5th Duke of Abercorn;James Hans Hamilton;Lord Claud Hamilton"
Q18708340,Murrough John Wilson,8146,1,1,0,indirect,indirect,HoC,1,rush,Powlett Milbank
Q18730766,James McCoan,2516,0,0,0,,,,0,,
Q18731355,John George MacCarthy,2512,0,0,0,,,,0,,
Q18735550,Vincent Scully,5696,1,2,1,cousin,cousin;indirect,HoC,0,panel;rush,"Francis Scully;Sir Edward Grogan, 1st Baronet"
Q18736979,James Yeaman,1101,0,0,0,,,,0,,
Q18756734,Gillery Pigott,5401,1,1,0,sibling,sibling,HoC,0,panel,Francis Pigott Stainsby Conant
Q18757017,Peter Payne,,0,0,0,,,,1,,
Q18761957,George Buckley-Mathew,9108,0,0,0,,,,1,,
Q1878797,"Lynda, Baroness Chalker of Wallasey",3470,0,0,0,,,,1,,
Q18808657,Samuel Gregson,4170,0,0,0,,,,0,,
Q18811231,Samuel Carter,2337,0,0,0,,,,0,,
Q18821783,Geoffrey Butler,9162,0,0,0,,,,1,,
Q188502,Sebastian Coe,3553,0,0,0,,,,1,,
Q1886983,Malcolm Chisholm,185,0,0,0,,,,0,,
Q18880177,Quintin Dick,6717,1,1,0,niece/nephew,niece/nephew,HoC,0,rush,William Wentworth FitzWilliam Dick
Q18880319,Tristram Kennedy,6957,0,0,0,,,,0,,
Q188999,Austen Chamberlain,2200,1,3,1,parent,parent;child;sibling;niece/nephew,HoC,1,panel;rush,Neville Chamberlain;Joseph Chamberlain;Richard Chamberlain
Q18917173,Lindsay Parkinson,5323,0,0,0,,,,0,,
Q18917218,Peter Greenall,6836,1,1,0,sibling,sibling,HoC,1,panel;rush,"Sir Gilbert Greenall, 1st Baronet"
Q18917645,William Dobbs,3743,1,1,0,indirect,indirect,HoC,1,rush,Conway Dobbs
Q18921442,Ian Blackford,9587,0,0,0,,,,0,,
Q18922127,Charles Ross,7171,1,1,0,child,child,HoC,0,rush,Alexander Henry Ross
Q18936317,William Thompson,7277,1,2,1,grandchild,grandchild;indirect,HoC,1,rush,"Thomas Taylour, 3rd Marquess of Headfort;Thomas Taylour, Earl of Bective"
Q18954152,Edmund Dease,1470,0,0,0,,,,1,,
Q18954358,John Temple Leader,4671,0,0,0,,,,0,,
Q189841,Randal Cremer,2897,0,0,0,,,,0,,
Q189947,Nick Clegg,9555,0,0,0,,,,1,,
Q19002723,Frederick Townsend,956,0,0,0,,,,0,,
Q19008,Arthur Balfour,2186,1,5,1,child,child;sibling;grandchild;uncle/aunt;cousin,HoC,1,panel;rush,"James Balfour;Robert Gascoyne-Cecil, 3rd Marquess of Salisbury;Gerald Balfour, 2nd Earl of Balfour;James Gascoyne-Cecil, 4th Marquess of Salisbury;James Maitland Balfour"
Q19042483,James Edward Gordon,,0,0,0,,,,0,,
Q19059345,Chris Stephens,9646,0,0,0,,,,0,,
Q19059607,Paul Monaghan,9635,0,0,0,,,,0,,
Q1907604,"Sir Massey Lopes, 3rd Baronet",2490,1,3,1,parent,parent;child;sibling,HoC,1,panel;rush,"Henry Lopes, 1st Baron Ludlow;Henry Lopes, 1st Baron Roborough;Sir Ralph Lopes, 2nd Baronet"
Q192,David Cameron,3829,0,0,0,,,,1,,
Q192556,David Trimble,674,0,0,0,,,,1,,
Q1926893,"Michael Bates, Baron Bates",9081,0,0,0,,,,0,,
Q19282338,Walter Baine,3088,0,0,0,,,,0,,
Q1928654,"Michael Morris, Baron Naseby",8769,0,0,0,,,,1,,
Q19293716,William Henry Egan,3862,0,0,0,,,,0,,
Q1929744,"Mike Watson, Baron Watson of Invergowrie",2952,0,0,0,,,,1,,
Q1930241,Norman Dodds,8785,0,0,0,,,,0,,
Q19308194,Alfred Welby,2061,1,3,1,parent,parent;child;sibling;uncle/aunt;niece/nephew,HoC,1,panel;rush,"Sir Charles Welby, 5th Baronet;Sir Glynne Welby, 3rd Baronet;Sir William Welby-Gregory, 4th Baronet"
Q19324979,Moses Manfield,2565,1,1,0,parent,parent;child,HoC,1,panel;rush,Harry Manfield
Q19325040,Andrew White,7340,0,0,0,,,,0,,
Q19325263,Charles Sitch,5760,0,0,0,,,,0,,
Q19325553,John Martin,,1,1,0,parent,parent,HoC,1,panel,John Martin
Q19325850,Joseph Cowen,2840,1,1,0,parent,parent;child,HoC,0,panel;rush,Joseph Cowen
Q193630,John Hume,375,0,0,0,,,,0,,
Q193656,"Henry Temple, 3rd Viscount Palmerston",5313,1,1,0,indirect,indirect,HoC,1,rush,"William Cowper-Temple, 1st Baron Mount Temple"
Q19397,Alun Michael,504,0,0,0,,,,0,,
Q195013,"Nancy Astor, Viscountess Astor",3059,1,6,1,parent,parent;child;spouse;indirect,HoC,1,panel;rush,"William Astor, 3rd Viscount Astor;Waldorf Astor, 2nd Viscount Astor;John Jacob Astor, 1st Baron Astor of Hever;Jakie Astor;John Astor;Michael Astor"
Q19517623,Thomas Walter Grundy,4194,0,0,0,,,,0,,
Q19517628,George Francis Sawyer,5673,0,0,0,,,,0,,
Q19517681,William John Tout,6014,0,0,0,,,,0,,
Q19517750,James Frederick Emery,9180,0,0,0,,,,0,,
Q19517824,Holford Knight,7945,0,0,0,,,,0,,
Q19518042,William Birkmyre,1224,0,0,0,,,,0,,
Q19518075,John Gordon Jameson,8078,0,0,0,,,,0,,
Q19518095,Colin Minton Campbell,1322,0,0,0,,,,1,,
Q19519446,Matthew Fowler,1638,0,0,0,,,,0,,
Q19560149,John Brotherton,3362,0,0,0,,,,0,,
Q19560321,Evan Davies,7883,0,0,0,,,,0,,
Q19560349,Robert Dennison,3725,0,0,0,,,,0,,
Q19560490,Clavering Fison,7906,1,1,0,indirect,indirect,HoC,1,rush,Frederick Fison
Q19560541,Benjamin Walter Gardiner,7777,0,0,0,,,,0,,
Q19560609,Thomas Greenall,8261,0,0,0,,,,0,,
Q19560787,Rowland Hunt,7417,0,0,0,,,,0,,
Q19560864,Thomas Jesson,4521,0,0,0,,,,0,,
Q19561079,James Crichton-Stuart,1419,1,1,0,child,child,HoC,1,panel,Lord James Stuart
Q19561218,Fred Lindley,4719,0,0,0,,,,0,,
Q19561269,Thomas Lowth,4768,0,0,0,,,,0,,
Q19561312,Ian MacIntyre,4840,0,0,0,,,,0,,
Q195768,Constance Markievicz,3701,0,0,0,,,,1,,
Q19586268,Ruth Smeeth,10005,0,0,0,,,,0,,
Q19587506,,,0,0,0,,,,1,,
Q19602275,Gerald Hurst,7948,0,0,0,,,,1,,
Q1960282,"Chichester Parkinson-Fortescue, 1st Baron Carlingford",1632,1,1,0,sibling,sibling,HoC,1,panel,"Thomas Fortescue, 1st Baron Clermont"
Q19604920,Charles Percy,7786,0,0,0,,,,0,,
Q19605005,Herbert George Romeril,5602,0,0,0,,,,0,,
Q19605015,Walter Ross-Taylor,5620,0,0,0,,,,0,,
Q19605020,Alexander West Russell,7726,0,0,0,,,,0,,
Q19605132,Robert Arthur Taylor,8205,0,0,0,,,,0,,
Q19605143,Owen Thomas,8158,0,0,0,,,,0,,
Q19605264,Robert John Wilson,8219,0,0,0,,,,0,,
Q19605276,James Wootton-Davies,6252,0,0,0,,,,0,,
Q19653702,Christopher Turnor,7299,1,1,0,child,child,HoC,1,rush,Edmund Turnor
Q19653757,Albert Law,7707,0,0,0,,,,0,,
Q19660923,Alexander Smollett,7223,1,1,0,sibling,sibling,HoC,0,rush,Patrick Boyle Smollett
Q19661006,James Somervell,5796,0,0,0,,,,0,,
Q19664611,Howel Gwyn,4206,0,0,0,,,,0,,
Q19664755,Walter Carpenter,7264,1,3,1,parent,parent;child;sibling,HoC,1,panel;rush,"Reginald Talbot;Charles Chetwynd-Talbot, 19th Earl of Shrewsbury;Henry Chetwynd-Talbot, 18th Earl of Shrewsbury"
Q19666657,Robert Verdin,975,0,0,0,,,,0,,
Q1967797,"William Watson, Baron Thankerton",8318,1,1,0,parent,parent;child,HoC,1,panel;rush,William Watson
Q19729014,Jonathan Raine,,0,0,0,,,,0,,
Q19757443,Kenelm Thomas Digby,1493,0,0,0,,,,1,,
Q197701,Barnett Stross,5903,0,0,0,,,,0,,
Q19787773,Valentine Fleming,7396,0,0,0,,,,1,,
Q197894,Owen Paterson,545,1,1,0,indirect,indirect,HoC,1,rush,"Nicholas Ridley, Baron Ridley of Liddesdale"
Q19810506,William George Webb,7533,0,0,0,,,,0,,
Q19818575,John Studholme Brownrigg,3369,0,0,0,,,,1,,
Q19819903,Herbert Williams-Wynn,7027,1,5,1,parent,parent;child;sibling;uncle/aunt;niece/nephew;cousin,HoC,1,panel;rush,"Charles Williams-Wynn;Charles Williams-Wynn;Sir Herbert Williams-Wynn, 7th Baronet;Sir Watkin Williams-Wynn, 5th Baronet;Sir Watkin Williams-Wynn, 6th Baronet"
Q19819912,Edmund Swetenham,921,0,0,0,,,,0,,
Q19819921,David Randell,738,0,0,0,,,,0,,
Q19819945,William Tudor Howell,2316,0,0,0,,,,0,,
Q19819955,P. Ellis Eyton,1579,0,0,0,,,,0,,
Q19819961,Charles Whitley Deans Dundas,6741,1,1,0,parent,parent,HoC,0,rush,James Dundas
Q19819965,Charles Allen,755,0,0,0,,,,0,,
Q19831,Peter Lilley,437,0,0,0,,,,1,,
Q19863151,Mhairi Black,9586,0,0,0,,,,0,,
Q19865337,James Berry,9760,0,0,0,,,,0,,
Q19868483,Alan Mak,9799,0,0,0,,,,0,,
Q19868554,Kirsty Blackman,9588,0,0,0,,,,0,,
Q19868633,Liz Saville Roberts,9590,0,0,0,,,,0,,
Q19870689,Heidi Allen,9758,0,0,0,,,,0,,
Q19870758,Caroline Ansell,9763,0,0,0,,,,0,,
Q19870873,Ranil Jayawardena,9793,0,0,0,,,,0,,
Q19871637,Deidre Brock,9594,0,0,0,,,,0,,
Q19871710,Richard Burgon,9966,1,1,0,uncle/aunt,uncle/aunt,HoC,0,rush,Colin Burgon
Q19871785,Ruth Cadbury,9967,0,0,0,,,,0,,
Q19871819,Lisa Cameron,9596,0,0,0,,,,0,,
Q19871931,Catherine West,10014,0,0,0,,,,0,,
Q19872133,Jo Churchill,9769,0,0,0,,,,0,,
Q19872223,"Sir James Colquhoun, 4th Baronet, of Luss",3572,0,0,0,,,,1,,
Q19872266,Julie Cooper,9968,0,0,0,,,,0,,
Q19872361,Jo Cox,9969,0,0,0,,,,0,,
Q19872694,Michelle Donelan,9774,0,0,0,,,,0,,
Q19872756,Flick Drummond,9779,0,0,0,,,,0,,
Q19873325,Kevin Foster,9781,0,0,0,,,,0,,
Q19873418,Marcus Fysh,9783,0,0,0,,,,0,,
Q19873805,Edward Hain,9121,1,1,0,indirect,indirect,HoC,0,rush,Denis Shipwright
Q19874017,Helen Hayes,9980,0,0,0,,,,0,,
Q19874021,Sue Hayman,9981,0,0,0,,,,0,,
Q19874280,Kate Hollern,9982,0,0,0,,,,0,,
Q19874329,"Sir John Hopkins, 1st Baronet",9190,0,0,0,,,,0,,
Q19874398,Ben Howlett,9791,0,0,0,,,,0,,
Q19874405,Philippa Whitford,9656,0,0,0,,,,0,,
Q19874642,Andrea Jenkyns,9792,0,0,0,,,,0,,
Q19874839,Kirsten Oswald,9641,0,0,0,,,,0,,
Q19875413,Chris Law,9623,0,0,0,,,,0,,
Q19875589,Carol Monaghan,9634,0,0,0,,,,0,,
Q19878984,Brendan O'Hara,9639,0,0,0,,,,0,,
Q19880278,Tommy Sheppard,9644,0,0,0,,,,0,,
Q19881592,Calum Kerr,9622,0,0,0,,,,0,,
Q19881816,Marion Fellows,9607,0,0,0,,,,0,,
Q19882263,Richard Arkless,9584,0,0,0,,,,0,,
Q19882420,Hannah Bardell,9585,0,0,0,,,,0,,
Q19882482,Stephen Gethins,9610,0,0,0,,,,0,,
Q19882494,Steven Paterson,9642,0,0,0,,,,0,,
Q19882661,John McNally,9633,0,0,0,,,,0,,
Q19882694,Neil Gray,9617,0,0,0,,,,0,,
Q19882721,Peter Grant,9615,0,0,0,,,,0,,
Q19882759,Roger Mullin,9636,0,0,0,,,,0,,
Q19882771,Alison Thewliss,9647,0,0,0,,,,0,,
Q19882792,Phil Boswell,9589,0,0,0,,,,0,,
Q19882845,Naz Shah,10002,0,0,0,,,,0,,
Q19882875,Thangam Debbonaire,9972,0,0,0,,,,0,,
Q19882922,Douglas Chapman,9597,0,0,0,,,,0,,
Q19882967,Joanna Cherry,9598,0,0,0,,,,0,,
Q19883025,Ronnie Cowan,9599,0,0,0,,,,0,,
Q19883053,Angela Crawley,9600,0,0,0,,,,0,,
Q19883087,Martyn Day,9602,0,0,0,,,,0,,
Q19883117,Martin Docherty-Hughes,9604,0,0,0,,,,0,,
Q19883124,Stuart Donaldson,9606,1,1,0,grandparent,grandparent,HoC,0,rush,Hamish Watt
Q19883129,Margaret Ferrier,9609,0,0,0,,,,0,,
Q19883132,Patricia Gibson,9611,0,0,0,,,,0,,
Q19883135,Patrick Grady,9614,0,0,0,,,,0,,
Q19883145,Gavin Newlands,9637,0,0,0,,,,0,,
Q19883152,Owen Thompson,9650,0,0,0,,,,0,,
Q19883251,Stuart McDonald,9632,0,0,0,,,,0,,
Q19883283,Corri Wilson,9658,0,0,0,,,,0,,
Q19883288,Alan Brown,9595,0,0,0,,,,0,,
Q1989190,"William Lever, 1st Viscount Leverhulme",7409,0,0,0,,,,1,,
Q19894886,,,0,0,0,,,,1,,
Q19901677,Charles Stuart,7249,0,0,0,,,,1,,
Q19901871,"Charles Perceval, 7th Earl of Egmont",2752,1,1,0,uncle/aunt,uncle/aunt,HoC,1,rush,"George Perceval, 6th Earl of Egmont"
Q19902261,Charles Joseph Fay,1585,0,0,0,,,,0,,
Q19902309,George Robert Smith,7211,1,1,0,cousin,cousin,HoC,1,panel;rush,"Robert Carrington, 2nd Baron Carrington"
Q19917814,Wendy Morton,9804,0,0,0,,,,0,,
Q19930597,Cat Smith,10006,0,0,0,,,,0,,
Q19931188,Pryse Pryse,1454,1,3,1,parent,parent;child;indirect,HoC,0,panel;rush,Pryse Loveden;Edward Pryse;William Bromley-Davenport
Q19932311,Robert Frankland Russell,4026,0,0,0,,,,1,,
Q19938322,Edward Argar,9762,0,0,0,,,,0,,
Q19938362,Victoria Atkins,9761,1,1,0,parent,parent;child,HoC,0,panel;rush,Robert Atkins
Q19946187,Jeremy Quin,9811,0,0,0,,,,0,,
Q19956787,James Cartlidge,9764,1,1,0,indirect,indirect,HoC,0,rush,Gerald Howarth
Q19956815,Maria Caulfield,9767,0,0,0,,,,0,,
Q19956858,Alex Chalk,9766,0,0,0,,,,1,,
Q19957124,Alberto Costa,9771,0,0,0,,,,0,,
Q19957144,Neil Coyle,9971,0,0,0,,,,0,,
Q19957188,Judith Cummins,9970,0,0,0,,,,0,,
Q19957299,Chris Davies,10143,0,0,0,,,,0,,
Q19957303,James Davies,9772,0,0,0,,,,0,,
Q19957306,Mims Davies,9775,0,0,0,,,,0,,
Q19957580,Steve Double,9777,0,0,0,,,,0,,
Q19957586,Peter Dowd,9973,1,2,1,uncle/aunt,uncle/aunt,HoC,0,rush,Peter Mahon;Simon Mahon
Q19957590,Oliver Dowden,9776,0,0,0,,,,0,,
Q19957769,Suella Braverman,9778,0,0,0,,,,0,,
Q19957790,Colleen Fletcher,9974,0,0,0,,,,0,,
Q19957802,Vicky Foxcroft,9975,0,0,0,,,,0,,
Q19957811,Lucy Frazer,9780,0,0,0,,,,0,,
Q19957887,Nus Ghani,9782,0,0,0,,,,0,,
Q19957945,Chris Green,9785,0,0,0,,,,0,,
Q19957949,Margaret Greenwood,9976,0,0,0,,,,0,,
Q19957992,Louise Haigh,9977,0,0,0,,,,0,,
Q19957996,Luke Hall,9784,0,0,0,,,,0,,
Q19958023,Harry Harpham,9978,0,0,0,,,,0,,
Q19958026,Carolyn Harris,9979,0,0,0,,,,0,,
Q19958052,James Heappey,9787,0,0,0,,,,0,,
Q19958093,Simon Hoare,9789,0,0,0,,,,0,,
Q19958100,Kevin Hollinrake,9788,0,0,0,,,,0,,
Q19958134,Imran Hussain,9984,0,0,0,,,,0,,
Q19974194,Lawrence Heyworth,4351,0,0,0,,,,1,,
Q19974203,John Remington Mills,7043,1,1,0,sibling,sibling,HoC,0,rush,Thomas Mills
Q19974263,"Sir Edmund Workman-Macnaghten, 2nd Baronet",7004,1,2,1,parent,parent;child;grandparent;grandchild,HoC,1,panel;rush,"Edward Macnaghten, Baron Macnaghten;Malcolm Macnaghten"
Q19974655,John Arthur Fyler,4046,1,1,0,indirect,indirect,HoC,0,rush,John Fane
Q19975316,Thomas Barnes,6539,0,0,0,,,,0,,
Q19979355,Rebecca Long-Bailey,9989,0,0,0,,,,0,,
Q19979409,Jess Phillips,9998,0,0,0,,,,0,,
Q1999546,"Norman Hogg, Baron Hogg of Cumbernauld",9320,0,0,0,,,,1,,
Q20011564,Stewart McDonald,9627,0,0,0,,,,0,,
Q20022488,Kate Osamor,9996,0,0,0,,,,1,,
Q20027903,Michelle Thomson,9654,0,0,0,,,,0,,
Q20054043,Archibald Stirling,5879,1,2,1,child,child;sibling,HoC,1,panel,"Sir William Stirling-Maxwell, 9th Baronet;Sir John Stirling-Maxwell, 10th Baronet"
Q20054075,Melanie Onn,9995,0,0,0,,,,0,,
Q20054083,Victoria Prentis,9809,1,1,0,parent,parent;child,HoC,1,panel;rush,Tim Boswell
Q20055561,Rishi Sunak,9816,0,0,0,,,,0,,
Q20055581,Kelly Tolhurst,9821,0,0,0,,,,0,,
Q20113749,Peter Kyle,9987,0,0,0,,,,0,,
Q20127903,Clive Lewis,9988,0,0,0,,,,0,,
Q20127909,Holly Lynch,9990,0,0,0,,,,0,,
Q20127923,Rachael Maskell,9993,0,0,0,,,,0,,
Q20127929,Johnny Mercer,9803,0,0,0,,,,0,,
Q20128115,Jo Stevens,10010,0,0,0,,,,0,,
Q20128211,Daniel Zeichner,10015,0,0,0,,,,0,,
Q2016756,Henry Howe Bemrose,1204,0,0,0,,,,0,,
Q20177497,Derek Thomas,9819,0,0,0,,,,0,,
Q20195263,Huw Merriman,9802,0,0,0,,,,0,,
Q20195397,Seema Kennedy,9795,0,0,0,,,,0,,
Q20195470,Craig Tracey,9823,0,0,0,,,,0,,
Q20203414,Matthew Pennycook,9997,0,0,0,,,,0,,
Q202245,James Ryan,9173,0,0,0,,,,0,,
Q203129,Duncan Sandys,8481,1,5,1,parent,parent;child;indirect,HoC,1,panel;rush,Laura Sandys;Dennis Walters;George John Sandys;Piers Dixon;Winston Churchill
Q2032852,"Oscar Murton, Baron Murton of Lindisfarne",5164,0,0,0,,,,1,,
Q2033868,"Sir Richard Wallace, 1st Baronet",986,0,0,0,,,,1,,
Q2034158,"Martin Conway, 1st Baron Conway of Allington",8350,0,0,0,,,,1,,
Q2034621,"Henry Pelham-Clinton, 6th Duke of Newcastle",4717,1,5,1,parent,parent;child;sibling;uncle/aunt;niece/nephew,HoC,1,panel;rush,"Henry Pelham-Clinton, 5th Duke of Newcastle;Lord Arthur Clinton;Lord Charles Clinton;Lord Edward Clinton;Lord Robert Clinton"
Q2042604,Owen Carron,4528,0,0,0,,,,0,,
Q2056806,Auberon Herbert,6886,1,3,1,child,child;niece/nephew;indirect,HoC,1,panel;rush,"Henry Herbert, 3rd Earl of Carnarvon;Edward Herbert;Aubrey Herbert"
Q205777,"Charles Shaw-Lefevre, 1st Viscount Eversley",7202,1,2,1,sibling,sibling;uncle/aunt;niece/nephew,HoC,1,panel;rush,"George Shaw-Lefevre, 1st Baron Eversley;John Shaw-Lefevre"
Q20631177,Claire Hanna,10219,0,0,0,,,,0,,
Q20639285,Joseph Crook,3633,1,1,0,indirect,indirect,HoC,0,rush,William Rawson Shaw
Q20645877,Matthew Henry Marsh,7012,0,0,0,,,,1,,
Q20647531,Gerald Jones,9985,0,0,0,,,,0,,
Q20647567,Julian Knight,9794,0,0,0,,,,0,,
Q20647672,David Mackintosh,9796,0,0,0,,,,0,,
Q20647673,Justin Madders,9992,0,0,0,,,,0,,
Q20647692,Scott Mann,9801,0,0,0,,,,0,,
Q20647738,Chris Matheson,9994,0,0,0,,,,0,,
Q20647740,Tania Mathias,9800,0,0,0,,,,0,,
Q20647800,Paul Scully,9815,0,0,0,,,,0,,
Q20647819,Maggie Throup,9818,0,0,0,,,,0,,
Q20647855,Rebecca Pow,9806,0,0,0,,,,0,,
Q20647896,Michael Tomlinson,9820,0,0,0,,,,0,,
Q20647924,Paula Sherriff,10003,0,0,0,,,,0,,
Q20647978,Craig Williams,9829,0,0,0,,,,0,,
Q20648244,Anne-Marie Trevelyan,9822,0,0,0,,,,1,,
Q20648325,Mike Wood,9828,0,0,0,,,,0,,
Q20648332,Christina Rees,10000,0,0,0,,,,0,,
Q20648365,Jeff Smith,10007,0,0,0,,,,0,,
Q20648372,Royston Smith,9814,0,0,0,,,,0,,
Q20648385,Tom Tugendhat,9825,1,1,0,uncle/aunt,uncle/aunt,HoC,1,rush,"Christopher Tugendhat, Baron Tugendhat"
Q20648420,Anna Turley,10013,0,0,0,,,,0,,
Q20648487,Amanda Solloway,9817,0,0,0,,,,0,,
Q20648527,Marie Rimmer,10001,0,0,0,,,,0,,
Q20648556,Matt Warman,9827,0,0,0,,,,0,,
Q20648564,Mary Robinson,9813,0,0,0,,,,0,,
Q20648913,Nick Thomas-Symonds,10012,0,0,0,,,,0,,
Q20648982,Amanda Milling,9805,0,0,0,,,,0,,
Q20707042,Michael McCartan,4812,0,0,0,,,,0,,
Q20713836,Benjamin Rotch,5623,0,0,0,,,,0,,
Q20732037,William Wragg,9830,0,0,0,,,,0,,
Q20733551,John Lloyd Davies,6703,0,0,0,,,,0,,
Q20739252,John Fownes Luttrell,,0,0,0,,,,0,,
Q20747098,Helen Whately,9826,0,0,0,,,,0,,
Q20747860,Joseph Marryat,4939,0,0,0,,,,1,,
Q2074969,"Peter Fraser, Baron Fraser of Carmyllie",9316,0,0,0,,,,1,,
Q20755914,Edmund Peel,7110,1,6,1,sibling,sibling;uncle/aunt,HoC,1,panel,"Robert Peel;Jonathan Peel;Arthur Peel;Sir Robert Peel, 3rd Baronet;Frederick Peel;William Yates Peel"
Q2078392,"Peter Snape, Baron Snape",624,0,0,0,,,,1,,
Q2078620,"Peter Temple-Morris, Baron Temple-Morris",661,1,1,0,parent,parent,HoC,1,rush,Owen Temple-Morris
Q2079517,"George Howard, 7th Earl of Carlisle",5118,1,5,1,sibling,sibling;uncle/aunt;niece/nephew;cousin,HoC,1,panel;rush,"Leopold Agar-Ellis, 5th Viscount Clifden;Frederick Howard;George Howard, 9th Earl of Carlisle;Charles Howard;Edward Howard, 1st Baron Lanerton"
Q20811185,Cyril Lloyd,7820,0,0,0,,,,0,,
Q20823179,William Henry Gregory,1734,0,0,0,,,,1,,
Q208665,Arthur Henderson,7755,1,2,1,parent,parent;child,HoC,1,panel;rush,"Arthur Henderson, Baron Rowley;William Henderson, 1st Baron Henderson"
Q2086683,"John Manners, 7th Duke of Rutland",2568,1,6,1,parent,parent;child;sibling;uncle/aunt,HoC,1,panel;rush,"Lord George Manners;Lord Cecil Manners;Charles Manners, 6th Duke of Rutland;Henry Manners, 8th Duke of Rutland;Lord Edward Manners;Lord Robert Manners"
Q20878060,William Robert Maurice Wynne,6271,1,1,0,parent,parent;child,HoC,1,panel;rush,William Watkin Edward Wynne
Q20932072,Louis Hayes Petit,,0,0,0,,,,0,,
Q20942024,Townshend Mainwaring,4900,0,0,0,,,,0,,
Q20983346,James Hollins,4401,0,0,0,,,,0,,
Q20987305,Arthur Edwin Way,6152,0,0,0,,,,0,,
Q21030320,James Barlow Hoy,4441,0,0,0,,,,0,,
Q21068904,William Hagarty O'Leary,2696,0,0,0,,,,0,,
Q21068967,Nathaniel Bousfield,1249,0,0,0,,,,0,,
Q21068971,Thomas Hawkes,4292,0,0,0,,,,1,,
Q21068984,John Benbow,3160,0,0,0,,,,1,,
Q21069814,Brooke Robinson,1970,0,0,0,,,,0,,
Q21079104,William Bruges,3373,0,0,0,,,,0,,
Q21079151,Charles Powell Leslie,2457,1,1,0,sibling,sibling,HoC,1,panel;rush,"Sir John Leslie, 1st Baronet"
Q21079180,George Treweeke Scobell,5686,0,0,0,,,,0,,
Q21096808,William Coote,8314,0,0,0,,,,0,,
Q21117476,John Heywood Hawkins,9100,0,0,0,,,,0,,
Q21165155,Isaac Fletcher,1615,1,1,0,cousin,cousin,HoC,0,panel;rush,William Fletcher
Q21165245,James Dawkins,,0,0,0,,,,1,,
Q21165381,Benjamin Oliveira,5279,0,0,0,,,,0,,
Q21165490,Charles Baring Wall,9120,0,0,0,,,,0,,
Q21165612,John Ashley Warre,6136,1,3,1,indirect,indirect,HoC,0,rush,Charles Grenfell;Charles Grenfell;Henry Grenfell
Q21165641,Charles Towneley,6018,1,2,1,sibling,sibling;indirect,HoC,1,panel;rush,Lord Alexander Gordon-Lennox;John Towneley
Q21166130,John Ramsbottom,5502,0,0,0,,,,0,,
Q21166733,William John Blake,6578,0,0,0,,,,1,,
Q21182770,James O'Brien,7075,1,2,1,sibling,sibling;indirect,HoC,0,rush,John O'Brien;Cornelius O'Brien
Q211856,"Philip Noel-Baker, Baron Noel-Baker",5219,1,2,1,parent,parent;child,HoC,1,panel;rush,Francis Noel-Baker;Joseph Allen Baker
Q21234823,Emma Pengelly,9965,0,0,0,,,,0,,
Q212700,Charles Napier,7066,1,1,0,indirect,indirect,HoC,1,rush,"Sir Joseph Napier, 1st Baronet"
Q213150,Charles Williams-Wynn,6316,1,5,1,parent,parent;child;sibling;uncle/aunt;niece/nephew;indirect,HoC,1,panel;rush,"Charles Williams-Wynn;Herbert Williams-Wynn;Sir Herbert Williams-Wynn, 7th Baronet;Sir Watkin Williams-Wynn, 5th Baronet;Sir Watkin Williams-Wynn, 6th Baronet"
Q2137226,Reg Freeson,4035,0,0,0,,,,0,,
Q213756,Robert FitzRoy,3989,1,6,1,sibling,sibling;cousin;indirect,HoC,1,panel;rush,"James Fitzroy;Lord Frederick Fitzroy;Henry FitzRoy, 5th Duke of Grafton;William FitzRoy, 6th Duke of Grafton;Charles FitzRoy;Lord Charles FitzRoy"
Q2137995,"Reginald Paget, Baron Paget of Northampton",8824,0,0,0,,,,1,,
Q2141938,William Cobbett,6661,1,1,0,child,child,HoC,0,rush,John Cobbett
Q2148968,Richard Alexander,6425,0,0,0,,,,0,,
Q2150364,Richard Peacock,2732,0,0,0,,,,0,,
Q2150490,"Richard Ryder, Baron Ryder of Wensum",9363,0,0,0,,,,1,,
Q2150632,"Richard Spring, Baron Risby",631,0,0,0,,,,1,,
Q21541760,Daniel Farrell,3952,0,0,0,,,,0,,
Q21541762,Archibald Hastie,4280,1,1,0,cousin,cousin,HoC,0,panel;rush,Alexander Hastie
Q21544496,Denis Beresford,1705,0,0,0,,,,1,,
Q21545203,Norman Lamont,4634,1,2,1,indirect,indirect,HoC,0,rush,"James Lamont;Sir Norman Lamont, 2nd Baronet"
Q21545376,Alfred Wigram,1048,1,1,0,cousin,cousin,HoC,1,panel;rush,Frederick Fitzwygram
Q21545474,Granville Wheler,6181,0,0,0,,,,0,,
Q21548453,Alan McLean,7701,0,0,0,,,,0,,
Q21548468,Alexander Mccarthy,6996,0,0,0,,,,0,,
Q21548492,Basil Thomas Woodd,1084,0,0,0,,,,0,,
Q21548501,Brownlow Villiers Layard,6976,0,0,0,,,,1,,
Q21548510,Charles Edwards,6749,0,0,0,,,,0,,
Q21548516,Charles Knightley,6966,1,1,0,parent,parent;child,HoC,1,panel;rush,"Rainald Knightley, 1st Baron Knightley"
Q21548519,Clement Royds,1895,0,0,0,,,,1,,
Q21548522,David Colthurst,2805,1,1,0,sibling,sibling,HoC,1,panel;rush,"Sir George Colthurst, 5th Baronet"
Q21548534,Edmund Lechmere Charlton,3482,0,0,0,,,,1,,
Q21548537,Edmund Haviland-Burke,6612,1,1,0,parent,parent;child,HoC,0,panel;rush,Edmund Haviland-Burke
Q21548552,Edward Lucas,4772,0,0,0,,,,0,,
Q21548558,Ernest Wild,6202,0,0,0,,,,0,,
Q21548570,Francis Goodricke,4131,0,0,0,,,,0,,
Q21548585,Henry Coles,3561,0,0,0,,,,0,,
Q21548588,Henry Lewis,2467,0,0,0,,,,0,,
Q21548591,Henry Mitcalfe,9416,0,0,0,,,,0,,
Q21548609,James Wanklyn,1984,0,0,0,,,,0,,
Q21548612,John Bateman,3120,0,0,0,,,,0,,
Q21548624,John Fector,3938,0,0,0,,,,0,,
Q21548636,,,0,0,0,,,,0,,
Q21548639,John Madocks,4890,0,0,0,,,,0,,
Q21548649,John Pollen,5425,0,0,0,,,,1,,
Q21548658,John Seale,5700,1,1,0,grandchild,grandchild,HoC,1,rush,Charles Seale-Hayne
Q21548661,John Tomes,,0,0,0,,,,0,,
Q21548664,John Torr,951,0,0,0,,,,0,,
Q21548670,John Edward Walcott,6110,0,0,0,,,,1,,
Q21548685,Matthew D'Arcy,1450,0,0,0,,,,1,,
Q21548688,Matthew Dease,1471,0,0,0,,,,0,,
Q21548691,McCarthy Downing,1510,0,0,0,,,,0,,
Q21548703,Morgan O'Connell,5246,1,5,1,uncle/aunt,uncle/aunt;cousin,HoC,1,panel;rush,Daniel O'Connell;John O'Connell;Daniel O'Connell;Maurice O'Connell;Morgan O'Connell
Q21548706,Nathaniel Clayton,3510,0,0,0,,,,1,,
Q21548709,Nicholas Leader,4672,0,0,0,,,,0,,
Q21548712,Nicholas Lynch,4800,0,0,0,,,,0,,
Q21548715,Oliver Grace,4149,0,0,0,,,,0,,
Q21548718,Owen O'Conor,,0,0,0,,,,0,,
Q21548721,Patrick Doogan,2172,0,0,0,,,,0,,
Q21548736,Philip O'Doherty,7559,1,1,0,sibling,sibling,HoC,0,rush,William O'Doherty
Q21548739,Philip Papillon,5316,0,0,0,,,,1,,
Q21548742,Philip Twells,966,0,0,0,,,,0,,
Q21548748,Ralph Milbanke Hudson,8173,0,0,0,,,,1,,
Q21548757,Reginald Banks,9059,0,0,0,,,,0,,
Q21548769,Richard Sanderson,7187,1,1,0,indirect,indirect,HoC,1,rush,"Charles Manners-Sutton, 1st Viscount Canterbury"
Q21548779,Robert Hutton,6927,0,0,0,,,,0,,
Q21548785,Robert Perfect,5363,0,0,0,,,,0,,
Q21548788,Robert Pulsford,5479,0,0,0,,,,1,,
Q21548792,Robert James Tennent,5959,0,0,0,,,,0,,
Q21548795,Roger Montgomerie,2621,0,0,0,,,,0,,
Q21548798,Roger Smyth,7226,0,0,0,,,,0,,
Q21548806,Sigismund Mendl,5044,0,0,0,,,,0,,
Q21548817,Thomas Bevan,3189,0,0,0,,,,0,,
Q21548870,Wilson Jones,6947,0,0,0,,,,0,,
Q21554127,Brampton Gurdon,6856,1,3,1,parent,parent;child;sibling,HoC,1,panel;rush,"John Gurdon Rebow;Robert Gurdon, 1st Baron Cranworth;William Brampton Gurdon"
Q21556538,John Humphery,4453,1,1,0,child,child,HoC,0,rush,William Humphery
Q21556542,Stewart Marjoribanks,7011,1,1,0,indirect,indirect,HoC,1,rush,Charles Marjoribanks
Q21557349,William Rickford Collett,3566,1,1,0,sibling,sibling,HoC,0,rush,John Collett
Q21557444,Walter Greaves-Lord,4160,0,0,0,,,,0,,
Q21557454,James Galbraith,9179,0,0,0,,,,0,,
Q21557467,Ernest Winterton,6360,0,0,0,,,,0,,
Q21557486,Patrick Joseph O'Shaughnessy,7588,0,0,0,,,,0,,
Q21560415,John Boss,3264,0,0,0,,,,0,,
Q21560433,Edward Bagley,3080,0,0,0,,,,0,,
Q2156804,"Robert Curzon, 14th Baron Zouche",,0,0,0,,,,1,,
Q2157350,Robert Grant,6835,1,1,0,sibling,sibling,HoC,1,panel;rush,"Charles Grant, 1st Baron Glenelg"
Q2157626,Bob Hughes,8842,0,0,0,,,,1,,
Q21579768,Thomas Bish,3215,0,0,0,,,,0,,
Q2158815,"Robert Sheldon, Baron Sheldon",606,0,0,0,,,,1,,
Q21588831,Redvers Prior,9193,0,0,0,,,,0,,
Q21588931,Mark Macdonnell,2036,0,0,0,,,,0,,
Q2159152,"Sir Robert Harty, 1st Baronet",,0,0,0,,,,0,,
Q21592171,Kemi Badenoch,9881,0,0,0,,,,0,,
Q2159745,"Robin Corbett, Baron Corbett of Castle Vale",212,0,0,0,,,,1,,
Q21614249,Edward Hamlyn Adams,40,0,0,0,,,,0,,
Q2165584,"Sir Ronald Cross, 1st Baronet",8875,0,0,0,,,,1,,
Q216594,Ed Miliband,9494,1,1,0,sibling,sibling,HoC,0,panel;rush,David Miliband
Q21664459,Thomas Glover,4112,0,0,0,,,,0,,
Q21664798,Edward North,8153,0,0,0,,,,0,,
Q21665007,Thomas Summerbell,5916,0,0,0,,,,0,,
Q21693305,John Dunbar,1519,0,0,0,,,,0,,
Q21711321,Patrick McGilligan,2530,0,0,0,,,,0,,
Q2176533,"Rupert Guinness, 2nd Earl of Iveagh",3874,1,3,1,sibling,sibling;spouse;grandchild,HoC,1,panel;rush,"Gwendolen Guinness, Countess of Iveagh;Paul Channon, Baron Kelvedon;Walter Guinness, 1st Baron Moyne"
Q21831181,Christopher William Puller,5478,0,0,0,,,,0,,
Q22000110,Garrett Standish Barry,6544,0,0,0,,,,0,,
Q22001642,John Forster,6796,1,1,0,parent,parent;child,HoC,0,panel;rush,Matthew Forster
Q22018601,John Hackett,4210,0,0,0,,,,0,,
Q22018928,James McCann,4981,0,0,0,,,,0,,
Q22019182,Kendal Edmund O'Brien,7572,0,0,0,,,,0,,
Q22019645,"Sir Henry Worsley-Taylor, 1st Baronet",6259,0,0,0,,,,1,,
Q22020000,Lord Thomas Cecil,,0,0,0,,,,1,,
Q22020041,Joseph Ferguson,6773,1,1,0,child,child,HoC,0,rush,Robert Ferguson
Q22020051,Richard Godson,6823,1,1,0,niece/nephew,niece/nephew,HoC,0,rush,Augustus Godson
Q22020211,John Richards,7159,0,0,0,,,,0,,
Q22020670,Patrick Maxwell Stewart,7245,0,0,0,,,,0,,
Q22039450,Frederick Child-Villiers,7309,1,2,1,sibling,sibling,HoC,1,panel;rush,"Francis Child Villiers;George Child Villiers, 6th Earl of Jersey"
Q22039456,Neville Smith-Carington,5780,0,0,0,,,,0,,
Q22039458,Robert Farrand,3931,0,0,0,,,,0,,
Q22039470,James Stanhope,7234,1,1,0,indirect,indirect,HoC,1,rush,Edward Stanhope
Q22039578,Thomas Matheson,9408,1,1,0,sibling,sibling,HoC,0,rush,James Matheson
Q22039581,Thomas Leuty,2460,0,0,0,,,,0,,
Q22039584,Joseph Acton,29,0,0,0,,,,0,,
Q22039599,John O'Keefe,2695,0,0,0,,,,0,,
Q22039617,Clinton Fynes-Clinton,,0,0,0,,,,1,,
Q22040914,"Sir George Smyth, 6th Baronet",7224,0,0,0,,,,0,,
Q22041121,Richard Vyse,6098,1,1,0,indirect,indirect,HoC,1,rush,"William Jolliffe, 1st Baron Hylton"
Q220723,Ken Livingstone,439,0,0,0,,,,0,,
Q2216457,Sam Galbraith,293,0,0,0,,,,0,,
Q2218016,Samuel Blackall,3224,0,0,0,,,,1,,
Q222458,"Frederick Stanley, 16th Earl of Derby",898,1,10,1,parent,parent;child;sibling;grandparent;grandchild;niece/nephew;indirect,HoC,1,panel;rush,"Edward Smith-Stanley, 14th Earl of Derby;Henry Stanley;Edward Stanley, 15th Earl of Derby;Edward Smith-Stanley, 13th Earl of Derby;Edward Stanley, 17th Earl of Derby;Oliver Stanley;Arthur Stanley;Edward Stanley, Lord Stanley;Edward Villiers, 5th Earl of Clarendon;George Stanley"
Q222985,"Janet Fookes, Baroness Fookes",4004,0,0,0,,,,1,,
Q22340953,Albert Fuller,7710,0,0,0,,,,0,,
Q22340957,Villiers Hatton,4285,0,0,0,,,,1,,
Q22343752,Anthony John Ashley-Cooper,,1,4,1,sibling,sibling;uncle/aunt,HoC,1,panel,"Evelyn Ashley;Anthony Henry Ashley-Cooper;Anthony Ashley-Cooper, 7th Earl of Shaftesbury;Anthony Ashley-Cooper, 8th Earl of Shaftesbury"
Q22344373,James Knox,1548,1,4,1,sibling,sibling;uncle/aunt;niece/nephew,HoC,1,panel;rush,"John Henry Knox;Thomas Knox, 2nd Earl of Ranfurly;Thomas Knox, 3rd Earl of Ranfurly;William Knox"
Q224382,"Thomas Wilde, 1st Baron Truro",6203,0,0,0,,,,1,,
Q225392,John Redmond,2175,1,3,1,parent,parent;child;sibling,HoC,0,panel;rush,William Archer Redmond;William Redmond;Willie Redmond
Q2271478,"Reginald Manningham-Buller, 1st Viscount Dilhorne",8821,1,2,1,parent,parent;child;indirect,HoC,1,panel;rush,"David Lindsay, 27th Earl of Crawford;Mervyn Manningham-Buller"
Q2281957,Sidney Peters,5372,0,0,0,,,,0,,
Q2284634,William Yates,6279,0,0,0,,,,1,,
Q2287766,"Simon Ramsay, 16th Earl of Dalhousie",8889,0,0,0,,,,1,,
Q2294382,George Newnes,2877,1,1,0,child,child,HoC,0,rush,"Sir Frank Newnes, 2nd Baronet"
Q23018657,John Frederick Lees,,0,0,0,,,,0,,
Q23018867,"Sir James Charles Chatterton, 3rd Baronet",3487,0,0,0,,,,1,,
Q23067145,John Jope Rogers,7170,0,0,0,,,,1,,
Q2310454,"Sir George Harpur Crewe, 8th Baronet",3628,0,0,0,,,,1,,
Q232639,Margaret Beckett,112,0,0,0,,,,0,,
Q23352,George Reid,7691,0,0,0,,,,0,,
Q23368,Chris Patten,9327,1,1,0,sibling,sibling,HoC,1,rush,"John Patten, Baron Patten"
Q234182,Harriet Harman,335,0,0,0,,,,0,,
Q2345132,"Stephen Taylor, Baron Taylor",8896,0,0,0,,,,1,,
Q23463503,John Stapylton Grey Pemberton,7521,0,0,0,,,,0,,
Q2347324,"Herbert Gladstone, 1st Viscount Gladstone",2118,1,5,1,parent,parent;child;sibling;uncle/aunt;niece/nephew,HoC,1,panel;rush,"William Ewart Gladstone;William Henry Gladstone;John Gladstone;Sir Thomas Gladstone, 2nd Baronet;William Glynne Charles Gladstone"
Q2350408,Walton Newbold,5196,0,0,0,,,,0,,
Q2357948,"Stuart Randall, Baron Randall of St Budeaux",9360,0,0,0,,,,1,,
Q23581322,Randolf Baker,7664,0,0,0,,,,1,,
Q23582802,William Bowen,3282,0,0,0,,,,0,,
Q23585563,James Ewart Edmunds,3860,0,0,0,,,,0,,
Q2360589,Eric Clarke,195,0,0,0,,,,0,,
Q23612778,William Gillis,4093,0,0,0,,,,0,,
Q23613049,Robinson Graham,8229,0,0,0,,,,0,,
Q23613323,Walter Halls,4230,0,0,0,,,,0,,
Q23615826,John Lort-Williams,4757,0,0,0,,,,0,,
Q23617099,Lord John Scott,7193,1,3,1,niece/nephew,niece/nephew;indirect,HoC,1,rush,"John Montagu Douglas Scott, 7th Duke of Buccleuch;William Montagu Douglas Scott, 6th Duke of Buccleuch;Henry Douglas-Scott-Montagu, 1st Baron Montagu of Beaulieu"
Q23620332,Patrick Power,7143,0,0,0,,,,0,,
Q2364372,Francis Charles Bridgeman,1260,1,2,1,child,child;sibling,HoC,1,panel,"George Bridgeman, 4th Earl of Bradford;Orlando Bridgeman, 3rd Earl of Bradford"
Q2365347,Noel Noel-Buxton,8151,1,9,1,parent,parent;child;sibling;spouse;grandparent;grandchild;uncle/aunt;niece/nephew;indirect,HoC,1,panel;rush,"Sir Edward Buxton, 2nd Baronet;Sydney Buxton, 1st Earl Buxton;Charles Buxton;Thomas Fowell Buxton;Charles Buxton;Edward Buxton;Francis Buxton;Sir Thomas Buxton, 1st Baronet;Lucy Noel-Buxton, Baroness Noel-Buxton"
Q23688733,Robert Ambrose,2166,0,0,0,,,,0,,
Q23688735,John Arnott,3042,0,0,0,,,,0,,
Q23688739,Michael Austin,1139,0,0,0,,,,0,,
Q23688746,Harry Becker,3143,0,0,0,,,,0,,
Q23688756,Frederick George Burgess,3397,0,0,0,,,,0,,
Q23688804,Peter Ffrench,2177,0,0,0,,,,0,,
Q23688904,Frederick Fox Riley,5581,0,0,0,,,,0,,
Q23688929,Alfred Smith,7727,0,0,0,,,,0,,
Q23688940,William Benjamin Taylor,8325,0,0,0,,,,0,,
Q23692064,Edmund Haviland-Burke,2239,1,1,0,parent,parent;child,HoC,0,panel;rush,Edmund Haviland-Burke
Q23714991,William Mansfield,4920,0,0,0,,,,0,,
Q23714996,Linton Thorp,5981,0,0,0,,,,0,,
Q23715000,Martin Henry Connolly,8135,0,0,0,,,,0,,
Q23715007,Hugh Hartley Lawrie,4663,0,0,0,,,,0,,
Q23715033,Thomas Joseph Condon,2170,0,0,0,,,,0,,
Q237217,Jacqui Smith,619,0,0,0,,,,0,,
Q2374406,William Kenyon-Slaney,2090,1,2,1,grandparent,grandparent;niece/nephew,HoC,1,rush,Robert Aglionby Slaney;Philip Kenyon-Slaney
Q237829,"Edward Smith-Stanley, 14th Earl of Derby",9049,1,9,1,parent,parent;child;sibling;grandparent;grandchild;indirect,HoC,1,panel;rush,"Frederick Stanley, 16th Earl of Derby;Henry Stanley;Edward Stanley, 15th Earl of Derby;Edward Smith-Stanley, 13th Earl of Derby;Edward Stanley, 17th Earl of Derby;Arthur Stanley;Edward Stanley;George Stanley;Richard Bootle-Wilbraham"
Q2379284,Séamus Burke,8034,0,0,0,,,,0,,
Q2399855,"Ted Rowlands, Baron Rowlands",587,0,0,0,,,,1,,
Q24034408,Gill Furniss,10084,0,0,0,,,,0,,
Q24034678,Ross Thomson,9914,0,0,0,,,,0,,
Q24039769,Douglas Ross,9908,0,0,0,,,,0,,
Q2404523,Terence O'Connor,8257,0,0,0,,,,1,,
Q24052782,Carla Lockhart,10240,0,0,0,,,,0,,
Q24053857,Chris Elmore,10083,0,0,0,,,,0,,
Q2405597,Terry Fields,3958,0,0,0,,,,0,,
Q24061230,Florence Eshalomi,10201,0,0,0,,,,0,,
Q24082,Patrick Jenkin,9220,1,1,0,parent,parent;child,HoC,1,panel;rush,Bernard Jenkin
Q2411883,"Victor Cavendish, 9th Duke of Devonshire",1801,1,8,1,parent,parent;child;sibling;grandparent;grandchild;uncle/aunt;niece/nephew;indirect,HoC,1,panel;rush,"Edward Cavendish, 10th Duke of Devonshire;Spencer Cavendish, 8th Duke of Devonshire;Lord Frederick Cavendish;William Cavendish, 7th Duke of Devonshire;Lord Edward Cavendish;Henry Cavendish;Lord George Cavendish;Lord Richard Cavendish"
Q24153864,George Hill,,1,2,1,sibling,sibling,HoC,1,panel,"Arthur Moyses William Hill, 2nd Baron Sandys;Marcus Sandys, 3rd Baron Sandys"
Q24154516,John Hodgson,4375,0,0,0,,,,0,,
Q24155163,Frederick Hodgson,6899,0,0,0,,,,0,,
Q24165,Hélène Hayman,4299,0,0,0,,,,1,,
Q24192596,Matthias Attwood,3068,1,2,1,parent,parent;child;sibling,HoC,0,panel;rush,Matthias Wolverley Attwood;Thomas Attwood
Q24203429,"Sir Ernest Jardine, 1st Baronet",7432,0,0,0,,,,0,,
Q24206429,James Bruton,3376,0,0,0,,,,0,,
Q24238802,Thomas Calley,3429,1,1,0,indirect,indirect,HoC,0,rush,Thomas Calley
Q24238861,Joseph Cripps,6686,1,1,0,child,child,HoC,1,rush,William Cripps
Q24238866,Sandford Graham,,0,0,0,,,,1,,
Q24238875,Marcus Somerville,,0,0,0,,,,0,,
Q24239140,Mervyn Archdall,1665,1,2,1,niece/nephew,niece/nephew,HoC,1,rush,Mervyn Edward Archdale;William Humphrys Archdale
Q24239143,Edward Thomas Bainbridge,6516,0,0,0,,,,1,,
Q24239144,Charles Barry Baldwin,6522,0,0,0,,,,0,,
Q24239145,Charles Barclay,6531,0,0,0,,,,1,,
Q24239146,Thomas Barrett Lennard,4691,1,1,0,parent,parent;child,HoC,1,panel;rush,"Sir Thomas Barrett-Lennard, 1st Baronet"
Q24239148,Samuel Bayntun,3125,0,0,0,,,,0,,
Q24239149,Walter Blackney,3227,0,0,0,,,,1,,
Q24239150,William Blair,,0,0,0,,,,0,,
Q2424246,"Thomas Gibson-Carmichael, 1st Baron Carmichael",1676,0,0,0,,,,1,,
Q24248899,John Waring Maxwell,7025,0,0,0,,,,0,,
Q24248900,Bethell Walrond,,0,0,0,,,,1,,
Q24248901,Samuel White,7344,1,4,1,sibling,sibling;uncle/aunt;niece/nephew,HoC,1,panel;rush,"Luke White;Charles William White;Henry White, 1st Baron Annaly;Luke White, 2nd Baron Annaly"
Q24254283,Masterton Ure,,0,0,0,,,,0,,
Q24254288,John Cressett-Pelham,7116,0,0,0,,,,0,,
Q24254555,James Brogden,,0,0,0,,,,0,,
Q24254646,John Boyle,,1,1,0,sibling,sibling,HoC,1,panel,Robert Edward Boyle
Q24254648,Thomas Brayen,,0,0,0,,,,0,,
Q24254652,John Denis Browne,6597,0,0,0,,,,1,,
Q24254735,Anthony Buller,,0,0,0,,,,1,,
Q24254748,John Capel,,0,0,0,,,,0,,
Q24254779,John Hales Calcraft,6619,1,3,1,parent,parent;child;sibling,HoC,1,panel;rush,Granby Calcraft;John Calcraft;John Calcraft
Q24254787,Thomas Chaplin,6640,0,0,0,,,,1,,
Q24254838,Granby Calcraft,,1,3,1,child,child;sibling;uncle/aunt,HoC,1,panel,John Hales Calcraft;John Calcraft;John Calcraft
Q24254839,John Bodkin,6580,0,0,0,,,,0,,
Q24254865,John Brydges,,0,0,0,,,,0,,
Q24254871,Arthur Chichester,,0,0,0,,,,1,,
Q24254895,John Clements,,0,0,0,,,,0,,
Q24254896,Robert Clements,3518,1,3,1,sibling,sibling;indirect,HoC,1,panel;rush,"Charles Clements;Henry John Clements;William Clements, 3rd Earl of Leitrim"
Q24254897,Henry Clive,,1,2,1,sibling,sibling;uncle/aunt,HoC,1,panel,Edward Clive;George Clive
Q24254979,Arthur Cole,6666,1,4,1,sibling,sibling;niece/nephew;indirect,HoC,0,rush,"John Cole;Henry Cole;Lowry Cole, 4th Earl of Enniskillen;William Cole, 3rd Earl of Enniskillen"
Q24254984,Eyre Coote,,0,0,0,,,,1,,
Q24254985,"Sir Charles Coote, 9th Baronet",6673,0,0,0,,,,1,,
Q2426048,Tommy McAvoy,481,0,0,0,,,,1,,
Q2426067,"Tom McNally, Baron McNally",5022,0,0,0,,,,1,,
Q2426332,Thomas Talfourd,5943,0,0,0,,,,0,,
Q2426468,"Tom Pendry, Baron Pendry",547,0,0,0,,,,1,,
Q2427260,Thomas Sexton,839,0,0,0,,,,0,,
Q24288427,Lord Alfred Spencer-Churchill,6648,1,4,1,child,child;sibling;uncle/aunt;niece/nephew,HoC,1,panel,"Lord Randolph Churchill;John Spencer-Churchill, 7th Duke of Marlborough;George Spencer-Churchill, 6th Duke of Marlborough;Lord Charles Spencer-Churchill"
Q24289595,Henry Terrell,5963,1,2,1,sibling,sibling;niece/nephew,HoC,0,rush,Reginald Terrell;George Terrell
Q24292009,"Sir James Hamlyn-Williams, 3rd Baronet",7352,0,0,0,,,,1,,
Q2434248,"Tim Renton, Baron Renton of Mount Harry",5554,0,0,0,,,,1,,
Q2435132,Timothy Brinton,9306,0,0,0,,,,1,,
Q2435270,Timothy O'Brien,7078,1,1,0,parent,parent;child,HoC,1,panel;rush,"Sir Patrick O'Brien, 2nd Baronet"
Q243705,"Robert Gascoyne-Cecil, 3rd Marquess of Salisbury",9003,1,12,1,parent,parent;child;sibling;grandparent;grandchild;uncle/aunt;niece/nephew;indirect,HoC,1,panel;rush,"Robert Cecil;Arthur Balfour;David Ormsby-Gore, 5th Baron Harlech;Gerald Balfour, 2nd Earl of Balfour;Robert Gascoyne-Cecil, 5th Marquess of Salisbury;Hugh Cecil, 1st Baron Quickswood;Robert Gascoyne-Cecil, 7th Marquess of Salisbury;Roundell Palmer, 3rd Earl of Selborne;William Palmer, 2nd Earl of Selborne;James Gascoyne-Cecil, 4th Marquess of Salisbury;Evelyn Cecil, 1st Baron Rockley;Lord Eustace Cecil"
Q244312,Vince Cable,167,0,0,0,,,,0,,
Q24567101,James Mangles,4912,1,2,1,parent,parent;child,HoC,1,panel;rush,Charles Edward Mangles;Ross Donnelly Mangles
Q24568588,"Richard FitzGibbon, 3rd Earl of Clare",3982,0,0,0,,,,1,,
Q24568589,James Fitzroy,3985,1,5,1,sibling,sibling;niece/nephew;cousin,HoC,0,panel;rush,"Robert FitzRoy;Lord Frederick Fitzroy;Henry FitzRoy, 5th Duke of Grafton;William FitzRoy, 6th Duke of Grafton;Lord Charles FitzRoy"
Q24568590,George Forbes,4008,0,0,0,,,,1,,
Q24568591,John Forbes,,1,1,0,child,child,HoC,1,panel,Charles Forbes
Q24568601,Charles Foster Barham,,0,0,0,,,,0,,
Q24568609,John Foster Barham,3100,0,0,0,,,,1,,
Q24568614,Robert Henry Stanhope,,0,0,0,,,,1,,
Q24568616,,,0,0,0,,,,1,,
Q24568618,Charles Stewart,,0,0,0,,,,0,,
Q24568662,Paulet St. John Mildmay,7032,1,2,1,sibling,sibling;uncle/aunt;niece/nephew,HoC,1,panel;rush,Humphrey St John-Mildmay;Humphrey St John-Mildmay
Q24568664,Ralph Thicknesse,5967,1,1,0,parent,parent;child,HoC,1,panel;rush,Ralph Anthony Thicknesse
Q24568666,Charles Tottenham,7286,1,1,0,parent,parent;child,HoC,1,panel;rush,Charles George Tottenham
Q24568668,Horatio Townshend,,0,0,0,,,,1,,
Q24568669,William Henry Trant,,0,0,0,,,,1,,
Q24568671,Hugh Tuite,7293,0,0,0,,,,1,,
Q24568673,William Tyrwhit Drake,,0,0,0,,,,0,,
Q24568675,William Venables,,0,0,0,,,,0,,
Q24568677,Charles Walker,7316,0,0,0,,,,0,,
Q24568683,John Wood,,0,0,0,,,,1,,
Q24573112,David Lewis,6981,0,0,0,,,,0,,
Q24579022,Charles Edward Mangles,4914,1,2,1,parent,parent;sibling,HoC,0,rush,James Mangles;Ross Donnelly Mangles
Q24579038,William Killigrew Wait,982,0,0,0,,,,1,,
Q2462181,"Charles Wynn-Carington, 1st Marquess of Lincolnshire",6630,1,3,1,child,child;sibling,HoC,1,panel;rush,"Robert Carrington, 2nd Baron Carrington;Rupert Carington, 4th Baron Carrington;William Carington"
Q24668273,Rosena Allin-Khan,10081,0,0,0,,,,0,,
Q246726,William O'Brien,2875,0,0,0,,,,0,,
Q247141,William Smith O'Brien,7079,1,1,0,sibling,sibling,HoC,1,panel;rush,"Lucius O'Brien, 13th Baron Inchiquin"
Q247589,George Lansbury,4650,1,1,0,indirect,indirect,HoC,0,rush,Ernest Thurtle
Q2477007,Clement Freud,4038,0,0,0,,,,1,,
Q248021,Menzies Campbell,171,0,0,0,,,,1,,
Q24845668,Charles Gold,1693,0,0,0,,,,1,,
Q2492102,"Henry Pelham-Clinton, 5th Duke of Newcastle",4716,1,6,1,parent,parent;child;sibling;indirect,HoC,1,panel;rush,"Henry Pelham-Clinton, 6th Duke of Newcastle;Lord Adolphus Vane-Tempest;Lord Arthur Clinton;Lord Charles Clinton;Lord Edward Clinton;Lord Robert Clinton"
Q24962924,William George Pearson,8334,0,0,0,,,,0,,
Q24963033,Greville Richard Vernon,2849,1,1,0,child,child,HoC,1,panel,"Robert Vernon, 1st Baron Lyveden"
Q2497255,Henry Hoyle Howorth,2317,0,0,0,,,,0,,
Q251095,Caroline Flint,280,0,0,0,,,,0,,
Q2514387,"James Reid, Baron Reid",8661,0,0,0,,,,1,,
Q2514411,"Wilfrid Normand, Baron Normand",5223,0,0,0,,,,1,,
Q25182977,Thomas Chester-Master,7019,1,1,0,parent,parent;child,HoC,1,panel;rush,Thomas Chester-Master
Q25184688,Donald Maclean,7002,0,0,0,,,,1,,
Q2518614,Kingsley Wood,8009,0,0,0,,,,0,,
Q2522267,"Victor Collins, Baron Stonham",8926,0,0,0,,,,1,,
Q2524132,Gyles Brandreth,3324,0,0,0,,,,0,,
Q2544868,"Charles Spencer, 6th Earl Spencer",2058,1,3,1,child,child;sibling;niece/nephew,HoC,1,panel,"John Spencer, 5th Earl Spencer;Frederick Spencer, 4th Earl Spencer;John Spencer, 3rd Earl Spencer"
Q2545186,Geoffrey de Freitas,3697,0,0,0,,,,0,,
Q2545390,"George Lambert, 1st Viscount Lambert",1807,1,1,0,parent,parent;child,HoC,1,panel;rush,George Lambert
Q2545470,George Lambert,7577,1,1,0,parent,parent;child,HoC,1,panel;rush,"George Lambert, 1st Viscount Lambert"
Q255340,Tom Johnston,8263,0,0,0,,,,0,,
Q25558108,William Henry Yelverton,6280,0,0,0,,,,1,,
Q25558228,"Sir Hugh Owen Owen, 2nd Baronet",7089,1,1,0,parent,parent;child,HoC,1,panel;rush,"Sir John Owen, 1st Baronet"
Q25558366,Owen Jones Ellis Nanney,5176,0,0,0,,,,0,,
Q25559009,Richard Richards,7288,0,0,0,,,,1,,
Q25559034,Walter Wilkins,6207,0,0,0,,,,1,,
Q256225,Oona King,416,0,0,0,,,,1,,
Q25636566,Edward Penrhyn,,0,0,0,,,,1,,
Q25689,"Francis Russell, 7th Duke of Bedford",,1,6,1,parent,parent;sibling;uncle/aunt,HoC,1,panel,"John Russell, 1st Earl Russell;George W. E. Russell;John Russell, Viscount Amberley;Lord Charles Russell;Lord Edward Russell;William Russell, 8th Duke of Bedford"
Q2568971,"Benjamin Hall, 1st Baron Llanover",6859,0,0,0,,,,0,,
Q257697,John Litchfield,4729,0,0,0,,,,0,,
Q257800,John Randall,59,0,0,0,,,,1,,
Q2578236,William Campion,3434,0,0,0,,,,1,,
Q2578649,"William Elliott, Baron Elliott of Morpeth",3868,0,0,0,,,,1,,
Q2578654,William Ellison-Macartney,2022,1,1,0,parent,parent;child,HoC,1,panel;rush,John Ellison-Macartney
Q2578803,Bryan Magee,4892,0,0,0,,,,0,,
Q2580034,"William Monsell, 1st Baron Emly",2618,0,0,0,,,,1,,
Q258088,Debbie Abrahams,10069,0,0,0,,,,0,,
Q2580935,"William Astor, 3rd Viscount Astor",3057,1,7,1,parent,parent;child;sibling;uncle/aunt;niece/nephew;cousin;indirect,HoC,1,panel;rush,"Henry Hunloke;Nancy Astor, Viscountess Astor;Waldorf Astor, 2nd Viscount Astor;John Jacob Astor, 1st Baron Astor of Hever;Jakie Astor;John Astor;Michael Astor"
Q2581473,Willie Rennie,10148,0,0,0,,,,0,,
Q258151,Henry Drummond,3781,0,0,0,,,,1,,
Q258292,Nigel Adams,9624,0,0,0,,,,0,,
Q25842418,Patrick Kennedy,2047,0,0,0,,,,0,,
Q25843198,William Fletcher,6787,1,1,0,cousin,cousin,HoC,0,panel;rush,Isaac Fletcher
Q25845810,Robert Clough,8198,1,1,0,sibling,sibling,HoC,0,panel,William Clough
Q25845814,Henry Marsland,4943,1,1,0,sibling,sibling,HoC,0,rush,Thomas Marsland
Q25845819,William Foster,6801,1,1,0,child,child,HoC,1,rush,William Henry Foster
Q25845825,Edward Sheldon,9045,0,0,0,,,,0,,
Q25845835,Robert Archbold,3036,0,0,0,,,,0,,
Q25845886,Montague Parker,7103,0,0,0,,,,1,,
Q258473,Adam Afriyie,9578,0,0,0,,,,0,,
Q25847993,Edward Scott,7188,0,0,0,,,,0,,
Q258586,Nadine Dorries,9465,0,0,0,,,,0,,
Q25861282,"Sir Harry Vernon, 1st Baronet",7304,0,0,0,,,,1,,
Q25861302,James McCann,4980,0,0,0,,,,0,,
Q25861316,Stephen Blair,6573,0,0,0,,,,0,,
Q25861329,John Ayshford Wise,6307,0,0,0,,,,0,,
Q25861357,Henry Stanley,7235,1,4,1,child,child;sibling;uncle/aunt,HoC,1,panel,"Frederick Stanley, 16th Earl of Derby;Edward Smith-Stanley, 14th Earl of Derby;Edward Stanley, 15th Earl of Derby;Edward Smith-Stanley, 13th Earl of Derby"
Q25861675,Michael Hunter,8141,0,0,0,,,,0,,
Q25863273,George Ridley,7162,1,6,1,parent,parent;child;sibling;uncle/aunt;niece/nephew;indirect,HoC,1,panel;rush,"Sir Matthew White Ridley, 4th Baronet;Edward Ridley;Matthew White Ridley, 1st Viscount Ridley;Matthew White Ridley, 2nd Viscount Ridley;Nicholas Ridley-Colborne, 1st Baron Colborne;Sir Matthew White Ridley, 3rd Baronet"
Q25863298,Montague Feilden,6766,1,1,0,parent,parent;child,HoC,1,panel;rush,William Feilden
Q25863363,Thomas Kavanagh,6949,1,2,1,parent,parent;child;grandparent;grandchild,HoC,1,panel;rush,Arthur MacMorrough Kavanagh;Walter MacMurrough Kavanagh
Q25863567,Richard Harris,6877,1,1,0,child,child,HoC,0,rush,John Dove Harris
Q258738,Bob Ainsworth,87,0,0,0,,,,0,,
Q25893695,George Thornhill,7281,1,1,0,grandchild,grandchild,HoC,0,rush,Arthur Thornhill
Q25893711,William Hawkins,9101,0,0,0,,,,0,,
Q25893740,Donald Nicoll,5211,0,0,0,,,,0,,
Q25893755,Charles Praed,2788,0,0,0,,,,0,,
Q25893867,Lachlan MacLachlan,9412,0,0,0,,,,0,,
Q25893876,George Sandars,5661,0,0,0,,,,0,,
Q25893910,Andrew Lynch,4799,0,0,0,,,,0,,
Q25894093,Edward Ruthven,5645,1,1,0,parent,parent;child,HoC,0,panel;rush,Edward Southwell Ruthven
Q25894111,William Freestun,4036,0,0,0,,,,0,,
Q25894127,Frank Mandeville,2564,0,0,0,,,,0,,
Q25894179,James Gibson,6816,0,0,0,,,,0,,
Q258963,Peter Aldous,9621,0,0,0,,,,0,,
Q259082,Danny Alexander,9522,0,0,0,,,,0,,
Q259106,Douglas Alexander,60,0,0,0,,,,0,,
Q25927442,William Wentworth FitzWilliam Dick,1488,1,3,1,grandchild,grandchild;uncle/aunt;indirect,HoC,1,rush,"Quintin Dick;Walter Long, 1st Viscount Long;Richard Penruddocke Long"
Q25927451,Charles O'Neill,7581,0,0,0,,,,0,,
Q25927538,Charles Standish,5844,0,0,0,,,,1,,
Q25927598,John Astell,3053,0,0,0,,,,1,,
Q25927607,John Dennistoun,3726,1,1,0,sibling,sibling,HoC,1,panel;rush,Alexander Dennistoun
Q25927612,James Ackers,19,1,1,0,child,child,HoC,0,rush,Benjamin St John Ackers
Q25927684,John Renton,5553,0,0,0,,,,1,,
Q25927689,Philip John Miles,7034,1,4,1,parent,parent;child;grandparent;grandchild;indirect,HoC,1,panel;rush,"Philip William Skynner Miles;Charles Miles;Sir Philip Miles, 2nd Baronet;Sir William Miles, 1st Baronet"
Q25927692,Joseph Sandars,5660,1,1,0,indirect,indirect,HoC,0,rush,"Thomas Taylour, 3rd Marquess of Headfort"
Q25931288,George Morris,2634,1,2,1,sibling,sibling;niece/nephew,HoC,0,rush,"Michael Morris, 1st Baron Killanin;Martin Morris, 2nd Baron Killanin"
Q25931389,Samuel Higginbottom,4354,0,0,0,,,,0,,
Q259359,Heidi Alexander,9923,0,0,0,,,,0,,
Q259361,Nadhim Zahawi,9879,0,0,0,,,,0,,
Q259423,Rushanara Ali,9920,0,0,0,,,,0,,
Q259601,Graham Allen,89,0,0,0,,,,0,,
Q259646,David Amess,90,0,0,0,,,,0,,
Q259707,Stuart Andrew,9629,0,0,0,,,,0,,
Q25973180,Herbert Holt,8005,0,0,0,,,,1,,
Q25973377,John Lockie,4740,0,0,0,,,,0,,
Q259736,James Arbuthnot,94,1,1,0,child,child,HoC,1,panel,"Sir John Arbuthnot, 1st Baronet"
Q25973807,William Harland,6875,0,0,0,,,,0,,
Q25974315,John Fenton,3945,0,0,0,,,,0,,
Q25975700,Ernest Alexander,6354,0,0,0,,,,0,,
Q259836,Sir George Young,727,0,0,0,,,,1,,
Q259895,Jonathan Ashworth,10076,0,0,0,,,,0,,
Q25991372,"Sir Samuel Scott, 2nd Baronet",,0,0,0,,,,0,,
Q2599142,Thomas Langlois Lefroy,6979,1,1,0,parent,parent;child,HoC,1,panel;rush,Anthony Lefroy
Q25991552,Edward Karslake,6948,1,1,0,sibling,sibling,HoC,1,rush,John Karslake
Q25991570,"Randall Plunkett, 15th Baron of Dunsany",5418,0,0,0,,,,1,,
Q259935,Ian Austin,9495,0,0,0,,,,0,,
Q259961,Tim Yeo,726,0,0,0,,,,0,,
Q25998074,Joseph Feilden,1587,1,2,1,parent,parent;child,HoC,1,panel;rush,Henry Feilden;Joseph Feilden
Q26000446,"Sir Edward Pryce-Jones, 1st Baronet",2133,1,1,0,child,child,HoC,1,panel,Pryce Pryce-Jones
Q26000797,"Sir Ralph Howard, 1st Baronet",6918,0,0,0,,,,1,,
Q26000861,Edward Rogers,,0,0,0,,,,0,,
Q260013,Adrian Bailey,2980,0,0,0,,,,0,,
Q260049,Willie Bain,9917,0,0,0,,,,0,,
Q260082,Norman Baker,103,0,0,0,,,,0,,
Q260111,Steve Baker,9640,0,0,0,,,,0,,
Q2602495,"Walter Montagu Douglas Scott, 8th Duke of Buccleuch",8304,1,4,1,parent,parent;child;sibling;grandparent;grandchild,HoC,1,panel;rush,"John Scott, 9th Duke of Buccleuch;John Montagu Douglas Scott, 7th Duke of Buccleuch;William Montagu Douglas Scott, 6th Duke of Buccleuch;Lord William Montagu Douglas Scott"
Q260324,Tony Baldry,104,0,0,0,,,,0,,
Q26033355,"Sir Edward Gooch, 6th Baronet",6825,0,0,0,,,,1,,
Q26033702,"Sir Francis Lawley, 7th Baronet",,1,3,1,sibling,sibling;uncle/aunt,HoC,1,panel,"Beilby Lawley, 2nd Baron Wenlock;Francis Charles Lawley;Paul Thompson, 1st Baron Wenlock"
Q26034503,"Sir Henry Pelly, 3rd Baronet",2744,1,3,1,grandchild,grandchild;indirect,HoC,1,rush,"David Lindsay, 27th Earl of Crawford;David Lindsay, 28th Earl of Crawford;James Lindsay"
Q26037042,William Forbes,4009,0,0,0,,,,0,,
Q26037062,William Collins,6669,0,0,0,,,,0,,
Q26037172,Michael Hogan,7423,0,0,0,,,,0,,
Q26037196,William Keown,2389,0,0,0,,,,0,,
Q26037483,Cornelius O'Callaghan,7080,1,1,0,niece/nephew,niece/nephew,HoC,1,rush,William O'Callaghan
Q26037484,John Fane,,0,0,0,,,,0,,
Q260429,Harriett Baldwin,9630,0,0,0,,,,0,,
Q260441,Simon Wright,9841,0,0,0,,,,0,,
Q260464,Ed Balls,9538,0,0,0,,,,0,,
Q260489,Jeremy Wright,9551,0,0,0,,,,0,,
Q2605189,"David Ormsby-Gore, 5th Baron Harlech",8949,1,8,1,parent,parent;child;grandparent;grandchild;uncle/aunt;niece/nephew;indirect,HoC,1,panel;rush,"Robert Cecil;Robert Gascoyne-Cecil, 3rd Marquess of Salisbury;Seymour Ormsby-Gore;William Ormsby-Gore, 4th Baron Harlech;Hugh Cecil, 1st Baron Quickswood;James Gascoyne-Cecil, 4th Marquess of Salisbury;George Ormsby-Gore, 3rd Baron Harlech;Robert Gascoyne-Cecil, 6th Marquess of Salisbury"
Q260523,Gordon Banks,9540,0,0,0,,,,0,,
Q260546,Stephen Barclay,9645,0,0,0,,,,0,,
Q260562,Gregory Barker,3691,0,0,0,,,,1,,
Q260618,Iain Wright,9459,0,0,0,,,,0,,
Q260631,Kevin Barron,108,0,0,0,,,,0,,
Q260651,Gavin Barwell,9643,0,0,0,,,,0,,
Q260748,Hugh Bayley,110,0,0,0,,,,0,,
Q260772,Guto Bebb,9649,0,0,0,,,,0,,
Q2607815,John Pope Hennessy,4332,0,0,0,,,,0,,
Q260844,David Wright,6574,0,0,0,,,,0,,
Q26085159,Henry Staveley-Hill,5855,1,1,0,child,child,HoC,0,panel,Alexander Staveley Hill
Q26085234,Howard Button,3414,0,0,0,,,,0,,
Q26085432,John Ashton Yates,6278,1,1,0,cousin,cousin,HoC,1,panel;rush,William James
Q26085438,Henry Seymer,5710,0,0,0,,,,0,,
Q26085446,Joseph Reed,7155,0,0,0,,,,0,,
Q26085465,Walter Hamilton,6868,0,0,0,,,,0,,
Q26085498,Walter Raine,5497,0,0,0,,,,0,,
Q260876,Anne Begg,113,0,0,0,,,,0,,
Q260960,Alan Beith,115,1,1,0,spouse,spouse,HoC,1,rush,"Diana Maddock, Baroness Maddock"
Q261001,Shaun Woodward,719,1,1,0,indirect,indirect,HoC,1,rush,Tim Sainsbury
Q261214,John Woodcock,10142,0,0,0,,,,0,,
Q26124911,John Harris,9396,0,0,0,,,,0,,
Q26126367,Arthur Law,7756,0,0,0,,,,0,,
Q26127733,Sydney Hope,9199,0,0,0,,,,0,,
Q26128201,John Cotes,6677,1,1,0,parent,parent;child,HoC,1,panel;rush,Charles Cecil Cotes
Q26128936,"Sir John Duckworth, 2nd Baronet",3792,0,0,0,,,,1,,
Q26129113,Hubert Duncombe,1523,1,7,1,child,child;sibling;grandchild;uncle/aunt;indirect,HoC,1,panel;rush,"Arthur Duncombe;Arthur Duncombe;Charles Duncombe, 2nd Earl of Feversham;Octavius Duncombe;William Duncombe, 1st Earl of Feversham;William Duncombe, 2nd Baron Feversham;William Duncombe, Viscount Helmsley"
Q261323,Mike Wood,718,0,0,0,,,,0,,
Q2614140,"Richard Bourke, 6th Earl of Mayo",5169,1,1,0,sibling,sibling,HoC,1,panel,"Robert Bourke, 1st Baron Connemara"
Q261553,Sarah Wollaston,9878,0,0,0,,,,0,,
Q26155951,,,0,0,0,,,,1,,
Q26156056,John Duncuft,3812,0,0,0,,,,0,,
Q26156104,George Beecroft,3147,0,0,0,,,,0,,
Q26156134,William Henry Ord,9433,1,1,0,parent,parent;child,HoC,0,panel;rush,William Ord
Q26156657,George Powell,7886,0,0,0,,,,1,,
Q26160824,Robert Metge,2595,0,0,0,,,,1,,
Q26161199,John Barneby,3108,0,0,0,,,,1,,
Q26161280,Beresford Melville,1791,0,0,0,,,,0,,
Q26161704,Richard Armstrong,6300,0,0,0,,,,0,,
Q261675,Pete Wishart,6521,0,0,0,,,,0,,
Q261773,Rosie Winterton,717,0,0,0,,,,0,,
Q261900,David Winnick,714,0,0,0,,,,0,,
Q261957,Stuart Bell,117,0,0,0,,,,0,,
Q26196561,Frederick Spinks,890,0,0,0,,,,0,,
Q26196571,Nathaniel William Peach,,0,0,0,,,,0,,
Q26196574,James Halpin Rorke,9429,0,0,0,,,,0,,
Q26196608,Alexander Learmonth,2437,0,0,0,,,,1,,
Q26196704,Joseph Somes,5802,0,0,0,,,,1,,
Q26196711,Thomas Tighe,5992,0,0,0,,,,0,,
Q26196714,David Ross,7173,0,0,0,,,,0,,
Q26196727,George Pilcher,5392,0,0,0,,,,0,,
Q26196771,Charles Hamond,2213,0,0,0,,,,0,,
Q26196798,Christopher Tower,6016,1,1,0,parent,parent;child,HoC,1,panel;rush,Christopher Tower
Q26196807,John Allix,3005,0,0,0,,,,0,,
Q2619726,"Waldorf Astor, 2nd Viscount Astor",3058,1,7,1,parent,parent;child;sibling;spouse;uncle/aunt;niece/nephew;indirect,HoC,1,panel;rush,"Nancy Astor, Viscountess Astor;William Astor, 3rd Viscount Astor;John Jacob Astor, 1st Baron Astor of Hever;Jakie Astor;James Heathcote-Drummond-Willoughby, 3rd Earl of Ancaster;John Astor;Michael Astor"
Q26197699,"Sir George Beresford, 2nd Baronet",6433,1,1,0,child,child,HoC,1,panel,"Sir John Beresford, 1st Baronet"
Q26203930,Sheldon Cradock,,0,0,0,,,,1,,
Q26203949,Foster Cunliffe Offley,,0,0,0,,,,1,,
Q26203950,John Currie,,0,0,0,,,,0,,
Q26203975,Herbert Barrett Curteis,3663,1,2,1,parent,parent;child;sibling,HoC,1,panel;rush,Herbert Curteis;Edward Curteis
Q26203976,Thomas Henry Hastings Davies,6704,0,0,0,,,,1,,
Q26203979,Alexander Dawson,,0,0,0,,,,0,,
Q26203984,Joseph Dixon,,0,0,0,,,,0,,
Q26203985,"Sir Compton Domvile, 1st Baronet",,0,0,0,,,,1,,
Q26203986,"Sir George Montgomery, 2nd Baronet",,0,0,0,,,,1,,
Q262040,Sammy Wilson,9461,0,0,0,,,,0,,
Q26204048,Osman Ricardo,5563,1,3,1,sibling,sibling;uncle/aunt;cousin,HoC,0,panel;rush,David Ricardo;John Lewis Ricardo;Samson Ricardo
Q26207,Hugh Dalton,3678,1,1,0,spouse,spouse,HoC,1,rush,Ruth Dalton
Q26208039,John Trotter,7292,0,0,0,,,,0,,
Q26208146,William Eccles,3846,0,0,0,,,,0,,
Q26208202,John Treeby,6027,0,0,0,,,,0,,
Q26208214,Addison Cresswell,3626,1,1,0,sibling,sibling,HoC,1,panel;rush,Cresswell Cresswell
Q26208239,John Somers,5794,0,0,0,,,,0,,
Q26208288,Evan Richards,758,0,0,0,,,,0,,
Q26208320,John Galwey,4055,0,0,0,,,,0,,
Q26208404,William Fagan,1580,1,1,0,parent,parent;child,HoC,1,panel;rush,William Trant Fagan
Q262108,Rob Wilson,9546,0,0,0,,,,0,,
Q26211669,William Cruddas,1430,1,1,0,indirect,indirect,HoC,0,rush,Bernard Cruddas
Q26211783,Christopher Tower,6015,1,1,0,parent,parent;child,HoC,1,panel;rush,Christopher Tower
Q26213071,Abel Rous Dottin,3763,0,0,0,,,,0,,
Q26213073,John Edmund Dowdeswell,,1,2,1,parent,parent;grandparent,HoC,1,panel,William Dowdeswell;William Edward Dowdeswell
Q26213078,Robert Lawrence Dundas,6747,1,3,1,niece/nephew,niece/nephew;indirect,HoC,1,rush,"Lawrence Dundas, 1st Marquess of Zetland;John Dundas;John Dundas"
Q26213079,Henry Fane,,0,0,0,,,,0,,
Q26213081,,,0,0,0,,,,0,,
Q26213089,James Grattan,4155,1,1,0,sibling,sibling,HoC,1,panel;rush,Henry Grattan
Q26213090,Thomas Greene,6838,0,0,0,,,,1,,
Q26213250,Thomas Hudson,6922,1,1,0,indirect,indirect,HoC,0,rush,Charles Donaldson-Hudson
Q26213251,William Hughes Hughes,6924,0,0,0,,,,0,,
Q26213256,William James,6934,1,1,0,cousin,cousin,HoC,0,panel;rush,John Ashton Yates
Q26213259,Charles Greville,6844,0,0,0,,,,0,,
Q26213260,Richard Gurney,,1,1,0,sibling,sibling,HoC,1,panel,Hudson Gurney
Q26213261,Josiah Hort,,0,0,0,,,,1,,
Q26213262,Kedgwin Hoskins,4427,0,0,0,,,,0,,
Q26213982,Charles Russell,6466,1,2,1,niece/nephew,niece/nephew,HoC,1,rush,"Sir Charles Russell, 3rd Baronet;Sir George Russell, 4th Baronet"
Q26214003,Nicholas Maher,4897,1,1,0,sibling,sibling;cousin,HoC,1,panel;rush,Valentine Maher
Q26214041,Samuel Edge,3857,0,0,0,,,,0,,
Q26214194,George Banes,1843,0,0,0,,,,0,,
Q26214250,William Lyon,,1,1,0,sibling,sibling,HoC,0,panel,David Lyon
Q26215646,Lewis Fenton,3944,0,0,0,,,,0,,
Q26215682,Richard Smithwicke,5784,0,0,0,,,,0,,
Q26215700,"Sir Alexander Ramsay, 3rd Baronet",7152,1,1,0,indirect,indirect,HoC,1,rush,John Entwisle
Q26215707,Lord Frederick Fitzroy,3987,1,5,1,parent,parent;sibling;uncle/aunt;indirect,HoC,0,rush,"Robert FitzRoy;James Fitzroy;Henry FitzRoy, 5th Duke of Grafton;William FitzRoy, 6th Duke of Grafton;Lord Charles FitzRoy"
Q26215755,Mark Milbank,,1,2,1,parent,parent;grandparent,HoC,1,panel,Frederick Milbank;Powlett Milbank
Q26215763,Clement Higgins,2272,0,0,0,,,,0,,
Q26215854,"Sir Beville Stanier, 1st Baronet",5848,0,0,0,,,,1,,
Q26218283,Nicholas Philpot Leader,,0,0,0,,,,1,,
Q26218307,David Guardi Ker,,1,3,1,parent,parent;grandparent,HoC,1,panel,David Stewart Ker;Richard Ker;Richard William Blackwood Ker
Q26218311,John Johnson,2363,0,0,0,,,,1,,
Q26218314,John Hatchell,4282,0,0,0,,,,0,,
Q26218349,David Davies,6702,0,0,0,,,,0,,
Q26218356,Luke White,7342,1,4,1,sibling,sibling;uncle/aunt;niece/nephew,HoC,1,panel;rush,"Samuel White;Charles William White;Henry White, 1st Baron Annaly;Luke White, 2nd Baron Annaly"
Q26218359,Augustus Fuller,6809,0,0,0,,,,1,,
Q26218384,Robert Campbell,6625,0,0,0,,,,0,,
Q26218387,John Gane,1661,0,0,0,,,,0,,
Q26218482,Harry Graham,1918,0,0,0,,,,0,,
Q26219926,Henry Surtees,5926,0,0,0,,,,0,,
Q26219943,George Butt,6616,0,0,0,,,,0,,
Q26220076,"Vesey Dawson, 2nd Earl of Dartrey",3625,0,0,0,,,,1,,
Q26220083,Henry Handcock,4241,1,1,0,child,child,HoC,1,panel,"Richard Handcock, 3rd Baron Castlemaine"
Q262201,Phil Wilson,9915,0,0,0,,,,0,,
Q26220723,Benjamin Lester,4706,0,0,0,,,,0,,
Q26220727,James Lindsay,,0,0,0,,,,0,,
Q26222283,"Sir Harry Goring, 8th Baronet",6603,1,1,0,indirect,indirect,HoC,1,rush,Aubrey Beauclerk
Q262335,Jenny Willott,9482,0,0,0,,,,0,,
Q26234463,Edward Herbert,,1,2,1,sibling,sibling;uncle/aunt,HoC,1,panel,"Henry Herbert, 3rd Earl of Carnarvon;Auberon Herbert"
Q26234467,George Harris,,0,0,0,,,,0,,
Q26234470,Henry Handley,4242,1,3,1,cousin,cousin,HoC,0,panel;rush,William Farnworth Handley;Benjamin Handley;John Handley
Q26234471,Henry Lambert,6969,0,0,0,,,,1,,
Q26234473,James Johnston,,0,0,0,,,,0,,
Q26234476,James Lambert,,0,0,0,,,,1,,
Q26234487,James Hope Vere,,0,0,0,,,,1,,
Q26234500,William Evans,,0,0,0,,,,0,,
Q26234502,Walker Ferrand,,0,0,0,,,,0,,
Q26234505,John Hope,,0,0,0,,,,0,,
Q26234507,John Kearsley,4544,0,0,0,,,,0,,
Q26234508,Thomas Kemmis,,0,0,0,,,,0,,
Q26234596,,,0,0,0,,,,1,,
Q26234598,John Russell,,1,1,0,parent,parent,HoC,1,panel,"Edward Russell, 23rd Baron de Clifford"
Q26235784,Thomas Crosse,3644,0,0,0,,,,0,,
Q26235811,Charles Waring,7326,1,1,0,parent,parent;child,HoC,0,panel;rush,Walter Waring
Q26235850,Thomas Owen,2713,0,0,0,,,,0,,
Q26235885,George Richard Robinson,7164,0,0,0,,,,0,,
Q26235909,Hamilton Morgan,7052,0,0,0,,,,1,,
Q26235923,Francis Beech,3145,0,0,0,,,,0,,
Q26235993,Martin Blake,6576,0,0,0,,,,1,,
Q26235996,Frederick Polhill,5423,1,1,0,parent,parent;child,HoC,0,panel;rush,Frederick Polhill-Turner
Q26236002,Joseph Walker Pease,7520,1,1,0,child,child,HoC,0,rush,"Sir Alfred Pease, 2nd Baronet"
Q26237448,Edward Henry A'Court,16,1,2,1,niece/nephew,niece/nephew,HoC,1,rush,"Charles A'Court;William à Court-Holmes, 2nd Baron Heytesbury"
Q26237475,George Harcourt,6874,0,0,0,,,,0,,
Q26237495,Frank Hilder,4359,0,0,0,,,,0,,
Q26237496,Arthur Holbrook,4395,1,1,0,grandchild,grandchild,HoC,0,rush,John Osborn
Q26237499,Frederick Howard,6915,1,6,1,sibling,sibling;niece/nephew;indirect,HoC,0,rush,"George Howard, 7th Earl of Carlisle;George Howard, 9th Earl of Carlisle;Charles Howard;Edward Howard, 1st Baron Lanerton;Geoffrey Howard;William Howard"
Q26237500,Egremont Lascelles,4655,1,2,1,uncle/aunt,uncle/aunt,HoC,1,rush,Edwin Lascelles;William Lascelles
Q26237501,Bouverie McDonald,7780,0,0,0,,,,0,,
Q26237502,Seymour Ormsby-Gore,7613,1,6,1,parent,parent;child;sibling;grandparent;grandchild;uncle/aunt;niece/nephew;indirect,HoC,1,panel;rush,"David Ormsby-Gore, 5th Baron Harlech;William Ormsby-Gore, 4th Baron Harlech;George Ormsby-Gore, 3rd Baron Harlech;John Ormsby-Gore, 1st Baron Harlech;William Ormsby-Gore;William Ormsby-Gore, 2nd Baron Harlech"
Q26237504,William O'Callaghan,2679,1,1,0,uncle/aunt,uncle/aunt,HoC,1,rush,Cornelius O'Callaghan
Q26237508,Kenyon Vaughan-Morgan,6088,1,1,0,parent,parent;child,HoC,1,panel;rush,"John Vaughan-Morgan, Baron Reigate"
Q26237510,Lewis Winby,6223,0,0,0,,,,0,,
Q26237514,Conyers Surtees,5927,0,0,0,,,,1,,
Q26237515,Richard Steble,5858,0,0,0,,,,0,,
Q26238186,Walter Buchanan,6606,0,0,0,,,,0,,
Q26238259,Pryse Loveden,4763,1,2,1,parent,parent;child;sibling,HoC,0,panel;rush,Pryse Pryse;Edward Pryse
Q26238368,Robert Tennant,937,0,0,0,,,,0,,
Q26238372,"Sir William Young, 4th Baronet",6326,0,0,0,,,,1,,
Q26238611,Thomas Granger,4152,0,0,0,,,,0,,
Q26239404,George Lloyd,7929,0,0,0,,,,1,,
Q26239528,Allan Lockhart,4739,0,0,0,,,,0,,
Q26239952,Thomas Lloyd,2481,1,1,0,cousin,cousin,HoC,0,panel;rush,"Sir Thomas Lloyd, 1st Baronet"
Q26240007,Evan Pateshall,2730,0,0,0,,,,0,,
Q26240416,Edward Curteis,3664,1,2,1,sibling,sibling;uncle/aunt;niece/nephew,HoC,1,panel;rush,Herbert Curteis;Herbert Barrett Curteis
Q26240507,Gerald Harrison,7950,0,0,0,,,,0,,
Q26240540,"Edward Russell, 23rd Baron de Clifford",7178,1,4,1,child,child;indirect,HoC,1,panel;rush,"John Russell, 1st Earl Russell;John Russell;Lord Charles Russell;Lord Edward Russell"
Q262409,Gavin Williamson,9877,0,0,0,,,,0,,
Q26242228,Henry Meynell,5056,0,0,0,,,,0,,
Q26246555,Robert Shawe,5721,0,0,0,,,,0,,
Q26247295,Charles Martyn,4944,0,0,0,,,,0,,
Q26247955,"Sir Geers Cotterell, 3rd Baronet",3606,0,0,0,,,,1,,
Q26248622,Clement Hill,6776,0,0,0,,,,1,,
Q26248625,"Sir Richard Keane, 2nd Baronet",4543,0,0,0,,,,0,,
Q26248630,"Sir Walter Minto Townsend-Farquhar, 2nd Baronet",2392,1,1,0,parent,parent;child,HoC,1,panel;rush,"Horace Farquhar, 1st Earl Farquhar"
Q26248795,James Mackillop,,0,0,0,,,,0,,
Q26250373,Walter Plummer,5415,0,0,0,,,,0,,
Q26250395,John Aldridge,2996,0,0,0,,,,1,,
Q26250398,William Wilberforce,6198,0,0,0,,,,1,,
Q26250406,James Mason,7563,0,0,0,,,,1,,
Q26250423,Henry Greene,1935,0,0,0,,,,0,,
Q26250429,George Bond,1240,0,0,0,,,,0,,
Q26250688,Thomas Monypenny,5099,0,0,0,,,,0,,
Q26250709,Laurence Waldron,6116,1,1,0,parent,parent;child,HoC,0,panel;rush,Laurence Ambrose Waldron
Q26250718,William Reynolds,756,0,0,0,,,,0,,
Q26250760,"Sir Alexander Fuller-Acland-Hood, 3rd Baronet",6907,1,3,1,parent,parent;child;grandchild,HoC,1,panel;rush,"Sir Alexander Hood, 2nd Baronet;Alexander Fuller-Acland-Hood, 1st Baron St Audries;Hugh Luttrell"
Q26250972,John Wallace,985,0,0,0,,,,0,,
Q26252255,William Harris,6663,0,0,0,,,,0,,
Q26252261,Anthony Wilson,7361,0,0,0,,,,0,,
Q26252270,Alexander Chisholm,9087,0,0,0,,,,1,,
Q26252273,Robert Waddington,9196,0,0,0,,,,0,,
Q26252278,Henry Kemble,4565,0,0,0,,,,0,,
Q26252532,John Lanigan,7628,0,0,0,,,,0,,
Q26252809,John Cobbett,1384,1,1,0,parent,parent,HoC,0,rush,William Cobbett
Q26252824,"Sir James Hamilton, 2nd Baronet, of Woodbrook",6866,0,0,0,,,,1,,
Q26252877,John Collier,6668,1,1,0,parent,parent;child,HoC,1,panel;rush,"Robert Collier, 1st Baron Monkswell"
Q26252883,Edward Pryse,5476,1,2,1,parent,parent;sibling,HoC,0,rush,Pryse Pryse;Pryse Loveden
Q26252900,Richard Padmore,5306,0,0,0,,,,0,,
Q26252961,Charles William Gordon,6633,1,1,0,indirect,indirect,HoC,1,rush,"George Hamilton-Gordon, 5th Earl of Aberdeen"
Q26252965,Edward John Synan,925,0,0,0,,,,0,,
Q262539,Charles Walker,9478,0,0,0,,,,0,,
Q26254028,"William Wentworth-Fitzwilliam, Viscount Milton",9037,1,8,1,parent,parent;child;sibling;uncle/aunt;niece/nephew;indirect,HoC,1,panel;rush,"Charles Wentworth-FitzWilliam;Charles Wentworth-Fitzwilliam, 5th Earl Fitzwilliam;George Wentworth-FitzWilliam;Henry Wentworth-FitzWilliam;John Wentworth-FitzWilliam;William Wentworth-Fitzwilliam, 7th Earl Fitzwilliam;William Wentworth-FitzWilliam, Viscount Milton;William Wentworth-Fitzwilliam, 6th Earl Fitzwilliam"
Q26254048,Crofton Vandeleur,6076,0,0,0,,,,1,,
Q26255010,Edward Thompson,7554,0,0,0,,,,0,,
Q26255125,William Lister,4727,1,1,0,parent,parent;child,HoC,1,panel;rush,Ellis Cunliffe Lister
Q26255693,Joseph Dodd,1500,0,0,0,,,,0,,
Q26256171,George Houston,6912,0,0,0,,,,1,,
Q26256292,John Wawn,6151,0,0,0,,,,0,,
Q26256297,John Childers,6646,0,0,0,,,,1,,
Q26256311,"Sir Frederick Johnstone, 7th Baronet",6940,1,2,1,parent,parent;niece/nephew;indirect,HoC,1,panel;rush,"Richard Weyland;Sir Frederick Johnstone, 8th Baronet"
Q26257507,Alexander Hastie,4281,1,1,0,cousin,cousin,HoC,0,panel;rush,Archibald Hastie
Q26257714,"Sir Benjamin Chapman, 4th Baronet",2533,1,1,0,sibling,sibling,HoC,1,panel,"Sir Montagu Chapman, 3rd Baronet"
Q26257732,Cecil Hilton,4370,0,0,0,,,,0,,
Q26257745,John McCarthy,7415,0,0,0,,,,0,,
Q26257750,Stearne Miller,7038,0,0,0,,,,0,,
Q26257752,John Penleaze,5354,0,0,0,,,,0,,
Q26257753,Thomas Sidney,5743,0,0,0,,,,1,,
Q26257756,George Barry,1508,0,0,0,,,,0,,
Q26257757,Francis Lyons,6995,0,0,0,,,,0,,
Q26257763,John Rutherford,8097,1,1,0,indirect,indirect,HoC,0,rush,"Sir John Rutherford, 1st Baronet"
Q26257903,James Bain,3086,1,1,0,parent,parent,HoC,0,rush,James Bain
Q26257958,Frederick Kerans,2391,0,0,0,,,,1,,
Q26258111,Charles Clements,3519,1,3,1,sibling,sibling;indirect,HoC,1,panel;rush,"Robert Clements;Henry John Clements;William Clements, 3rd Earl of Leitrim"
Q26258131,Christopher Weguelin,7333,1,1,0,parent,parent;child,HoC,0,panel;rush,Thomas Matthias Weguelin
Q26258134,Thomas Little,2476,0,0,0,,,,0,,
Q26258135,John Collett,3565,1,1,0,sibling,sibling,HoC,0,rush,William Rickford Collett
Q26258146,David Carruthers,3450,0,0,0,,,,0,,
Q26258168,"Sir Michael Shaw-Stewart, 6th Baronet",7244,1,3,1,parent,parent;sibling;grandparent,HoC,1,panel,"Sir Michael Shaw-Stewart, 7th Baronet;Houston Stewart;Sir Hugh Shaw-Stewart, 8th Baronet"
Q26258446,Joseph Cunliffe,8115,0,0,0,,,,0,,
Q26258481,"Sir Mathew Wilson, 4th Baronet",8137,0,0,0,,,,1,,
Q26258798,William Reade,5527,0,0,0,,,,1,,
Q26258817,Henry Paull,5342,0,0,0,,,,0,,
Q26259225,Morgan Treherne,6029,0,0,0,,,,0,,
Q26259702,Augustine Hailwood,4216,0,0,0,,,,0,,
Q26259813,John Payne Elwes,3876,0,0,0,,,,1,,
Q26259815,James Fagan,6764,0,0,0,,,,0,,
Q26260747,Thomas Gill,6818,0,0,0,,,,0,,
Q26260973,Edward Buckley,6607,0,0,0,,,,1,,
Q262616,Henry Bellingham,3157,0,0,0,,,,0,,
Q26262567,John West,7336,0,0,0,,,,0,,
Q26262588,John Howard,7419,0,0,0,,,,0,,
Q26262702,John McKean,5010,0,0,0,,,,0,,
Q26262761,Alexander Nowell,,0,0,0,,,,0,,
Q26262769,Charles Palmer,7098,0,0,0,,,,1,,
Q26262772,Matthew Pennefather,,0,0,0,,,,0,,
Q26262777,Edward Petre,5381,0,0,0,,,,1,,
Q26262787,Edward Protheroe,5472,0,0,0,,,,0,,
Q26262792,Wilson Roberts,,0,0,0,,,,0,,
Q26262793,Gustavas Rochfort,,0,0,0,,,,1,,
Q26262794,George Rose,,0,0,0,,,,0,,
Q26262797,George Schonswar,,0,0,0,,,,0,,
Q26262798,John Cheesment-Severn,,0,0,0,,,,0,,
Q26262862,Edmund Phipps,,0,0,0,,,,1,,
Q26262863,George Pigott,,0,0,0,,,,1,,
Q26262865,Robert Power,,0,0,0,,,,0,,
Q26262866,Samuel Price,7150,0,0,0,,,,0,,
Q26262867,William Ramsay,7153,0,0,0,,,,0,,
Q26262875,Charles Norton,,0,0,0,,,,1,,
Q26265230,Frederick Polhill-Turner,2775,1,1,0,parent,parent;child,HoC,1,panel;rush,Frederick Polhill
Q26265336,William Boyle,3304,0,0,0,,,,1,,
Q26265339,Thomas Corbett,6674,0,0,0,,,,1,,
Q26265354,William O'Doherty,9434,1,1,0,sibling,sibling,HoC,0,rush,Philip O'Doherty
Q26265390,William Cox,6683,0,0,0,,,,0,,
Q26265397,David Morris,7053,0,0,0,,,,0,,
Q26265403,Alfred Williams,7733,1,3,1,parent,parent;sibling;grandparent,HoC,0,rush,"Charles Williams;John Charles Williams;Sir Frederick Williams, 2nd Baronet"
Q26265426,"Sir Roger Palmer, 5th Baronet",7100,0,0,0,,,,1,,
Q26265440,Robert Kearsley,4545,0,0,0,,,,0,,
Q26265446,William Vansittart,6081,0,0,0,,,,0,,
Q26265448,Richard Gard,4061,0,0,0,,,,0,,
Q26265450,William Lyde Wiggett-Chute,3507,0,0,0,,,,1,,
Q26265453,Robert Webster,1010,0,0,0,,,,0,,
Q26265456,James Roe,7168,0,0,0,,,,0,,
Q26265459,Philip William Skynner Miles,7035,1,3,1,parent,parent;child;sibling;uncle/aunt;indirect,HoC,1,panel;rush,"Philip John Miles;Sir Philip Miles, 2nd Baronet;Sir William Miles, 1st Baronet"
Q26265472,Edward Basil Farnham,3927,0,0,0,,,,1,,
Q26265482,James Theobald,938,0,0,0,,,,0,,
Q26265525,Valentine Blake,6577,0,0,0,,,,1,,
Q26265819,"Sir Thomas Hare, 1st Baronet",1921,0,0,0,,,,1,,
Q26266031,Ernest Hiley,4360,0,0,0,,,,0,,
Q26266040,Jasper Tully,2033,0,0,0,,,,0,,
Q26266078,Clarence Smith,868,0,0,0,,,,0,,
Q26266120,James Henry Stock,1887,0,0,0,,,,0,,
Q26267530,John Steel,5860,0,0,0,,,,1,,
Q26267539,Andrew Green Thompson,7632,0,0,0,,,,0,,
Q26267607,Richard Roundell,8186,0,0,0,,,,1,,
Q26267738,John Calcraft,1332,1,3,1,parent,parent;child;grandchild;niece/nephew,HoC,1,panel;rush,John Hales Calcraft;Granby Calcraft;John Calcraft
Q26267764,Alfred Davies,7735,0,0,0,,,,0,,
Q26267770,Thomas Maunsell,4958,0,0,0,,,,1,,
Q26267792,Thomas Smyth,7513,0,0,0,,,,0,,
Q26267795,Walter Perkins,8301,0,0,0,,,,0,,
Q26267921,Frederick Rice,5570,0,0,0,,,,0,,
Q26267925,John Murrough,5163,0,0,0,,,,0,,
Q26267952,Augustus Helder,1798,0,0,0,,,,0,,
Q26267988,Joseph Crosland,3642,1,1,0,sibling,sibling,HoC,1,panel;rush,Thomas Crosland
Q26268012,Edward McFadden,4996,0,0,0,,,,0,,
Q26268025,Henry Westropp,6174,0,0,0,,,,0,,
Q26268037,James Bain,3087,1,1,0,child,child,HoC,0,rush,James Bain
Q26269775,Charles Engledow,1564,0,0,0,,,,0,,
Q26270089,Joseph Holdsworth,4397,0,0,0,,,,0,,
Q26270180,Rawdon Briggs,6588,0,0,0,,,,0,,
Q26270190,Charles McVeigh,5030,0,0,0,,,,0,,
Q26270200,Samuel Finburgh,3964,0,0,0,,,,0,,
Q26270700,Charles Legard,2446,1,1,0,uncle/aunt,uncle/aunt,HoC,1,rush,"William Duncombe, 2nd Baron Feversham"
Q26270886,Francis Macnamara,4868,1,1,0,parent,parent,HoC,0,rush,William Nugent Macnamara
Q26270894,John Maher,4895,0,0,0,,,,0,,
Q26271023,Arthur Philpotts,2757,0,0,0,,,,0,,
Q26271030,John Mains,2558,0,0,0,,,,0,,
Q26271050,Henry Harris,7994,0,0,0,,,,0,,
Q26271062,James Oakes,5266,0,0,0,,,,0,,
Q26271146,Robert Reid,748,0,0,0,,,,0,,
Q26271166,Arthur Dixey,3739,0,0,0,,,,0,,
Q26271246,Thomas Cookes,3582,0,0,0,,,,0,,
Q26271271,Ambrose Goddard,6822,1,1,0,child,child,HoC,1,rush,Ambrose Goddard
Q26271431,Benjamin Wood,7365,1,1,0,sibling,sibling,HoC,0,rush,"Sir Matthew Wood, 1st Baronet"
Q26271764,William Morris,7055,0,0,0,,,,0,,
Q26271850,Richard Young,6325,0,0,0,,,,0,,
Q26271862,Edward Barnett,6541,0,0,0,,,,0,,
Q26272132,Henry Chester,3489,0,0,0,,,,0,,
Q26272144,Robert Torrens,7284,0,0,0,,,,0,,
Q26272215,Cuthbert Rippon,5584,0,0,0,,,,0,,
Q26272265,Thomas Bunbury,3392,1,2,1,niece/nephew,niece/nephew,HoC,0,rush,"John McClintock, 1st Baron Rathdonnell;William McClintock-Bunbury"
Q26272449,Robert Bagshaw,3082,1,1,0,parent,parent;child,HoC,0,panel;rush,John Bagshaw
Q262727,Mo Mowlam,522,0,0,0,,,,0,,
Q26272879,Eric Knight,7871,0,0,0,,,,1,,
Q26272953,William Colborne,2923,1,1,0,parent,parent,HoC,0,rush,"Nicholas Ridley-Colborne, 1st Baron Colborne"
Q262742,Hilary Benn,63,1,3,1,parent,parent;child;grandparent;grandchild;indirect,HoC,1,panel;rush,"Tony Benn;William Wedgwood Benn, 1st Viscount Stansgate;Sir John Benn, 1st Baronet"
Q262749,Albert Booth,8374,0,0,0,,,,0,,
Q26277445,Charles Butler,9084,0,0,0,,,,0,,
Q26277838,William Praed,7146,0,0,0,,,,0,,
Q26277958,James Blair,6572,0,0,0,,,,1,,
Q26278034,Fredric Wise,6357,1,1,0,indirect,indirect,HoC,0,rush,"Sir Thomas Wrightson, 1st Baronet"
Q26278350,Lee Steere,2846,0,0,0,,,,0,,
Q2628635,Bernadette Devlin McAliskey,4969,0,0,0,,,,0,,
Q262872,Joe Benton,121,0,0,0,,,,0,,
Q26288290,James Martin,7014,1,2,1,sibling,sibling;indirect,HoC,0,rush,"John Martin;Sir Richard Martin, 1st Baronet, of Overbury Court"
Q26288557,Robert Hildyard,6889,0,0,0,,,,0,,
Q26288672,John Ryle,5648,0,0,0,,,,0,,
Q26289033,Charles Anderson,1117,0,0,0,,,,0,,
Q26289355,John McCance,4977,0,0,0,,,,0,,
Q26289458,Edward Brockman,3348,0,0,0,,,,0,,
Q26289585,Walter Thorburn,2013,0,0,0,,,,1,,
Q26289778,Peirce Mahony,7005,0,0,0,,,,0,,
Q26289884,James Gwynne-Holford,1755,0,0,0,,,,0,,
Q26289970,William Hodgson,2286,0,0,0,,,,0,,
Q26291943,Joseph McDonnell,9407,0,0,0,,,,0,,
Q26292023,"Sir Alfred Watkin, 2nd Baronet",7329,1,1,0,parent,parent;child,HoC,1,panel;rush,Edward Watkin
Q26292369,Joshua Bond,6582,0,0,0,,,,1,,
Q26292488,Gervaise Waldo-Sibthorp,5741,1,1,0,parent,parent;child,HoC,1,panel;rush,Charles Sibthorp
Q26292607,Henry Currie,6691,1,1,0,cousin,cousin,HoC,0,panel;rush,Raikes Currie
Q26292785,George Hudson,1865,0,0,0,,,,1,,
Q26292916,William Brodie,3352,0,0,0,,,,1,,
Q262931,Richard Benyon,9535,1,1,0,child,child,HoC,1,panel,William Benyon
Q26293147,Thomas Turner,6034,1,2,1,parent,parent;child;sibling,HoC,1,panel;rush,Charles Frewen;Moreton Frewen
Q26293549,Henry Adeane,52,1,3,1,child,child;indirect,HoC,1,panel;rush,"Henry Adeane;Edward Grenfell, 1st Baron St Just;Henry Grenfell"
Q26293990,Jesse David Watts-Russell,7179,0,0,0,,,,1,,
Q26294710,William Wood,7372,0,0,0,,,,0,,
Q26295402,James Taylor,7267,0,0,0,,,,0,,
Q26295517,Henry Ratcliffe,5510,0,0,0,,,,0,,
Q26296383,Loftus Bland,3234,0,0,0,,,,1,,
Q26296996,Thomas Lundon,4783,1,1,0,parent,parent,HoC,0,rush,William Lundon
Q26299011,"Sir Horace St Paul, 2nd Baronet",5838,1,1,0,child,child,HoC,1,panel,"Sir Horace St Paul, 1st Baronet"
Q26299237,Humphrey Freeland,4030,0,0,0,,,,0,,
Q26300717,Alfred Bristow,3338,0,0,0,,,,0,,
Q26300817,"Sir Archibald Campbell, 3rd Baronet",,0,0,0,,,,1,,
Q26301283,James Wood,7537,0,0,0,,,,0,,
Q26303205,"Sir George Errington, 1st Baronet",1568,0,0,0,,,,1,,
Q26303355,George Grice-Hutchinson,1740,0,0,0,,,,0,,
Q26303471,Charles Sturt,911,0,0,0,,,,0,,
Q26305397,"Sir George Scott-Douglas, 4th Baronet",1505,0,0,0,,,,1,,
Q26305575,John Johnstone,1961,0,0,0,,,,1,,
Q263076,Robin Walker,9871,1,1,0,parent,parent;child,HoC,1,panel;rush,"Peter Walker, Baron Walker of Worcester"
Q26310345,Edward Davenport,1453,0,0,0,,,,0,,
Q26310594,Ernest Bird,3211,0,0,0,,,,1,,
Q26310886,William Chetwynd,3492,0,0,0,,,,1,,
Q26310983,Miles Mattinson,4953,0,0,0,,,,0,,
Q26311084,Edward Divett,3738,0,0,0,,,,0,,
Q263147,John Bercow,122,0,0,0,,,,0,,
Q263166,Ben Wallace,9526,0,0,0,,,,0,,
Q26321345,Swynfen Jervis,4518,1,1,0,cousin,cousin,HoC,0,panel;rush,John Jervis
Q26321616,Thomas Staveley,5854,0,0,0,,,,0,,
Q26321770,Jasper Parrott,5329,0,0,0,,,,0,,
Q263243,Paul Beresford,123,0,0,0,,,,0,,
Q26326544,Florence O'Driscoll,2689,0,0,0,,,,0,,
Q26326803,John Leith,2455,0,0,0,,,,1,,
Q26327776,Aaron Chapman,6642,0,0,0,,,,0,,
Q26328271,John Campbell,2268,1,1,0,uncle/aunt,uncle/aunt,HoC,1,rush,Wadham Wyndham
Q26328565,Richard Fox,6805,1,1,0,indirect,indirect,HoC,1,rush,Charles Fox
Q26328792,Henry Lacy,4622,0,0,0,,,,0,,
Q26329166,Charles Trueman,6042,0,0,0,,,,0,,
Q26329235,Henry Fulford,4043,0,0,0,,,,0,,
Q26329797,William Crompton-Stansfield,5850,0,0,0,,,,1,,
Q26329898,"Sir Thomas Style, 8th Baronet",5909,0,0,0,,,,0,,
Q263299,Luciana Berger,9926,0,0,0,,,,0,,
Q26330206,Richard Austin Spencer,,0,0,0,,,,0,,
Q26330510,William Hutchison,8338,0,0,0,,,,0,,
Q26331118,Wyndham Goold,4134,0,0,0,,,,0,,
Q26331244,Conway Dobbs,3742,1,1,0,indirect,indirect,HoC,1,rush,William Dobbs
Q26334845,Thomas Marsland,4942,1,1,0,sibling,sibling,HoC,0,rush,Henry Marsland
Q263350,Jake Berry,9648,0,0,0,,,,0,,
Q26335677,William Pinney,5406,0,0,0,,,,1,,
Q263416,Joan Walley,688,0,0,0,,,,0,,
Q263508,Clive Betts,127,0,0,0,,,,0,,
Q263532,Robert Walter,689,0,0,0,,,,0,,
Q263589,David Ward,9839,0,0,0,,,,0,,
Q263653,Angela Watkinson,3659,0,0,0,,,,0,,
Q263729,Andrew Bingham,9652,0,0,0,,,,0,,
Q263767,Brian Binley,9539,0,0,0,,,,0,,
Q263802,Tom Watson,6168,0,0,0,,,,0,,
Q263822,Gordon Birtwistle,9832,0,0,0,,,,0,,
Q26385266,Alexander Henry,6885,1,2,1,child,child,HoC,0,rush,John Snowdon Henry;Mitchell Henry
Q26386645,Charles Cooper,8999,0,0,0,,,,0,,
Q26386725,John Fergus,3947,0,0,0,,,,0,,
Q26386780,Colin Dunlop,3818,0,0,0,,,,0,,
Q26386850,Harry Chilcott,3499,0,0,0,,,,0,,
Q26387054,Edward Monckton,2615,0,0,0,,,,1,,
Q26387150,George Reid,7156,0,0,0,,,,0,,
Q26387230,Edmund Hornby,6908,0,0,0,,,,1,,
Q26387320,Thomas Hay,8295,1,4,1,parent,parent;child;niece/nephew,HoC,1,panel;rush,"George Hay, Earl of Gifford;John Hay;Sir John Dalrymple-Hay, 3rd Baronet;William Hay, 10th Marquess of Tweeddale"
Q26387424,John Perry-Watlington,6150,0,0,0,,,,0,,
Q26387499,Edward Glover,4114,0,0,0,,,,1,,
Q263875,Bob Blackman,9651,0,0,0,,,,0,,
Q26387943,David Greig,4289,0,0,0,,,,0,,
Q263882,David Watts,694,0,0,0,,,,1,,
Q26388219,John Cole,6667,1,4,1,sibling,sibling;uncle/aunt,HoC,1,panel;rush,"Arthur Cole;Henry Cole;Lowry Cole, 4th Earl of Enniskillen;William Cole, 3rd Earl of Enniskillen"
Q26388686,Owen Parker,8159,0,0,0,,,,0,,
Q26389140,Hewitt Bridgeman,6587,0,0,0,,,,0,,
Q263923,Roberta Blackman-Woods,9500,0,0,0,,,,0,,
Q263969,Nicola Blackwood,9655,0,0,0,,,,1,,
Q26398381,Ambrose Goddard,1692,1,1,0,parent,parent,HoC,1,rush,Ambrose Goddard
Q26398785,Cadwallader Waddy,7315,0,0,0,,,,0,,
Q26399033,Denis Cogan,7485,0,0,0,,,,0,,
Q26399423,Charles Goring,4141,0,0,0,,,,0,,
Q264000,Mike Weatherley,9872,0,0,0,,,,0,,
Q264023,Hazel Blears,130,0,0,0,,,,0,,
Q264072,Tom Blenkinsop,9925,0,0,0,,,,0,,
Q264116,Steve Webb,695,0,0,0,,,,0,,
Q264132,Paul Blomfield,9928,0,0,0,,,,0,,
Q26415175,Edward McMahon,7003,0,0,0,,,,0,,
Q26415474,Charles William Packe,5303,1,1,0,sibling,sibling,HoC,1,panel;rush,George Hussey Packe
Q26415909,Dominick Ronayne,9442,1,1,0,cousin,cousin,HoC,0,panel;rush,Daniel O'Connell
Q264196,David Blunkett,132,0,0,0,,,,1,,
Q264220,Mike Weir,6173,0,0,0,,,,0,,
Q26422972,John Lorden,4755,0,0,0,,,,0,,
Q264305,Crispin Blunt,133,0,0,0,,,,0,,
Q264337,James Wharton,9873,0,0,0,,,,0,,
Q264365,Nick Boles,9653,0,0,0,,,,1,,
Q264374,Heather Wheeler,9874,0,0,0,,,,0,,
Q264420,Chris White,9875,0,0,0,,,,0,,
Q264426,Peter Bone,9572,0,0,0,,,,0,,
Q26446169,William Hackblock,4209,0,0,0,,,,0,,
Q26446381,John Blackburne,6570,0,0,0,,,,0,,
Q2644715,Alfred Billson,2904,1,1,0,indirect,indirect,HoC,1,rush,Brooks Crompton Wood
Q26447351,"Sir Thomas Esmonde, 9th Baronet",6758,0,0,0,,,,1,,
Q264477,Peter Bottomley,139,1,1,0,spouse,spouse,HoC,1,rush,Virginia Bottomley
Q2644798,Alfred Byrne,7444,0,0,0,,,,0,,
Q2644901,"Alf Dubs, Baron Dubs",3788,0,0,0,,,,1,,
Q264510,Eilidh Whiteford,9601,0,0,0,,,,0,,
Q264560,Karen Bradley,9660,0,0,0,,,,0,,
Q264585,Alan Whitehead,699,0,0,0,,,,0,,
Q264618,Ben Bradshaw,143,0,0,0,,,,0,,
Q264636,Craig Whittaker,9876,0,0,0,,,,0,,
Q264662,Graham Brady,144,0,0,0,,,,0,,
Q264684,John Whittingdale,701,0,0,0,,,,1,,
Q264720,Tom Brake,145,0,0,0,,,,0,,
Q264761,Malcolm Wicks,702,0,0,0,,,,0,,
Q264766,Theresa May,479,0,0,0,,,,0,,
Q26476983,Cornthwaite Hector,4315,0,0,0,,,,0,,
Q26477030,John Entwisle,3886,1,2,1,cousin,cousin;indirect,HoC,0,panel;rush,"Sir Alexander Ramsay, 3rd Baronet;William Entwisle"
Q26477102,Richard Bremridge,3330,0,0,0,,,,0,,
Q26477164,Saville Ogle,5274,0,0,0,,,,0,,
Q264776,Angie Bray,9657,0,0,0,,,,0,,
Q26477874,James Kelly,6951,0,0,0,,,,0,,
Q26478059,Robert Hale,4221,0,0,0,,,,1,,
Q26478535,John Laurie,6971,1,1,0,child,child,HoC,0,rush,John Wimburn Laurie
Q26478612,Thomas Blane,8270,0,0,0,,,,0,,
Q26478734,Francis O'Beirne,2675,0,0,0,,,,0,,
Q26479012,George Lyall,4791,1,1,0,parent,parent;child,HoC,0,panel;rush,George Lyall
Q26479289,Alan Burgoyne,3401,0,0,0,,,,0,,
Q26480550,Thomas Greer,1732,0,0,0,,,,1,,
Q26481052,Henry Dewhurst,3735,0,0,0,,,,0,,
Q26481365,William Houghton-Gastrell,4071,0,0,0,,,,0,,
Q26482097,Rei Carter,8180,0,0,0,,,,0,,
Q26482296,Robert Edmund Dickinson,7465,0,0,0,,,,0,,
Q264827,Julian Brazier,147,0,0,0,,,,0,,
Q264964,Kevin Brennan,3719,0,0,0,,,,0,,
Q265028,Andrew Bridgen,9662,0,0,0,,,,0,,
Q265088,Steve Brine,9661,0,0,0,,,,0,,
Q265140,James Brokenshire,9517,0,0,0,,,,0,,
Q265190,Annette Brooke,3772,0,0,0,,,,0,,
Q2654367,Archibald Hunter,4456,0,0,0,,,,0,,
Q26577004,Henry Cartwright,6634,1,1,0,parent,parent;child,HoC,1,panel;rush,William Ralph Cartwright
Q26577947,Francis Meehan,5037,0,0,0,,,,0,,
Q265870,Lyn Brown,9574,0,0,0,,,,0,,
Q265900,Bill Wiggin,6283,1,1,0,parent,parent;child,HoC,1,panel;rush,Jerry Wiggin
Q2659147,John Chapman,1358,1,1,0,child,child,HoC,0,rush,Edward Chapman
Q265935,Nick Brown,152,0,0,0,,,,0,,
Q266000,Russell Brown,153,0,0,0,,,,0,,
Q266033,Jeremy Browne,9566,0,0,0,,,,0,,
Q266064,David Willetts,706,0,0,0,,,,1,,
Q266078,Fiona Bruce,9664,0,0,0,,,,0,,
Q266113,Malcolm Bruce,157,0,0,0,,,,1,,
Q2661130,Henry Thomson,941,0,0,0,,,,0,,
Q26611669,John Martin,6429,1,3,1,child,child;sibling;indirect,HoC,1,panel;rush,"John Martin;James Martin;Sir Richard Martin, 1st Baronet, of Overbury Court"
Q266146,Chris Bryant,3775,0,0,0,,,,0,,
Q266189,Hywel Williams,6329,0,0,0,,,,0,,
Q2662125,Harold Thomas Cawley,7488,1,2,1,parent,parent;child;sibling,HoC,1,panel;rush,"Frederick Cawley, 1st Baron Cawley;Oswald Cawley"
Q266238,Karen Buck,158,0,0,0,,,,0,,
Q26634508,Peter Blackburn,6569,0,0,0,,,,1,,
Q266357,Mark Williams,9483,0,0,0,,,,0,,
Q266434,Roger Williams,6492,0,0,0,,,,0,,
Q266468,"Thomas Ashton, 1st Baron Ashton of Hyde",1774,0,0,0,,,,1,,
Q26649742,John Stewart,7242,0,0,0,,,,0,,
Q266548,Stephen Williams,9477,0,0,0,,,,0,,
Q26660271,Philip Courtenay,6679,0,0,0,,,,0,,
Q266647,Chris Williamson,10141,0,0,0,,,,0,,
Q26678275,Robert Westley Hall-Dare,3685,0,0,0,,,,1,,
Q26678464,Alexander Ellice,6751,1,2,1,sibling,sibling;uncle/aunt;niece/nephew,HoC,1,panel;rush,Edward Ellice;Edward Ellice
Q26678496,Joseph Christopher Ewart,6763,1,1,0,sibling,sibling,HoC,0,panel;rush,William Ewart
Q26678579,Thomas Fitzgerald,3980,0,0,0,,,,0,,
Q266793,Theresa Villiers,9485,0,0,0,,,,1,,
Q26689741,Richard Swift,5938,0,0,0,,,,0,,
Q26689749,John Talbot,7263,0,0,0,,,,1,,
Q26689750,Edward King-Tenison,5957,0,0,0,,,,1,,
Q26689752,Ralph Anthony Thicknesse,5968,1,1,0,parent,parent;child,HoC,1,panel;rush,Ralph Thicknesse
Q26689908,Henry Thomas,7270,0,0,0,,,,0,,
Q26689912,Charles Townsend,955,0,0,0,,,,0,,
Q26689915,Robert Tudway,6046,1,1,0,indirect,indirect,HoC,1,rush,"Sir William Miles, 1st Baronet"
Q26689917,Edward Tufnell,6048,1,1,0,child,child,HoC,1,rush,Richard Tufnell
Q26689955,George Vansittart,6080,0,0,0,,,,1,,
Q26689962,John Vivian,7312,0,0,0,,,,0,,
Q26689966,Reginald Vyner,6097,0,0,0,,,,1,,
Q26689981,Thomas Walker,984,1,1,0,indirect,indirect,HoC,0,rush,"Henry Allsopp, 1st Baron Hindlip"
Q26689989,John Walrond,7321,1,2,1,parent,parent;child;grandparent;grandchild,HoC,1,panel;rush,"William Walrond;William Walrond, 1st Baron Waleran"
Q26689992,Ralph Walters,6126,0,0,0,,,,0,,
Q26689999,Alfred Warren,6139,0,0,0,,,,0,,
Q26690007,Graeme Whitelaw,1038,1,2,1,parent,parent;child;sibling,HoC,0,panel;rush,Alexander Whitelaw;William Whitelaw
Q26690012,Thomas Whitworth,1044,1,2,1,parent,parent;uncle/aunt,HoC,0,rush,Benjamin Whitworth;William Whitworth
Q26690019,John Willoughby,6220,1,1,0,sibling,sibling,HoC,1,rush,"Sir Henry Willoughby, 3rd Baronet"
Q26690022,Humphrey Willyams,7358,1,1,0,child,child,HoC,0,rush,Edward Brydges Willyams
Q26690029,Maitland Wilson,9400,1,1,0,child,child,HoC,1,panel,Henry Wilson
Q26690037,John Wingfield-Digby,1814,0,0,0,,,,1,,
Q26690043,William Wyndham,6315,0,0,0,,,,1,,
Q26690049,Henry Yorke,6323,0,0,0,,,,1,,
Q26690145,Renn Hampden,4239,0,0,0,,,,0,,
Q266905,Martin Vickers,9870,0,0,0,,,,0,,
Q26690970,John Hornby,6910,1,2,1,sibling,sibling;uncle/aunt,HoC,1,panel,"Sir William Hornby, 1st Baronet;William Henry Hornby"
Q26691194,James Spaight,5808,0,0,0,,,,0,,
Q26691196,Robert Laycock,2433,0,0,0,,,,1,,
Q26691198,James Mackie,7000,1,1,0,parent,parent;child,HoC,0,panel;rush,John Mackie
Q26691204,William Brewer,1259,0,0,0,,,,0,,
Q26691214,David Sherlock,849,0,0,0,,,,1,,
Q26691256,James Boyton,3307,0,0,0,,,,0,,
Q26691259,George Dunbar,6736,0,0,0,,,,0,,
Q26691275,John Mackie,7001,1,2,1,parent,parent;child;grandchild,HoC,0,panel;rush,James Mackie;John Mackie
Q26691292,Charles Bell,1202,0,0,0,,,,0,,
Q26691294,Daniel Peploe,2751,0,0,0,,,,1,,
Q26691299,Robert Potter,7134,0,0,0,,,,0,,
Q26691304,Edward Schenley,5679,0,0,0,,,,0,,
Q26691311,William Curry,9089,0,0,0,,,,0,,
Q26691314,Francis Macdonogh,4835,0,0,0,,,,0,,
Q26691316,Alexander Dennistoun,3727,1,1,0,sibling,sibling,HoC,1,panel;rush,John Dennistoun
Q26691317,John Guiney,4198,1,1,0,sibling,sibling,HoC,0,rush,Patrick Guiney
Q26691322,Nicholas Ennis,1566,0,0,0,,,,0,,
Q26691323,Hugh Lyons-Montgomery,5095,0,0,0,,,,1,,
Q26691325,Thomas Goff,4121,0,0,0,,,,1,,
Q26691327,George Walker-Heneage,6884,0,0,0,,,,1,,
Q26691328,William Papwell Brigstocke,3335,0,0,0,,,,1,,
Q26691332,Ellis Nuttall,5238,0,0,0,,,,0,,
Q26691334,Thomas Lloyd,9140,0,0,0,,,,0,,
Q26695723,Hugh Campbell,6622,0,0,0,,,,1,,
Q26695726,John De Beauvoir,3692,0,0,0,,,,1,,
Q26695941,"Sir John Hope, 11th Baronet",9021,0,0,0,,,,1,,
Q26695969,William Johnson,6938,0,0,0,,,,0,,
Q26695977,"Sir William Milner, 5th Baronet",7045,1,1,0,parent,parent;child,HoC,1,panel;rush,"Sir Frederick Milner, 7th Baronet"
Q26695979,"Sir Richard Nagle, 2nd Baronet",5171,0,0,0,,,,0,,
Q26695982,Frederick Perkins,2755,0,0,0,,,,0,,
Q26695991,"Sir James Power, 2nd Baronet",7139,1,1,0,parent,parent,HoC,1,panel,"Sir John Power, 3rd Baronet"
Q26695995,Edwin Stockton,5880,0,0,0,,,,0,,
Q26696007,Marriott Dalway,1447,0,0,0,,,,0,,
Q26696017,Ambrose Hussey,4462,0,0,0,,,,0,,
Q26696022,Joseph Mullings,5149,0,0,0,,,,0,,
Q26696025,David Halstead,4235,0,0,0,,,,0,,
Q26696029,Philip Humberston,4450,0,0,0,,,,0,,
Q26696072,John Evans,6761,0,0,0,,,,0,,
Q26696169,Edward Stanley,6468,0,0,0,,,,0,,
Q26696497,Daniel O'Leary,7579,0,0,0,,,,0,,
Q266969,Frank Fahy,3911,0,0,0,,,,0,,
Q266978,Valerie Vaz,10140,1,1,0,sibling,sibling,HoC,0,rush,Keith Vaz
Q26698876,James Praed,7144,0,0,0,,,,1,,
Q26701498,William Burdon,3395,0,0,0,,,,0,,
Q26701524,William Cavendish-Bentinck,1349,1,2,1,parent,parent;child;uncle/aunt,HoC,1,panel;rush,"George Cavendish-Bentinck;Sir John Leslie, 1st Baronet"
Q26701525,William Crosfield,1422,1,1,0,indirect,indirect,HoC,0,rush,"Sir Arthur Crosfield, 1st Baronet"
Q26701526,William Entwisle,3887,1,1,0,cousin,cousin,HoC,0,panel;rush,John Entwisle
Q26701549,"Sir Alexander Hood, 2nd Baronet",6906,1,3,1,parent,parent;child;grandparent;grandchild;niece/nephew,HoC,1,panel;rush,"Sir Alexander Fuller-Acland-Hood, 3rd Baronet;Alexander Fuller-Acland-Hood, 1st Baron St Audries;Arthur Hood, 2nd Viscount Bridport"
Q26701784,William Leslie,6980,0,0,0,,,,1,,
Q26701851,William Lockhart,4737,0,0,0,,,,0,,
Q26701858,William MacCaw,4831,0,0,0,,,,1,,
Q26701864,William Magan,4891,0,0,0,,,,0,,
Q26701874,William McCormick,4985,0,0,0,,,,0,,
Q26701881,William Meagher,5034,0,0,0,,,,0,,
Q26701887,William Munster,5157,1,1,0,parent,parent,HoC,0,rush,Henry Munster
Q26701893,William O'Sullivan,2709,0,0,0,,,,0,,
Q26701897,William Overend,5300,0,0,0,,,,0,,
Q26701902,William Reynolds,8336,0,0,0,,,,0,,
Q26701910,William Roche,7167,0,0,0,,,,0,,
Q26701917,William Sharpe,1914,0,0,0,,,,0,,
Q26701926,William Simpson-Hinchliffe,5756,0,0,0,,,,0,,
Q26702085,James Kennedy,6955,0,0,0,,,,0,,
Q26702343,Richard Hodgson,6900,0,0,0,,,,0,,
Q26702418,Thomas Clifton,6655,1,1,0,parent,parent;child,HoC,1,panel;rush,John Talbot Clifton
Q26702459,Charles Mare,4926,0,0,0,,,,0,,
Q26704994,"Sir John Ferguson Davie, 2nd Baronet",9090,1,2,1,parent,parent;child;grandchild,HoC,1,panel;rush,"Robert Ferguson of Raith;Sir Henry Ferguson Davie, 1st Baronet"
Q267105,Keith Vaz,683,1,1,0,sibling,sibling,HoC,0,rush,Valerie Vaz
Q26718317,Richard Alsager,3008,0,0,0,,,,0,,
Q26718319,Robert Armstrong,6301,0,0,0,,,,0,,
Q26718322,Thomas Baskerville,3118,0,0,0,,,,0,,
Q26718333,Thomas Bewes,3193,0,0,0,,,,0,,
Q26718344,Robert Brewster,3332,0,0,0,,,,0,,
Q26718355,Robert Browne,6599,0,0,0,,,,0,,
Q26718782,Robert Campbell,6624,0,0,0,,,,0,,
Q26718786,Stewart Clark,6651,0,0,0,,,,1,,
Q26718791,Rice Clayton,3511,1,1,0,sibling,sibling,HoC,1,panel,"Sir William Clayton, 5th Baronet"
Q26718795,Thomas Crosland,3643,1,1,0,sibling,sibling,HoC,1,panel;rush,Joseph Crosland
Q26718798,Richard Devereux,1485,1,1,0,indirect,indirect,HoC,0,rush,John Devereux
Q26718808,Samuel Dickson,6721,0,0,0,,,,0,,
Q26718811,Samuel Dickson,7464,0,0,0,,,,0,,
Q26719026,Samuel Duckworth,3144,0,0,0,,,,0,,
Q26719030,Richard Eaton,6748,0,0,0,,,,0,,
Q26719031,Richard Fitzgerald,3979,0,0,0,,,,0,,
Q26719032,Percy Gates,4073,0,0,0,,,,0,,
Q26719039,Robert Hanbury,6870,0,0,0,,,,1,,
Q26719079,Summers Harford,4255,0,0,0,,,,0,,
Q26719445,Robert Heath,2247,1,2,1,parent,parent;child,HoC,1,panel;rush,"Arthur Heath;Sir James Heath, 1st Baronet"
Q26719545,Thomas Ireland,4484,0,0,0,,,,1,,
Q26719560,Samuel Irton,4486,0,0,0,,,,0,,
Q26719583,Peter Kirk,7462,0,0,0,,,,0,,
Q26719593,Robert Logan,6989,0,0,0,,,,0,,
Q26719601,Robert Longfield,4749,0,0,0,,,,0,,
Q26719606,Thomas Luce,4778,0,0,0,,,,0,,
Q26719615,Thomas Mackenzie,4844,0,0,0,,,,0,,
Q26719626,Valentine Maher,4896,1,1,0,sibling,sibling;cousin,HoC,0,panel;rush,Nicholas Maher
Q26719710,Richard Mallock,2563,0,0,0,,,,0,,
Q26720011,John Stroyan,5904,0,0,0,,,,0,,
Q26720050,Walter Meller,2589,0,0,0,,,,0,,
Q26720088,Ebenezer Jacob,,0,0,0,,,,0,,
Q26720097,Thomas Stock,7247,0,0,0,,,,0,,
Q26720121,Sampson Stawell,5856,0,0,0,,,,1,,
Q26720132,Samuel Morris,2635,0,0,0,,,,0,,
Q26720135,Thomas Mills,7044,1,1,0,sibling,sibling,HoC,0,rush,John Remington Mills
Q26720140,Ross Moore,7048,0,0,0,,,,0,,
Q26721626,Maurice Brooks,1277,0,0,0,,,,0,,
Q26721635,Michael Brothers,3359,0,0,0,,,,0,,
Q26721638,Patrick Chance,1356,0,0,0,,,,0,,
Q26721640,Matthew Corbally,2822,0,0,0,,,,1,,
Q26721657,Joshua Crompton,6688,1,1,0,indirect,indirect,HoC,0,rush,"Sir Samuel Crompton, 1st Baronet"
Q26722040,John Devereux,6716,1,1,0,indirect,indirect,HoC,0,rush,Richard Devereux
Q26722044,John Dixon,6724,0,0,0,,,,0,,
Q26722047,John Dod,3746,0,0,0,,,,0,,
Q26722115,Michael Dunne,3272,1,1,0,indirect,indirect,HoC,0,rush,Francis Plunkett Dunne
Q26722118,Justinian Edwards-Heathcote,1540,0,0,0,,,,0,,
Q26722123,Nicholas Fitzsimon,3990,0,0,0,,,,0,,
Q26722125,Matthew Forster,6797,1,1,0,parent,parent;child,HoC,0,panel;rush,John Forster
Q26722128,Joseph Fox,1641,0,0,0,,,,0,,
Q26722145,John Greenwood,4164,0,0,0,,,,0,,
Q26722149,John Heard,4306,0,0,0,,,,0,,
Q26722169,Joseph Hoare,6895,0,0,0,,,,1,,
Q26722172,John Jervis,4519,1,1,0,parent,parent;child,HoC,1,panel;rush,John Jervis
Q26722180,John Willes-Johnson,6936,0,0,0,,,,1,,
Q26722212,John King,6962,0,0,0,,,,1,,
Q26722215,John Kirkwood,9123,0,0,0,,,,0,,
Q26722230,John Leech,4678,0,0,0,,,,0,,
Q26722241,Joseph Leycester,4713,0,0,0,,,,0,,
Q26722247,John Macdona,1960,0,0,0,,,,0,,
Q26722255,John Maitland,2559,1,1,0,uncle/aunt,uncle/aunt,HoC,0,rush,"Thomas Maitland, Lord Dundrennan"
Q26722286,John Martin,6459,0,0,0,,,,0,,
Q26722293,Patrick McMahon,2547,0,0,0,,,,0,,
Q26722295,John Miles,,0,0,0,,,,0,,
Q26722296,John Moore-Stevens,9418,0,0,0,,,,0,,
Q26722298,Martin Murphy,9422,0,0,0,,,,0,,
Q26722300,Nicholas Murphy,7580,0,0,0,,,,0,,
Q26722303,John O'Brien,7076,1,3,1,sibling,sibling;indirect,HoC,1,rush,James O'Brien;Cornelius O'Brien;Francis Stack Murphy
Q26722311,Richard O'Shaughnessy,2707,0,0,0,,,,0,,
Q26722322,John Poulter,5441,0,0,0,,,,0,,
Q26722324,John Power,7140,1,1,0,parent,parent,HoC,1,panel,"Edmond de la Poer, 1st Count de la Poer"
Q26722328,Robert Pringle,5458,0,0,0,,,,0,,
Q26722331,John Rawdon,5515,0,0,0,,,,1,,
Q26722358,Louis Sinclair,7515,0,0,0,,,,0,,
Q26722369,John Smyth,7225,0,0,0,,,,0,,
Q26722391,Joseph Stock,7246,0,0,0,,,,0,,
Q26722394,Michael Sullivan,7260,0,0,0,,,,0,,
Q26722397,Richard Sullivan,7261,0,0,0,,,,0,,
Q267234,Shailesh Vara,9481,0,0,0,,,,0,,
Q26732195,John Alexander,6288,0,0,0,,,,1,,
Q26732202,John Attwood,3069,0,0,0,,,,0,,
Q26732214,Frederic Barnes,1171,0,0,0,,,,1,,
Q26732248,John Blencowe,3238,0,0,0,,,,1,,
Q26732762,John Brady,1253,0,0,0,,,,0,,
Q26732764,Henry Broadwood,3345,0,0,0,,,,0,,
Q26732765,Humphrey Brown,6592,0,0,0,,,,0,,
Q26732772,John Bruce,7450,0,0,0,,,,0,,
Q26732776,John Burman,3402,0,0,0,,,,0,,
Q26732778,Hugh Butler,9172,0,0,0,,,,0,,
Q26732784,Frederick Calvert,3431,1,3,1,sibling,sibling;uncle/aunt,HoC,1,panel,"Frederick William Verney;Sir Edmund Verney, 3rd Baronet;Sir Harry Verney, 2nd Baronet"
Q26732786,John Cator,3462,0,0,0,,,,1,,
Q26732794,Henry Clive,6658,1,5,1,indirect,indirect,HoC,0,rush,"Edward Herbert, 2nd Earl of Powis;Edward Herbert, 3rd Earl of Powis;Percy Clive;Robert Clive;Robert Windsor-Clive"
Q26733187,Henry Thomas Cole,1394,0,0,0,,,,1,,
Q26733808,James Daly,2035,0,0,0,,,,0,,
Q26733812,George Darby,3684,0,0,0,,,,0,,
Q26733816,Fretchville Dykes,3834,0,0,0,,,,0,,
Q26733888,George Franklyn,4028,0,0,0,,,,0,,
Q26733891,George Furness,7937,0,0,0,,,,0,,
Q26733896,James Goodson,4132,0,0,0,,,,0,,
Q26734292,George Higgins,6888,0,0,0,,,,0,,
Q26734725,Henry Hobhouse,6896,1,2,1,sibling,sibling,HoC,1,panel;rush,"John Hobhouse, 1st Baron Broughton;Thomas Benjamin Hobhouse"
Q26734761,James King,6961,0,0,0,,,,1,,
Q26734766,George Kirk,2400,0,0,0,,,,0,,
Q26734944,Herbert Looker,4754,0,0,0,,,,0,,
Q26735279,George Muskett,5165,0,0,0,,,,0,,
Q26735282,James O'Beirne,2676,0,0,0,,,,0,,
Q26735310,James Platt,9112,0,0,0,,,,0,,
Q26735316,Harry Pollock,2777,0,0,0,,,,0,,
Q26735320,George Potts,5439,0,0,0,,,,0,,
Q26735758,Francis Russell,799,1,1,0,indirect,indirect,HoC,0,rush,Henry Baillie
Q26735881,James Rust,5644,0,0,0,,,,0,,
Q26735883,Geoffrey Shaw,9451,0,0,0,,,,1,,
Q26735888,Hugh Smith,7512,0,0,0,,,,0,,
Q26735896,Jervoise Smith,7213,1,3,1,parent,parent;child;grandparent;grandchild;niece/nephew,HoC,1,panel;rush,John Abel Smith;John Smith;Martin Tucker Smith
Q26735900,Henry Spearman,5815,0,0,0,,,,0,,
Q26735904,James Stones,5889,0,0,0,,,,0,,
Q267481,Laurence Oliphant,5277,0,0,0,,,,1,,
Q267485,Ed Vaizey,9571,0,0,0,,,,1,,
Q26753886,Daniel Ambrose,1112,0,0,0,,,,0,,
Q26753887,Francis Bassett,1183,0,0,0,,,,0,,
Q26753888,Francis Beamish,3130,0,0,0,,,,1,,
Q26753889,Francis Calcutt,2205,0,0,0,,,,1,,
Q26754454,Alexander Campbell,6620,0,0,0,,,,0,,
Q26754455,Eugene Collins,1401,0,0,0,,,,0,,
Q26754457,Charles Connor,7501,0,0,0,,,,0,,
Q26754461,Arthur Davies,7769,0,0,0,,,,0,,
Q26755680,Charles Dawson,1465,0,0,0,,,,0,,
Q26756012,Thomas Dawson,6709,0,0,0,,,,1,,
Q26756018,"Edmond de la Poer, 1st Count de la Poer",1478,1,1,0,child,child,HoC,1,panel,John Power
Q26756022,Francis Henry Dickinson,6718,0,0,0,,,,0,,
Q26756024,Clifford Edgar,3854,0,0,0,,,,0,,
Q26756030,Bickham Escott,3893,0,0,0,,,,0,,
Q26756039,Edward Fenwick,6770,0,0,0,,,,1,,
Q26756051,Alexander Fordyce,6793,1,1,0,child,child,HoC,0,rush,William Dingwall Fordyce
Q26756117,Charles Fox,6802,1,1,0,indirect,indirect,HoC,1,rush,Richard Fox
Q26756778,George Gavin,1669,0,0,0,,,,1,,
Q26756795,Edward Graham,7402,0,0,0,,,,0,,
Q26756809,Charles Greenaway,4161,0,0,0,,,,0,,
Q26756818,George Greville-Nugent,5233,1,4,1,parent,parent;child;sibling;uncle/aunt,HoC,1,panel;rush,"Reginald Greville-Nugent;Algernon Greville, 2nd Baron Greville;Fulke Greville-Nugent, 1st Baron Greville;Ronald Greville"
Q26756827,David Guthrie,1754,0,0,0,,,,0,,
Q26756830,Andrew Horner,4420,0,0,0,,,,0,,
Q26756847,Coleridge Kennard,6953,1,2,1,sibling,sibling;uncle/aunt,HoC,1,panel;rush,Edmund Kennard;Robert Kennard
Q26756858,Brownlow Knox,7475,0,0,0,,,,0,,
Q26758103,Alexander Swanston,919,0,0,0,,,,0,,
Q26758119,Andrew Steuart,5868,0,0,0,,,,0,,
Q26758594,Alexander Speirs,7232,1,2,1,cousin,cousin;indirect,HoC,0,panel;rush,Alexander Speirs;Archibald Alexander Speirs
Q26758597,Andrew Lawson,6974,0,0,0,,,,0,,
Q26758604,Alexander Lockhart,4738,0,0,0,,,,0,,
Q26758609,Daniel MacAleese,2509,0,0,0,,,,0,,
Q26758622,Edward McEvoy,2525,0,0,0,,,,1,,
Q26758638,Charles MacTavish,5029,0,0,0,,,,1,,
Q26758639,Charles Merewether,5046,0,0,0,,,,0,,
Q26758643,Charles Miles,7033,1,3,1,parent,parent;sibling;indirect,HoC,0,rush,"Philip John Miles;Sir Philip Miles, 2nd Baronet;Sir William Miles, 1st Baronet"
Q26758646,Edward Moon,1917,0,0,0,,,,1,,
Q26758651,Walter Morden,5107,0,0,0,,,,0,,
Q26758654,Francis Mowatt,5133,0,0,0,,,,0,,
Q26758897,Charles Murray,7061,0,0,0,,,,1,,
Q26758899,Arthur Naghten,2651,0,0,0,,,,1,,
Q26758901,Donald Nicol,1997,0,0,0,,,,0,,
Q26758903,Andrew O'Dwyer,5253,0,0,0,,,,1,,
Q26758906,Anthony O'Flaherty,5255,0,0,0,,,,0,,
Q26758914,Francis Grant,6834,1,2,1,parent,parent;child;sibling;indirect,HoC,1,panel;rush,"Francis Ogilvy-Grant, 6th Earl of Seafield;James Ogilvy-Grant, 9th Earl of Seafield"
Q26758919,Caleb Powell,7135,0,0,0,,,,0,,
Q26758921,Denis Rearden,5529,0,0,0,,,,0,,
Q26759049,Alexander Richardson,7716,0,0,0,,,,0,,
Q267594,Paul Uppal,9869,0,0,0,,,,0,,
Q267648,Chuka Umunna,10139,0,0,0,,,,0,,
Q267930,Yasmin Qureshi,10129,0,0,0,,,,0,,
Q2679435,Lord Claud Hamilton,1762,1,8,1,sibling,sibling;uncle/aunt;indirect,HoC,1,panel;rush,"Lord Ernest Hamilton;Lord Frederick Spencer Hamilton;James Hamilton, 3rd Duke of Abercorn;Lord George Hamilton;James Hamilton, 2nd Duke of Abercorn;James Hamilton, 5th Duke of Abercorn;James Hans Hamilton;Lord Claud Hamilton"
Q268030,Alun Cairns,9667,0,0,0,,,,0,,
Q268196,Alan Campbell,169,0,0,0,,,,0,,
Q268465,Gregory Campbell,3909,0,0,0,,,,0,,
Q268584,Dominic Raab,9846,0,0,0,,,,0,,
Q268875,"Herbert Bowden, Baron Aylestone",3279,0,0,0,,,,1,,
Q269005,Ronnie Campbell,172,0,0,0,,,,0,,
Q269124,Alistair Carmichael,3890,0,0,0,,,,0,,
Q269260,Neil Carmichael,9670,0,0,0,,,,0,,
Q269322,Douglas Carswell,9514,0,0,0,,,,0,,
Q269449,Bill Cash,178,0,0,0,,,,1,,
Q269533,Martin Caton,179,0,0,0,,,,0,,
Q269638,Jenny Chapman,9927,0,0,0,,,,0,,
Q269697,Liam Byrne,9457,0,0,0,,,,0,,
Q269729,Dan Byles,9668,0,0,0,,,,0,,
Q269853,Robert Buckland,9663,0,0,0,,,,0,,
Q269868,Richard Burden,159,0,0,0,,,,0,,
Q269886,Aidan Burley,9666,0,0,0,,,,0,,
Q269909,Andy Burnham,3776,0,0,0,,,,0,,
Q269925,Conor Burns,9665,0,0,0,,,,0,,
Q269940,Simon Burns,162,0,0,0,,,,0,,
Q269957,David Burrowes,9503,0,0,0,,,,0,,
Q269977,Paul Burstow,163,0,0,0,,,,0,,
Q270009,Alistair Burt,9341,0,0,0,,,,0,,
Q270042,Lorely Burt,9559,0,0,0,,,,1,,
Q271683,Rehman Chishti,9669,0,0,0,,,,0,,
Q271715,Christopher Chope,186,0,0,0,,,,0,,
Q271750,James Clappison,189,0,0,0,,,,0,,
Q2717918,Arthur Jenkins,8400,1,1,0,child,child,HoC,0,rush,Roy Jenkins
Q271800,Greg Clark,9568,0,0,0,,,,0,,
Q271828,Katy Clark,9463,0,0,0,,,,0,,
Q271878,"George Curzon, 1st Marquess Curzon of Kedleston",1441,1,2,1,parent,parent;child;indirect,HoC,1,panel;rush,Oswald Mosley;Lady Cynthia Mosley
Q271889,Kenneth Clarke,196,0,0,0,,,,0,,
Q271935,Tom Clarke,197,0,0,0,,,,0,,
Q272008,Andrew Tyrie,682,0,0,0,,,,1,,
Q272041,Stephen Twigg,680,0,0,0,,,,0,,
Q272098,Derek Twigg,679,0,0,0,,,,0,,
Q272123,Karl Turner,10138,0,0,0,,,,0,,
Q272155,Andrew Turner,6164,0,0,0,,,,0,,
Q2721877,Rudi Vis,685,0,0,0,,,,0,,
Q272201,Elizabeth Truss,9868,0,0,0,,,,0,,
Q272224,Norman Angell,3024,0,0,0,,,,0,,
Q272234,Jon Trickett,673,0,0,0,,,,0,,
Q272259,David Tredinnick,671,0,0,0,,,,0,,
Q272288,Justin Tomlinson,9867,0,0,0,,,,0,,
Q272318,Edward Timpson,9619,0,0,0,,,,0,,
Q272346,Stephen Timms,665,0,0,0,,,,0,,
Q272384,John Thurso,6125,1,1,0,grandparent,grandparent,HoC,1,rush,"Archibald Sinclair, 1st Viscount Thurso"
Q272408,Emily Thornberry,9523,0,0,0,,,,0,,
Q272452,Gareth Thomas,663,0,0,0,,,,0,,
Q272500,Sarah Teather,9448,0,0,0,,,,0,,
Q272526,Peter Tapsell,652,0,0,0,,,,1,,
Q272569,Mark Tami,6041,0,0,0,,,,0,,
Q272642,Tessa Jowell,401,0,0,0,,,,1,,
Q272643,Stephen Metcalfe,9719,0,0,0,,,,0,,
Q272644,Ruth Kelly,407,0,0,0,,,,0,,
Q272670,David Miliband,5301,1,1,0,sibling,sibling,HoC,0,panel;rush,Ed Miliband
Q272829,John Pugh,5586,0,0,0,,,,0,,
Q2729932,"Sir John Wood, 1st Baronet",8050,1,1,0,child,child,HoC,1,rush,Edmund Walter Hanbury Wood
Q275013,Austen Henry Layard,2432,0,0,0,,,,1,,
Q275465,George Wyndham,1829,1,3,1,parent,parent;child;uncle/aunt;niece/nephew;indirect,HoC,1,panel;rush,"Henry Wyndham;Henry Wyndham, 2nd Baron Leconfield;Percy Wyndham"
Q2761950,"Edward Cavendish, 10th Duke of Devonshire",7867,1,6,1,parent,parent;child;grandparent;grandchild;niece/nephew;indirect,HoC,1,panel;rush,"Victor Cavendish, 9th Duke of Devonshire;Robert Gascoyne-Cecil, 5th Marquess of Salisbury;Spencer Cavendish, 8th Duke of Devonshire;Lord Edward Cavendish;James Gascoyne-Cecil, 4th Marquess of Salisbury;Lord Richard Cavendish"
Q27671735,Robert Courts,9904,0,0,0,,,,0,,
Q277594,Adam Black,3221,0,0,0,,,,0,,
Q2783907,"Michael Knatchbull, 5th Baron Brabourne",4614,1,1,0,indirect,indirect,HoC,1,rush,"Sir Edward Knatchbull, 9th Baronet"
Q279314,"Doug Hoyle, Baron Hoyle",8504,1,1,0,parent,parent;child,HoC,1,panel;rush,Lindsay Hoyle
Q27942399,Sarah Olney,10144,0,0,0,,,,0,,
Q27943421,Ruth George,10027,0,0,0,,,,0,,
Q27979810,Caroline Johnson,9922,0,0,0,,,,0,,
Q283162,Arthur Blenkinsop,3239,0,0,0,,,,0,,
Q2833209,Alexander Staveley Hill,2274,1,1,0,parent,parent,HoC,0,panel,Henry Staveley-Hill
Q283472,Sydney Silverman,5749,0,0,0,,,,0,,
Q2842676,"Amelius Lockwood, 1st Baron Lambourne",1852,0,0,0,,,,1,,
Q285183,Geoffrey Clifton-Brown,200,1,2,1,grandparent,grandparent;indirect,HoC,1,rush,"Douglas Clifton Brown, 1st Viscount Ruffside;Geoffrey Clifton-Brown"
Q285249,Ann Clwyd,201,0,0,0,,,,0,,
Q285868,"William Wood, 1st Baron Hatherley",7373,1,2,1,parent,parent;child;sibling,HoC,1,panel;rush,"Sir Matthew Wood, 1st Baronet;Western Wood"
Q285975,Vernon Coaker,202,0,0,0,,,,0,,
Q2860158,Archie Norman,530,0,0,0,,,,0,,
Q286043,Ann Coffey,203,0,0,0,,,,0,,
Q286118,"Philip Stanhope, 5th Earl Stanhope",9027,1,5,1,parent,parent;child;indirect,HoC,1,panel;rush,"Archibald Primrose, Lord Dalmeny;Arthur Stanhope, 6th Earl Stanhope;Edward Stanhope;Philip Stanhope, 1st Baron Weardale;Sir Edward Kerrison, 1st Baronet"
Q2865197,Lord Arthur Lennox,4696,1,6,1,sibling,sibling;niece/nephew;indirect,HoC,1,panel;rush,"Sir George Russell, 4th Baronet;Lord Alexander Gordon-Lennox;Lord George Gordon-Lennox;Lord Henry Lennox;John Lennox;William Lennox"
Q2870626,Aubrey Beauclerk,3139,1,1,0,indirect,indirect,HoC,1,rush,"Sir Harry Goring, 8th Baronet"
Q28834849,Gareth Snell,10085,0,0,0,,,,0,,
Q28834855,Trudy Harrison,9919,0,0,0,,,,0,,
Q2883936,"Barbara Castle, Baroness Castle of Blackburn",11,0,0,0,,,,1,,
Q28867747,Elisha McCallion,10067,0,0,0,,,,0,,
Q2891663,Edward Spears,5816,0,0,0,,,,1,,
Q2892167,Henry Hunt,,0,0,0,,,,0,,
Q2892622,"Oliver Lyttelton, 1st Viscount Chandos",4809,1,3,1,parent,parent;child;uncle/aunt;niece/nephew;cousin,HoC,1,panel;rush,"Charles Lyttelton, 8th Viscount Cobham;Alfred Lyttelton;John Lyttelton, 9th Viscount Cobham"
Q2894842,Alan Clark,79,0,0,0,,,,1,,
Q2898523,Charles Masterman,4947,0,0,0,,,,1,,
Q29031,Charles Oman,5282,0,0,0,,,,1,,
Q2904392,"Richard Boyle, 9th Earl of Cork",3814,1,2,1,sibling,sibling;uncle/aunt,HoC,1,panel;rush,Robert Edward Boyle;William George Boyle
Q290474,Madeleine Moon,9475,0,0,0,,,,0,,
Q290554,Thérèse Coffey,9672,0,0,0,,,,0,,
Q2906438,George Leveson-Gower,2463,1,2,1,parent,parent;child;grandparent;niece/nephew,HoC,1,panel;rush,"Granville Leveson-Gower, 2nd Earl Granville;Frederick Leveson-Gower"
Q290646,Damian Collins,9671,0,0,0,,,,0,,
Q290733,Oliver Colvile,9674,0,0,0,,,,0,,
Q290799,Michael Connarty,208,0,0,0,,,,0,,
Q2908365,"William Ormsby-Gore, 4th Baron Harlech",8335,1,6,1,parent,parent;child;grandparent;grandchild;uncle/aunt;niece/nephew;indirect,HoC,1,panel;rush,"David Ormsby-Gore, 5th Baron Harlech;Seymour Ormsby-Gore;James Gascoyne-Cecil, 4th Marquess of Salisbury;George Ormsby-Gore, 3rd Baron Harlech;John Ormsby-Gore, 1st Baron Harlech;William Ormsby-Gore, 2nd Baron Harlech"
Q290855,Rosie Cooper,9525,0,0,0,,,,0,,
Q291057,Yvette Cooper,211,0,0,0,,,,0,,
Q291169,Jeremy Corbyn,213,0,0,0,,,,0,,
Q2912529,"Josiah Wedgwood, Baron Wedgwood",6157,0,0,0,,,,1,,
Q291303,Geoffrey Cox,9492,0,0,0,,,,0,,
Q291393,Stephen Crabb,9544,0,0,0,,,,0,,
Q291441,David Crausby,221,0,0,0,,,,0,,
Q291470,Mary Creagh,9570,0,0,0,,,,0,,
Q291502,Stella Creasy,10087,0,0,0,,,,1,,
Q291531,Michael Crockart,9833,0,0,0,,,,0,,
Q291557,Tracey Crouch,9673,0,0,0,,,,0,,
Q291591,Jon Cruddas,3941,0,0,0,,,,0,,
Q291615,John Cryer,223,1,2,1,parent,parent;child,HoC,0,panel;rush,Ann Cryer;Bob Cryer
Q291649,Alex Cunningham,9929,0,0,0,,,,0,,
Q291683,Jim Cunningham,227,0,0,0,,,,0,,
Q2916993,"Edward Montagu, 8th Earl of Sandwich",2279,1,1,0,indirect,indirect,HoC,1,rush,Victor Montagu
Q2917086,"Gerald Balfour, 2nd Earl of Balfour",1988,1,5,1,child,child;sibling;grandchild;uncle/aunt;cousin,HoC,1,panel;rush,"James Balfour;Arthur Balfour;Robert Gascoyne-Cecil, 3rd Marquess of Salisbury;James Gascoyne-Cecil, 4th Marquess of Salisbury;James Maitland Balfour"
Q291717,Tony Cunningham,3942,0,0,0,,,,0,,
Q291748,Margaret Curran,10088,0,0,0,,,,0,,
Q291785,Nic Dakin,10089,0,0,0,,,,0,,
Q291818,Simon Danczuk,10090,0,0,0,,,,0,,
Q2919989,"Julian Amery, Baron Amery of Lustleigh",3016,1,4,1,parent,parent;child;uncle/aunt;indirect,HoC,1,panel;rush,"Harold Macmillan;Maurice Macmillan;Leo Amery;Hamar Greenwood, 1st Viscount Greenwood"
Q2920090,"William Peel, 1st Earl Peel",7616,1,7,1,parent,parent;child;sibling;grandchild;niece/nephew;indirect,HoC,1,panel;rush,"Robert Peel;Arthur Peel;Sir Robert Peel, 3rd Baronet;Arthur George Villiers Peel;Frederick Peel;James Williamson, 1st Baron Ashton;Sidney Peel"
Q2932791,"Cadwallader Blayney, 12th Baron Blayney",3237,0,0,0,,,,1,,
Q2943967,"John Bigham, 1st Viscount Mersey",1221,0,0,0,,,,1,,
Q2947124,William Thompson,664,0,0,0,,,,0,,
Q2959005,"Charles Thomson, 1st Baron Sydenham",7278,1,1,0,sibling,sibling,HoC,1,rush,George Julius Poulett Scrope
Q2959185,Charles Geach,4076,0,0,0,,,,0,,
Q2959381,Charles Howard-Bury,4436,1,2,1,indirect,indirect,HoC,1,rush,Greville Howard;Henry Thomas Howard
Q2960081,Charles Ramsay Devlin,3734,0,0,0,,,,0,,
Q2960166,"Sir Charles Russell, 3rd Baronet",795,1,2,1,sibling,sibling;uncle/aunt,HoC,1,panel;rush,"Charles Russell;Sir George Russell, 4th Baronet"
Q296597,Ian Paisley,543,1,1,0,parent,parent;child,HoC,1,panel;rush,Ian Paisley Jr
Q296639,Alistair Darling,232,0,0,0,,,,1,,
Q296689,Ed Davey,234,0,0,0,,,,0,,
Q296716,Wayne David,3978,0,0,0,,,,0,,
Q296755,Ian Davidson,236,0,0,0,,,,0,,
Q296797,David Davies,9533,0,0,0,,,,0,,
Q296866,Geraint Davies,238,0,0,0,,,,0,,
Q296920,Glyn Davies,9676,0,0,0,,,,0,,
Q298846,Ann Widdecombe,703,0,0,0,,,,0,,
Q299565,William Henry Fox Talbot,7265,0,0,0,,,,1,,
Q299938,Halford Mackinder,4849,0,0,0,,,,0,,
Q300004,Philip Davies,9557,0,0,0,,,,0,,
Q300023,David Davis,241,0,0,0,,,,0,,
Q300030,Nick de Bois,9675,0,0,0,,,,0,,
Q300049,Gloria De Piero,10091,0,0,0,,,,0,,
Q300069,John Denham,246,0,0,0,,,,0,,
Q300107,Caroline Dinenage,9678,0,0,0,,,,0,,
Q300142,Jonathan Djanogly,3993,0,0,0,,,,0,,
Q300166,Jim Dobbin,249,0,0,0,,,,0,,
Q300182,Frank Dobson,250,0,0,0,,,,0,,
Q300214,Thomas Docherty,10092,0,0,0,,,,0,,
Q300243,Nigel Dodds,4139,0,0,0,,,,0,,
Q300269,Pat Doherty,4142,0,0,0,,,,0,,
Q300292,Jeffrey Donaldson,251,0,0,0,,,,0,,
Q300308,Brian Donohoe,3757,0,0,0,,,,0,,
Q300334,Frank Doran,253,0,0,0,,,,0,,
Q300349,Stephen Dorrell,254,0,0,0,,,,0,,
Q300368,Jim Dowd,255,0,0,0,,,,0,,
Q300389,Gemma Doyle,10093,0,0,0,,,,0,,
Q3006661,"Robert Reid, 1st Earl Loreburn",2003,0,0,0,,,,1,,
Q3007930,"Cuthbert Alport, Baron Alport",3007,0,0,0,,,,1,,
Q3012172,Alexander Hope,9103,1,3,1,parent,parent;child;niece/nephew;indirect,HoC,1,panel;rush,George William Hope;James Hope;Thomas Hope
Q301252,Anthony Crosland,3641,0,0,0,,,,0,,
Q30163209,Gerard Killen,10034,0,0,0,,,,0,,
Q30163380,Jo Platt,10045,0,0,0,,,,0,,
Q30163437,Kirstene Hair,9893,0,0,0,,,,0,,
Q30163501,Marsha de Cordova,10020,0,0,0,,,,0,,
Q30163560,James Frith,10025,0,0,0,,,,0,,
Q30163628,Danielle Rowley,10050,0,0,0,,,,0,,
Q30163629,Paul Sweeney,10055,0,0,0,,,,0,,
Q30163703,Damien Moore,9906,0,0,0,,,,0,,
Q30163918,Fiona Onasanya,10042,0,0,0,,,,0,,
Q30164276,Lesley Laird,10035,0,0,0,,,,0,,
Q30164279,Anna McMorrin,10037,0,0,0,,,,0,,
Q30164280,Wera Hobhouse,9843,0,0,0,,,,0,,
Q30164281,Paul Masterton,9907,0,0,0,,,,0,,
Q30164376,Matt Western,10058,0,0,0,,,,0,,
Q30164379,Hugh Gaffney,10026,0,0,0,,,,0,,
Q30164380,Rosie Duffield,10024,0,0,0,,,,0,,
Q30164451,Stephanie Peacock,10043,0,0,0,,,,0,,
Q30164696,Christine Jardine,9842,0,0,0,,,,0,,
Q30164739,Mike Hill,10030,0,0,0,,,,0,,
Q30164792,Alex Sobel,10054,0,0,0,,,,0,,
Q30164795,Stephen Kerr,9899,0,0,0,,,,0,,
Q30164902,Luke Pollard,10046,0,0,0,,,,0,,
Q30164903,Matt Rodda,10049,0,0,0,,,,0,,
Q30165006,Thelma Walker,10057,0,0,0,,,,0,,
Q30165049,Paul Williams,10060,0,0,0,,,,0,,
Q30165113,Lloyd Russell-Moyle,10051,0,0,0,,,,0,,
Q30165325,Bambos Charalambous,10019,0,0,0,,,,0,,
Q30165327,Lee Rowley,9911,0,0,0,,,,0,,
Q30165535,Jack Brereton,9886,0,0,0,,,,0,,
Q30165536,Tonia Antoniazzi,10017,0,0,0,,,,0,,
Q30165682,Alister Jack,9897,0,0,0,,,,0,,
Q30165748,Liz Twist,10056,0,0,0,,,,0,,
Q30166575,Faisal Rashid,10047,0,0,0,,,,0,,
Q30167357,Martin Whitfield,10059,0,0,0,,,,0,,
Q30168147,Luke Graham,9895,0,0,0,,,,0,,
Q30169287,Tanmanjeet Singh Dhesi,10022,0,0,0,,,,0,,
Q30172752,Ben Lake,9592,0,0,0,,,,0,,
Q30172941,Emma Dent Coad,10021,0,0,0,,,,1,,
Q30173119,Preet Gill,10028,0,0,0,,,,0,,
Q30174601,Colin Clark,9888,0,0,0,,,,0,,
Q30174635,Laura Pidcock,10044,0,0,0,,,,0,,
Q30174665,Darren Jones,10031,0,0,0,,,,0,,
Q30174692,Bim Afolami,9882,0,0,0,,,,0,,
Q30174715,Eleanor Smith,10052,0,0,0,,,,0,,
Q30174734,Julia Lopez,9905,0,0,0,,,,0,,
Q30176559,David Duguid,9889,0,0,0,,,,0,,
Q30179008,Stephen Morgan,10039,0,0,0,,,,0,,
Q30179052,Sarah Jones,10032,0,0,0,,,,0,,
Q30188435,Bill Grant,9891,0,0,0,,,,0,,
Q302036,Jackie Doyle-Price,9677,0,0,0,,,,0,,
Q302187,Richard Drax,9680,0,0,0,,,,1,,
Q30223596,Mike Amesbury,10016,0,0,0,,,,0,,
Q30223599,Ben Bradley,9883,0,0,0,,,,0,,
Q30223601,Layla Moran,9845,0,0,0,,,,0,,
Q30224361,David Linden,9659,0,0,0,,,,0,,
Q302244,Jack Dromey,10094,0,0,0,,,,0,,
Q30224657,Andrew Bowie,9884,0,0,0,,,,0,,
Q30226321,Dan Carden,10018,0,0,0,,,,0,,
Q30228118,Simon Clarke,9887,0,0,0,,,,0,,
Q30228145,Sandy Martin,10038,0,0,0,,,,0,,
Q302309,James Duddridge,9550,0,0,0,,,,0,,
Q30232942,Gillian Keegan,9900,0,0,0,,,,0,,
Q30234239,Alex Burghart,9885,0,0,0,,,,0,,
Q30234240,Ellie Reeves,10048,1,1,0,sibling,sibling,HoC,0,rush,Rachel Reeves
Q30234241,Rachel Maclean,9903,0,0,0,,,,0,,
Q30234242,Emma Hardy,10029,0,0,0,,,,0,,
Q30234243,Alex Norris,10040,0,0,0,,,,0,,
Q30234245,Leo Docherty,9890,0,0,0,,,,0,,
Q30234246,Jared O'Mara,10041,0,0,0,,,,0,,
Q30234247,Mohammad Yasin,10061,0,0,0,,,,0,,
Q30234248,Bob Seely,9910,1,1,0,great-great-uncle/aunt,great-great-uncle/aunt,HoC,1,rush,"John Seely, 1st Baron Mottistone"
Q30234249,Laura Smith,10053,0,0,0,,,,0,,
Q30234251,Karen Lee,10036,0,0,0,,,,0,,
Q30234253,Eddie Hughes,9898,0,0,0,,,,0,,
Q302363,Michael Dugher,10095,0,0,0,,,,0,,
Q302417,Alan Duncan,258,0,0,0,,,,0,,
Q302486,Iain Duncan Smith,3809,0,0,0,,,,1,,
Q302546,Philip Dunne,9530,0,0,0,,,,1,,
Q302620,Mark Durkan,9506,0,0,0,,,,0,,
Q302763,Angela Eagle,261,1,1,0,sibling,sibling,HoC,0,rush,Maria Eagle
Q302815,Maria Eagle,262,1,1,0,sibling,sibling,HoC,0,rush,Angela Eagle
Q302892,Jonathan Edwards,9591,0,0,0,,,,0,,
Q302939,Clive Efford,264,0,0,0,,,,0,,
Q303011,Julie Elliott,10096,0,0,0,,,,0,,
Q3030361,Edward Harland,2227,1,2,1,indirect,indirect,HoC,0,rush,Albert Harland;Henry Peirson Harland
Q3030370,Gustav Wilhelm Wolff,2910,0,0,0,,,,0,,
Q303085,Michael Ellis,9679,0,0,0,,,,0,,
Q303157,Jane Ellison,9682,0,0,0,,,,0,,
Q303253,Louise Ellman,265,0,0,0,,,,0,,
Q303299,Tobias Ellwood,9472,0,0,0,,,,0,,
Q303351,Charlie Elphicke,9681,1,1,0,partner,partner,HoC,0,rush,Natalie Elphicke
Q303411,Natascha Engel,9491,0,0,0,,,,0,,
Q303465,Bill Esterson,10097,0,0,0,,,,0,,
Q303510,George Eustice,9684,0,0,0,,,,0,,
Q303577,Chris Evans,10098,0,0,0,,,,0,,
Q303639,Graham Evans,9683,0,0,0,,,,0,,
Q303716,Jonathan Evans,9385,0,0,0,,,,0,,
Q3038002,Douglas Dodds-Parker,3747,0,0,0,,,,0,,
Q303814,Nigel Evans,269,0,0,0,,,,0,,
Q303883,David Evennett,3907,0,0,0,,,,0,,
Q304027,Michael Fabricant,272,0,0,0,,,,0,,
Q304095,Michael Fallon,273,0,0,0,,,,0,,
Q304172,Paul Farrelly,4189,0,0,0,,,,0,,
Q3041941,Jonathan Peel,7113,1,7,1,sibling,sibling;uncle/aunt;indirect,HoC,1,panel;rush,"Robert Peel;Edmund Peel;Arthur Peel;Sir Robert Peel, 3rd Baronet;Frederick Peel;William Yates Peel;Michael Biddulph, 1st Baron Biddulph"
Q304251,Tim Farron,9575,0,0,0,,,,0,,
Q304302,Lynne Featherstone,9518,0,0,0,,,,1,,
Q304388,Frank Field,275,0,0,0,,,,0,,
Q304450,Mark Field,4330,0,0,0,,,,0,,
Q3048490,Edward Crossley,1426,1,3,1,indirect,indirect,HoC,0,rush,"Francis Crossley;John Crossley;Savile Crossley, 1st Baron Somerleyton"
Q3048714,Edward William Harcourt,2220,1,4,1,sibling,sibling;uncle/aunt;indirect,HoC,1,panel;rush,"Lewis Harcourt, 1st Viscount Harcourt;Murray Finch-Hatton, 12th Earl of Winchilsea;Robert Harcourt;William Vernon Harcourt"
Q3048787,Edwin James,6932,0,0,0,,,,0,,
Q3048813,Edwin Scrymgeour,5693,0,0,0,,,,0,,
Q306169,Jim Fitzpatrick,277,0,0,0,,,,0,,
Q306250,Robert Syms,651,0,0,0,,,,0,,
Q3066350,M. E. Grant Duff,1516,0,0,0,,,,1,,
Q3069804,Thorold Rogers,778,0,0,0,,,,0,,
Q3069915,"Paul Channon, Baron Kelvedon",3479,1,2,1,parent,parent;child;grandparent,HoC,1,panel;rush,"Rupert Guinness, 2nd Earl of Iveagh;Henry Channon"
Q3072297,"James Hope, 1st Baron Rankeillour",9178,1,1,0,parent,parent;child,HoC,1,panel;rush,"Arthur Hope, 2nd Baron Rankeillour"
Q3073452,"Arthur Hope, 2nd Baron Rankeillour",9153,1,2,1,parent,parent;child,HoC,1,panel;rush,"James Hope, 1st Baron Rankeillour;Charles Hope"
Q3087168,"Frederick Stewart, 4th Marquess of Londonderry",8992,1,4,1,sibling,sibling;uncle/aunt;niece/nephew;indirect,HoC,1,panel;rush,"Charles Vane-Tempest-Stewart, 7th Marquess of Londonderry;Charles Vane-Tempest-Stewart, 6th Marquess of Londonderry;George Vane-Tempest, 5th Marquess of Londonderry;Lord Adolphus Vane-Tempest"
Q3087169,Frederick Sykes,7913,0,0,0,,,,1,,
Q309602,"Sir Henry Rawlinson, 1st Baronet",5518,0,0,0,,,,1,,
Q310046,Peter Mandelson,465,1,1,0,grandparent,grandparent,HoC,1,rush,Herbert Morrison
Q3101091,"Geoffrey Lloyd, Baron Geoffrey-Lloyd",8540,0,0,0,,,,1,,
Q310121,"William Parsons, 3rd Earl of Rosse",5302,0,0,0,,,,1,,
Q3101405,George Baden-Powell,1143,0,0,0,,,,1,,
Q3101455,George Campbell,1323,0,0,0,,,,0,,
Q3101799,"George Nugent-Grenville, 2nd Baron Nugent",5234,1,2,1,niece/nephew,niece/nephew;indirect,HoC,1,rush,"Richard Temple-Nugent-Brydges-Chandos-Grenville, 3rd Duke of Buckingham and Chandos;Richard Temple-Nugent-Brydges-Chandos-Grenville, 2nd Duke of Buckingham and Chandos"
Q3101884,"Sir George Russell, 4th Baronet",805,1,3,1,sibling,sibling;uncle/aunt;indirect,HoC,1,panel;rush,"Charles Russell;Lord Arthur Lennox;Sir Charles Russell, 3rd Baronet"
Q3101917,"Sir George Sitwell, 4th Baronet",864,1,1,0,indirect,indirect,HoC,1,rush,"William Denison, 1st Earl of Londesborough"
Q3103847,Gerald Arbuthnot,6327,0,0,0,,,,1,,
Q311214,Robin Cook,210,0,0,0,,,,0,,
Q311278,Jack Straw,643,0,0,0,,,,0,,
Q3116136,William Jardine,,0,0,0,,,,1,,
Q31177,"George Russell, 10th Duke of Bedford",930,1,7,1,parent,parent;child;uncle/aunt;niece/nephew;indirect,HoC,1,panel;rush,"John Russell, 1st Earl Russell;Francis Russell, 9th Duke of Bedford;George W. E. Russell;Lord Arthur Russell;Lord Charles Russell;Lord Edward Russell;William Russell, 8th Duke of Bedford"
Q311778,"John Dalberg-Acton, 1st Baron Acton",28,0,0,0,,,,1,,
Q31178,"Francis Russell, 9th Duke of Bedford",798,1,7,1,parent,parent;child;sibling;uncle/aunt;cousin,HoC,1,panel;rush,"John Russell, 1st Earl Russell;George Russell, 10th Duke of Bedford;George W. E. Russell;Lord Arthur Russell;Lord Charles Russell;Lord Edward Russell;William Russell, 8th Duke of Bedford"
Q312503,"John Lubbock, 1st Baron Avebury",2500,1,1,0,indirect,indirect,HoC,1,rush,"Eric Lubbock, 4th Baron Avebury"
Q3132661,"Henry Brand, 2nd Viscount Hampden",1255,1,3,1,parent,parent;child;sibling;uncle/aunt;niece/nephew,HoC,1,panel;rush,"Henry Brand, 1st Viscount Hampden;Arthur Brand;Thomas Trevor, 22nd Baron Dacre"
Q3132669,"Henry Bulwer, 1st Baron Dalling and Bulwer",1295,1,1,0,sibling,sibling,HoC,1,panel;rush,Edward Bulwer-Lytton
Q3132799,Henry George Ward,7324,0,0,0,,,,1,,
Q3132884,Henry Knight Storks,5892,0,0,0,,,,0,,
Q3132951,"Henry Matthews, 1st Viscount Llandaff",2584,0,0,0,,,,1,,
Q3132978,"Sir Henry Norman, 1st Baronet",9168,0,0,0,,,,1,,
Q3133067,Seymour King,2117,0,0,0,,,,0,,
Q313489,Jeffrey Archer,3039,0,0,0,,,,1,,
Q3140471,Horace Plunkett,2772,1,1,0,sibling,sibling,HoC,1,panel,"John Plunkett, 17th Baron of Dunsany"
Q3142302,Hugh Oakeley Arnold-Forster,2909,1,1,0,uncle/aunt,uncle/aunt,HoC,1,rush,William Edward Forster
Q3147302,Ian Malcolm,2194,0,0,0,,,,1,,
Q314773,Lord Randolph Churchill,1371,1,6,1,parent,parent;child;grandparent;grandchild;niece/nephew;indirect,HoC,1,panel;rush,"Randolph Churchill;Lord Alfred Spencer-Churchill;Winston Churchill;John Spencer-Churchill, 7th Duke of Marlborough;George Spencer-Churchill, 6th Duke of Marlborough;Winston Churchill"
Q314917,Daniel O'Connell,5248,1,8,1,parent,parent;child;niece/nephew;cousin;indirect,HoC,1,panel;rush,Herbert Baldwin;Charles O'Connell;Morgan O'Connell;Dominick Ronayne;John O'Connell;Daniel O'Connell;Maurice O'Connell;Morgan O'Connell
Q315143,"John Boyd Orr, 1st Baron Boyd-Orr",3295,0,0,0,,,,1,,
Q3154745,"Sir Isaac Holden, 1st Baronet",2290,1,5,1,parent,parent;child;grandchild;indirect,HoC,1,panel;rush,"Sir Edward Holden, 1st Baronet;Albert Illingworth, 1st Baron Illingworth;Alfred Illingworth;Angus Holden, 1st Baron Holden;Percy Illingworth"
Q3157526,Jacob Bright,1262,1,3,1,sibling,sibling;uncle/aunt,HoC,1,panel;rush,John Bright;John Albert Bright;William Leatham Bright
Q315989,"Thomas Babington Macaulay, 1st Baron Macaulay",4829,1,1,0,indirect,indirect,HoC,1,rush,Kenneth Macaulay
Q315999,Joseph Chamberlain,2102,1,5,1,parent,parent;child;sibling;cousin;indirect,HoC,1,panel;rush,Neville Chamberlain;Austen Chamberlain;Edgar Chatfeild-Clarke;Richard Chamberlain;William Kenrick
Q3160899,James Alexander Stewart-Mackenzie,4845,0,0,0,,,,1,,
Q3161065,James Emerson Tennent,5958,0,0,0,,,,0,,
Q316669,"Walter Rothschild, 2nd Baron Rothschild",3949,1,4,1,parent,parent;child;grandparent;grandchild;uncle/aunt;indirect,HoC,1,panel;rush,"Lionel de Rothschild;Nathan Rothschild, 1st Baron Rothschild;Ferdinand James von Rothschild;Mayer Amschel de Rothschild"
Q317258,Neil Kinnock,2933,1,1,0,parent,parent;child,HoC,1,panel;rush,Stephen Kinnock
Q317436,Charles Stewart Parnell,2727,1,1,0,sibling,sibling,HoC,1,panel,John Howard Parnell
Q3180980,John Baker White,8683,0,0,0,,,,0,,
Q3181562,John Hobson,4429,0,0,0,,,,1,,
Q3181650,John Gully,6855,0,0,0,,,,1,,
Q3181720,John Heathcoat,4312,1,1,0,indirect,indirect,HoC,0,rush,"Sir John Heathcoat-Amory, 1st Baronet"
Q3182815,"John Loder, 2nd Baron Wakehurst",8069,1,3,1,parent,parent;child;grandparent;grandchild;indirect,HoC,1,panel;rush,"Donald Howard, 3rd Baron Strathcona and Mount Royal;Gerald Loder, 1st Baron Wakehurst;Sir Robert Loder, 1st Baronet"
Q318372,Joseph Paxton,5345,0,0,0,,,,1,,
Q318462,Edward Bulwer-Lytton,4811,1,1,0,sibling,sibling,HoC,1,panel;rush,"Henry Bulwer, 1st Baron Dalling and Bulwer"
Q3186048,Josiah Wedgwood,6156,0,0,0,,,,1,,
Q3186107,"Josslyn Pennington, 5th Baron Muncaster",2643,0,0,0,,,,1,,
Q319362,George Cayley,3467,1,1,0,indirect,indirect,HoC,1,rush,Edward Stillingfleet Cayley
Q319754,John Pius Boland,3249,0,0,0,,,,0,,
Q320291,"Henry Grey, 3rd Earl Grey",4438,1,2,1,sibling,sibling;uncle/aunt;niece/nephew,HoC,1,panel;rush,"Albert Grey, 4th Earl Grey;Charles Grey"
Q320296,"Arthur Wellesley, 2nd Duke of Wellington",3771,1,2,1,sibling,sibling;uncle/aunt;niece/nephew,HoC,1,panel;rush,"Lord Charles Wellesley;Henry Wellesley, 3rd Duke of Wellington"
Q320768,"Henry Labouchere, 1st Baron Taunton",6967,1,1,0,niece/nephew,niece/nephew,HoC,1,rush,Henry Labouchère
Q320849,John Wilson Croker,,0,0,0,,,,1,,
Q320851,"John Reith, 1st Baron Reith",5545,0,0,0,,,,1,,
Q321003,James Harris,3983,1,1,0,sibling,sibling,HoC,1,panel;rush,Edward Harris
Q321720,Aylmer Hunter-Weston,4455,0,0,0,,,,1,,
Q322902,William John Codrington,3551,1,2,1,parent,parent;child;cousin,HoC,1,panel;rush,Christopher Codrington;Edward Codrington
Q323440,Stefan Terlezki,5960,0,0,0,,,,0,,
Q323488,Roy Jenkins,2977,1,1,0,parent,parent,HoC,1,rush,Arthur Jenkins
Q323773,Charles Beresford,2905,1,3,1,sibling,sibling;uncle/aunt;indirect,HoC,1,panel;rush,"Richard Gardner;John Beresford, 5th Marquess of Waterford;Marcus Beresford"
Q324276,Edward Baines,6431,1,3,1,parent,parent;child;indirect,HoC,0,panel;rush,Charles Reed;Edward Baines;Matthew Talbot Baines
Q3247240,John Mitchel,5070,0,0,0,,,,0,,
Q324805,"Nicholas Ridley, Baron Ridley of Liddesdale",8778,1,2,1,grandparent,grandparent;indirect,HoC,1,rush,"Owen Paterson;Matthew White Ridley, 2nd Viscount Ridley"
Q325367,Nick Ainger,85,0,0,0,,,,0,,
Q325381,Michael Howard,365,0,0,0,,,,1,,
Q325403,Aneurin Bevan,3188,1,1,0,spouse,spouse,HoC,1,rush,"Jennie Lee, Baroness Lee of Asheridge"
Q326126,James Stansfeld,901,0,0,0,,,,0,,
Q326162,Edward Eastwick,1532,0,0,0,,,,1,,
Q327203,Seán T. O'Kelly,8241,0,0,0,,,,0,,
Q327482,John Bowis,3289,0,0,0,,,,0,,
Q3275,David Cairns,3825,0,0,0,,,,0,,
Q327716,Hugo Swire,6036,0,0,0,,,,1,,
Q327790,Jo Swinson,9497,0,0,0,,,,0,,
Q327810,Cecil Parkinson,5324,0,0,0,,,,1,,
Q327823,Desmond Swayne,649,0,0,0,,,,0,,
Q328019,Ian Swales,9840,0,0,0,,,,0,,
Q328035,"William Brett, 1st Viscount Esher",6586,1,1,0,parent,parent;child,HoC,1,panel;rush,"Reginald Brett, 2nd Viscount Esher"
Q3285,Michael Shaw,8767,0,0,0,,,,1,,
Q3285335,Mancherjee Bhownagree,3194,0,0,0,,,,0,,
Q328557,Gerry Sutcliffe,648,0,0,0,,,,0,,
Q328608,Julian Sturdy,9866,0,0,0,,,,0,,
Q328626,Andrew Stunell,647,0,0,0,,,,1,,
Q328641,Graham Stuart,9467,0,0,0,,,,0,,
Q328681,Richard Crossman,8835,0,0,0,,,,0,,
Q328682,Gisela Stuart,646,0,0,0,,,,0,,
Q328728,Robert Stephenson,5864,0,0,0,,,,0,,
Q328737,Graham Stringer,645,0,0,0,,,,0,,
Q328769,Mel Stride,9865,0,0,0,,,,0,,
Q328791,Gary Streeter,644,0,0,0,,,,0,,
Q328892,Rory Stewart,9864,0,0,0,,,,0,,
Q328953,Iain Stewart,9862,0,0,0,,,,0,,
Q3297197,John Blake Dillon,6722,1,1,0,parent,parent;child,HoC,1,panel;rush,John Dillon
Q3305620,Newton Moore,8149,0,0,0,,,,1,,
Q330604,"William Joynson-Hicks, 1st Viscount Brentford",4538,1,1,0,parent,parent;child,HoC,1,panel;rush,"Lancelot Joynson-Hicks, 3rd Viscount Brentford"
Q3308237,Michael Grylls,4195,1,1,0,indirect,indirect,HoC,1,rush,Patricia Ford
Q3313247,"George Greville, 4th Earl of Warwick",8988,1,2,1,parent,parent;child;indirect,HoC,1,panel;rush,"Francis Greville, 5th Earl of Warwick;Francis Charteris, 10th Earl of Wemyss"
Q3313263,"Francis Greville, 5th Earl of Warwick",1275,1,1,0,parent,parent;child,HoC,1,panel;rush,"George Greville, 4th Earl of Warwick"
Q332314,Michael Heseltine,351,0,0,0,,,,1,,
Q332323,Geoffrey Howe,4437,0,0,0,,,,1,,
Q332336,Alan Johnson,389,0,0,0,,,,0,,
Q332347,John Profumo,5470,1,1,0,indirect,indirect,HoC,1,rush,"Harold Balfour, 1st Baron Balfour of Inchrye"
Q332360,Denis Healey,6657,0,0,0,,,,1,,
Q332365,Ernest Bevin,3191,0,0,0,,,,0,,
Q332374,Liam Fox,290,0,0,0,,,,0,,
Q332377,John Smith,118,0,0,0,,,,1,,
Q332385,Geoff Hoon,361,0,0,0,,,,0,,
Q332393,John Prescott,560,0,0,0,,,,1,,
Q332400,Oswald Mosley,5128,1,3,1,spouse,spouse;indirect,HoC,1,rush,"George Curzon, 1st Marquess Curzon of Kedleston;Lady Cynthia Mosley;Sir Oswald Mosley, 2nd Baronet, of Ancoats"
Q332405,Stafford Cripps,8841,1,1,0,parent,parent;child,HoC,1,panel;rush,"Charles Cripps, 1st Baron Parmoor"
Q332412,Tony Benn,119,1,4,1,parent,parent;child;grandparent;grandchild,HoC,1,panel;rush,"Hilary Benn;Daniel Turner Holmes;William Wedgwood Benn, 1st Viscount Stansgate;Sir John Benn, 1st Baronet"
Q332419,Michael Foot,4007,1,2,1,parent,parent;child;sibling,HoC,1,panel;rush,Dingle Foot;Isaac Foot
Q332442,Sidney Webb,8244,0,0,0,,,,1,,
Q332454,"Max Aitken, 1st Baron Beaverbrook",2989,1,2,1,parent,parent;child;niece/nephew,HoC,1,panel;rush,"Sir Max Aitken, 2nd Baronet;William Aitken"
Q332459,E. D. Morel,5110,0,0,0,,,,0,,
Q332460,Keir Hardie,2889,1,2,1,sibling,sibling,HoC,0,rush,David Hardie;George Hardie
Q332475,"Walter Guinness, 1st Baron Moyne",8300,1,2,1,sibling,sibling;indirect,HoC,1,panel;rush,"Gwendolen Guinness, Countess of Iveagh;Rupert Guinness, 2nd Earl of Iveagh"
Q332479,Nicholas Aylward Vigors,6095,0,0,0,,,,0,,
Q332483,George Galloway,295,0,0,0,,,,0,,
Q332493,George Osborne,5374,0,0,0,,,,1,,
Q332508,John Bowring,6585,1,1,0,parent,parent;child,HoC,1,panel;rush,Edgar Alfred Bowring
Q332528,Winston Churchill,8979,1,3,1,parent,parent;child;grandparent;grandchild;indirect,HoC,1,panel;rush,Randolph Churchill;Lord Randolph Churchill;Winston Churchill
Q332540,Chris Huhne,9502,0,0,0,,,,0,,
Q332546,Norman Lamont,4637,0,0,0,,,,1,,
Q332552,"Alexander Duff, 1st Duke of Fife",2524,1,2,1,child,child;niece/nephew,HoC,1,panel,"James Duff, 5th Earl Fife;George Skene Duff"
Q332562,"John Hutton, Baron Hutton of Furness",378,0,0,0,,,,1,,
Q332572,Edwin Samuel Montagu,7869,1,1,0,parent,parent;child,HoC,1,panel;rush,"Samuel Montagu, 1st Baron Swaythling"
Q332576,Michael Martin,473,0,0,0,,,,1,,
Q332580,Thomas Hughes,2324,0,0,0,,,,1,,
Q332587,"Des Browne, Baron Browne of Ladyton",154,0,0,0,,,,1,,
Q332595,"John Hobhouse, 1st Baron Broughton",6897,1,2,1,sibling,sibling,HoC,1,panel;rush,Henry Hobhouse;Thomas Benjamin Hobhouse
Q332607,Leon Brittan,2949,0,0,0,,,,1,,
Q332612,Mark Sykes,8134,0,0,0,,,,1,,
Q332630,"George Thomson, Baron Thomson of Monifieth",9245,0,0,0,,,,1,,
Q332650,"Stafford Northcote, 1st Earl of Iddesleigh",2672,1,1,0,parent,parent;child,HoC,1,panel;rush,"Henry Northcote, 1st Baron Northcote"
Q332660,Hilary Armstrong,95,1,1,0,parent,parent,HoC,1,rush,Ernest Armstrong
Q332667,Paul Boateng,134,0,0,0,,,,1,,
Q332679,"James Abercromby, 1st Baron Dunfermline",3,1,1,0,niece/nephew,niece/nephew,HoC,1,rush,"George Abercromby, 3rd Baron Abercromby"
Q332685,Joseph Hume,9022,0,0,0,,,,0,,
Q332691,John Biffen,3197,0,0,0,,,,1,,
Q332696,Virginia Bottomley,140,1,1,0,spouse,spouse,HoC,1,rush,Peter Bottomley
Q332700,"Robert Finlay, 1st Viscount Finlay",3968,0,0,0,,,,1,,
Q332706,"Douglas Hogg, 1st Viscount Hailsham",9053,1,2,1,parent,parent;child;grandparent;grandchild,HoC,1,panel;rush,"Quintin Hogg, Baron Hailsham of St Marylebone;Douglas Hogg"
Q332712,Thomas Gibson,6817,1,2,1,parent,parent;grandparent,HoC,0,panel,Thomas Gibson Bowles;George Frederic Stewart Bowles
Q332731,"Frederic Thesiger, 1st Baron Chelmsford",5966,0,0,0,,,,1,,
Q332738,"John Campbell, 1st Baron Campbell",6623,1,5,1,parent,parent;child;indirect,HoC,1,panel;rush,"James Scarlett, 1st Baron Abinger;James Yorke Scarlett;Joseph Hardcastle;Robert Scarlett, 2nd Baron Abinger;William Campbell, 2nd Baron Stratheden and Campbell"
Q332746,"Michael Hicks Beach, 1st Earl St Aldwyn",1859,1,5,1,parent,parent;child;sibling;niece/nephew;indirect,HoC,1,panel;rush,"Charles Dillwyn-Venables-Llewellyn;Michael Hicks Beach, Viscount Quenington;Sir John Dillwyn-Llewellyn, 1st Baronet;Sir Michael Hicks Beach, 8th Baronet;William Frederick Hicks-Beach"
Q332751,Ellen Wilkinson,9234,0,0,0,,,,0,,
Q332759,Francis Pym,8524,1,1,0,child,child,HoC,1,panel,Leslie Pym
Q332778,Henry Norris,7976,0,0,0,,,,0,,
Q332783,"John Jacob Astor, 1st Baron Astor of Hever",3054,1,6,1,parent,parent;child;sibling;uncle/aunt;niece/nephew;indirect,HoC,1,panel;rush,"Nancy Astor, Viscountess Astor;William Astor, 3rd Viscount Astor;Waldorf Astor, 2nd Viscount Astor;Jakie Astor;John Astor;Michael Astor"
Q332789,"Edward Stanley, 15th Earl of Derby",896,1,8,1,parent,parent;child;sibling;grandchild;uncle/aunt;niece/nephew,HoC,1,panel;rush,"Frederick Stanley, 16th Earl of Derby;Edward Smith-Stanley, 14th Earl of Derby;Henry Stanley;Edward Smith-Stanley, 13th Earl of Derby;Edward Stanley, 17th Earl of Derby;Arthur Stanley;George Stanley;Richard Bootle-Wilbraham"
Q332793,"Henry Hardinge, 1st Viscount Hardinge",6654,1,1,0,parent,parent;child,HoC,1,panel;rush,"Charles Hardinge, 2nd Viscount Hardinge"
Q332799,Patricia Hewitt,353,0,0,0,,,,0,,
Q332813,"James Hamilton, 3rd Duke of Abercorn",7379,1,6,1,parent,parent;child;sibling;niece/nephew;indirect,HoC,1,panel;rush,"Lord Ernest Hamilton;Lord Frederick Spencer Hamilton;Lord Claud Hamilton;Lord George Hamilton;James Hamilton, 2nd Duke of Abercorn;James Hans Hamilton"
Q332818,"Edward Shackleton, Baron Shackleton",5711,0,0,0,,,,1,,
Q332824,John Charles Herries,4341,0,0,0,,,,0,,
Q332837,Stephen Byers,166,0,0,0,,,,0,,
Q332843,"Ann Taylor, Baroness Taylor of Bolton",653,0,0,0,,,,1,,
Q332851,"Frederick Elwyn Jones, Baron Elwyn-Jones",8535,0,0,0,,,,1,,
Q332859,"Roger Freeman, Baron Freeman",4033,0,0,0,,,,1,,
Q332864,"William Waldegrave, Baron Waldegrave of North Hill",6111,0,0,0,,,,1,,
Q332870,"Archie Hamilton, Baron Hamilton of Epsom",330,0,0,0,,,,1,,
Q332875,"Michael Jopling, Baron Jopling",4534,0,0,0,,,,1,,
Q332881,Jonathan Aitken,2987,1,1,0,parent,parent;child,HoC,1,panel;rush,William Aitken
Q332887,"Brendan Bracken, 1st Viscount Bracken",3311,0,0,0,,,,1,,
Q332890,Angus Maude,9210,1,1,0,parent,parent;child,HoC,1,panel;rush,Francis Maude
Q332897,Maurice Macmillan,4866,1,2,1,parent,parent;child;indirect,HoC,1,panel;rush,"Harold Macmillan;Julian Amery, Baron Amery of Lustleigh"
Q332902,"Nicholas Edwards, Baron Crickhowell",8869,0,0,0,,,,1,,
Q332914,"David Eccles, 1st Viscount Eccles",3845,0,0,0,,,,1,,
Q332915,John Robert Clynes,3536,0,0,0,,,,0,,
Q332919,Norman Fowler,289,0,0,0,,,,1,,
Q332927,Edward FitzRoy,3995,1,1,0,indirect,indirect,HoC,1,rush,Henry Fitzroy
Q332933,Lord George Bentinck,6556,1,2,1,sibling,sibling;uncle/aunt,HoC,1,panel;rush,Lord William Bentinck;Lord Henry Bentinck
Q332935,"Henry Fowler, 1st Viscount Wolverhampton",2092,0,0,0,,,,1,,
Q332940,"John MacGregor, Baron MacGregor of Pulham Market",451,0,0,0,,,,1,,
Q332941,"Douglas Douglas-Hamilton, 14th Duke of Hamilton",3765,1,2,1,parent,parent;child;sibling,HoC,1,panel;rush,"James Douglas-Hamilton, Baron Selkirk of Douglas;Lord Malcolm Douglas-Hamilton"
Q332950,Charles Kennedy,409,0,0,0,,,,0,,
Q332954,Caroline Spelman,629,0,0,0,,,,0,,
Q332956,Harold Nicolson,7968,1,1,0,parent,parent;child,HoC,1,panel;rush,Nigel Nicolson
Q332962,Michael Ancram,91,0,0,0,,,,1,,
Q332965,Henry John Rous,5625,0,0,0,,,,1,,
Q332968,Susan Kramer,9548,0,0,0,,,,1,,
Q332973,"Patrick Cormack, Baron Cormack",214,0,0,0,,,,1,,
Q332979,Stephen Hammond,9577,0,0,0,,,,0,,
Q332987,Philip Hammond,332,0,0,0,,,,0,,
Q332994,Dominic Grieve,318,1,1,0,parent,parent;child,HoC,0,panel;rush,Percy Grieve
Q332995,"Walter Monckton, 1st Viscount Monckton of Brenchley",8929,0,0,0,,,,1,,
Q333003,Edward Blake,2163,0,0,0,,,,0,,
Q333004,John Buchan,9184,1,1,0,indirect,indirect,HoC,1,rush,"Priscilla Buchan, Baroness Tweedsmuir"
Q333007,"John Maples, Baron Maples",466,0,0,0,,,,1,,
Q333012,Justine Greening,9545,0,0,0,,,,0,,
Q333019,"Thomas Inskip, 1st Viscount Caldecote",4483,0,0,0,,,,1,,
Q333020,"Phil Willis, Baron Willis of Knaresborough",710,0,0,0,,,,1,,
Q3330215,Paul Marsden,469,0,0,0,,,,0,,
Q333028,Enoch Powell,8697,0,0,0,,,,0,,
Q333030,"Ian Lang, Baron Lang of Monkton",4641,0,0,0,,,,1,,
Q333036,Peter Robinson,578,1,1,0,spouse,spouse,HoC,0,rush,Iris Robinson
Q333039,David Heathcoat-Amory,346,1,2,1,uncle/aunt,uncle/aunt;indirect,HoC,1,rush,"Sir John Heathcoat-Amory, 1st Baronet;Derick Heathcoat-Amory, 1st Viscount Amory"
Q333046,"David Howell, Baron Howell of Guildford",8454,0,0,0,,,,1,,
Q333056,"George Robertson, Baron Robertson of Port Ellen",78,0,0,0,,,,1,,
Q333058,Gillian Shephard,607,0,0,0,,,,1,,
Q333066,Paddy Ashdown,96,0,0,0,,,,1,,
Q333068,"Tony Newton, Baron Newton of Braintree",5205,0,0,0,,,,1,,
Q333072,Richard Cobden,3540,0,0,0,,,,0,,
Q333079,"Joel Barnett, Baron Barnett",8669,0,0,0,,,,1,,
Q333080,Selwyn Lloyd,8722,0,0,0,,,,1,,
Q333085,David Owen,8453,0,0,0,,,,1,,
Q333087,Judith Hart,4265,0,0,0,,,,1,,
Q333091,"John Simon, 1st Viscount Simon",8063,0,0,0,,,,1,,
Q333095,Humphrey Atkins,6407,0,0,0,,,,1,,
Q333102,"Thomas Denman, 1st Baron Denman",,1,1,0,parent,parent,HoC,1,panel,George Denman
Q333106,Hilaire Belloc,3159,0,0,0,,,,1,,
Q333111,"George Robinson, 1st Marquess of Ripon",4119,1,1,0,parent,parent;child,HoC,1,panel;rush,"Frederick Robinson, 2nd Marquess of Ripon"
Q333117,"James Broun-Ramsay, 1st Marquess of Dalhousie",9114,1,2,1,cousin,cousin,HoC,1,panel;rush,"Lauderdale Maule;Fox Maule-Ramsay, 11th Earl of Dalhousie"
Q333121,"Patrick Buchan-Hepburn, 1st Baron Hailes",3377,0,0,0,,,,1,,
Q333128,Gavin Strang,642,0,0,0,,,,0,,
Q333132,Gwynfor Evans,8579,0,0,0,,,,0,,
Q333141,Rhodri Morgan,516,1,1,0,spouse,spouse,HoC,0,rush,Julie Morgan
Q333145,"George Younger, 4th Viscount Younger of Leckie",6403,1,3,1,uncle/aunt,uncle/aunt;cousin;indirect,HoC,1,panel;rush,"George Younger, 1st Viscount Younger of Leckie;Ian Gilmour, Baron Gilmour of Craigmillar;Kenneth Younger"
Q333158,Donald Dewar,84,0,0,0,,,,1,,
Q333159,Jeremy Hanley,2979,0,0,0,,,,1,,
Q333165,Peter Hain,327,0,0,0,,,,1,,
Q333174,Arthur Greenwood,4166,1,1,0,parent,parent;child,HoC,1,panel;rush,"Anthony Greenwood, Baron Greenwood of Rossendale"
Q333182,Iain Macleod,4859,0,0,0,,,,1,,
Q333193,Anthony Barber,3098,0,0,0,,,,1,,
Q333199,Timothy Michael Healy,2164,1,2,1,sibling,sibling,HoC,1,panel;rush,Thomas Joseph Healy;Maurice Healy
Q333205,"Robert Gascoyne-Cecil, 5th Marquess of Salisbury",8206,1,8,1,parent,parent;child;grandparent;grandchild;niece/nephew;indirect,HoC,1,panel;rush,"Robert Cecil;Robert Gascoyne-Cecil, 3rd Marquess of Salisbury;Edward Cavendish, 10th Duke of Devonshire;Hugh Cecil, 1st Baron Quickswood;Robert Gascoyne-Cecil, 7th Marquess of Salisbury;James Gascoyne-Cecil, 4th Marquess of Salisbury;Lord Richard Cavendish;Robert Gascoyne-Cecil, 6th Marquess of Salisbury"
Q333214,"John Scott, 9th Duke of Buccleuch",8932,1,4,1,parent,parent;child;grandparent;grandchild;niece/nephew;indirect,HoC,1,panel;rush,"Walter Montagu Douglas Scott, 8th Duke of Buccleuch;John Montagu Douglas Scott, 7th Duke of Buccleuch;William Montagu Douglas Scott, 6th Duke of Buccleuch;Lord William Montagu Douglas Scott"
Q333216,Augustine Birrell,2139,0,0,0,,,,1,,
Q333223,James Yorke Scarlett,5677,1,4,1,parent,parent;child;sibling;niece/nephew;indirect,HoC,1,panel;rush,"James Scarlett, 1st Baron Abinger;John Campbell, 1st Baron Campbell;Robert Scarlett, 2nd Baron Abinger;William Campbell, 2nd Baron Stratheden and Campbell"
Q333225,Frank Hornby,7901,0,0,0,,,,0,,
Q333231,Nigel Nicolson,5213,1,1,0,parent,parent;child,HoC,1,panel;rush,Harold Nicolson
Q333233,"Charles Monck, 4th Viscount Monck",5085,0,0,0,,,,1,,
Q333235,Iris Robinson,5845,1,1,0,spouse,spouse,HoC,0,rush,Peter Robinson
Q333244,"Norman Birkett, 1st Baron Birkett",3214,0,0,0,,,,1,,
Q333245,"Vere Ponsonby, 9th Earl of Bessborough",3810,1,1,0,indirect,indirect,HoC,1,rush,"John Ponsonby, 5th Earl of Bessborough"
Q333250,Shirley Williams,3019,0,0,0,,,,1,,
Q333256,"Hugh Grosvenor, 1st Duke of Westminster",1743,1,6,1,parent,parent;child;sibling;uncle/aunt;niece/nephew,HoC,1,panel;rush,"Robert Grosvenor, 1st Baron Ebury;Richard Grosvenor, 2nd Marquess of Westminster;Norman Grosvenor;Richard Grosvenor, 1st Baron Stalbridge;Robert Grosvenor, 2nd Baron Ebury;Sir Hugh Shaw-Stewart, 8th Baronet"
Q333259,William Rodgers,5595,0,0,0,,,,1,,
Q333261,Andrew Mitchell,9379,1,1,0,child,child,HoC,1,panel,David Mitchell
Q333264,"Chris Smith, Baron Smith of Finsbury",617,0,0,0,,,,1,,
Q333267,Patrick McLoughlin,496,0,0,0,,,,0,,
Q333270,Eamonn Duggan,3803,0,0,0,,,,0,,
Q333275,Reginald Maudling,4954,0,0,0,,,,0,,
Q333276,Andrew Lansley,424,0,0,0,,,,1,,
Q333281,"John Spencer, 5th Earl Spencer",3011,1,3,1,child,child;sibling;uncle/aunt;niece/nephew,HoC,1,panel;rush,"Charles Spencer, 6th Earl Spencer;Frederick Spencer, 4th Earl Spencer;John Spencer, 3rd Earl Spencer"
Q333283,Nick Herbert,9462,0,0,0,,,,0,,
Q333287,"Albert Stanley, 1st Baron Ashfield",9447,0,0,0,,,,1,,
Q333289,"John Anderson, 1st Viscount Waverley",6410,0,0,0,,,,1,,
Q333293,Bruce Millan,2944,0,0,0,,,,0,,
Q333294,"Anthony Ashley-Cooper, 7th Earl of Shaftesbury",6302,1,5,1,parent,parent;child;sibling;grandparent,HoC,1,panel;rush,"Evelyn Ashley;Wilfrid Ashley, 1st Baron Mount Temple;Anthony Henry Ashley-Cooper;Anthony John Ashley-Cooper;Anthony Ashley-Cooper, 8th Earl of Shaftesbury"
Q333298,William Martin Murphy,2649,0,0,0,,,,0,,
Q333304,"Fox Maule-Ramsay, 11th Earl of Dalhousie",4955,1,4,1,child,child;sibling;cousin;indirect,HoC,1,panel;rush,"Lauderdale Maule;James Broun-Ramsay, 1st Marquess of Dalhousie;John Ramsay, 13th Earl of Dalhousie;William Maule, 1st Baron Panmure"
Q333309,"Ivor Richard, Baron Richard",8637,0,0,0,,,,1,,
Q333312,"Tom King, Baron King of Bridgwater",417,0,0,0,,,,1,,
Q333318,Ian McCartney,484,1,1,0,parent,parent,HoC,0,rush,Hugh McCartney
Q333321,"Harold Lever, Baron Lever of Manchester",8783,1,2,1,sibling,sibling;cousin,HoC,1,panel;rush,"Leslie Lever, Baron Lever;Neville Sandelson"
Q333326,"Estelle Morris, Baroness Morris of Yardley",518,1,2,1,child,child;uncle/aunt;niece/nephew,HoC,1,panel;rush,Alf Morris;Charles Morris
Q333334,"John Boyd-Carpenter, Baron Boyd-Carpenter",3294,1,1,0,parent,parent;child,HoC,1,panel;rush,Archibald Boyd-Carpenter
Q333336,"Albert Grey, 4th Earl Grey",1738,1,5,1,parent,parent;child;uncle/aunt;niece/nephew;indirect,HoC,1,panel;rush,"Henry Grey, 3rd Earl Grey;Edward Grey, 1st Viscount Grey of Fallodon;Charles Grey;Charles Grey;Sir George Grey, 2nd Baronet"
Q333339,"John Pakington, 1st Baron Hampton",2716,0,0,0,,,,1,,
Q333342,"Edgar Vincent, 1st Viscount D'Abernon",7642,1,2,1,sibling,sibling;indirect,HoC,1,rush,"Howard Vincent;William Duncombe, 1st Earl of Feversham"
Q333345,"Harry Crookshank, 1st Viscount Crookshank",3637,0,0,0,,,,1,,
Q333350,"Michael Havers, Baron Havers",4288,0,0,0,,,,1,,
Q333354,"Charles Wood, 1st Viscount Halifax",7366,1,1,0,grandchild,grandchild,HoC,1,rush,"Edward Wood, 1st Earl of Halifax"
Q333355,"John Spencer-Churchill, 7th Duke of Marlborough",3236,1,7,1,parent,parent;child;sibling;grandparent;grandchild;niece/nephew;indirect,HoC,1,panel;rush,"James Innes-Ker, 7th Duke of Roxburghe;Lord Alfred Spencer-Churchill;Lord Randolph Churchill;George Spencer-Churchill, 6th Duke of Marlborough;Lord Charles Spencer-Churchill;Richard Curzon, 4th Earl Howe;Winston Churchill"
Q333358,"Sir Charles Trevelyan, 3rd Baronet",7799,1,2,1,parent,parent;child;grandparent,HoC,1,panel;rush,"Sir George Trevelyan, 2nd Baronet;Robert Needham Philips"
Q333362,"Ian Gilmour, Baron Gilmour of Craigmillar",4097,1,2,1,cousin,cousin;indirect,HoC,1,panel;rush,"George Younger, 4th Viscount Younger of Leckie;Hedworth Meux"
Q333364,"Henry Forster, 1st Baron Forster",2179,0,0,0,,,,1,,
Q333368,"Charles Vane-Tempest-Stewart, 7th Marquess of Londonderry",7487,1,6,1,parent,parent;child;grandparent;grandchild;indirect,HoC,1,panel;rush,"Frederick Stewart, 4th Marquess of Londonderry;Oliver Stanley;Charles Vane-Tempest-Stewart, 6th Marquess of Londonderry;George Vane-Tempest, 5th Marquess of Londonderry;Henry Chaplin, 1st Viscount Chaplin;Robin Vane-Tempest-Stewart, 8th Marquess of Londonderry"
Q333370,Edward Horsman,2310,0,0,0,,,,1,,
Q333371,"Fred Peart, Baron Peart",5347,0,0,0,,,,1,,
Q333376,"Walter Runciman, 1st Viscount Runciman of Doxford",5636,1,3,1,parent,parent;child;spouse;indirect,HoC,1,panel;rush,"Hilda Runciman, Viscountess Runciman of Doxford;James Cochran Stevenson;Walter Runciman, 1st Baron Runciman"
Q333378,Henry Lowry-Corry,2495,1,1,0,niece/nephew,niece/nephew,HoC,1,rush,Henry Lowry-Corry
Q333382,"Edward Turnour, 6th Earl Winterton",6398,0,0,0,,,,1,,
Q333383,Ernest Millington,5064,0,0,0,,,,0,,
Q333387,"Frank Soskice, Baron Stow Hill",5806,0,0,0,,,,1,,
Q333390,"Kenneth Baker, Baron Baker of Dorking",8738,0,0,0,,,,1,,
Q333392,"Charles Hill, Baron Hill of Luton",8420,0,0,0,,,,1,,
Q333396,John MacDougall,5138,0,0,0,,,,0,,
Q333397,"David Clark, Baron Clark of Windermere",190,0,0,0,,,,1,,
Q333400,Grantley Berkeley,6564,1,6,1,sibling,sibling;uncle/aunt,HoC,1,panel;rush,"Maurice Berkeley, 1st Baron FitzHardinge;Charles Berkeley, 3rd Baron FitzHardinge;Craven Berkeley;Francis Berkeley, 2nd Baron FitzHardinge;Grenville Berkeley;Henry FitzHardinge Berkeley"
Q333401,Timothy Raison,5499,0,0,0,,,,1,,
Q333404,"Willie Ross, Baron Ross of Marnock",8946,0,0,0,,,,1,,
Q333406,John Nott,5230,0,0,0,,,,1,,
Q333410,"Brian Mawhinney, Baron Mawhinney",477,0,0,0,,,,1,,
Q333412,"James Prior, Baron Prior",9259,1,1,0,parent,parent;child,HoC,1,panel;rush,David Prior
Q333413,"Roundell Palmer, 1st Earl of Selborne",2723,1,2,1,parent,parent;child;grandparent;grandchild,HoC,1,panel;rush,"Roundell Palmer, 3rd Earl of Selborne;William Palmer, 2nd Earl of Selborne"
Q333426,"Edward Wood, 1st Earl of Halifax",7859,1,3,1,parent,parent;child;grandparent,HoC,1,panel;rush,"Charles Wood, 1st Viscount Halifax;Charles Wood, 2nd Earl of Halifax;Richard Wood, Baron Holderness"
Q333429,"Samuel Hoare, 1st Viscount Templewood",8239,1,1,0,parent,parent;child,HoC,1,panel;rush,"Sir Samuel Hoare, 1st Baronet"
Q333431,Christopher Chataway,3484,0,0,0,,,,1,,
Q333437,"Gordon Macdonald, 1st Baron Macdonald of Gwaenysgor",7960,1,1,0,indirect,indirect,HoC,1,rush,Llywelyn Williams
Q333439,"Terence Higgins, Baron Higgins",8900,0,0,0,,,,1,,
Q333442,Herbert Fisher,7998,0,0,0,,,,1,,
Q333446,Michael Moore,512,0,0,0,,,,0,,
Q333452,"Charles Grant, 1st Baron Glenelg",6832,1,1,0,sibling,sibling,HoC,1,panel;rush,Robert Grant
Q333459,Alan Milburn,507,0,0,0,,,,0,,
Q333461,"John Reid, Baron Reid of Cardowan",573,0,0,0,,,,1,,
Q333468,Robert Maxwell,8627,0,0,0,,,,1,,
Q333469,"Sir George Staunton, 2nd Baronet",5853,0,0,0,,,,1,,
Q333471,George Murray,7062,0,0,0,,,,1,,
Q333474,"Quentin Davies, Baron Davies of Stamford",239,0,0,0,,,,1,,
Q333480,Oliver Letwin,430,0,0,0,,,,0,,
Q333487,Malcolm Rifkind,5579,0,0,0,,,,0,,
Q333488,"Charles Gordon-Lennox, 6th Duke of Richmond",9033,1,6,1,parent,parent;child;sibling;niece/nephew;indirect,HoC,1,panel;rush,"Charles Gordon-Lennox, 7th Duke of Richmond;Lord Alexander Gordon-Lennox;Lord George Gordon-Lennox;Lord Henry Lennox;John Ponsonby, 5th Earl of Bessborough;Lord Walter Gordon-Lennox"
Q333493,Eric Pickles,549,0,0,0,,,,1,,
Q333499,Martin Bell,116,0,0,0,,,,0,,
Q333507,Malcolm MacDonald,8130,1,1,0,parent,parent;child,HoC,1,panel;rush,Ramsay MacDonald
Q333512,"Richard Marsh, Baron Marsh",4940,0,0,0,,,,1,,
Q333519,"John Morley, 1st Viscount Morley of Blackburn",2879,0,0,0,,,,1,,
Q333520,David Mundell,9496,0,0,0,,,,0,,
Q333525,Michael Portillo,67,0,0,0,,,,0,,
Q333533,Jeremy Hunt,9563,0,0,0,,,,1,,
Q333537,David Mellor,9324,0,0,0,,,,0,,
Q333543,James Purnell,5607,0,0,0,,,,0,,
Q333550,Clare Short,610,1,1,0,spouse,spouse,HoC,0,rush,Alex Lyon
Q333554,"Stanley Clinton Davis, Baron Clinton-Davis",9291,0,0,0,,,,1,,
Q333569,Willie Gallacher,4050,0,0,0,,,,0,,
Q333573,Leo Amery,3017,1,2,1,parent,parent;child;indirect,HoC,1,panel;rush,"Julian Amery, Baron Amery of Lustleigh;Hamar Greenwood, 1st Viscount Greenwood"
Q333578,"Norman St John-Stevas, Baron St John of Fawsley",5836,0,0,0,,,,1,,
Q333582,Manny Shinwell,5734,0,0,0,,,,1,,
Q333584,"Tony Banks, Baron Stratford",106,0,0,0,,,,1,,
Q333590,Elfyn Llwyd,443,0,0,0,,,,0,,
Q333591,"Alfred Mond, 1st Baron Melchett",5087,1,1,0,parent,parent;child,HoC,1,panel;rush,"Henry Mond, 2nd Baron Melchett"
Q333600,Dafydd Wigley,704,0,0,0,,,,1,,
Q333601,"George Spencer-Churchill, 6th Duke of Marlborough",3235,1,4,1,parent,parent;child;sibling;grandparent;grandchild,HoC,1,panel;rush,"Lord Alfred Spencer-Churchill;Lord Randolph Churchill;John Spencer-Churchill, 7th Duke of Marlborough;Lord Charles Spencer-Churchill"
Q333605,Lionel de Rothschild,3706,1,4,1,parent,parent;child;sibling;grandparent;grandchild;indirect,HoC,1,panel;rush,"Walter Rothschild, 2nd Baron Rothschild;Nathan Rothschild, 1st Baron Rothschild;Ferdinand James von Rothschild;Mayer Amschel de Rothschild"
Q333607,"Jack Ashley, Baron Ashley of Stoke",6409,0,0,0,,,,1,,
Q333611,Samuel Plimsoll,2769,0,0,0,,,,0,,
Q333616,"Peter Thomas, Baron Thomas of Gwydir",8804,0,0,0,,,,1,,
Q333628,Lord George Hamilton,1902,1,6,1,sibling,sibling;uncle/aunt,HoC,1,panel;rush,"Lord Ernest Hamilton;Lord Frederick Spencer Hamilton;Lord Claud Hamilton;James Hamilton, 3rd Duke of Abercorn;James Hamilton, 2nd Duke of Abercorn;Lord Claud Hamilton"
Q333630,"Nicol Stephen, Baron Stephen",2970,0,0,0,,,,1,,
Q333635,John Gummer,324,1,1,0,parent,parent;child,HoC,1,panel;rush,Ben Gummer
Q333639,"Emlyn Hooson, Baron Hooson",4407,1,1,0,cousin,cousin,HoC,1,panel;rush,Tom Hooson
Q333641,J. M. Robertson,7527,0,0,0,,,,0,,
Q333645,"Barney Hayhoe, Baron Hayhoe",4297,0,0,0,,,,1,,
Q333646,Gerry Fitt,3975,0,0,0,,,,1,,
Q333650,"Peter Blaker, Baron Blaker",3230,0,0,0,,,,1,,
Q333652,"Cledwyn Hughes, Baron Cledwyn of Penrhos",8439,0,0,0,,,,1,,
Q333656,"Donald Dixon, Baron Dixon",9313,0,0,0,,,,1,,
Q333663,David Laws,4976,0,0,0,,,,0,,
Q333670,Gordon Marsden,468,0,0,0,,,,0,,
Q333680,Chloe Smith,9616,0,0,0,,,,0,,
Q333683,"F. E. Smith, 1st Earl of Birkenhead",9446,0,0,0,,,,1,,
Q333685,"David Renton, Baron Renton",5551,0,0,0,,,,1,,
Q333688,Charles Townshend,6020,0,0,0,,,,1,,
Q333689,"Ronnie Fearn, Baron Fearn",274,0,0,0,,,,1,,
Q333692,Roy Hattersley,4284,0,0,0,,,,1,,
Q333694,Keith Joseph,4535,0,0,0,,,,1,,
Q333698,Bert Hazell,8413,0,0,0,,,,0,,
Q333700,Roy Mason,8884,0,0,0,,,,1,,
Q333702,Jim Murphy,526,0,0,0,,,,0,,
Q333706,Dick Taverne,5949,0,0,0,,,,1,,
Q333710,Reginald McKenna,2074,1,1,0,grandchild,grandchild,HoC,1,rush,Martin McLaren
Q333714,Neil Parish,9736,0,0,0,,,,0,,
Q333721,"Nigel Jones, Baron Jones of Cheltenham",400,0,0,0,,,,1,,
Q333722,Betty Boothroyd,136,0,0,0,,,,1,,
Q333726,Marmaduke Wyvill,6320,1,1,0,child,child,HoC,1,rush,Marmaduke D'Arcy Wyvill
Q333729,Jim Nicholson,9357,0,0,0,,,,0,,
Q333732,James Mackintosh,,0,0,0,,,,1,,
Q333736,Robert Atkins,6426,1,1,0,parent,parent;child,HoC,0,panel;rush,Victoria Atkins
Q333737,"Lyon Playfair, 1st Baron Playfair",2767,0,0,0,,,,1,,
Q333745,Patrick Gordon Walker,4135,0,0,0,,,,1,,
Q333749,"George Goschen, 1st Viscount Goschen",1708,1,1,0,parent,parent;child,HoC,1,panel;rush,"George Goschen, 2nd Viscount Goschen"
Q333754,Russell Johnston,8466,0,0,0,,,,1,,
Q333758,Charles Clarke,194,0,0,0,,,,0,,
Q333764,Robert Kilroy-Silk,4596,0,0,0,,,,0,,
Q333766,"Antony Head, 1st Viscount Head",4305,0,0,0,,,,1,,
Q333773,"Michael Stewart, Baron Stewart of Fulham",8859,0,0,0,,,,1,,
Q333781,James Fergusson,1892,1,1,0,sibling,sibling,HoC,1,panel,"Sir Charles Dalrymple, 1st Baronet"
Q3337819,Neil Hamilton,2974,0,0,0,,,,0,,
Q3337829,Neil McLean,8775,0,0,0,,,,1,,
Q333784,Tam Dalyell,231,1,1,0,indirect,indirect,HoC,1,rush,"John Wheatley, Baron Wheatley"
Q333787,"Roger Keyes, 1st Baron Keyes",4592,0,0,0,,,,1,,
Q333791,"Francis Curzon, 5th Earl Howe",7897,1,3,1,parent,parent;child;indirect,HoC,1,panel;rush,"George Curzon-Howe, 2nd Earl Howe;Montagu Curzon;Richard Curzon, 4th Earl Howe"
Q333795,"James Douglas-Hamilton, Baron Selkirk of Douglas",3766,1,3,1,parent,parent;child;uncle/aunt;niece/nephew;indirect,HoC,1,panel;rush,"Douglas Douglas-Hamilton, 14th Duke of Hamilton;Lord Malcolm Douglas-Hamilton;Priscilla Buchan, Baroness Tweedsmuir"
Q333800,Phil Gallie,4052,0,0,0,,,,0,,
Q333804,"Hugh Cairns, 1st Earl Cairns",3421,1,1,0,indirect,indirect,HoC,1,rush,Thomas Cairns
Q333807,"Jim Wallace, Baron Wallace of Tankerness",687,0,0,0,,,,1,,
Q333808,"Sir George Trevelyan, 2nd Baronet",961,1,2,1,parent,parent;child;indirect,HoC,1,panel;rush,"Sir Charles Trevelyan, 3rd Baronet;Robert Needham Philips"
Q333811,John Swinney,650,0,0,0,,,,0,,
Q333815,Daniel Gooch,1698,0,0,0,,,,1,,
Q333820,Henry McLeish,495,0,0,0,,,,0,,
Q333823,"Gwilym Lloyd George, 1st Viscount Tenby",8575,1,2,1,parent,parent;child;sibling,HoC,1,panel;rush,David Lloyd George;Megan Lloyd George
Q333824,"William Sidney, 1st Viscount De L'Isle",5744,0,0,0,,,,1,,
Q333828,Paul Murphy,527,0,0,0,,,,1,,
Q333831,"Henry Northcote, 1st Baron Northcote",2671,1,1,0,parent,parent;child,HoC,1,panel;rush,"Stafford Northcote, 1st Earl of Iddesleigh"
Q333834,Jim Griffiths,9256,0,0,0,,,,0,,
Q333839,"William Tyssen-Amherst, 1st Baron Amherst of Hackney",1115,1,1,0,niece/nephew,niece/nephew,HoC,1,rush,Ernest Villiers
Q333841,Dafydd Elis-Thomas,8448,0,0,0,,,,1,,
Q333846,John Redwood,571,0,0,0,,,,0,,
Q333847,David Steel,5861,0,0,0,,,,1,,
Q333852,Cheryl Gillan,305,0,0,0,,,,0,,
Q333855,"Herbert Austin, 1st Baron Austin",6363,0,0,0,,,,1,,
Q333858,"Peter Walker, Baron Walker of Worcester",8800,1,1,0,parent,parent;child,HoC,1,panel;rush,Robin Walker
Q333863,"David Alfred Thomas, 1st Viscount Rhondda",2131,0,0,0,,,,1,,
Q333869,Ron Davies,240,0,0,0,,,,0,,
Q333876,Leo Abse,14,0,0,0,,,,0,,
Q333879,"Charles Gordon-Lennox, 7th Duke of Richmond",2570,1,5,1,parent,parent;child;sibling;niece/nephew,HoC,1,panel;rush,"Charles Gordon-Lennox, 6th Duke of Richmond;Lord Alexander Gordon-Lennox;Lord George Gordon-Lennox;Lord Henry Lennox;Lord Walter Gordon-Lennox"
Q333882,"Richard Livsey, Baron Livsey of Talgarth",440,0,0,0,,,,1,,
Q333887,"William Grenfell, 1st Baron Desborough",2044,1,3,1,parent,parent;child;grandparent;grandchild;niece/nephew,HoC,1,panel;rush,Charles Grenfell;Charles Grenfell;Henry Grenfell
Q333889,"Henry Brooke, Baron Brooke of Cumnor",8592,1,1,0,parent,parent;child,HoC,1,panel;rush,"Peter Brooke, Baron Brooke of Sutton Mandeville"
Q333896,Robert Carr,2976,0,0,0,,,,1,,
Q333903,Margaret Ewing,270,1,2,1,indirect,indirect,HoC,0,rush,Winnie Ewing;Annabelle Ewing
Q333905,"Richard Luce, Baron Luce",4779,1,1,0,indirect,indirect,HoC,1,rush,"Sir Godfrey Nicholson, 1st Baronet"
Q333909,"David Hunt, Baron Hunt of Wirral",8461,0,0,0,,,,1,,
Q333913,Joseph Martin,7561,0,0,0,,,,0,,
Q333916,"Alfred Robens, Baron Robens of Woldingham",5589,0,0,0,,,,1,,
Q333919,"George Thomas, 1st Viscount Tonypandy",8913,0,0,0,,,,0,,
Q333924,"Elystan Morgan, Baron Elystan-Morgan",8449,0,0,0,,,,1,,
Q333932,"John Morris, Baron Morris of Aberavon",519,0,0,0,,,,1,,
Q333933,"George Sutherland-Leveson-Gower, 3rd Duke of Sutherland",9117,1,3,1,parent,parent;child;sibling;uncle/aunt,HoC,1,panel;rush,"Lord Ronald Gower;Charles Howard;Cromartie Sutherland-Leveson-Gower, 4th Duke of Sutherland"
Q333937,Michael Gove,9562,0,0,0,,,,0,,
Q333938,George Jessel,2360,1,1,0,parent,parent;child,HoC,1,panel;rush,"Herbert Jessel, 1st Baron Jessel"
Q333944,"Edward Short, Baron Glenamara",9232,0,0,0,,,,1,,
Q333953,Roseanna Cunningham,228,0,0,0,,,,0,,
Q333963,Willie Whitelaw,8972,0,0,0,,,,1,,
Q333964,Douglas Hogg,358,1,3,1,parent,parent;child;grandparent;grandchild;niece/nephew,HoC,1,panel;rush,"Edward Marjoribanks;Quintin Hogg, Baron Hailsham of St Marylebone;Douglas Hogg, 1st Viscount Hailsham"
Q333972,Ignaz Trebitsch-Lincoln,4715,0,0,0,,,,0,,
Q333974,"Arthur Guinness, 1st Baron Ardilaun",1750,1,1,0,parent,parent;child,HoC,1,panel;rush,Benjamin Guinness
Q333979,"Gerald Strickland, 1st Baron Strickland",5902,0,0,0,,,,1,,
Q333983,"Sir James Graham, 2nd Baronet",6829,1,1,0,indirect,indirect,HoC,1,rush,"William Duncombe, 1st Earl of Feversham"
Q333986,Francis Maude,476,1,1,0,parent,parent;child,HoC,1,panel;rush,Angus Maude
Q333991,"John Taylor, Baron Kilclooney",657,0,0,0,,,,1,,
Q333992,Eleanor Rathbone,8498,1,3,1,parent,parent;child;indirect,HoC,0,panel;rush,Hugh Rathbone;Tim Rathbone;William Rathbone
Q333998,John Peel,8961,0,0,0,,,,0,,
Q334000,Andrew Welsh,697,0,0,0,,,,0,,
Q334006,Gwyneth Dunwoody,260,1,1,0,spouse,spouse,HoC,1,rush,John Dunwoody
Q334015,Winnie Ewing,9304,1,2,1,parent,parent;child;indirect,HoC,0,panel;rush,Margaret Ewing;Annabelle Ewing
Q334019,Nirj Deva,3732,0,0,0,,,,0,,
Q334020,"Hardinge Giffard, 1st Earl of Halsbury",1678,0,0,0,,,,1,,
Q334024,Liz Lynne,4804,0,0,0,,,,0,,
Q334027,"Charles Russell, Baron Russell of Killowen",796,0,0,0,,,,1,,
Q334035,Timothy Kirkhope,4609,0,0,0,,,,1,,
Q334043,Phillip Whitehead,8810,0,0,0,,,,0,,
Q334048,"John Evans, Baron Evans of Parkside",8983,0,0,0,,,,1,,
Q334053,"Granville Leveson-Gower, 2nd Earl Granville",4708,1,2,1,sibling,sibling;grandchild;uncle/aunt,HoC,1,panel;rush,George Leveson-Gower;Frederick Leveson-Gower
Q334057,Henry Fawcett,1584,0,0,0,,,,0,,
Q334063,"Spencer Cavendish, 8th Duke of Devonshire",2235,1,7,1,parent,parent;child;sibling;grandchild;uncle/aunt;niece/nephew;indirect,HoC,1,panel;rush,"Victor Cavendish, 9th Duke of Devonshire;Edward Cavendish, 10th Duke of Devonshire;Lord Frederick Cavendish;William Cavendish, 7th Duke of Devonshire;Lord Edward Cavendish;Lord George Cavendish;Lord Richard Cavendish"
Q334072,Mohammad Sarwar,599,1,1,0,parent,parent;child,HoC,0,panel;rush,Anas Sarwar
Q334073,"George Brown, Baron George-Brown",8546,1,1,0,sibling,sibling,HoC,1,rush,Ronald Brown
Q334078,"Richard Haldane, 1st Viscount Haldane",2141,0,0,0,,,,1,,
Q334080,Alexander William Kinglake,6963,0,0,0,,,,0,,
Q334088,"Christopher Addison, 1st Viscount Addison",55,0,0,0,,,,1,,
Q334097,Emma Nicholson,9381,1,1,0,parent,parent;child,HoC,1,panel;rush,"Sir Godfrey Nicholson, 1st Baronet"
Q334100,David Borrow,137,0,0,0,,,,0,,
Q334102,Jeremy Thorpe,5984,1,2,1,parent,parent;child;grandparent,HoC,1,panel;rush,"John Henry Thorpe;Sir John Norton-Griffiths, 1st Baronet"
Q334106,Alfred Knox,7736,1,1,0,sibling,sibling,HoC,1,panel,Edmund Vesey Knox
Q334116,John Strachey,8518,0,0,0,,,,1,,
Q334120,"Nathan Rothschild, 1st Baron Rothschild",3705,1,4,1,parent,parent;child;uncle/aunt;niece/nephew;indirect,HoC,1,panel;rush,"Walter Rothschild, 2nd Baron Rothschild;Lionel de Rothschild;Ferdinand James von Rothschild;Mayer Amschel de Rothschild"
Q334125,"Sir Robert Inglis, 2nd Baronet",4480,0,0,0,,,,0,,
Q334128,"Helen Liddell, Baroness Liddell of Coatdyke",435,0,0,0,,,,1,,
Q334136,"John Wodehouse, 3rd Earl of Kimberley",6339,0,0,0,,,,1,,
Q334137,Donald Gorrie,313,0,0,0,,,,0,,
Q3341374,Rupert Allason,2973,1,1,0,child,child,HoC,0,panel,James Allason
Q334142,Hartley Shawcross,5719,1,1,0,sibling,sibling,HoC,1,panel;rush,Christopher Nyholm Shawcross
Q334151,Lord Charles Wellesley,6163,1,2,1,parent,parent;child;sibling,HoC,1,panel;rush,"Arthur Wellesley, 2nd Duke of Wellington;Henry Wellesley, 3rd Duke of Wellington"
Q334155,Sadiq Khan,9567,0,0,0,,,,0,,
Q334163,"Patrick Mayhew, Baron Mayhew of Twysden",4966,1,1,0,parent,parent;child,HoC,1,panel;rush,Jerome Mayhew
Q334165,Arthur Peel,2740,1,10,1,parent,parent;child;sibling;niece/nephew;indirect,HoC,1,panel;rush,"Robert Peel;Edmund Peel;William Peel, 1st Earl Peel;Jonathan Peel;Sir Robert Peel, 3rd Baronet;Arthur George Villiers Peel;Frederick Peel;William Yates Peel;James Rochfort Maguire;Sidney Peel"
Q334177,"Gordon Hewart, 1st Viscount Hewart",4345,0,0,0,,,,1,,
Q334182,"Hugh Cecil, 1st Baron Quickswood",2181,1,7,1,parent,parent;child;sibling;uncle/aunt;niece/nephew,HoC,1,panel;rush,"Robert Cecil;Robert Gascoyne-Cecil, 3rd Marquess of Salisbury;David Ormsby-Gore, 5th Baron Harlech;Robert Gascoyne-Cecil, 5th Marquess of Salisbury;James Gascoyne-Cecil, 4th Marquess of Salisbury;Evelyn Cecil, 1st Baron Rockley;Lord Eustace Cecil"
Q334187,George Peabody Gooch,7398,1,1,0,sibling,sibling,HoC,0,rush,Henry Gooch
Q334191,Matthew Parris,5326,0,0,0,,,,0,,
Q334198,"John Baird, 1st Viscount Stonehaven",8090,0,0,0,,,,1,,
Q334201,"Davison Dalziel, 1st Baron Dalziel of Wooler",7835,0,0,0,,,,1,,
Q334203,"Charles Manners-Sutton, 1st Viscount Canterbury",5929,1,2,1,parent,parent;indirect,HoC,1,panel;rush,"Richard Sanderson;John Manners-Sutton, 3rd Viscount Canterbury"
Q334207,Francis Burdett,3394,1,1,0,indirect,indirect,HoC,1,rush,Robert Otway-Cave
Q334209,Michael Wills,711,0,0,0,,,,1,,
Q334210,"Reginald Brett, 2nd Viscount Esher",1258,1,1,0,parent,parent;child,HoC,1,panel;rush,"William Brett, 1st Viscount Esher"
Q334213,"Keith Bradley, Baron Bradley",141,0,0,0,,,,1,,
Q334215,"Sir William Stirling-Maxwell, 9th Baronet",2841,1,2,1,parent,parent,HoC,1,panel,"Archibald Stirling;Sir John Stirling-Maxwell, 10th Baronet"
Q334218,Charles Du Cane,3783,0,0,0,,,,0,,
Q334228,"Sir Philip Grey Egerton, 10th Baronet",1546,1,3,1,child,child;indirect,HoC,1,rush,"Alfred Egerton;Edward Christopher Egerton;Wilbraham Egerton, 1st Earl Egerton"
Q334234,"John Manners-Sutton, 3rd Viscount Canterbury",5931,1,1,0,child,child,HoC,1,panel,"Charles Manners-Sutton, 1st Viscount Canterbury"
Q334239,Thomas Wakley,6109,0,0,0,,,,0,,
Q334244,Nevil Story Maskelyne,1949,0,0,0,,,,1,,
Q334251,"Richard Webster, 1st Viscount Alverstone",1009,0,0,0,,,,1,,
Q334253,"Francis Needham, 3rd Earl of Kilmorey",5201,1,1,0,parent,parent;child,HoC,1,panel;rush,"Francis Needham, Viscount Newry"
Q334257,"Peter Brooke, Baron Brooke of Sutton Mandeville",150,1,1,0,parent,parent;child,HoC,1,panel;rush,"Henry Brooke, Baron Brooke of Cumnor"
Q334258,Alastair Goodlad,76,0,0,0,,,,1,,
Q334261,Maria Miller,9464,0,0,0,,,,0,,
Q334272,George Ward Hunt,2328,0,0,0,,,,1,,
Q334278,Don Touhig,669,0,0,0,,,,1,,
Q334280,"Florence Horsbrugh, Baroness Horsbrugh",4425,0,0,0,,,,1,,
Q334282,"Peter Thorneycroft, Baron Thorneycroft",5977,0,0,0,,,,1,,
Q334284,Benjamin Guinness,6853,1,1,0,parent,parent;child,HoC,1,panel;rush,"Arthur Guinness, 1st Baron Ardilaun"
Q334287,"Derick Heathcoat-Amory, 1st Viscount Amory",9227,1,2,1,niece/nephew,niece/nephew;indirect,HoC,1,rush,"Sir John Heathcoat-Amory, 1st Baronet;David Heathcoat-Amory"
Q334290,"Samuel Montagu, 1st Baron Swaythling",2620,1,1,0,parent,parent;child,HoC,1,panel;rush,Edwin Samuel Montagu
Q334293,Tony Colman,207,0,0,0,,,,0,,
Q334296,Andrew Smith,615,0,0,0,,,,0,,
Q334298,"John Wakeham, Baron Wakeham",6108,0,0,0,,,,1,,
Q334302,Airey Neave,5185,0,0,0,,,,1,,
Q334307,Seán Etchingham,3900,0,0,0,,,,0,,
Q334313,Simon Hughes,373,0,0,0,,,,0,,
Q334318,James Chuter Ede,3850,0,0,0,,,,1,,
Q334322,Richard Taylor,6077,0,0,0,,,,0,,
Q334325,Austin Mitchell,509,0,0,0,,,,0,,
Q334327,Eric Varley,6082,0,0,0,,,,1,,
Q334333,"John McFall, Baron McFall of Alcluith",488,0,0,0,,,,1,,
Q334337,"David Maxwell Fyfe, 1st Earl of Kilmuir",4961,0,0,0,,,,1,,
Q334339,Edward Garnier,298,1,1,0,cousin,cousin,HoC,1,panel;rush,Mark Garnier
Q334345,Harold Watkinson,6148,0,0,0,,,,1,,
Q334348,"Jenny Tonge, Baroness Tonge",668,0,0,0,,,,1,,
Q334350,Tony McNulty,498,0,0,0,,,,0,,
Q334352,"Edward Marjoribanks, 2nd Baron Tweedmouth",2572,1,4,1,parent,parent;child;niece/nephew;indirect,HoC,1,panel;rush,"Edward Marjoribanks;Dudley Marjoribanks, 1st Baron Tweedmouth;Matthew White Ridley, 1st Viscount Ridley;Matthew White Ridley, 2nd Viscount Ridley"
Q334355,Robert Lowe,2493,0,0,0,,,,1,,
Q334357,"Michael Forsyth, Baron Forsyth of Drumlean",9346,0,0,0,,,,1,,
Q334359,Jim Knight,4862,0,0,0,,,,1,,
Q334362,Fred Mulley,5148,0,0,0,,,,1,,
Q334363,"Matthew Taylor, Baron Taylor of Goss Moor",659,0,0,0,,,,1,,
Q334368,Denis Pritt,5462,0,0,0,,,,0,,
Q334369,Pierce Charles de Lacy O'Mahony,2557,0,0,0,,,,1,,
Q334374,David Urquhart,6070,0,0,0,,,,1,,
Q334376,Margo MacDonald,8749,1,1,0,indirect,indirect,HoC,0,rush,Jim Sillars
Q334381,"Edward Cardwell, 1st Viscount Cardwell",1329,0,0,0,,,,1,,
Q334385,"Herwald Ramsbotham, 1st Viscount Soulbury",5501,0,0,0,,,,1,,
Q334387,Eric Heffer,2967,0,0,0,,,,0,,
Q334392,"John Young, 1st Baron Lisgar",6324,0,0,0,,,,1,,
Q334396,Henry Labouchère,1926,1,1,0,uncle/aunt,uncle/aunt,HoC,1,rush,"Henry Labouchere, 1st Baron Taunton"
Q334411,"Donald Anderson, Baron Anderson of Swansea",92,0,0,0,,,,1,,
Q334418,"William Jowitt, 1st Earl Jowitt",4536,0,0,0,,,,1,,
Q334429,"Henry Wellesley, 3rd Duke of Wellington",1015,1,3,1,parent,parent;child;uncle/aunt;niece/nephew;indirect,HoC,1,panel;rush,"Arthur Wellesley, 2nd Duke of Wellington;Lord Charles Wellesley;Thomas Peers Williams"
Q334436,"George Cave, 1st Viscount Cave",7695,1,1,0,parent,parent;child,HoC,1,panel;rush,Thomas Cave
Q334443,"Jean Corston, Baroness Corston",215,0,0,0,,,,1,,
Q334449,Thomas Fowell Buxton,6618,1,9,1,parent,parent;child;sibling;grandparent;grandchild;uncle/aunt;niece/nephew;cousin;indirect,HoC,1,panel;rush,"Sir Edward Buxton, 2nd Baronet;Sydney Buxton, 1st Earl Buxton;Charles Buxton;Noel Noel-Buxton;Charles Buxton;Charles Noel, 2nd Earl of Gainsborough;Edward Buxton;Francis Buxton;Sir Thomas Buxton, 1st Baronet"
Q334455,"Richard Allan, Baron Allan of Hallam",88,0,0,0,,,,1,,
Q334459,Horatio Bottomley,9170,0,0,0,,,,0,,
Q334467,"Sir Alexander Cockburn, 12th Baronet",3541,0,0,0,,,,1,,
Q334480,George Reid,8559,0,0,0,,,,0,,
Q334491,Tim Boswell,138,1,1,0,parent,parent;child,HoC,1,panel;rush,Victoria Prentis
Q334498,"Irene Adams, Baroness Adams of Craigielea",43,1,1,0,spouse,spouse,HoC,1,rush,Allen Adams
Q334505,"George Phipps, 2nd Marquess of Normanby",5146,1,1,0,uncle/aunt,uncle/aunt,HoC,1,rush,"Henry Liddell, 1st Earl of Ravensworth"
Q334511,"Rennell Rodd, 1st Baron Rennell",9440,1,1,0,parent,parent,HoC,1,panel,"Evelyn Emmet, Baroness Emmet of Amberley"
Q334520,"Brian Cotter, Baron Cotter",216,0,0,0,,,,1,,
Q334557,"Robert Boothby, Baron Boothby",3259,0,0,0,,,,1,,
Q334565,"David Waddington, Baron Waddington",2963,1,1,0,indirect,indirect,HoC,1,rush,Alan Green
Q334571,Piers Merchant,74,0,0,0,,,,0,,
Q334578,"Paul Dean, Baron Dean of Harptree",9216,0,0,0,,,,1,,
Q334586,Austin Stack,7772,0,0,0,,,,0,,
Q334603,Mark Oaten,62,0,0,0,,,,0,,
Q334614,"Richard Monckton Milnes, 1st Baron Houghton",5067,1,1,0,indirect,indirect,HoC,1,rush,Harry Spencer Waddington
Q334627,"Wyn Roberts, Baron Roberts of Conwy",8630,0,0,0,,,,1,,
Q334633,Robert Bontine Cunninghame Graham,1711,0,0,0,,,,1,,
Q334638,"Nicholas Lyell, Baron Lyell of Markyate",449,0,0,0,,,,1,,
Q334642,Michael Lord,445,0,0,0,,,,1,,
Q334646,"Michael Spicer, Baron Spicer",630,0,0,0,,,,1,,
Q334651,Dingle Foot,4005,1,2,1,parent,parent;child;sibling,HoC,1,panel;rush,Michael Foot;Isaac Foot
Q334971,"John Campbell, 9th Duke of Argyll",2491,1,1,0,sibling,sibling,HoC,1,panel;rush,Lord Colin Campbell
Q335049,William Beveridge,3190,0,0,0,,,,1,,
Q335078,Nigel Lawson,8781,0,0,0,,,,1,,
Q335187,"Edward Grey, 1st Viscount Grey of Fallodon",2082,1,3,1,indirect,indirect,HoC,1,rush,"Albert Grey, 4th Earl Grey;Charles Grey;Percy Wyndham"
Q335218,"Herbert Samuel, 1st Viscount Samuel",8003,1,1,0,sibling,sibling,HoC,1,panel,Stuart Samuel
Q335230,"James Bruce, 8th Earl of Elgin",2161,1,2,1,parent,parent;sibling,HoC,1,panel,Robert Preston Bruce;Thomas Charles Bruce
Q335270,"James Hamilton, 2nd Duke of Abercorn",1768,1,8,1,parent,parent;child;sibling;uncle/aunt;indirect,HoC,1,panel;rush,"Lord Ernest Hamilton;Lord Frederick Spencer Hamilton;Lord Claud Hamilton;James Hamilton, 3rd Duke of Abercorn;Lord George Hamilton;James Hamilton, 5th Duke of Abercorn;James Hans Hamilton;Lord Claud Hamilton"
Q335323,"William Morrison, 1st Viscount Dunrossil",8971,0,0,0,,,,1,,
Q335324,Duff Cooper,9146,1,1,0,indirect,indirect,HoC,1,rush,"Henry Manners, 8th Duke of Rutland"
Q335420,Bill Deedes,3713,1,2,1,indirect,indirect,HoC,1,rush,William Deedes;William Deedes
Q335449,"James Brudenell, 7th Earl of Cardigan",3371,0,0,0,,,,1,,
Q335510,"Arthur Hamilton-Gordon, 1st Baron Stanmore",6826,1,5,1,sibling,sibling;uncle/aunt,HoC,1,panel;rush,"William Gordon;George Hamilton-Gordon, 5th Earl of Aberdeen;Alexander Hamilton-Gordon;Douglas Proby;Lord Claud Hamilton"
Q335529,"Frederick Spencer, 4th Earl Spencer",7233,1,4,1,parent,parent;sibling;indirect,HoC,1,panel;rush,"Charles Spencer, 6th Earl Spencer;John Spencer, 5th Earl Spencer;John Spencer, 3rd Earl Spencer;William Stephen Poyntz"
Q335550,"Henry Bruce, 1st Baron Aberdare",1282,0,0,0,,,,1,,
Q335583,"William Cavendish-Bentinck, 7th Duke of Portland",6000,0,0,0,,,,1,,
Q335589,"Robert Gascoyne-Cecil, 7th Marquess of Salisbury",9311,1,4,1,parent,parent;child;grandparent;grandchild;indirect,HoC,1,panel;rush,"Robert Gascoyne-Cecil, 3rd Marquess of Salisbury;Robert Gascoyne-Cecil, 5th Marquess of Salisbury;James Gascoyne-Cecil, 4th Marquess of Salisbury;Robert Gascoyne-Cecil, 6th Marquess of Salisbury"
Q335747,"Hector Monro, Baron Monro of Langholm",5091,0,0,0,,,,1,,
Q335754,"Edward Smith-Stanley, 13th Earl of Derby",,1,4,1,parent,parent;grandparent,HoC,1,panel,"Frederick Stanley, 16th Earl of Derby;Edward Smith-Stanley, 14th Earl of Derby;Henry Stanley;Edward Stanley, 15th Earl of Derby"
Q335786,"Charles Canning, 1st Earl Canning",3436,0,0,0,,,,1,,
Q335791,Herbert Morrison,8610,1,1,0,grandchild,grandchild,HoC,1,rush,Peter Mandelson
Q335812,Jo Grimond,4183,0,0,0,,,,1,,
Q335822,"Robert Lindsay, 29th Earl of Crawford",3093,1,3,1,parent,parent;child;grandparent;grandchild;uncle/aunt;niece/nephew,HoC,1,panel;rush,"David Lindsay, 27th Earl of Crawford;David Lindsay, 28th Earl of Crawford;James Lindsay"
Q3359001,"Owen Philipps, 1st Baron Kylsant",5386,1,2,1,sibling,sibling,HoC,1,panel,"John Philipps, 1st Viscount St Davids;Ivor Philipps"
Q336011,Norman Tebbit,5951,0,0,0,,,,1,,
Q336036,"Rufus Isaacs, 1st Marquess of Reading",7675,0,0,0,,,,1,,
Q336050,Christopher Soames,9213,1,1,0,parent,parent,HoC,1,panel,Nicholas Soames
Q336111,"Lynda Clark, Baroness Clark of Calton",191,0,0,0,,,,1,,
Q336133,"David Chidgey, Baron Chidgey",184,0,0,0,,,,1,,
Q336134,"Hugh Dykes, Baron Dykes",3833,0,0,0,,,,1,,
Q336205,"Christopher Tugendhat, Baron Tugendhat",6051,1,1,0,niece/nephew,niece/nephew,HoC,1,rush,Tom Tugendhat
Q336214,"Jack Cunningham, Baron Cunningham of Felling",226,0,0,0,,,,1,,
Q3362371,Shapurji Saklatvala,5655,0,0,0,,,,0,,
Q3363355,Bessie Braddock,3314,0,0,0,,,,0,,
Q336343,"James Hamilton, 5th Duke of Abercorn",8651,1,5,1,indirect,indirect,HoC,1,rush,"Lord Ernest Hamilton;Lord Frederick Spencer Hamilton;Lord Claud Hamilton;James Hamilton, 2nd Duke of Abercorn;Lord Claud Hamilton"
Q336404,"James Lindsay, 26th Earl of Crawford",2474,1,5,1,parent,parent;child;sibling;grandparent;grandchild;uncle/aunt,HoC,1,panel;rush,"David Lindsay, 27th Earl of Crawford;Charles Lindsay;David Lindsay, 28th Earl of Crawford;James Lindsay;James Lindsay"
Q336479,"Arthur Ponsonby, 1st Baron Ponsonby of Shulbrede",5432,0,0,0,,,,1,,
Q336497,"James Bryce, 1st Viscount Bryce",2902,1,1,0,sibling,sibling,HoC,1,panel;rush,John Annan Bryce
Q336515,"Peter Rees, Baron Rees",5539,0,0,0,,,,1,,
Q336534,Merlyn Rees,5540,0,0,0,,,,1,,
Q336729,"John Moore-Brabazon, 1st Baron Brabazon of Tara",5104,0,0,0,,,,1,,
Q336732,"Henry Brand, 1st Viscount Hampden",1254,1,3,1,parent,parent;child;sibling,HoC,1,panel;rush,"Henry Brand, 2nd Viscount Hampden;Arthur Brand;Thomas Trevor, 22nd Baron Dacre"
Q336809,"James Craig, 1st Viscount Craigavon",6480,0,0,0,,,,1,,
Q336866,"John Burnett, Baron Burnett",161,0,0,0,,,,1,,
Q336911,Alf Morris,8382,1,2,1,sibling,sibling;uncle/aunt;niece/nephew,HoC,1,panel;rush,"Estelle Morris, Baroness Morris of Yardley;Charles Morris"
Q336970,"George Montagu, 8th Duke of Manchester",9032,1,3,1,parent,parent;child;grandparent;grandchild;uncle/aunt;niece/nephew,HoC,1,panel;rush,"Lord Robert Montagu;George Montagu, 6th Duke of Manchester;William Montagu, 7th Duke of Manchester"
Q3369725,Patrick Munro,5154,0,0,0,,,,0,,
Q337059,"Dudley Marjoribanks, 1st Baron Tweedmouth",2571,1,4,1,parent,parent;child;grandchild;indirect,HoC,1,panel;rush,"Edward Marjoribanks;Edward Marjoribanks, 2nd Baron Tweedmouth;Matthew White Ridley, 1st Viscount Ridley;Matthew White Ridley, 2nd Viscount Ridley"
Q337086,"George Lloyd, 1st Baron Lloyd",7928,1,1,0,grandparent,grandparent,HoC,1,rush,Sampson Lloyd
Q337106,"Eric Lubbock, 4th Baron Avebury",8507,1,1,0,indirect,indirect,HoC,1,rush,"John Lubbock, 1st Baron Avebury"
Q337162,Jill Knight,9260,0,0,0,,,,1,,
Q337375,Douglas Hurd,4460,1,3,1,parent,parent;child;grandparent;grandchild,HoC,1,panel;rush,"Anthony Hurd, Baron Hurd;Nick Hurd;Percy Hurd"
Q337380,Hugh Gaitskell,4049,0,0,0,,,,1,,
Q337401,Terry Davis,242,0,0,0,,,,0,,
Q337407,Michael Thomas Bass,1182,1,2,1,parent,parent;child,HoC,1,panel;rush,"Hamar Alfred Bass;Michael Bass, 1st Baron Burton"
Q337430,Henry Enfield Roscoe,781,0,0,0,,,,1,,
Q337453,Chris Grayling,4516,0,0,0,,,,0,,
Q337459,William Adamson,49,0,0,0,,,,0,,
Q337464,"John Montagu Douglas Scott, 7th Duke of Buccleuch",2018,1,6,1,parent,parent;child;grandparent;grandchild;uncle/aunt;niece/nephew;indirect,HoC,1,panel;rush,"Lord John Scott;Walter Montagu Douglas Scott, 8th Duke of Buccleuch;John Scott, 9th Duke of Buccleuch;William Montagu Douglas Scott, 6th Duke of Buccleuch;Henry Douglas-Scott-Montagu, 1st Baron Montagu of Beaulieu;Lord William Montagu Douglas Scott"
Q337468,"William Montagu Douglas Scott, 6th Duke of Buccleuch",1445,1,7,1,parent,parent;child;sibling;grandparent;grandchild;uncle/aunt;indirect,HoC,1,panel;rush,"Lord John Scott;Walter Montagu Douglas Scott, 8th Duke of Buccleuch;John Scott, 9th Duke of Buccleuch;John Montagu Douglas Scott, 7th Duke of Buccleuch;John Douglas-Scott-Montagu, 2nd Baron Montagu of Beaulieu;Henry Douglas-Scott-Montagu, 1st Baron Montagu of Beaulieu;Lord William Montagu Douglas Scott"
Q337483,"Philip Snowden, 1st Viscount Snowden",5788,0,0,0,,,,1,,
Q337488,Feargus O'Connor,7081,0,0,0,,,,0,,
Q337515,John Burns,2095,0,0,0,,,,0,,
Q337520,Lord Frederick Cavendish,1346,1,6,1,parent,parent;child;sibling;uncle/aunt;niece/nephew,HoC,1,panel;rush,"Victor Cavendish, 9th Duke of Devonshire;Spencer Cavendish, 8th Duke of Devonshire;William Cavendish, 7th Duke of Devonshire;Lord Edward Cavendish;Lord George Cavendish;Lord Richard Cavendish"
Q337529,Ann Winterton,715,1,1,0,spouse,spouse,HoC,0,rush,Nicholas Winterton
Q337532,John Butterfill,165,0,0,0,,,,0,,
Q337536,Nigel Waterson,693,0,0,0,,,,0,,
Q337544,David Wilshire,712,0,0,0,,,,0,,
Q337548,Cyril Smith,8445,0,0,0,,,,0,,
Q337552,Derek Conway,9344,0,0,0,,,,0,,
Q337556,Tony Wright,724,0,0,0,,,,0,,
Q337561,John Battle,109,0,0,0,,,,0,,
Q337563,Vera Baird,3681,0,0,0,,,,0,,
Q337568,Greg Mulholland,9527,0,0,0,,,,0,,
Q337575,Richard Younger-Ross,3544,0,0,0,,,,0,,
Q337577,Nicholas Winterton,716,1,1,0,spouse,spouse,HoC,0,rush,Ann Winterton
Q337582,Tony Wright,723,0,0,0,,,,0,,
Q337590,Alan Williams,707,0,0,0,,,,0,,
Q337595,"Sidney Herbert, 1st Baron Herbert of Lea",6456,1,3,1,parent,parent;child;indirect,HoC,1,panel;rush,"Sidney Herbert, 14th Earl of Pembroke;Charles A'Court;Frederick Robinson, 2nd Marquess of Ripon"
Q337608,Colin Breed,148,0,0,0,,,,0,,
Q337615,"Charles Howard, 10th Earl of Carlisle",5117,1,5,1,parent,parent;child;sibling;grandparent;grandchild;niece/nephew;indirect,HoC,1,panel;rush,"George Howard, 9th Earl of Carlisle;Charles Henry Roberts;Charles Howard;Geoffrey Howard;Wilfrid Roberts"
Q337626,"William Cavendish, 7th Duke of Devonshire",9085,1,8,1,parent,parent;child;sibling;grandparent;grandchild;uncle/aunt,HoC,1,panel;rush,"Victor Cavendish, 9th Duke of Devonshire;Spencer Cavendish, 8th Duke of Devonshire;Lord Frederick Cavendish;Lord Edward Cavendish;Charles Cavendish, 1st Baron Chesham;Henry Cavendish;Lord George Cavendish;Lord Richard Cavendish"
Q337630,"George Howard, 9th Earl of Carlisle",7024,1,8,1,parent,parent;child;grandchild;uncle/aunt;niece/nephew;indirect,HoC,1,panel;rush,"George Howard, 7th Earl of Carlisle;Frederick Howard;Charles Howard, 10th Earl of Carlisle;Charles Henry Roberts;Charles Howard;Edward Howard, 1st Baron Lanerton;Geoffrey Howard;Wilfrid Roberts"
Q337671,"Auckland Geddes, 1st Baron Geddes",4078,1,1,0,sibling,sibling,HoC,1,panel;rush,Eric Geddes
Q337686,"Algernon Percy, 6th Duke of Northumberland",4761,1,7,1,parent,parent;child;sibling;grandparent;grandchild;cousin,HoC,1,panel;rush,"Eustace Percy, 1st Baron Percy of Newcastle;Lord Josceline Percy;Henry Percy, Earl Percy;John Stuart-Wortley, 2nd Baron Wharncliffe;Lord Algernon Percy;Lord Henry Percy;Henry Percy, 7th Duke of Northumberland"
Q337691,"Thomas Brassey, 1st Earl Brassey",1257,1,4,1,sibling,sibling;uncle/aunt;niece/nephew,HoC,1,panel;rush,"Henry Brassey, 1st Baron Brassey of Apethorpe;Albert Brassey;Henry Brassey;Robert Brassey"
Q337696,"Matthew White Ridley, 1st Viscount Ridley",764,1,8,1,parent,parent;child;sibling;grandparent;grandchild;uncle/aunt;niece/nephew;cousin;indirect,HoC,1,panel;rush,"Sir Matthew White Ridley, 4th Baronet;Gerard Smith;Edward Ridley;George Ridley;Edward Marjoribanks, 2nd Baron Tweedmouth;Dudley Marjoribanks, 1st Baron Tweedmouth;Matthew White Ridley, 2nd Viscount Ridley;Sir Matthew White Ridley, 3rd Baronet"
Q337704,"Charles Cripps, 1st Baron Parmoor",1856,1,1,0,parent,parent;child,HoC,1,panel;rush,Stafford Cripps
Q337709,Peter Ainsworth,86,0,0,0,,,,1,,
Q3377178,Stephen Kinnock,9986,1,1,0,parent,parent;child,HoC,1,panel;rush,Neil Kinnock
Q337720,John Baron,3698,0,0,0,,,,0,,
Q337742,James Cran,219,0,0,0,,,,0,,
Q337771,"Thomas Baring, 1st Earl of Northbrook",6537,1,4,1,parent,parent;child;grandchild;niece/nephew,HoC,1,panel;rush,"Francis Baring, 1st Baron Northbrook;Francis Baring, 2nd Earl of Northbrook;Sir Thomas Baring, 2nd Baronet;Thomas Baring"
Q3377781,Hedworth Meux,5052,1,4,1,sibling,sibling;indirect,HoC,1,panel;rush,"Hedworth Lambton;Ian Gilmour, Baron Gilmour of Craigmillar;Frederick Lambton, 4th Earl of Durham;Antony Lambton"
Q337783,William Arrol,1998,0,0,0,,,,0,,
Q337792,Colin Challen,3896,0,0,0,,,,0,,
Q337802,George Mudie,523,0,0,0,,,,0,,
Q337812,Fabian Hamilton,331,0,0,0,,,,0,,
Q337822,Vernon Hartshorn,4270,0,0,0,,,,0,,
Q337833,Candy Atherton,98,0,0,0,,,,0,,
Q337843,David Chaytor,183,0,0,0,,,,0,,
Q337872,"Henry FitzRoy, 5th Duke of Grafton",3903,1,5,1,parent,parent;child;sibling;cousin,HoC,1,panel;rush,"Robert FitzRoy;James Fitzroy;Lord Frederick Fitzroy;William FitzRoy, 6th Duke of Grafton;Lord Charles FitzRoy"
Q337887,"George Cavendish, 1st Earl of Burlington",,1,3,1,parent,parent;grandparent,HoC,1,panel,"William Cavendish, 2nd Baron Chesham;Charles Cavendish, 1st Baron Chesham;Henry Cavendish"
Q337895,Peter Griffiths,9277,0,0,0,,,,0,,
Q337905,Lord Edward Cavendish,1345,1,7,1,parent,parent;child;sibling;grandparent;uncle/aunt;niece/nephew,HoC,1,panel;rush,"Victor Cavendish, 9th Duke of Devonshire;Edward Cavendish, 10th Duke of Devonshire;Spencer Cavendish, 8th Duke of Devonshire;Lord Frederick Cavendish;William Cavendish, 7th Duke of Devonshire;Lord George Cavendish;Lord Richard Cavendish"
Q337913,"Edmond Fitzmaurice, 1st Baron Fitzmaurice",1609,1,2,1,child,child;niece/nephew,HoC,1,panel,"Henry Petty-Fitzmaurice, 4th Marquess of Lansdowne;William Petty-FitzMaurice, Earl of Kerry"
Q337923,Colin Burgon,160,1,1,0,niece/nephew,niece/nephew,HoC,0,rush,Richard Burgon
Q337932,John Barrett,3711,0,0,0,,,,0,,
Q337943,Bob Wareing,692,0,0,0,,,,0,,
Q337958,Roger Casale,177,0,0,0,,,,0,,
Q337970,Michelle Gildernew,4569,0,0,0,,,,0,,
Q337983,"Charles Yorke, 5th Earl of Hardwicke",792,1,5,1,parent,parent;child;sibling;grandchild;uncle/aunt;niece/nephew,HoC,1,panel;rush,"Charles Yorke, 4th Earl of Hardwicke;Eliot Yorke;Elliot Yorke;Henry Liddell, 1st Earl of Ravensworth;Joseph Sydney Yorke"
Q337992,Peter Atkinson,101,0,0,0,,,,0,,
Q338004,"William FitzRoy, 6th Duke of Grafton",3904,1,5,1,parent,parent;child;sibling;uncle/aunt;niece/nephew;indirect,HoC,1,panel;rush,"Robert FitzRoy;James Fitzroy;Lord Frederick Fitzroy;Henry FitzRoy, 5th Duke of Grafton;Lord Charles FitzRoy"
Q338032,Paul Truswell,675,0,0,0,,,,0,,
Q338044,Denzil Davies,237,0,0,0,,,,0,,
Q338053,"William Vane, 3rd Duke of Cleveland",5444,1,2,1,sibling,sibling,HoC,1,panel,"Harry Powlett, 4th Duke of Cleveland;Henry Vane, 2nd Duke of Cleveland"
Q338063,Phil Woolas,720,0,0,0,,,,0,,
Q338076,Andrew Dismore,248,0,0,0,,,,0,,
Q338089,Marsha Singh,613,0,0,0,,,,0,,
Q338114,"Sir Charles Dilke, 2nd Baronet",1821,1,2,1,parent,parent;child;sibling,HoC,1,panel;rush,"Sir Wentworth Dilke, 1st Baronet;Ashton Wentworth Dilke"
Q338141,"Sir William Anson, 3rd Baronet",6341,0,0,0,,,,1,,
Q338166,Richard Caborn,168,0,0,0,,,,0,,
Q338176,David Curry,229,0,0,0,,,,0,,
Q338188,"Sir Wentworth Dilke, 1st Baronet",6482,1,2,1,parent,parent;child;indirect,HoC,1,panel;rush,"Sir Charles Dilke, 2nd Baronet;Ashton Wentworth Dilke"
Q338231,Brian Wilson,713,0,0,0,,,,0,,
Q338243,David Atkinson,100,0,0,0,,,,0,,
Q338252,"John George Dodson, 1st Baron Monk Bretton",1502,0,0,0,,,,1,,
Q338273,David Burnside,6719,0,0,0,,,,0,,
Q338294,James Henry Thomas,8039,1,1,0,parent,parent;child,HoC,0,panel;rush,Leslie Thomas
Q338322,Kali Mountford,521,0,0,0,,,,0,,
Q338342,David Clelland,199,0,0,0,,,,0,,
Q338354,"Charles Adderley, 1st Baron Norton",53,0,0,0,,,,1,,
Q338366,Michael Seymour,7199,0,0,0,,,,1,,
Q338382,"Thomas Thynne, 5th Marquess of Bath",1026,1,5,1,parent,parent;child;sibling;uncle/aunt;indirect,HoC,1,panel;rush,"Lord Edward Thynne;Henry Thynne, 6th Marquess of Bath;Lord Alexander Thynne;Lord Henry Thynne;Sir Hugh Shaw-Stewart, 8th Baronet"
Q338388,John Austin,3073,0,0,0,,,,0,,
Q338427,"Edward Stanley, 17th Earl of Derby",1877,1,9,1,parent,parent;child;sibling;grandparent;grandchild;uncle/aunt;niece/nephew,HoC,1,panel;rush,"Frederick Stanley, 16th Earl of Derby;Edward Smith-Stanley, 14th Earl of Derby;Edward Stanley, 15th Earl of Derby;Oliver Stanley;Arthur Stanley;Edward Stanley, Lord Stanley;Edward Villiers, 5th Earl of Clarendon;George Stanley;Richard Stanley"
Q3395941,Alfred Lyttelton,4810,1,3,1,parent,parent;child;sibling;uncle/aunt;niece/nephew,HoC,1,panel;rush,"Charles Lyttelton, 8th Viscount Cobham;Oliver Lyttelton, 1st Viscount Chandos;John Lyttelton, 9th Viscount Cobham"
Q3396810,Ieuan Wyn Jones,395,0,0,0,,,,0,,
Q3401219,"Edward Douglas-Pennant, 1st Baron Penrhyn",5355,1,2,1,parent,parent;child;grandparent;grandchild,HoC,1,panel;rush,"George Douglas-Pennant, 2nd Baron Penrhyn;Edward Douglas-Pennant, 3rd Baron Penrhyn"
Q3401240,"George Douglas-Pennant, 2nd Baron Penrhyn",1507,1,3,1,parent,parent;child;indirect,HoC,1,panel;rush,"Edward Douglas-Pennant, 1st Baron Penrhyn;Edward Douglas-Pennant, 3rd Baron Penrhyn;Sir Cuthbert Quilter, 2nd Baronet"
Q3402767,"Sir Love Jones-Parry, 1st Baronet",2374,1,1,0,parent,parent,HoC,0,rush,Love Jones-Parry
Q3403145,William Abraham,12,0,0,0,,,,0,,
Q3403511,Llew Smith,621,0,0,0,,,,0,,
Q3403520,Tom Ellis,8862,0,0,0,,,,0,,
Q3404390,"David Davies, 1st Baron Davies",6487,0,0,0,,,,1,,
Q3405033,Adam Price,5503,0,0,0,,,,0,,
Q3405113,Cynog Dafis,80,0,0,0,,,,0,,
Q3405148,Simon Thomas,68,0,0,0,,,,0,,
Q3409354,David Anderson,9471,0,0,0,,,,0,,
Q3409441,Richard Bacon,3672,0,0,0,,,,0,,
Q3411330,Ann McKechin,5249,0,0,0,,,,0,,
Q3411409,Catherine McKinnell,10116,0,0,0,,,,0,,
Q3411619,Lee Scott,9521,0,0,0,,,,0,,
Q3412180,Stephen Pound,556,0,0,0,,,,0,,
Q341511,Bob Stewart,9863,0,0,0,,,,0,,
Q341538,John Stevenson,9861,0,0,0,,,,0,,
Q341570,Andrew Stephenson,9860,0,0,0,,,,0,,
Q3425074,Frederick Guest,7912,1,4,1,sibling,sibling;uncle/aunt;niece/nephew,HoC,1,panel;rush,"Ivor Guest, 1st Viscount Wimborne;Henry Guest;Ivor Guest, 2nd Viscount Wimborne;Oscar Guest"
Q342765,Arthur Griffith,4178,0,0,0,,,,0,,
Q3428035,Hector McNeil,5023,0,0,0,,,,0,,
Q3431266,"Sir Richard Temple, 1st Baronet",935,0,0,0,,,,1,,
Q3433611,Philip Richardson,8170,0,0,0,,,,0,,
Q3435000,Robert Duff,1517,0,0,0,,,,1,,
Q3435129,"Sir Robert Fowler, 1st Baronet",1639,0,0,0,,,,0,,
Q3435547,Robert Jones,9353,0,0,0,,,,0,,
Q3442343,William Dudley Ward,8329,0,0,0,,,,1,,
Q3443398,"Roundell Palmer, 3rd Earl of Selborne",6380,1,3,1,parent,parent;child;grandparent;grandchild,HoC,1,panel;rush,"Robert Gascoyne-Cecil, 3rd Marquess of Salisbury;Roundell Palmer, 1st Earl of Selborne;William Palmer, 2nd Earl of Selborne"
Q3471042,Samuel Beale,3126,0,0,0,,,,0,,
Q3476695,Seamus Mallon,464,0,0,0,,,,0,,
Q3485213,John Pender,2748,1,1,0,parent,parent,HoC,1,panel,"Sir James Pender, 1st Baronet"
Q3496911,"Sir William Evans, 1st Baronet",1573,1,1,0,parent,parent;child,HoC,1,panel;rush,William Evans
Q3497552,Oliver Stanley,8786,1,8,1,parent,parent;child;sibling;grandparent;grandchild;uncle/aunt;niece/nephew;indirect,HoC,1,panel;rush,"Frederick Stanley, 16th Earl of Derby;Charles Vane-Tempest-Stewart, 7th Marquess of Londonderry;Edward Stanley, 17th Earl of Derby;Arthur Stanley;Edward Stanley, Lord Stanley;George Stanley;Richard Stanley;Robin Vane-Tempest-Stewart, 8th Marquess of Londonderry"
Q3504529,John Dillon,2167,1,1,0,parent,parent;child,HoC,1,panel;rush,John Blake Dillon
Q350602,Adam Ingram,381,0,0,0,,,,0,,
Q3524872,"Rowland Prothero, 1st Baron Ernle",5471,0,0,0,,,,1,,
Q3525076,"Sir Thomas Dyke Acland, 10th Baronet",6284,1,3,1,parent,parent;child;grandparent;grandchild,HoC,1,panel;rush,"Sir Arthur Dyke Acland, 13th Baronet;Sir Thomas Dyke Acland, 11th Baronet;Sir Thomas Dyke Acland, 12th Baronet"
Q3525682,Thomas Wyse,6274,0,0,0,,,,1,,
Q354352,Leonard Darwin,1452,0,0,0,,,,1,,
Q355785,Joseph Locke,9274,0,0,0,,,,1,,
Q356011,Richard Claverhouse Jebb,1780,0,0,0,,,,1,,
Q356620,James Silk Buckingham,3379,0,0,0,,,,0,,
Q3568930,William Saunders,823,0,0,0,,,,0,,
Q3595574,Ben Tillett,7776,0,0,0,,,,0,,
Q3610747,"Alexander Baillie-Cochrane, 1st Baron Lamington",1150,1,2,1,parent,parent;child,HoC,1,panel;rush,"Charles Cochrane-Baillie, 2nd Baron Lamington;Thomas Cochrane"
Q3610759,Lord Alexander Gordon-Lennox,4695,1,10,1,sibling,sibling;uncle/aunt;indirect,HoC,1,panel;rush,"Charles Towneley;Lord Arthur Lennox;Charles Gordon-Lennox, 6th Duke of Richmond;Charles Gordon-Lennox, 7th Duke of Richmond;Lord George Gordon-Lennox;Lord Henry Lennox;John Ponsonby, 5th Earl of Bessborough;John Lennox;William Lennox;Lord Walter Gordon-Lennox"
Q3643409,"William Palmer, 2nd Earl of Selborne",1081,1,3,1,parent,parent;child;indirect,HoC,1,panel;rush,"Robert Gascoyne-Cecil, 3rd Marquess of Salisbury;Roundell Palmer, 1st Earl of Selborne;Roundell Palmer, 3rd Earl of Selborne"
Q3666434,Charles Lanyon,8725,0,0,0,,,,0,,
Q3666446,"Charles Manners, 6th Duke of Rutland",9011,1,5,1,sibling,sibling;uncle/aunt;niece/nephew,HoC,1,panel;rush,"Lord George Manners;Lord Cecil Manners;John Manners, 7th Duke of Rutland;Henry Manners, 8th Duke of Rutland;Lord Edward Manners"
Q369723,Lord Alfred Paget,7091,1,7,1,parent,parent;sibling;uncle/aunt;niece/nephew;cousin,HoC,1,panel;rush,"Lord George Paget;Henry Paget, 2nd Marquess of Anglesey;Almeric Paget, 1st Baron Queenborough;Frederick Paget;Henry Paget, 3rd Marquess of Anglesey;Clarence Paget;William Paget"
Q3701723,"Richard Temple-Nugent-Brydges-Chandos-Grenville, 3rd Duke of Buckingham and Chandos",3476,1,5,1,parent,parent;child;niece/nephew;indirect,HoC,1,panel;rush,"Charles Lyttelton, 8th Viscount Cobham;George Nugent-Grenville, 2nd Baron Nugent;Richard Temple-Nugent-Brydges-Chandos-Grenville, 2nd Duke of Buckingham and Chandos;William Temple-Gore-Langton, 4th Earl Temple of Stowe;William Gore-Langton"
Q3701727,"Richard Temple-Nugent-Brydges-Chandos-Grenville, 2nd Duke of Buckingham and Chandos",3477,1,4,1,parent,parent;child;grandchild;uncle/aunt;indirect,HoC,1,panel;rush,"George Nugent-Grenville, 2nd Baron Nugent;Richard Temple-Nugent-Brydges-Chandos-Grenville, 3rd Duke of Buckingham and Chandos;William Temple-Gore-Langton, 4th Earl Temple of Stowe;William Gore-Langton"
Q3703236,"David Lindsay, 27th Earl of Crawford",1830,1,7,1,parent,parent;child;grandparent;grandchild;indirect,HoC,1,panel;rush,"Reginald Manningham-Buller, 1st Viscount Dilhorne;Sir Henry Pelly, 3rd Baronet;Robert Lindsay, 29th Earl of Crawford;James Lindsay, 26th Earl of Crawford;David Lindsay, 28th Earl of Crawford;James Lindsay;Sir Martin Lindsay, 1st Baronet"
Q3714285,"Doris Fisher, Baroness Fisher of Rednal",8476,0,0,0,,,,1,,
Q3719921,"Edward Seymour, 12th Duke of Somerset",9044,0,0,0,,,,1,,
Q3719961,Edward Clarke,1813,0,0,0,,,,0,,
Q373047,Anne McLaughlin,9631,0,0,0,,,,0,,
Q3737152,"Donald Somervell, Baron Somervell of Harrow",5795,0,0,0,,,,1,,
Q373814,Rosemary McKenna,494,0,0,0,,,,0,,
Q373940,"Sir Henry Wilson, 1st Baronet",7989,0,0,0,,,,0,,
Q3750914,"Francis Baring, 1st Baron Northbrook",6535,1,6,1,parent,parent;child;sibling;grandparent;grandchild;niece/nephew;indirect,HoC,1,panel;rush,"Thomas Baring, 1st Earl of Northbrook;Francis Baring, 2nd Earl of Northbrook;Alexander Baring, 1st Baron Ashburton;Sir Thomas Baring, 2nd Baronet;Thomas Baring;Thomas Read Kemp"
Q3751795,Frank Cousins,9237,0,0,0,,,,0,,
Q3760457,"George Cadogan, 5th Earl Cadogan",2771,1,5,1,parent,parent;child;niece/nephew;indirect,HoC,1,panel;rush,"Edward Cadogan;Frederick William Cadogan;Henry Cadogan, 4th Earl Cadogan;Sir Samuel Scott, 6th Baronet;Henry Cadogan, Viscount Chelsea"
Q3760464,Lord George Gordon-Lennox,1703,1,8,1,sibling,sibling;uncle/aunt,HoC,1,panel;rush,"Lord Arthur Lennox;Charles Gordon-Lennox, 6th Duke of Richmond;Charles Gordon-Lennox, 7th Duke of Richmond;Lord Alexander Gordon-Lennox;Lord Henry Lennox;John Lennox;William Lennox;Lord Walter Gordon-Lennox"
Q377175,"Thomas Cochrane, 1st Baron Cochrane of Cults",2135,1,5,1,parent,parent;child;grandparent;uncle/aunt;indirect,HoC,1,panel;rush,"William Alexander Mackinnon;Lauchlan Bellingham Mackinnon;Archibald Cochrane;George Boyle, 6th Earl of Glasgow;William Alexander Mackinnon"
Q377614,"Sir Lowthian Bell, 1st Baronet",1203,0,0,0,,,,1,,
Q3780721,"Algernon Freeman-Mitford, 1st Baron Redesdale",1645,0,0,0,,,,1,,
Q3784915,"Henry Somerset, 8th Duke of Beaufort",6253,1,3,1,parent,parent;child;uncle/aunt;niece/nephew,HoC,1,panel;rush,"Lord Henry Somerset;Lord Granville Somerset;Henry Somerset, 7th Duke of Beaufort"
Q3784916,Lord Henry Lennox,1704,1,8,1,sibling,sibling;uncle/aunt,HoC,1,panel;rush,"Lord Arthur Lennox;Charles Gordon-Lennox, 6th Duke of Richmond;Charles Gordon-Lennox, 7th Duke of Richmond;Lord Alexander Gordon-Lennox;Lord George Gordon-Lennox;John Lennox;William Lennox;Lord Walter Gordon-Lennox"
Q3784929,"Henry Fitzalan-Howard, 14th Duke of Norfolk",3043,1,4,1,parent,parent;child;sibling;indirect,HoC,1,panel;rush,"Henry Howard, 13th Duke of Norfolk;Edward Fitzalan-Howard, 1st Baron Howard of Glossop;Edmund FitzAlan-Howard, 1st Viscount FitzAlan of Derwent;Thomas Foley, 4th Baron Foley"
Q3784947,"Henry Howard, 13th Duke of Norfolk",5924,1,3,1,parent,parent;grandparent,HoC,1,panel,"Henry Fitzalan-Howard, 14th Duke of Norfolk;Edward Fitzalan-Howard, 1st Baron Howard of Glossop;Edmund FitzAlan-Howard, 1st Viscount FitzAlan of Derwent"
Q3784973,"Henry Manners, 8th Duke of Rutland",1714,1,6,1,parent,parent;child;sibling;uncle/aunt;niece/nephew;indirect,HoC,1,panel;rush,"Lord George Manners;Lord Cecil Manners;John Manners, 7th Duke of Rutland;Duff Cooper;Charles Manners, 6th Duke of Rutland;Lord Edward Manners"
Q3784987,"Henry Henry William Edmund Petty-Fitzmaurice, 6th Marquess of Lansdowne",4586,1,2,1,grandparent,grandparent;indirect,HoC,1,rush,"Henry Petty-Fitzmaurice, 4th Marquess of Lansdowne;William Petty-FitzMaurice, Earl of Kerry"
Q3787726,"Hussey Vivian, 1st Baron Vivian",7314,1,5,1,parent,parent;child;sibling;uncle/aunt;niece/nephew,HoC,1,panel;rush,"Henry Vivian, 1st Baron Swansea;Arthur Vivian;Charles Vivian, 2nd Baron Vivian;John Vivian;John Henry Vivian"
Q378955,Leslie Plummer,5414,0,0,0,,,,1,,
Q3790100,"David Margesson, 1st Viscount Margesson",4927,0,0,0,,,,1,,
Q3790150,James Grigg,4181,0,0,0,,,,0,,
Q3809029,"Sir John Aird, 1st Baronet",1916,0,0,0,,,,1,,
Q3809125,"John Byng, 1st Earl of Strafford",3416,1,3,1,parent,parent;child;sibling;grandparent;grandchild,HoC,1,panel;rush,"George Byng, 2nd Earl of Strafford;George Byng, 3rd Earl of Strafford;George Byng"
Q3809512,John O'Connell,5247,1,5,1,parent,parent;child;sibling;cousin,HoC,1,panel;rush,Morgan O'Connell;Daniel O'Connell;Daniel O'Connell;Maurice O'Connell;Morgan O'Connell
Q3809633,"John Stewart-Murray, 8th Duke of Atholl",6055,1,1,0,spouse,spouse,HoC,1,rush,"Katharine Stewart-Murray, Duchess of Atholl"
Q3810119,Lord Josceline Percy,7121,1,4,1,sibling,sibling;uncle/aunt;niece/nephew,HoC,1,panel;rush,"Algernon Percy, 6th Duke of Northumberland;Lord Algernon Percy;Lord Henry Percy;Henry Percy, 7th Duke of Northumberland"
Q3814537,"Thomas de Grey, 6th Baron Walsingham",1476,0,0,0,,,,1,,
Q3817460,Ferdinand James von Rothschild,784,1,3,1,niece/nephew,niece/nephew;indirect,HoC,1,rush,"Walter Rothschild, 2nd Baron Rothschild;Lionel de Rothschild;Nathan Rothschild, 1st Baron Rothschild"
Q3818047,Alec Cunningham-Reid,3661,0,0,0,,,,1,,
Q382786,A. E. W. Mason,7567,0,0,0,,,,0,,
Q3828136,"Lawrence Dundas, 1st Marquess of Zetland",6745,1,6,1,parent,parent;child;sibling;uncle/aunt;niece/nephew;indirect,HoC,1,panel;rush,"Robert Lawrence Dundas;John Dundas;John Dundas;Lawrence Dundas, 2nd Marquess of Zetland;Thomas Dundas, 2nd Earl of Zetland;William Wentworth-Fitzwilliam, 7th Earl Fitzwilliam"
Q3829225,Leah Manning,4916,0,0,0,,,,0,,
Q38367,"Thomas Dewar, 1st Baron Dewar",7683,1,2,1,sibling,sibling,HoC,1,panel;rush,"Arthur Dewar, Lord Dewar;John Dewar, 1st Baron Forteviot"
Q3853190,Mayer Amschel de Rothschild,785,1,3,1,sibling,sibling;uncle/aunt;niece/nephew;indirect,HoC,1,panel;rush,"Walter Rothschild, 2nd Baron Rothschild;Lionel de Rothschild;Nathan Rothschild, 1st Baron Rothschild"
Q386213,"John Spencer, 3rd Earl Spencer",3012,1,3,1,sibling,sibling;uncle/aunt;niece/nephew,HoC,1,panel;rush,"Charles Spencer, 6th Earl Spencer;John Spencer, 5th Earl Spencer;Frederick Spencer, 4th Earl Spencer"
Q387458,Charles Bradlaugh,1252,0,0,0,,,,0,,
Q387525,"Wavell Wakefield, 1st Baron Wakefield of Kendal",6107,1,1,0,sibling,sibling,HoC,1,panel;rush,Edward Wakefield
Q389109,John Stanley,633,0,0,0,,,,0,,
Q3891211,Tom Shaw,6494,0,0,0,,,,0,,
Q389189,Mark Spencer,9859,0,0,0,,,,0,,
Q389677,John Spellar,628,0,0,0,,,,0,,
Q389855,Anna Soubry,9858,0,0,0,,,,0,,
Q390192,Nicholas Soames,625,1,2,1,child,child;grandparent,HoC,1,panel;rush,Christopher Soames;Winston Churchill
Q390317,Sir Robert Smith,622,0,0,0,,,,1,,
Q390549,Robert Flello,9560,0,0,0,,,,0,,
Q390611,Paul Flynn,281,0,0,0,,,,0,,
Q390690,Owen Smith,10137,0,0,0,,,,0,,
Q390737,Don Foster,285,0,0,0,,,,1,,
Q390756,Yvonne Fovargue,10099,0,0,0,,,,0,,
Q390760,Nick Smith,10136,0,0,0,,,,0,,
Q390794,Julian Smith,9857,0,0,0,,,,0,,
Q390825,Hywel Francis,4352,0,0,0,,,,0,,
Q390849,Henry Smith,9856,0,0,0,,,,0,,
Q390869,Mark Francois,4445,0,0,0,,,,0,,
Q390949,Angela Smith,9556,0,0,0,,,,0,,
Q390983,George Freeman,9686,0,0,0,,,,0,,
Q391008,Mike Freer,9685,0,0,0,,,,0,,
Q391029,Lorraine Fullbrook,9688,0,0,0,,,,0,,
Q391073,Richard Fuller,9687,0,0,0,,,,0,,
Q391094,Roger Gale,294,0,0,0,,,,0,,
Q391141,Mike Gapes,296,0,0,0,,,,0,,
Q391169,Barry Gardiner,297,0,0,0,,,,0,,
Q391222,Mark Garnier,9690,1,1,0,cousin,cousin,HoC,1,panel;rush,Edward Garnier
Q391256,David Gauke,9516,0,0,0,,,,0,,
Q391275,Andrew George,299,0,0,0,,,,0,,
Q391300,Nick Gibb,302,0,0,0,,,,0,,
Q391328,Steve Gilbert,9834,0,0,0,,,,0,,
Q391341,Andy Slaughter,9501,0,0,0,,,,0,,
Q391416,Sheila Gilmore,10100,0,0,0,,,,0,,
Q391437,Dennis Skinner,614,0,0,0,,,,0,,
Q391442,Pat Glass,10101,0,0,0,,,,0,,
Q391465,John Glen,9689,0,0,0,,,,0,,
Q391483,Mary Glindon,10102,0,0,0,,,,0,,
Q391520,Roger Godsiff,308,0,0,0,,,,0,,
Q391526,Chris Skidmore,9855,0,0,0,,,,0,,
Q391539,Paul Goggins,309,0,0,0,,,,0,,
Q391562,Zac Goldsmith,9692,0,0,0,,,,1,,
Q391605,Helen Goodman,9469,0,0,0,,,,0,,
Q391644,Robert Goodwill,9554,0,0,0,,,,0,,
Q391652,Keith Simpson,612,0,0,0,,,,0,,
Q391756,Richard Graham,9691,0,0,0,,,,0,,
Q391792,Helen Grant,9745,0,0,0,,,,0,,
Q391839,James Gray,315,0,0,0,,,,0,,
Q391908,Tom Greatrex,10103,0,0,0,,,,0,,
Q391960,Damian Green,316,0,0,0,,,,0,,
Q391986,Kate Green,10104,0,0,0,,,,0,,
Q392000,David Simpson,9569,0,0,0,,,,0,,
Q392061,Mark Simmonds,5867,0,0,0,,,,0,,
Q392064,Lilian Greenwood,10105,0,0,0,,,,0,,
Q392101,Nia Griffith,9529,0,0,0,,,,0,,
Q392149,Andrew Griffiths,9744,1,1,0,partner,partner,HoC,0,rush,Kate Griffiths
Q392174,Ben Gummer,9747,1,1,0,parent,parent;child,HoC,1,panel;rush,John Gummer
Q392216,Andrew Gwynne,9490,0,0,0,,,,0,,
Q392241,Sam Gyimah,9746,0,0,0,,,,0,,
Q392367,Gavin Shuker,10135,0,0,0,,,,0,,
Q392375,Robert Halfon,9749,0,0,0,,,,0,,
Q392461,Jim Sheridan,5866,0,0,0,,,,0,,
Q392493,Duncan Hames,9835,0,0,0,,,,0,,
Q392524,David Hamilton,4606,0,0,0,,,,0,,
Q392533,Richard Shepherd,608,0,0,0,,,,0,,
Q393751,Alec Shelbrooke,9854,0,0,0,,,,0,,
Q3960168,"Sidney Herbert, 14th Earl of Pembroke",2260,1,1,0,parent,parent;child,HoC,1,panel;rush,"Sidney Herbert, 1st Baron Herbert of Lea"
Q3973204,Stephen Milligan,2928,0,0,0,,,,0,,
Q3990628,Thomas Gibson Bowles,2077,1,2,1,parent,parent;child,HoC,1,panel;rush,Thomas Gibson;George Frederic Stewart Bowles
Q3991506,Timothy Daniel Sullivan,915,1,1,0,sibling,sibling,HoC,1,panel,Alexander Martin Sullivan
Q4020043,William Henry Gladstone,1688,1,5,1,parent,parent;child;sibling;uncle/aunt;niece/nephew,HoC,1,panel;rush,"William Ewart Gladstone;Herbert Gladstone, 1st Viscount Gladstone;John Gladstone;Sir Thomas Gladstone, 2nd Baronet;William Glynne Charles Gladstone"
Q4020120,William Patrick Adam,36,1,1,0,parent,parent;child,HoC,1,panel;rush,Charles Adam
Q4057244,Charles Adam,34,1,1,0,parent,parent;child,HoC,1,panel;rush,William Patrick Adam
Q4078432,Edward Barnes,6538,0,0,0,,,,0,,
Q4084921,Humphry Berkeley,8621,1,1,0,parent,parent;child,HoC,0,panel;rush,Reginald Berkeley
Q4090718,"Oliver Baldwin, 2nd Earl Baldwin of Bewdley",3599,1,3,1,parent,parent;child;grandparent;grandchild;cousin,HoC,1,panel;rush,Stanley Baldwin;Alfred Baldwin;Julian Ridsdale
Q4097186,"Sir John Brunner, 1st Baronet",1785,1,1,0,parent,parent;child,HoC,1,panel;rush,"Sir John Brunner, 2nd Baronet"
Q4148675,"John Gretton, 1st Baron Gretton",1804,1,1,0,parent,parent,HoC,1,panel,"John Gretton, 2nd Baron Gretton"
Q4171078,"Richard Grosvenor, 2nd Marquess of Westminster",9013,1,6,1,parent,parent;child;sibling;grandchild;uncle/aunt;indirect,HoC,1,panel;rush,"Robert Grosvenor, 1st Baron Ebury;Hugh Grosvenor, 1st Duke of Westminster;Norman Grosvenor;Richard Grosvenor, 1st Baron Stalbridge;Robert Grosvenor, 2nd Baron Ebury;Sir Hugh Shaw-Stewart, 8th Baronet"
Q427394,Reginald Dorman-Smith,3761,0,0,0,,,,1,,
Q4274204,John Maguire,2554,0,0,0,,,,0,,
Q4282534,Thomas Byam Martin,,0,0,0,,,,1,,
Q42846969,Jane Dodds,10151,0,0,0,,,,0,,
Q42846975,Natalie Elphicke,10200,1,1,0,partner,partner,HoC,0,rush,Charlie Elphicke
Q4309811,Noel Mason-Macfarlane,4945,0,0,0,,,,0,,
Q4352362,A. P. Herbert,8367,1,1,0,great-grandchild,great-grandchild,HoC,0,rush,Toby Perkins
Q4355733,Elaine Kellett-Bowman,4561,0,0,0,,,,0,,
Q4356465,John Freeman,4032,0,0,0,,,,0,,
Q4360966,"Jack Simon, Baron Simon of Glaisdale",8668,0,0,0,,,,1,,
Q4364005,Samuel Pechell,5350,1,1,0,sibling,sibling,HoC,1,panel,"Sir George Brooke-Pechell, 4th Baronet"
Q4381482,"James Gascoyne-Cecil, 4th Marquess of Salisbury",1873,1,12,1,parent,parent;child;sibling;grandparent;grandchild;niece/nephew;cousin;indirect,HoC,1,panel;rush,"Robert Cecil;Arthur Balfour;Robert Gascoyne-Cecil, 3rd Marquess of Salisbury;David Ormsby-Gore, 5th Baron Harlech;Edward Cavendish, 10th Duke of Devonshire;William Ormsby-Gore, 4th Baron Harlech;Gerald Balfour, 2nd Earl of Balfour;Robert Gascoyne-Cecil, 5th Marquess of Salisbury;Hugh Cecil, 1st Baron Quickswood;Robert Gascoyne-Cecil, 7th Marquess of Salisbury;Lord Eustace Cecil;Robert Gascoyne-Cecil, 6th Marquess of Salisbury"
Q438932,Lewis Weston Dillwyn,6723,1,2,1,parent,parent;child;grandchild,HoC,1,panel;rush,"Lewis Llewelyn Dillwyn;Sir John Dillwyn-Llewellyn, 1st Baronet"
Q43895,"Henry Thynne, 3rd Marquess of Bath",,1,2,1,parent,parent;sibling,HoC,1,panel,Lord Edward Thynne;Lord Henry Thynne
Q4394451,Edward James Reed,745,0,0,0,,,,0,,
Q4404612,Michael Thomas Sadler,,0,0,0,,,,0,,
Q4405627,David Sumberg,5915,0,0,0,,,,0,,
Q4412304,Konni Zilliacus,6282,1,1,0,indirect,indirect,HoC,0,rush,"Thomas Stonor, 3rd Baron Camoys"
Q441532,Vicky Ford,9892,0,0,0,,,,0,,
Q44691153,William Powell,7138,1,1,0,child,child,HoC,0,panel,William Edward Powell
Q4476175,John Ward,8053,0,0,0,,,,0,,
Q4484367,John Fielden,6778,1,3,1,parent,parent;child;grandparent;grandchild,HoC,0,panel;rush,Edward Brocklehurst Fielden;Joshua Fielden;Thomas Fielden
Q4485139,John Forster FitzGerald,6781,0,0,0,,,,1,,
Q4497083,"Leslie Haden-Guest, 1st Baron Haden-Guest",4214,0,0,0,,,,1,,
Q4499092,"Henry Holland, 1st Viscount Knutsford",2293,1,1,0,parent,parent;child,HoC,1,panel;rush,Lionel Holland
Q450298,Alyn Smith,10272,0,0,0,,,,0,,
Q4533139,Thomas Attwood,3067,1,1,0,sibling,sibling,HoC,0,rush,Matthias Attwood
Q454142,George Noble Plunkett,7942,0,0,0,,,,1,,
Q4647488,Alf Purcell,5481,0,0,0,,,,0,,
Q4647733,A. E. Stubbs,5905,0,0,0,,,,0,,
Q465770,W. T. Cosgrave,3603,0,0,0,,,,0,,
Q4661946,Aaron Curry,9141,0,0,0,,,,0,,
Q4666541,Abel Buckley,1291,0,0,0,,,,0,,
Q4666575,Abel Henry Smith,1823,1,3,1,parent,parent;child;grandparent;grandchild;uncle/aunt,HoC,1,panel;rush,"Abel Smith;Abel Smith;Walter Pelham, 4th Earl of Chichester"
Q4666622,Abel Smith,6467,1,5,1,parent,parent;child;grandparent;grandchild;niece/nephew;cousin,HoC,1,panel;rush,"John Smith;Abel Henry Smith;Abel Smith;Robert Carrington, 2nd Baron Carrington;Samuel Smith"
Q4666623,Abel Smith,867,1,4,1,parent,parent;child;grandchild;indirect,HoC,1,panel;rush,"Abel Henry Smith;Abel Smith;Samuel Smith;Walter Pelham, 4th Earl of Chichester"
Q4666636,Abel Thomas,2124,0,0,0,,,,0,,
Q4668844,Abraham England,3882,0,0,0,,,,0,,
Q4668856,Abraham Flint,9142,0,0,0,,,,0,,
Q4668868,Abraham Garrod Thomas,7687,0,0,0,,,,0,,
Q4668975,Abraham Laverton,2425,0,0,0,,,,0,,
Q4669093,Abraham Montagu Lyons,7697,0,0,0,,,,0,,
Q4670298,"Charles Pepys, 1st Earl of Cottenham",5361,0,0,0,,,,1,,
Q4670375,Thomas Perronet Thompson,7276,0,0,0,,,,0,,
Q4677688,Acton Smee Ayrton,1140,0,0,0,,,,0,,
Q4678809,Adam Butler,9171,1,1,0,child,child,HoC,1,panel,RAB Butler
Q4679173,"Adam Haldane-Duncan, 2nd Earl of Camperdown",9004,0,0,0,,,,1,,
Q4679236,Adam Hills,4366,0,0,0,,,,0,,
Q4679320,Adam Keir Rodger,5593,0,0,0,,,,0,,
Q4679439,Adam Maitland,7698,0,0,0,,,,0,,
Q4679469,Adam McKinlay,4817,0,0,0,,,,0,,
Q4679694,Adam Rolland Rainy,5498,0,0,0,,,,0,,
Q4681850,"Adelbert Brownlow-Cust, 3rd Earl Brownlow",6694,1,6,1,parent,parent;child;uncle/aunt;niece/nephew;cousin;indirect,HoC,1,panel;rush,"Henry Cockayne-Cust;Harry Cust;Charles Chetwynd-Talbot, 19th Earl of Shrewsbury;Charles Cust;John Egerton, Viscount Alford;Henry Chetwynd-Talbot, 18th Earl of Shrewsbury"
Q4683988,Alfred Bossom,3266,1,1,0,parent,parent;child,HoC,1,panel;rush,Clive Bossom
Q4684458,Adolphus Dalrymple,6697,1,3,1,indirect,indirect,HoC,1,rush,"Hew Hamilton Dalrymple;John Dalrymple, 10th Earl of Stair;John Dalrymple, 8th Earl of Stair"
Q4684460,Adolphus Drucker,1513,0,0,0,,,,0,,
Q4684484,Adolphus William Young,1105,1,1,0,child,child,HoC,0,rush,Oliver Young
Q4685018,Adrian Flook,4344,0,0,0,,,,0,,
Q4685235,Adrian Moreing,5109,1,1,0,sibling,sibling,HoC,0,rush,Algernon Moreing
Q4685934,"Sir Robert Peel, 3rd Baronet",2741,1,9,1,child,child;sibling;uncle/aunt;niece/nephew,HoC,1,panel,"Robert Peel;Edmund Peel;William Peel, 1st Earl Peel;Jonathan Peel;Arthur Peel;Arthur George Villiers Peel;Frederick Peel;William Yates Peel;Sidney Peel"
Q4687779,Aeneas John McIntyre,2535,0,0,0,,,,0,,
Q4687780,Aeneas William Mackintosh,2538,0,0,0,,,,0,,
Q4693048,Agnes Hardie,7700,1,1,0,spouse,spouse,HoC,0,rush,George Hardie
Q4696679,Aidan Crawley,3622,0,0,0,,,,1,,
Q4697105,"Ailwyn Fellowes, 1st Baron Ailwyn",1868,1,3,1,parent,parent;child;sibling;uncle/aunt;niece/nephew,HoC,1,panel;rush,"Edward Fellowes, 1st Baron de Ramsey;Richard Fellowes Benyon;William Fellowes, 2nd Baron de Ramsey"
Q4702898,"George Hamilton-Gordon, 5th Earl of Aberdeen",4212,1,6,1,sibling,sibling;uncle/aunt;indirect,HoC,1,panel;rush,"William Gordon;Charles William Gordon;Arthur Hamilton-Gordon, 1st Baron Stanmore;Alexander Hamilton-Gordon;Douglas Proby;Lord Claud Hamilton"
Q4706067,Alan Amos,3020,0,0,0,,,,0,,
Q4706151,Alan Beaney,3132,0,0,0,,,,0,,
Q4706373,Alan Chorlton,3502,0,0,0,,,,0,,
Q4706447,Alan Crosland Graham,7702,0,0,0,,,,0,,
Q4706577,"Alan Egerton, 3rd Baron Egerton",1787,1,4,1,parent,parent;child;sibling;uncle/aunt;niece/nephew,HoC,1,panel;rush,"Edward Christopher Egerton;John Loftus, 3rd Marquess of Ely;Wilbraham Egerton, 1st Earl Egerton;William Egerton, 1st Baron Egerton"
Q4706627,Alan Fitch,3974,0,0,0,,,,0,,
Q4706670,Alan Dower,3773,1,1,0,sibling,sibling,HoC,1,rush,Eric Gandar Dower
Q4706683,Alan Garrett Anderson,6344,0,0,0,,,,1,,
Q4706719,Alan Glyn,8366,0,0,0,,,,0,,
Q4706732,Alan Gomme-Duncan,4125,0,0,0,,,,0,,
Q4706748,Alan Brown,8365,0,0,0,,,,0,,
Q4706760,Alan Green,8157,1,1,0,indirect,indirect,HoC,0,rush,"David Waddington, Baron Waddington"
Q4706889,Alan Hopkins,9205,0,0,0,,,,0,,
Q4706922,Alan Hurst,377,0,0,0,,,,0,,
Q4707031,Alan Keen,404,1,1,0,spouse,spouse,HoC,0,rush,Ann Keen
Q4707136,Alan Lee Williams,9405,0,0,0,,,,0,,
Q4707145,"Alan Lennox-Boyd, 1st Viscount Boyd of Merton",4701,1,2,1,parent,parent;child;indirect,HoC,1,panel;rush,"Mark Lennox-Boyd;Gwendolen Guinness, Countess of Iveagh"
Q4707294,Alan McKibbin,5012,0,0,0,,,,0,,
Q4707771,Alan Simpson,611,0,0,0,,,,0,,
Q4707833,"Alan Stewart, 10th Earl of Galloway",1663,0,0,0,,,,1,,
Q4707866,Alan Sykes,7703,0,0,0,,,,1,,
Q4707902,Alan Thompson,8364,0,0,0,,,,0,,
Q4707920,Alan Todd,9143,0,0,0,,,,0,,
Q4708112,Alan Wynne Williams,708,0,0,0,,,,0,,
Q4708434,Alasdair Mackenzie,4847,0,0,0,,,,0,,
Q4709004,"Alban Gibbs, 2nd Baron Aldenham",2062,1,2,1,parent,parent;child;sibling,HoC,1,panel;rush,"Hucks Gibbs, 1st Baron Aldenham;Vicary Gibbs"
Q4709658,Albert Atkey,3063,0,0,0,,,,0,,
Q4709716,Albert Bechervaise,3141,0,0,0,,,,0,,
Q4709731,Albert Bellamy,3152,0,0,0,,,,0,,
Q4709749,Albert Bethel,3179,0,0,0,,,,0,,
Q4709786,Albert Braithwaite,3318,0,0,0,,,,0,,
Q4709792,Albert Brassey,1930,1,4,1,parent,parent;child;sibling;uncle/aunt,HoC,1,panel;rush,"Henry Brassey, 1st Baron Brassey of Apethorpe;Thomas Brassey, 1st Earl Brassey;Henry Brassey;Robert Brassey"
Q4709830,Albert Buckley,7704,0,0,0,,,,0,,
Q4709940,Albert Clifford Williams,8372,0,0,0,,,,0,,
Q4709969,Albert Cooper,9209,0,0,0,,,,0,,
Q4709978,Albert Costain,3604,0,0,0,,,,0,,
Q4710014,Albert Davies,8375,0,0,0,,,,0,,
Q4710027,"Albert Denison, 1st Baron Londesborough",6672,1,2,1,parent,parent;child;niece/nephew,HoC,1,panel;rush,"Lord Francis Conyngham;William Denison, 1st Earl of Londesborough"
Q4710053,Albert Dunn,7481,0,0,0,,,,0,,
Q4710103,Albert Edward Martin,7709,0,0,0,,,,0,,
Q4710153,Albert Ernest Hillary,4363,0,0,0,,,,0,,
Q4710165,Albert Evans,8369,0,0,0,,,,0,,
Q4710329,Albert Goodman,4129,0,0,0,,,,0,,
Q4710348,Albert Grant,1715,0,0,0,,,,0,,
Q4710352,Albert Green,6611,0,0,0,,,,0,,
Q4710423,Albert Harland,7708,1,2,1,sibling,sibling;indirect,HoC,0,rush,Edward Harland;Henry Peirson Harland
Q4710474,"Albert Hilton, Baron Hilton of Upton",4371,0,0,0,,,,1,,
Q4710516,Albert Hunter,8373,0,0,0,,,,0,,
Q4710526,"Albert Illingworth, 1st Baron Illingworth",7711,1,2,1,sibling,sibling;grandparent,HoC,1,panel;rush,"Sir Isaac Holden, 1st Baronet;Percy Illingworth"
Q4710823,Albert McQuarrie,5027,0,0,0,,,,0,,
Q4710883,"Albert Murray, Baron Murray of Gravesend",8376,0,0,0,,,,1,,
Q4710927,"Albert Oram, Baron Oram",5286,0,0,0,,,,1,,
Q4710997,Albert Pell,2743,1,1,0,indirect,indirect,HoC,0,rush,"Sir Henry Halford, 2nd Baronet"
Q4711120,Albert Roberts,8370,0,0,0,,,,0,,
Q4711130,Albert Rollit,1913,0,0,0,,,,1,,
Q4711150,"Albert Russell, Lord Russell",7706,0,0,0,,,,0,,
Q4711227,Albert Smith,7705,0,0,0,,,,0,,
Q4711270,Albert Stanley,7545,0,0,0,,,,0,,
Q4712545,Albion Richardson,7714,0,0,0,,,,0,,
Q4714076,Alec Beechman,3146,0,0,0,,,,0,,
Q4714129,Alec Glassey,4106,0,0,0,,,,0,,
Q4714181,Alec Jones,8923,0,0,0,,,,0,,
Q4714288,Alec Woodall,6389,0,0,0,,,,0,,
Q4714339,Aled Owen Roberts,7715,0,0,0,,,,0,,
Q4716943,Alex Eadie,3835,0,0,0,,,,0,,
Q4717037,Alex Garrow,4068,0,0,0,,,,0,,
Q4717136,Alex Hargreaves,4256,0,0,0,,,,0,,
Q4717400,Alex Lyon,4805,1,1,0,spouse,spouse,HoC,0,rush,Clare Short
Q4718214,Alexander Anderson,6390,0,0,0,,,,0,,
Q4718264,Alexander Asher,2004,0,0,0,,,,1,,
Q4718301,Alexander Bannerman,3096,0,0,0,,,,1,,
Q4718311,"Alexander Baring, 4th Baron Ashburton",6534,1,4,1,parent,parent;child;grandparent;grandchild;uncle/aunt;niece/nephew,HoC,1,panel;rush,"Bingham Baring, 2nd Baron Ashburton;Francis Baring, 3rd Baron Ashburton;Guy Baring;Alexander Baring, 1st Baron Ashburton"
Q4718383,Alexander Blane,1232,0,0,0,,,,0,,
Q4718402,Alexander Boulton,3270,0,0,0,,,,0,,
Q4718428,Alexander Brogden,1274,0,0,0,,,,0,,
Q4718441,Alexander Browne,7721,0,0,0,,,,0,,
Q4718571,Alexander Charles Barclay,1164,1,1,0,parent,parent;child,HoC,0,panel;rush,David Barclay
Q4718573,Alexander Charles Farquharson,7720,0,0,0,,,,0,,
Q4718615,Alexander Sheriff,850,0,0,0,,,,0,,
Q4718620,Alexander Colquhoun-Stirling-Murray-Dunlop,3816,0,0,0,,,,1,,
Q4718644,Alexander Craig Sellar,835,0,0,0,,,,0,,
Q4718655,Alexander Critchley,7717,0,0,0,,,,0,,
Q4718661,Alexander Cross,2918,0,0,0,,,,1,,
Q4718665,Alexander Crum,1431,0,0,0,,,,0,,
Q4718845,Alexander Findlay,3965,0,0,0,,,,0,,
Q4718909,"Alexander Fuller-Acland-Hood, 1st Baron St Audries",26,1,2,1,parent,parent;child;grandparent;grandchild,HoC,1,panel;rush,"Sir Alexander Fuller-Acland-Hood, 3rd Baronet;Sir Alexander Hood, 2nd Baronet"
Q4718935,Alexander Dickson,1490,0,0,0,,,,0,,
Q4718984,Alexander Gordon Cameron,7722,0,0,0,,,,0,,
Q4719043,Alexander Haldane Oswald,7086,1,2,1,parent,parent;uncle/aunt,HoC,1,rush,James Oswald;Richard Alexander Oswald
Q4719056,Alexander Hamilton-Gordon,1699,1,4,1,sibling,sibling;uncle/aunt,HoC,1,panel;rush,"Arthur Hamilton-Gordon, 1st Baron Stanmore;George Hamilton-Gordon, 5th Earl of Aberdeen;Douglas Proby;Lord Claud Hamilton"
Q4719107,Alexander Haycock,4295,0,0,0,,,,0,,
Q4719112,"Alexander Henderson, 1st Baron Faringdon",7659,1,1,0,parent,parent,HoC,1,panel,Harold Henderson
Q4719121,Alexander Henry Ross,782,1,1,0,parent,parent,HoC,1,rush,Charles Ross
Q4719258,Alexander Johnston,6939,0,0,0,,,,0,,
Q4719347,Alexander Laing Brown,1279,0,0,0,,,,0,,
Q4719425,Alexander Livingstone,7724,0,0,0,,,,0,,
Q4719446,Alexander Lyle-Samuel,4795,0,0,0,,,,0,,
Q4719485,Alexander MacPherson Fletcher,8379,0,0,0,,,,0,,
Q4719491,Alexander Macdonald,2519,0,0,0,,,,0,,
Q4719558,Alexander Martin Sullivan,913,1,1,0,sibling,sibling,HoC,1,panel,Timothy Daniel Sullivan
Q4719574,Alexander McArthur,2508,1,2,1,child,child;sibling,HoC,0,rush,William McArthur;William McArthur
Q4719575,Alexander McCabe,4830,0,0,0,,,,0,,
Q4719709,Alexander Munro MacRobert,4881,0,0,0,,,,0,,
Q4719716,"Alexander Murray, 1st Baron Murray of Elibank",7590,1,2,1,sibling,sibling,HoC,1,panel;rush,"Arthur Murray, 3rd Viscount Elibank;Gideon Oliphant-Murray, 2nd Viscount Elibank"
Q4719829,Alexander Perceval,7118,0,0,0,,,,1,,
Q4719862,Alexander Pollock,9329,0,0,0,,,,0,,
Q4719885,Alexander Pringle,5456,0,0,0,,,,0,,
Q4719888,Alexander Provand,2795,0,0,0,,,,0,,
Q4719906,Alexander Ramsay-Gibson-Maitland,1677,0,0,0,,,,1,,
Q4719918,Alexander Raphael,5508,0,0,0,,,,0,,
Q4720072,"Alexander Shaw, 2nd Baron Craigmyle",7718,1,1,0,parent,parent;child,HoC,1,panel;rush,"Thomas Shaw, 1st Baron Craigmyle"
Q4720101,Alexander Sloan,5773,0,0,0,,,,0,,
Q4720125,Alexander Spearman,5814,0,0,0,,,,1,,
Q4720126,Alexander Speirs,7231,1,2,1,child,child;cousin,HoC,0,panel;rush,Alexander Speirs;Archibald Alexander Speirs
Q4720175,Alexander Struthers Finlay,3969,0,0,0,,,,0,,
Q4720207,Alexander Theodore Gordon,7725,0,0,0,,,,0,,
Q4720275,"Alexander Ure, 1st Baron Strathclyde",2916,0,0,0,,,,1,,
Q4720318,"Alexander Walkden, 1st Baron Walkden",6118,0,0,0,,,,0,,
Q4720365,Alexander Wilkie,6206,0,0,0,,,,0,,
Q4720370,Alexander William Black,3223,0,0,0,,,,0,,
Q4720374,Alexander William Hall,1756,0,0,0,,,,1,,
Q4720394,Alexander Wilson,8378,0,0,0,,,,0,,
Q4720428,Alexander Wylie,2002,0,0,0,,,,0,,
Q4722245,Alfred Arnold,1131,0,0,0,,,,0,,
Q4722276,Alfred Bakewell Howitt,4440,0,0,0,,,,1,,
Q4722280,Alfred Baldwin,2110,1,2,1,parent,parent;child;grandparent;grandchild,HoC,1,panel;rush,"Stanley Baldwin;Oliver Baldwin, 2nd Earl Baldwin of Bewdley"
Q4722281,Alfred Baldwin Raper,5506,0,0,0,,,,1,,
Q4722284,Alfred Balfour,8384,0,0,0,,,,0,,
Q4722295,Alfred Barnes,1170,0,0,0,,,,1,,
Q4722296,Alfred Barnes,8385,0,0,0,,,,0,,
Q4722302,Alfred Bates,8381,0,0,0,,,,0,,
Q4722347,Alfred Bonwick,3257,0,0,0,,,,0,,
Q4722348,Alfred Booth,8380,0,0,0,,,,0,,
Q4722394,Alfred Butt,7729,0,0,0,,,,1,,
Q4722446,Alfred Chotzner,3503,0,0,0,,,,0,,
Q4722496,Alfred Critchley,3629,0,0,0,,,,0,,
Q4722522,Alfred Davies,7728,0,0,0,,,,0,,
Q4722534,Alfred Denville,3728,0,0,0,,,,0,,
Q4722607,Alfred Hutton,2113,0,0,0,,,,0,,
Q4722619,Alfred Edwards,8383,0,0,0,,,,0,,
Q4722620,Alfred Egerton,1542,1,6,1,parent,parent;child;grandparent;grandchild;uncle/aunt;niece/nephew;indirect,HoC,1,panel;rush,"Francis Egerton, 1st Earl of Ellesmere;Sir Philip Grey Egerton, 10th Baronet;Algernon Egerton;Francis Egerton;George Egerton, 2nd Earl of Ellesmere;William Egerton, 1st Baron Egerton"
Q4722637,"Alfred Emmott, 1st Baron Emmott",3880,0,0,0,,,,1,,
Q4722646,Alfred Ernest Newbould,5197,0,0,0,,,,0,,
Q4722654,Alfred Evans,8386,0,0,0,,,,0,,
Q4722710,Alfred Gathorne-Hardy,1667,1,4,1,parent,parent;child;sibling;grandchild;niece/nephew,HoC,1,panel;rush,"John Gathorne-Hardy, 2nd Earl of Cranbrook;Gathorne Gathorne-Hardy, 1st Earl of Cranbrook;John Hardy;Sir John Hardy, 1st Baronet"
Q4722714,Alfred Gelder,4081,0,0,0,,,,0,,
Q4722730,Alfred Giles,1679,1,1,0,parent,parent;child,HoC,1,panel;rush,Charles Tyrrell Giles
Q4722785,Alfred Hall-Davis,4227,0,0,0,,,,0,,
Q4722807,Alfred Hazel,4303,0,0,0,,,,0,,
Q4722826,Alfred Henry Gill,7407,0,0,0,,,,0,,
Q4722831,Alfred Henry Scott,7507,0,0,0,,,,0,,
Q4722871,Alfred Holland,6840,0,0,0,,,,0,,
Q4722882,Alfred Hopkinson,2307,1,1,0,child,child,HoC,0,rush,Austin Hopkinson
Q4722909,Alfred Illingworth,2339,1,1,0,indirect,indirect,HoC,1,rush,"Sir Isaac Holden, 1st Baronet"
Q4722954,Alfred Jephcott,4511,0,0,0,,,,0,,
Q4722970,Alfred John Stanton,902,0,0,0,,,,0,,
Q4723038,Alfred Lafone,2414,0,0,0,,,,0,,
Q4723048,Alfred Law,7732,0,0,0,,,,0,,
Q4723125,Alfred Marten,2575,0,0,0,,,,0,,
Q4723243,Alfred Onions,5283,0,0,0,,,,0,,
Q4723284,Alfred Percy Allsopp,1109,1,3,1,parent,parent;child;sibling,HoC,1,panel;rush,"George Allsopp;Henry Allsopp, 1st Baron Hindlip;Samuel Allsopp, 2nd Baron Hindlip"
Q4723394,Alfred Salter,9144,0,0,0,,,,0,,
Q4723417,Alfred Seale Haslam,4277,0,0,0,,,,0,,
Q4723426,Alfred Seymour,7196,1,1,0,sibling,sibling,HoC,1,panel;rush,Henry Danby Seymour
Q4723435,Alfred Short,9145,0,0,0,,,,0,,
Q4723464,Alfred Hamersley,4236,0,0,0,,,,1,,
Q4723516,"Alfred Thomas, 1st Baron Pontypridd",2129,0,0,0,,,,1,,
Q4723532,Alfred Todd,9148,0,0,0,,,,0,,
Q4723580,Alfred Waldron Smithers,5781,1,1,0,parent,parent,HoC,0,panel,Waldron Smithers
Q4723594,Alfred Waterson,9147,0,0,0,,,,0,,
Q4723601,Alfred Webb,1007,0,0,0,,,,0,,
Q4723638,Alfred William Yeo,6345,0,0,0,,,,0,,
Q4723682,Alfred du Cros,3785,1,2,1,parent,parent;sibling,HoC,0,rush,"Harvey du Cros;Sir Arthur du Cros, 1st Baronet"
Q4724136,"Algernon Borthwick, 1st Baron Glenesk",1246,1,1,0,parent,parent;child,HoC,1,panel;rush,Peter Borthwick
Q4724140,Algernon Egerton,1543,1,4,1,parent,parent;child;sibling;uncle/aunt;niece/nephew,HoC,1,panel;rush,"Francis Egerton, 1st Earl of Ellesmere;Alfred Egerton;Francis Egerton;George Egerton, 2nd Earl of Ellesmere"
Q4724146,"Algernon Greville, 2nd Baron Greville",1736,1,4,1,parent,parent;child;sibling,HoC,1,panel;rush,"Reginald Greville-Nugent;George Greville-Nugent;Fulke Greville-Nugent, 1st Baron Greville;Ronald Greville"
Q4724165,Algernon Moreing,5108,1,1,0,sibling,sibling,HoC,0,rush,Adrian Moreing
Q4724183,Algernon Tollemache,971,1,1,0,sibling,sibling,HoC,1,panel;rush,Frederick Tollemache
Q4725734,"Alice Bacon, Baroness Bacon",3078,0,0,0,,,,1,,
Q4725802,Alice Cullen,3655,0,0,0,,,,0,,
Q4725980,Alice Mahon,460,0,0,0,,,,0,,
Q4727301,Alistair Macdonald,8388,0,0,0,,,,0,,
Q4730524,Allan Chapman,7737,0,0,0,,,,0,,
Q4730689,Allan Heywood Bright,7439,0,0,0,,,,0,,
Q4730811,Allan Macgregor Smith,9455,0,0,0,,,,0,,
Q4730888,Allan Noble,8389,0,0,0,,,,0,,
Q4730942,Allan Roberts,2956,0,0,0,,,,0,,
Q4730947,Allan Rogers,581,0,0,0,,,,0,,
Q4730988,Allan Stewart,9332,0,0,0,,,,0,,
Q4731502,Allen Adams,37,1,1,0,spouse,spouse,HoC,1,rush,"Irene Adams, Baroness Adams of Craigielea"
Q4731527,"Allen Bathurst, 6th Earl Bathurst",1186,1,3,1,parent,parent;child;grandchild;uncle/aunt,HoC,1,panel;rush,"Allen Bathurst, Lord Apsley;Benjamin Bathurst;Henry Bathurst, 4th Earl Bathurst"
Q4731531,"Allen Bathurst, Lord Apsley",3032,1,4,1,spouse,spouse;grandparent;uncle/aunt;indirect,HoC,1,rush,"Allen Bathurst, 6th Earl Bathurst;Benjamin Bathurst;Henry Bathurst, 4th Earl Bathurst;Violet Bathurst, Lady Apsley"
Q4731774,Allen McKay,5008,0,0,0,,,,0,,
Q4733782,"Almeric Paget, 1st Baron Queenborough",7519,1,5,1,child,child;niece/nephew,HoC,1,panel,"Lord George Paget;Henry Paget, 2nd Marquess of Anglesey;Lord Alfred Paget;Clarence Paget;William Paget"
Q4735305,Alpheus Morton,2878,0,0,0,,,,0,,
Q4756202,"Andrew Anderson, Lord Anderson",6331,0,0,0,,,,0,,
Q4756224,Andrew Armstrong,6299,0,0,0,,,,1,,
Q4756329,Andrew Bennett,120,0,0,0,,,,0,,
Q4756396,Andrew Bowden,3278,0,0,0,,,,0,,
Q4756614,Andrew Clarke,7739,0,0,0,,,,0,,
Q4756921,Andrew Fairbairn,1581,0,0,0,,,,1,,
Q4756941,Andrew Faulds,3934,0,0,0,,,,0,,
Q4757069,Andrew Gault,4074,0,0,0,,,,0,,
Q4757094,Andrew Gilzean,4098,0,0,0,,,,0,,
Q4757154,Andrew Grant,1716,0,0,0,,,,0,,
Q4757231,Andrew Hargreaves,4258,0,0,0,,,,0,,
Q4757371,Andrew Hunter,376,0,0,0,,,,0,,
Q4757522,Andrew Johnston,2366,1,1,0,parent,parent;child,HoC,1,panel;rush,Andrew Johnston
Q4757523,Andrew Johnston,6457,1,2,1,parent,parent;child;indirect,HoC,1,panel;rush,"Andrew Johnston;Sir Thomas Buxton, 1st Baronet"
Q4757739,Andrew Leith Hay,6880,0,0,0,,,,1,,
Q4757810,Andrew Lusk,2503,0,0,0,,,,0,,
Q4757838,Andrew MacKay,452,1,1,0,spouse,spouse,HoC,0,rush,Julie Kirkbride
Q4757839,Andrew MacKinlay,453,0,0,0,,,,0,,
Q4757841,Andrew MacLaren,4854,0,0,0,,,,0,,
Q4757941,Andrew McElwee,4993,0,0,0,,,,0,,
Q4757981,Andrew McMahon,9322,0,0,0,,,,0,,
Q4758045,Andrew Mitchell Torrance,6010,0,0,0,,,,0,,
Q4758237,Andrew Pelling,9489,0,0,0,,,,0,,
Q4758353,Andrew Rae Duncan,8390,0,0,0,,,,0,,
Q4758441,Andrew Rowe,586,0,0,0,,,,0,,
Q4758462,"Andrew Rutherfurd, Lord Rutherfurd",7183,0,0,0,,,,0,,
Q4758924,Andrew William Barton,7740,0,0,0,,,,0,,
Q4758994,Andrew Young,6346,0,0,0,,,,0,,
Q4760898,Andy King,415,0,0,0,,,,0,,
Q4761018,Andy McDonald,10074,0,0,0,,,,0,,
Q4761216,Andy Reed,572,0,0,0,,,,0,,
Q4761286,Andy Sawford,10146,1,1,0,parent,parent,HoC,0,rush,Phil Sawford
Q4761765,Aneurin Williams,7741,1,1,0,sibling,sibling,HoC,0,panel,Penry Williams
Q4762477,Angela Knight,9387,0,0,0,,,,0,,
Q4762543,Angela Rumbold,3961,0,0,0,,,,0,,
Q4764135,"Angus Holden, 1st Baron Holden",2289,1,1,0,parent,parent;child,HoC,1,panel;rush,"Sir Isaac Holden, 1st Baronet"
Q4764189,Angus McDonnell,7742,1,1,0,indirect,indirect,HoC,1,rush,Irving Albery
Q4764258,Angus Sutherland,917,0,0,0,,,,0,,
Q4764262,Angus Hambro,7743,1,2,1,sibling,sibling;indirect,HoC,1,panel;rush,Charles Hambro;Charles J. T. Hambro
Q4766346,Ann Cryer,222,1,2,1,parent,parent;child;spouse,HoC,0,panel;rush,John Cryer;Bob Cryer
Q4766483,Ann Keen,405,1,1,0,spouse,spouse,HoC,0,rush,Alan Keen
Q4767335,Anna McCurley,4990,0,0,0,,,,0,,
Q4768207,Anne Campbell,170,0,0,0,,,,0,,
Q4768503,Anne Kerr,4580,1,1,0,spouse,spouse,HoC,0,rush,Russell Kerr
Q4768656,Anne Moffat,5489,0,0,0,,,,0,,
Q4768805,Anne Snelgrove,9565,0,0,0,,,,0,,
Q4769027,Annesley Somerville,5800,0,0,0,,,,0,,
Q4772029,"Anthony Ashley-Cooper, 8th Earl of Shaftesbury",6303,1,5,1,parent,parent;child;sibling;uncle/aunt;niece/nephew,HoC,1,panel;rush,"Evelyn Ashley;Wilfrid Ashley, 1st Baron Mount Temple;Anthony Henry Ashley-Cooper;Anthony John Ashley-Cooper;Anthony Ashley-Cooper, 7th Earl of Shaftesbury"
Q4772112,Anthony Berry,9062,1,1,0,sibling,sibling,HoC,1,panel;rush,"Lionel Berry, 2nd Viscount Kemsley"
Q4772142,Anthony Bourne-Arton,3271,0,0,0,,,,0,,
Q4772161,Anthony Browne,10174,0,0,0,,,,1,,
Q4772318,Anthony Courtney,8393,0,0,0,,,,0,,
Q4772339,Anthony Crossley,7744,0,0,0,,,,1,,
Q4772411,Anthony Donelan,2148,0,0,0,,,,0,,
Q4772490,Anthony Favell,3935,0,0,0,,,,0,,
Q4772495,Anthony Fell,3940,1,1,0,grandparent,grandparent,HoC,0,rush,Arthur Fell
Q4772561,Anthony Gadie,4047,0,0,0,,,,0,,
Q4772614,Anthony Grant,8682,0,0,0,,,,0,,
Q4772683,Anthony Hawke,4291,0,0,0,,,,0,,
Q4772694,"Anthony Henley, 3rd Baron Henley",2253,1,1,0,indirect,indirect,HoC,1,rush,J. W. Henley
Q4772767,"Anthony Hurd, Baron Hurd",4458,1,3,1,parent,parent;child;grandparent;grandchild,HoC,1,panel;rush,Douglas Hurd;Nick Hurd;Percy Hurd
Q4772933,Anthony Lefroy,2445,1,1,0,parent,parent;child,HoC,1,panel;rush,Thomas Langlois Lefroy
Q4773012,Anthony Marlowe,4934,0,0,0,,,,1,,
Q4773152,Anthony Muirhead,5143,0,0,0,,,,0,,
Q4773154,Anthony Mulvey,5151,0,0,0,,,,0,,
Q4773176,Anthony Nelson,9283,0,0,0,,,,0,,
Q4773385,"Anthony Royle, Baron Fanshawe of Richmond",5630,0,0,0,,,,1,,
Q4773519,Anthony Steen,635,0,0,0,,,,0,,
Q4773528,"Anthony Stodart, Baron Stodart of Leaston",5881,0,0,0,,,,1,,
Q4773597,"Anthony Trafford, Baron Trafford",6024,0,0,0,,,,1,,
Q477464,Barry Sheerman,605,0,0,0,,,,0,,
Q4775602,Antoinette Sandbach,9812,0,0,0,,,,1,,
Q477587,"Douglas Clifton Brown, 1st Viscount Ruffside",3525,1,5,1,child,child;sibling;niece/nephew;indirect,HoC,1,panel;rush,"James Clifton Brown;Geoffrey Clifton-Brown;Geoffrey Clifton-Brown;Howard Clifton Brown;Sir Alexander Brown, 1st Baronet"
Q4777192,Antony Buck,9278,0,0,0,,,,0,,
Q4777193,"Antony Bulwer-Lytton, Viscount Knebworth",4618,0,0,0,,,,1,,
Q4777204,Antony Gardner,8392,0,0,0,,,,0,,
Q4777232,Antony Marlow,4933,0,0,0,,,,0,,
Q4777250,Antony Speller,5819,0,0,0,,,,0,,
Q478161,Matt Hancock,9748,0,0,0,,,,0,,
Q478189,Mike Hancock,333,0,0,0,,,,0,,
Q4782192,Apsley Pellatt,5351,0,0,0,,,,0,,
Q478227,Greg Hands,9512,0,0,0,,,,0,,
Q478248,David Hanson,334,0,0,0,,,,0,,
Q478276,Mark Harper,9505,0,0,0,,,,0,,
Q478291,Richard Harrington,9751,0,0,0,,,,0,,
Q478305,Rebecca Harris,9750,0,0,0,,,,0,,
Q478319,Tom Harris,4616,0,0,0,,,,0,,
Q478345,Simon Hart,9753,0,0,0,,,,0,,
Q478369,Nick Harvey,337,0,0,0,,,,0,,
Q478387,Virendra Sharma,9916,0,0,0,,,,0,,
Q478442,Alan Haselhurst,338,0,0,0,,,,1,,
Q478531,Alok Sharma,9853,0,0,0,,,,0,,
Q478565,Dai Havard,4645,0,0,0,,,,0,,
Q4785942,Archer Baldwin,8394,0,0,0,,,,0,,
Q478596,Grant Shapps,9573,0,0,0,,,,0,,
Q4786188,"Archibald Acheson, 3rd Earl of Gosford",17,0,0,0,,,,1,,
Q4786200,Archibald Alexander Speirs,887,1,2,1,parent,parent;indirect,HoC,1,rush,Alexander Speirs;Alexander Speirs
Q4786226,Archibald Boyd-Carpenter,3247,1,1,0,parent,parent;child,HoC,1,panel;rush,"John Boyd-Carpenter, Baron Boyd-Carpenter"
Q4786242,"Archibald Campbell, 1st Baron Blythswood",1320,0,0,0,,,,1,,
Q4786265,Archibald Church,9149,0,0,0,,,,0,,
Q4786274,"Archibald Corbett, 1st Baron Rowallan",2917,1,1,0,sibling,sibling,HoC,1,panel;rush,Thomas Lorimer Corbett
Q4786278,Archibald Cochrane,7747,1,3,1,parent,parent;child;grandparent;indirect,HoC,1,panel;rush,"Thomas Cochrane, 1st Baron Cochrane of Cults;Fiennes Cornwallis, 1st Baron Cornwallis;George Boyle, 6th Earl of Glasgow"
Q4786292,"Archibald Douglas, 8th Marquess of Queensberry",3780,0,0,0,,,,1,,
Q4786332,Archibald Gossling,4144,0,0,0,,,,0,,
Q4786342,Archibald Grove,2890,0,0,0,,,,0,,
Q4786374,Archibald James,7752,1,1,0,parent,parent;child,HoC,1,panel;rush,David James
Q4786482,"Archibald Primrose, Lord Dalmeny",3674,1,2,1,grandchild,grandchild;indirect,HoC,1,rush,"Philip Stanhope, 5th Earl Stanhope;Harry Primrose, 6th Earl of Rosebery"
Q4786520,"Archibald Sinclair, 1st Viscount Thurso",7750,1,1,0,grandchild,grandchild,HoC,1,rush,John Thurso
Q4786530,Archibald Stuart-Wortley,6261,1,3,1,uncle/aunt,uncle/aunt;cousin,HoC,1,panel;rush,"James Stuart-Wortley;John Gilbert Talbot;John Stuart-Wortley, 2nd Baron Wharncliffe"
Q4786548,Archibald White Maconochie,4874,0,0,0,,,,0,,
Q4786553,"Archibald Williamson, 1st Baron Forres",7746,1,2,1,parent,parent;child;indirect,HoC,1,panel;rush,"Farrer Herschell, 1st Baron Herschell;Stephen Williamson"
Q4786720,Archie Kirkman Loyd,2881,0,0,0,,,,1,,
Q4786730,Archie Macdonald,8395,0,0,0,,,,1,,
Q4786733,Archie Manuel,4922,0,0,0,,,,0,,
Q478686,John Hayes,340,0,0,0,,,,0,,
Q478702,Jim Shannon,9962,0,0,0,,,,0,,
Q478711,Oliver Heald,342,0,0,0,,,,0,,
Q478714,Andrew Selous,5851,0,0,0,,,,0,,
Q478738,Alison Seabeck,9542,0,0,0,,,,0,,
Q478812,Anas Sarwar,10134,1,1,0,parent,parent;child,HoC,0,panel;rush,Mohammad Sarwar
Q478832,Laura Sandys,9852,1,2,1,parent,parent;child;grandparent;grandchild,HoC,1,panel;rush,Duncan Sandys;George John Sandys
Q479047,Adrian Sanders,598,0,0,0,,,,0,,
Q479064,David Rutley,9851,0,0,0,,,,0,,
Q479081,Bob Russell,592,0,0,0,,,,0,,
Q479098,David Ruffley,591,0,0,0,,,,0,,
Q479115,Joan Ruddock,590,0,0,0,,,,0,,
Q479171,Amber Rudd,9850,0,0,0,,,,1,,
Q479188,Chris Ruane,589,0,0,0,,,,0,,
Q479213,Lindsay Roy,9918,0,0,0,,,,0,,
Q4793375,Ethel Bentham,3167,0,0,0,,,,0,,
Q4793562,Armine Wodehouse,6338,0,0,0,,,,1,,
Q4795065,"Arnold Gridley, 1st Baron Gridley",4175,0,0,0,,,,1,,
Q4795066,Arnold Gregory,8396,0,0,0,,,,0,,
Q4795125,"Arnold Keppel, 8th Earl of Albemarle",1303,1,2,1,parent,parent;child;grandparent;grandchild,HoC,1,panel;rush,"William Keppel, 7th Earl of Albemarle;George Keppel, 6th Earl of Albemarle"
Q4795155,Arnold Lupton,4785,0,0,0,,,,1,,
Q4795181,Arnold Morley,2632,1,2,1,parent,parent;child;sibling,HoC,1,panel;rush,Charles Morley;Samuel Morley
Q4795254,Arnold Shaw,8397,0,0,0,,,,0,,
Q4795265,Arnold Stephenson Rowntree,7511,0,0,0,,,,0,,
Q4795297,Arnold Ward,7551,0,0,0,,,,1,,
Q4795312,Arnold Williams,7753,0,0,0,,,,0,,
Q4795314,Arnold Wilson,7754,0,0,0,,,,0,,
Q4797779,Arthur Acland Allen,6334,1,1,0,sibling,sibling,HoC,0,rush,Charles Peter Allen
Q4797796,Arthur Alfred Lynch,4796,0,0,0,,,,0,,
Q4797799,Arthur Allen,6392,0,0,0,,,,0,,
Q4797826,"Arthur Annesley, 11th Viscount Valentia",2088,1,2,1,indirect,indirect,HoC,1,rush,"Hugh Annesley, 5th Earl Annesley;William Annesley, 4th Earl Annesley"
Q4797831,Arthur Anthony Baumann,1187,0,0,0,,,,0,,
Q4797842,Arthur Arnold,1132,0,0,0,,,,0,,
Q4797857,Arthur Atherley,3061,0,0,0,,,,1,,
Q4797999,Arthur Bignold,3202,1,1,0,parent,parent;child,HoC,0,panel;rush,Samuel Bignold
Q4798012,Arthur Black,3219,0,0,0,,,,0,,
Q4798028,Arthur Blennerhassett,6579,1,2,1,indirect,indirect,HoC,1,rush,"Rowland Blennerhassett;Sir Rowland Blennerhassett, 4th Baronet"
Q4798053,Arthur Bottomley,9214,0,0,0,,,,1,,
Q4798072,Arthur Brand,2903,1,3,1,parent,parent;child;sibling;uncle/aunt;niece/nephew,HoC,1,panel;rush,"Henry Brand, 2nd Viscount Hampden;Henry Brand, 1st Viscount Hampden;Thomas Trevor, 22nd Baron Dacre"
Q4798222,Arthur Cecil Caporn,3440,0,0,0,,,,0,,
Q4798224,"Arthur Champion, Baron Champion",3474,0,0,0,,,,1,,
Q4798239,Arthur Charles Innes,4482,0,0,0,,,,0,,
Q4798252,"Arthur Chichester, 1st Baron Templemore",,0,0,0,,,,1,,
Q4798265,"Arthur Churchman, 1st Baron Woodbridge",3506,0,0,0,,,,1,,
Q4798302,Arthur Colegate,3560,0,0,0,,,,1,,
Q4798304,Arthur Colefax,3559,0,0,0,,,,0,,
Q4798318,Arthur Comyns Carr,3576,0,0,0,,,,0,,
Q4798321,Arthur Reed,7758,0,0,0,,,,0,,
Q4798366,Arthur Creech Jones,8403,0,0,0,,,,0,,
Q4798416,Arthur Davidson,9212,0,0,0,,,,0,,
Q4798439,Arthur Dean,9154,0,0,0,,,,0,,
Q4798455,"Arthur Dewar, Lord Dewar",7463,1,2,1,sibling,sibling,HoC,1,panel;rush,"Thomas Dewar, 1st Baron Dewar;John Dewar, 1st Baron Forteviot"
Q4798507,Arthur Duckworth,3793,0,0,0,,,,1,,
Q4798519,Arthur Duncombe,6439,1,6,1,parent,parent;child;sibling;uncle/aunt;niece/nephew;cousin;indirect,HoC,1,panel;rush,"Hubert Duncombe;Arthur Duncombe;Octavius Duncombe;William Duncombe, 1st Earl of Feversham;William Duncombe, 2nd Baron Feversham;Thomas Slingsby Duncombe"
Q4798520,Arthur Duncombe,1522,1,5,1,parent,parent;child;uncle/aunt;niece/nephew;indirect,HoC,1,panel;rush,"Hubert Duncombe;Arthur Duncombe;Octavius Duncombe;William Duncombe, 1st Earl of Feversham;William Duncombe, 2nd Baron Feversham"
Q4798586,"Arthur Egerton, 3rd Earl of Wilton",4173,0,0,0,,,,1,,
Q4798589,Arthur Elliot,2043,1,2,1,parent,parent;child;sibling,HoC,1,panel;rush,"Hugh Elliot;William Elliot-Murray-Kynynmound, 3rd Earl of Minto"
Q4798626,Arthur Evans,7980,0,0,0,,,,0,,
Q4798680,Arthur Fell,3939,1,1,0,grandchild,grandchild,HoC,0,rush,Anthony Fell
Q4798717,Arthur Forwood,1634,0,0,0,,,,1,,
Q4798743,Arthur Frederick Jeffreys,1822,1,1,0,parent,parent;child,HoC,1,panel;rush,"George Jeffreys, 1st Baron Jeffreys"
Q4798751,"Arthur French, 1st Baron de Freyne",,1,1,0,sibling,sibling,HoC,1,panel,Fitzstephen French
Q4798804,Arthur George Villiers Peel,7615,1,6,1,child,child;sibling;grandchild;niece/nephew,HoC,1,panel,"Robert Peel;William Peel, 1st Earl Peel;Arthur Peel;Sir Robert Peel, 3rd Baronet;Frederick Peel;Sidney Peel"
Q4798898,Arthur Griffith-Boscawen,2180,0,0,0,,,,1,,
Q4798916,Arthur Guest,1748,1,2,1,parent,parent;child;sibling,HoC,1,panel;rush,John Josiah Guest;Montague Guest
Q4798969,Arthur Harbord,4251,0,0,0,,,,0,,
Q4798976,Arthur Harold Marshall,9151,0,0,0,,,,0,,
Q4798989,Arthur Haworth,6675,0,0,0,,,,1,,
Q4798993,Arthur Hayday,4296,0,0,0,,,,0,,
Q4798999,"Arthur Hayter, 1st Baron Haversham",2046,1,1,0,parent,parent;child,HoC,1,panel;rush,"Sir William Hayter, 1st Baronet"
Q4799005,Arthur Heath,7384,1,2,1,parent,parent;child;sibling,HoC,1,panel;rush,"Robert Heath;Sir James Heath, 1st Baronet"
Q4799010,"Arthur Henderson, Baron Rowley",8398,1,2,1,parent,parent;child;sibling,HoC,1,panel;rush,"Arthur Henderson;William Henderson, 1st Baron Henderson"
Q4799019,Arthur Heneage,7765,1,3,1,grandparent,grandparent;indirect,HoC,1,rush,"Edward Heneage, 1st Baron Heneage;Edward Heneage;George Heneage"
Q4799023,Arthur Henniker-Hughan,4335,0,0,0,,,,1,,
Q4799026,Arthur Henry Aylmer Morton,7583,0,0,0,,,,0,,
Q4799073,"Arthur Hill, 4th Marquess of Downshire",4368,1,6,1,parent,parent;child;sibling;grandparent;grandchild;uncle/aunt;indirect,HoC,1,panel;rush,"Arthur Hill;Arthur Moyses William Hill, 2nd Baron Sandys;Edwin Hill-Trevor, 1st Baron Trevor;Arthur Hill;Marcus Sandys, 3rd Baron Sandys;Thomas Taylour, Earl of Bective"
Q4799074,Arthur Hill,2153,1,5,1,parent,parent;child;grandparent;grandchild;indirect,HoC,1,panel;rush,"Arthur Hill, 4th Marquess of Downshire;Arthur Moyses William Hill, 2nd Baron Sandys;Edwin Hill-Trevor, 1st Baron Trevor;Arthur Hill;Marcus Sandys, 3rd Baron Sandys"
Q4799090,Arthur Hobhouse,7760,1,1,0,parent,parent;child,HoC,1,panel;rush,Henry Hobhouse
Q4799104,Arthur Holland,6867,0,0,0,,,,0,,
Q4799112,Arthur Holt,8404,0,0,0,,,,0,,
Q4799117,"Arthur Hood, 2nd Viscount Bridport",2304,1,1,0,uncle/aunt,uncle/aunt,HoC,1,rush,"Sir Alexander Hood, 2nd Baronet"
Q4799136,Arthur Howe Holdsworth,,0,0,0,,,,1,,
Q4799154,Arthur Humphreys-Owen,1994,0,0,0,,,,1,,
Q4799171,Arthur Irvine,4488,1,1,0,child,child,HoC,0,rush,Michael Irvine
Q4799244,Arthur Jared Palmer Howard,8405,1,1,0,parent,parent;sibling,HoC,1,panel;rush,"Donald Howard, 3rd Baron Strathcona and Mount Royal"
Q4799271,Arthur John Moore,2622,1,1,0,parent,parent,HoC,1,rush,Charles Moore
Q4799273,Arthur John Williams,1050,1,1,0,parent,parent,HoC,1,panel,Eliot Crawshay-Williams
Q4799291,Arthur Jones,8371,0,0,0,,,,0,,
Q4799364,"Arthur Kinnaird, 10th Lord Kinnaird",2397,0,0,0,,,,1,,
Q4799372,Arthur Kitching,2402,0,0,0,,,,0,,
Q4799452,Arthur Latham,8402,0,0,0,,,,0,,
Q4799475,"Arthur Lee, 1st Viscount Lee of Fareham",7599,0,0,0,,,,1,,
Q4799494,Arthur Leonard Bateman,3119,0,0,0,,,,0,,
Q4799504,Arthur Lever,7761,0,0,0,,,,1,,
Q4799516,Arthur Lewis,8408,0,0,0,,,,0,,
Q4799519,Arthur Lewis Shepherd,9152,0,0,0,,,,0,,
Q4799548,Arthur Loftus Tottenham,954,0,0,0,,,,1,,
Q4799552,Arthur Longbottom,4745,0,0,0,,,,0,,
Q4799561,A. L. H. Buchanan,7762,0,0,0,,,,1,,
Q4799573,Arthur Loyd,7768,0,0,0,,,,1,,
Q4799620,Arthur MacMorrough Kavanagh,2377,1,2,1,parent,parent;child,HoC,1,panel;rush,Thomas Kavanagh;Walter MacMurrough Kavanagh
Q4799648,Arthur Marsden,9211,0,0,0,,,,0,,
Q4799731,Arthur Mills,2605,0,0,0,,,,0,,
Q4799734,"Arthur Mills, 3rd Baron Hillingdon",7618,1,3,1,child,child;sibling;grandchild;indirect,HoC,1,panel;rush,"Charles Mills, 1st Baron Hillingdon;Charles Mills, 2nd Baron Hillingdon;Charles Thomas Mills"
Q4799741,Arthur Montagu Brookfield,1963,0,0,0,,,,0,,
Q4799743,Arthur Moody,5101,0,0,0,,,,0,,
Q4799782,"Arthur Moyle, Baron Moyle",5135,1,1,0,child,child,HoC,1,rush,Roland Moyle
Q4799783,"Arthur Moyses William Hill, 2nd Baron Sandys",6891,1,4,1,sibling,sibling;niece/nephew;indirect,HoC,1,panel;rush,"George Hill;Arthur Hill, 4th Marquess of Downshire;Arthur Hill;Marcus Sandys, 3rd Baron Sandys"
Q4799794,"Arthur Murray, 3rd Viscount Elibank",7757,1,2,1,sibling,sibling,HoC,1,panel;rush,"Alexander Murray, 1st Baron Murray of Elibank;Gideon Oliphant-Murray, 2nd Viscount Elibank"
Q4799815,Arthur Neal,5180,0,0,0,,,,0,,
Q4799855,Arthur O'Connor,2681,0,0,0,,,,0,,
Q4799859,Arthur O'Neill,7610,1,4,1,parent,parent;child;sibling;uncle/aunt;niece/nephew;indirect,HoC,1,panel;rush,"Hugh O'Neill, 1st Baron Rathcavan;Edward O'Neill, 2nd Baron O'Neill;Phelim O'Neill, 2nd Baron Rathcavan;Robert Torrens O'Neill"
Q4799907,Arthur Palmer,8406,0,0,0,,,,0,,
Q4799937,Arthur Pearson,8399,0,0,0,,,,0,,
Q4799939,Arthur Pease,2736,1,6,1,parent,parent;child;sibling;uncle/aunt;niece/nephew,HoC,1,panel;rush,"Henry Pease;Herbert Pease, 1st Baron Daryngton;Jack Pease, 1st Baron Gainford;Joseph Pease;Sir Alfred Pease, 2nd Baronet;Sir Joseph Pease, 1st Baronet"
Q4799988,"Arthur Plunkett, 9th Earl of Fingall",,0,0,0,,,,1,,
Q4800026,Arthur Priestley,7634,0,0,0,,,,0,,
Q4800031,Arthur Probert,5464,0,0,0,,,,0,,
Q4800081,Arthur Ratcliffe,5511,0,0,0,,,,0,,
Q4800089,Arthur Raymond Heath,2246,0,0,0,,,,1,,
Q4800116,Arthur Rhys Barrand,3111,0,0,0,,,,0,,
Q4800128,Arthur Richardson,7523,0,0,0,,,,0,,
Q4800218,Arthur Salter,9133,0,0,0,,,,0,,
Q4800220,"Arthur Salter, 1st Baron Salter",9069,0,0,0,,,,0,,
Q4800223,"Arthur Samuel, 1st Baron Mancroft",7763,0,0,0,,,,1,,
Q4800278,"Arthur Shirley Benn, 1st Baron Glenravel",7766,1,1,0,sibling,sibling,HoC,1,rush,Ion Hamilton Benn
Q4800297,Arthur Skeffington,5762,0,0,0,,,,0,,
Q4800306,"Arthur Smith-Barry, 1st Baron Barrymore",878,0,0,0,,,,1,,
Q480033,Frank Roy,588,0,0,0,,,,0,,
Q4800348,"Arthur Stanhope, 6th Earl Stanhope",9028,1,4,1,parent,parent;child;sibling;grandparent,HoC,1,panel;rush,"Philip Stanhope, 5th Earl Stanhope;Edward Stanhope;Philip Stanhope, 1st Baron Weardale;Sir Edward Kerrison, 1st Baronet"
Q4800349,Arthur Stanley,7622,1,7,1,child,child;sibling;grandchild;uncle/aunt;niece/nephew,HoC,1,panel,"Frederick Stanley, 16th Earl of Derby;Edward Smith-Stanley, 14th Earl of Derby;Edward Stanley, 15th Earl of Derby;Edward Stanley, 17th Earl of Derby;Oliver Stanley;Edward Stanley, Lord Stanley;George Stanley"
Q4800355,Arthur Stanley Wilson,7767,1,1,0,indirect,indirect,HoC,0,rush,"Sir Edmund Filmer, 9th Baronet"
Q4800369,Arthur Young,6393,0,0,0,,,,1,,
Q4800380,Arthur Strauss,1792,0,0,0,,,,0,,
Q4800386,"Arthur Stuart, 7th Earl Castle Stewart",3461,0,0,0,,,,1,,
Q4800411,Arthur Symonds,5942,0,0,0,,,,0,,
Q4800462,Arthur Thornhill,7280,1,1,0,grandparent,grandparent,HoC,0,rush,George Thornhill
Q4800468,Arthur Tiley,5993,0,0,0,,,,0,,
Q4800494,Arthur Tremayne,7291,1,3,1,sibling,sibling;uncle/aunt;indirect,HoC,0,rush,John Tremayne;Charles Lemon;John Salusbury-Trelawny
Q4800534,"Arthur Vere Harvey, Baron Harvey of Prestbury",8407,0,0,0,,,,1,,
Q4800546,Arthur Vivian,2853,1,6,1,parent,parent;child;sibling;uncle/aunt;niece/nephew;cousin,HoC,1,panel;rush,"Henry Vivian, 1st Baron Swansea;Hussey Vivian, 1st Baron Vivian;Charles Vivian, 2nd Baron Vivian;John Vivian;John Henry Vivian;Lewis Vivian Loyd"
Q4800605,"Arthur Walsh, 2nd Baron Ormathwaite",990,1,2,1,parent,parent;child,HoC,1,panel;rush,"Arthur Walsh, 3rd Baron Ormathwaite;John Walsh, 1st Baron Ormathwaite"
Q4800606,"Arthur Walsh, 3rd Baron Ormathwaite",991,1,2,1,parent,parent;child;grandparent;grandchild,HoC,1,panel;rush,"Arthur Walsh, 2nd Baron Ormathwaite;John Walsh, 1st Baron Ormathwaite"
Q4800616,Arthur Warren Samuels,5659,0,0,0,,,,0,,
Q4800641,Arthur Wellesley Soames,9134,0,0,0,,,,0,,
Q4800643,Arthur Wellesley Willey,6211,0,0,0,,,,0,,
Q4800673,Arthur William Buller,1294,1,1,0,sibling,sibling,HoC,1,panel;rush,Charles Buller
Q480068,Steve Rotheram,10133,0,0,0,,,,0,,
Q4800683,Arthur William Lyne,4802,0,0,0,,,,0,,
Q4800717,Arthur Winterbotham,1078,1,1,0,sibling,sibling,HoC,0,rush,Henry Winterbotham
Q4800743,Arthur Woodburn,6242,0,0,0,,,,0,,
Q480092,Andrew Rosindell,5740,0,0,0,,,,0,,
Q480110,Dan Rogerson,9488,0,0,0,,,,0,,
Q480132,Geoffrey Robinson,577,0,0,0,,,,0,,
Q480148,Laurence Robertson,576,0,0,0,,,,0,,
Q480150,John Robertson,2982,0,0,0,,,,0,,
Q480170,Hugh Robertson,5667,0,0,0,,,,0,,
Q480184,Angus Robertson,5729,0,0,0,,,,0,,
Q4805372,Ashley Bramall,2975,0,0,0,,,,1,,
Q4805554,Ashley Ponsonby,5430,1,3,1,child,child;sibling;niece/nephew,HoC,1,panel,"Charles Ponsonby, 2nd Baron de Mauley;John Ponsonby, 4th Earl of Bessborough;William Ponsonby, 1st Baron de Mauley"
Q4805749,Ashok Kumar,421,0,0,0,,,,0,,
Q4806083,Ashton Wentworth Dilke,1494,1,2,1,parent,parent;child;sibling;indirect,HoC,1,panel;rush,"Sir Charles Dilke, 2nd Baronet;Sir Wentworth Dilke, 1st Baronet"
Q4808825,Assheton Pownall,5446,0,0,0,,,,0,,
Q4813343,Athelstan Rendall,5549,0,0,0,,,,0,,
Q4816857,"Reg Prentice, Baron Prentice",9281,0,0,0,,,,1,,
Q4819126,Aubrey Herbert,7770,1,1,0,indirect,indirect,HoC,1,rush,Auberon Herbert
Q4819135,Aubrey Jones,8409,0,0,0,,,,0,,
Q4820193,Audrey Wise,4,0,0,0,,,,0,,
Q4821210,Augustine Roche,7508,0,0,0,,,,0,,
Q4821369,Augustus Anson,1120,1,3,1,sibling,sibling;uncle/aunt;great-uncle/aunt,HoC,1,panel;rush,"George Anson;George Anson;Thomas Anson, 2nd Earl of Lichfield"
Q4821373,Augustus Arkwright,1126,0,0,0,,,,0,,
Q4821399,,,1,1,0,parent,parent,HoC,1,panel,"Sir Charles Clifford, 4th Baronet"
Q4821428,Augustus Frederick Warr,1890,0,0,0,,,,1,,
Q4821444,Augustus Henry Eden Allhusen,3003,0,0,0,,,,1,,
Q4821488,Augustus Macdonald,9040,1,3,1,sibling,sibling;uncle/aunt;niece/nephew;indirect,HoC,1,panel;rush,"Henry Reynolds-Moreton, 2nd Earl of Ducie;Henry Reynolds-Moreton, 3rd Earl of Ducie;Henry Reynolds-Moreton, Lord Moreton"
Q4821544,Augustus Stafford,9047,0,0,0,,,,0,,
Q4822231,Aurelian Ridsdale,5577,1,1,0,niece/nephew,niece/nephew,HoC,0,rush,Julian Ridsdale
Q4822853,Austen Albu,2992,0,0,0,,,,0,,
Q4822860,Austen Hudson,8935,0,0,0,,,,0,,
Q4823133,Austin Hopkinson,7771,1,1,0,parent,parent,HoC,0,rush,Alfred Hopkinson
Q4823309,Austin Taylor,7543,0,0,0,,,,0,,
Q4855796,Banister Fletcher,1614,0,0,0,,,,0,,
Q48574249,Samuel Carter,,0,0,0,,,,0,,
Q4858727,Barbara Ayrton-Gould,9217,0,0,0,,,,0,,
Q4859256,Barbara Roche,579,0,0,0,,,,0,,
Q4861610,Barnet Kenyon,7773,0,0,0,,,,0,,
Q4861635,Barnett Janner,4503,1,1,0,parent,parent;child,HoC,1,panel;rush,"Greville Janner, Baron Janner of Braunstone"
Q4864222,Barry Field,9373,0,0,0,,,,0,,
Q4864299,Barry Henderson,9318,0,0,0,,,,0,,
Q4864413,Barry Legg,4684,0,0,0,,,,0,,
Q4864486,Barry McElduff,10068,0,0,0,,,,0,,
Q4864615,Barry Porter,2940,0,0,0,,,,0,,
Q4865349,Bartle Brennen Bull,3385,0,0,0,,,,0,,
Q4867100,John Peto,5379,1,3,1,child,child;sibling;grandchild,HoC,1,panel,"Samuel Morton Peto;Basil Peto;Sir Christopher Peto, 3rd Baronet"
Q4867108,Basil Barton,7774,0,0,0,,,,0,,
Q4867231,Basil Neven-Spence,5195,0,0,0,,,,0,,
Q4867233,Basil Nield,5214,0,0,0,,,,0,,
Q4867241,Basil Peto,5377,1,3,1,parent,parent;child,HoC,1,panel,"Samuel Morton Peto;John Peto;Sir Christopher Peto, 3rd Baronet"
Q4867287,Basil de Ferranti,3694,0,0,0,,,,1,,
Q4870843,James Matheson,9107,1,2,1,sibling,sibling;niece/nephew,HoC,1,rush,"Sir Alexander Matheson, 1st Baronet;Thomas Matheson"
Q4877214,Beatrice Wright,6347,1,2,1,parent,parent;child;spouse,HoC,0,panel;rush,John Rathbone;Tim Rathbone
Q4877569,"Beaumont Hotham, 3rd Baron Hotham",4431,0,0,0,,,,1,,
Q4879027,Beddoe Rees,5535,1,1,0,sibling,sibling,HoC,0,rush,Tudor Rees
Q4879118,Bedford Pim,2762,0,0,0,,,,0,,
Q4881234,"Beilby Lawley, 2nd Baron Wenlock",9008,1,4,1,parent,parent;child;sibling;niece/nephew,HoC,1,panel;rush,"Sir Francis Lawley, 7th Baronet;Beilby Lawley, 3rd Baron Wenlock;Francis Charles Lawley;Paul Thompson, 1st Baron Wenlock"
Q4881236,"Beilby Lawley, 3rd Baron Wenlock",2427,1,3,1,parent,parent;child;grandparent;grandchild;uncle/aunt;niece/nephew,HoC,1,panel;rush,"Beilby Lawley, 2nd Baron Wenlock;Francis Charles Lawley;Paul Thompson, 1st Baron Wenlock"
Q4885414,Ben Chapman,181,0,0,0,,,,0,,
Q4885659,Ben Ford,4011,0,0,0,,,,0,,
Q4886271,Ben Parkin,5321,0,0,0,,,,0,,
Q4886356,Ben Riley,5582,0,0,0,,,,0,,
Q4886476,Ben Smith,9454,0,0,0,,,,0,,
Q4886500,Ben Spoor,5829,0,0,0,,,,0,,
Q4886592,Ben Turner,7775,0,0,0,,,,0,,
Q4888213,Benjamin Armitage,1130,0,0,0,,,,0,,
Q4888257,Benjamin Bathurst,1857,1,3,1,parent,parent;child;niece/nephew;indirect,HoC,1,panel;rush,"Allen Bathurst, 6th Earl Bathurst;Allen Bathurst, Lord Apsley;Henry Bathurst, 4th Earl Bathurst"
Q4888307,Benjamin Bond Cabbell,3417,0,0,0,,,,0,,
Q4888762,Benjamin Handley,4244,1,3,1,cousin,cousin,HoC,0,panel;rush,William Farnworth Handley;Henry Handley;John Handley
Q4888797,Benjamin Hawes,4290,0,0,0,,,,0,,
Q4888811,Benjamin Heywood,,1,1,0,sibling,sibling,HoC,1,panel,James Heywood
Q4888818,Benjamin Hingley,2280,0,0,0,,,,0,,
Q4889119,Benjamin Pickard,1977,0,0,0,,,,0,,
Q4889177,Benjamin Rodwell,776,0,0,0,,,,0,,
Q4889235,Benjamin Smith,7210,0,0,0,,,,1,,
Q4889248,Benjamin St John Ackers,18,1,1,0,parent,parent,HoC,0,rush,James Ackers
Q4889295,Benjamin Thomas Williams,1051,0,0,0,,,,0,,
Q4889378,Benjamin Whitaker,6182,0,0,0,,,,1,,
Q4889385,Benjamin Whitworth,1043,1,2,1,child,child;sibling,HoC,0,rush,Thomas Whitworth;William Whitworth
Q4889592,Benn Levy,4710,0,0,0,,,,0,,
Q4891301,Beresford Craddock,3615,0,0,0,,,,0,,
Q4891795,Beriah Botfield,3268,0,0,0,,,,1,,
Q4892947,Bernard Braine,3317,0,0,0,,,,1,,
Q4893013,"Bernard Coleridge, 2nd Baron Coleridge",1397,1,1,0,parent,parent;child,HoC,1,panel;rush,"John Coleridge, 1st Baron Coleridge"
Q4893015,Bernard Conlan,3581,0,0,0,,,,0,,
Q4893037,Bernard Cruddas,7778,1,1,0,indirect,indirect,HoC,0,rush,William Cruddas
Q4893127,"Bernard FitzPatrick, 2nd Baron Castletown",1610,1,1,0,parent,parent;child,HoC,1,panel;rush,"John FitzPatrick, 1st Baron Castletown"
Q4893133,Bernard Floud,4002,0,0,0,,,,0,,
Q4893313,Bernard Kelly,2380,0,0,0,,,,0,,
Q4893693,"Bernard Taylor, Baron Taylor of Mansfield",8587,0,0,0,,,,1,,
Q4894226,Bernhard Samuelson,817,1,2,1,parent,parent;child,HoC,1,panel;rush,Godfrey Samuelson;Henry Samuelson
Q4894397,Bernie Grant,82,0,0,0,,,,0,,
Q4895641,Bertie Kirby,4608,0,0,0,,,,0,,
Q4895764,"Bertram Falle, 1st Baron Portsea",3919,0,0,0,,,,1,,
Q4895823,Bertram Stuart Straus,5898,0,0,0,,,,0,,
Q48975931,Richard Rowley,5627,0,0,0,,,,1,,
Q4898834,Betty Harvie Anderson,4271,0,0,0,,,,1,,
Q4899014,Betty Williams,709,0,0,0,,,,0,,
Q4899389,Beverley Baxter,8401,0,0,0,,,,0,,
Q4908918,Bill Etherington,268,0,0,0,,,,0,,
Q4910176,Bill Michie,505,0,0,0,,,,0,,
Q4910369,Bill O'Brien,532,0,0,0,,,,0,,
Q4910396,Bill Olner,535,0,0,0,,,,0,,
Q4910501,Bill Pitt,9423,0,0,0,,,,0,,
Q4910846,Bill Shelton,5726,0,0,0,,,,0,,
Q4911199,Bill Tynan,66,0,0,0,,,,0,,
Q4911264,Bill Walker,9336,0,0,0,,,,0,,
Q4912226,"Billy Blyton, Baron Blyton",3244,0,0,0,,,,1,,
Q4912743,Billy Hughes,8605,0,0,0,,,,0,,
Q4914194,"Bingham Baring, 2nd Baron Ashburton",832,1,5,1,parent,parent;child;sibling;uncle/aunt;niece/nephew,HoC,1,panel;rush,"Alexander Baring, 4th Baron Ashburton;Francis Baring, 3rd Baron Ashburton;Alexander Baring, 1st Baron Ashburton;Lord Henry Thynne;Sir Thomas Baring, 2nd Baronet"
Q4931857,Bob Blizzard,131,0,0,0,,,,0,,
Q4932084,Bob Clay,9343,0,0,0,,,,0,,
Q4932182,Bob Cryer,2930,1,2,1,parent,parent;child;spouse,HoC,0,panel;rush,John Cryer;Ann Cryer
Q4932329,Bob Dunn,9314,0,0,0,,,,0,,
Q4933126,Bob Laxton,426,0,0,0,,,,0,,
Q4933178,Bob Litherland,9312,0,0,0,,,,0,,
Q4933265,Bob Marshall-Andrews,472,0,0,0,,,,0,,
Q4933392,"Bob Mellish, Baron Mellish",5041,0,0,0,,,,1,,
Q4933426,Bob Mitchell,9285,0,0,0,,,,0,,
Q4934055,Bob Spink,5827,0,0,0,,,,0,,
Q4935679,Janet Anderson,93,0,0,0,,,,0,,
Q4936901,Charlotte Atkins,99,1,1,0,child,child,HoC,0,panel,Ronald Atkins
Q4939430,Liz Blackman,128,0,0,0,,,,0,,
Q4940174,"Bolton Eyres-Monsell, 1st Viscount Monsell",3910,0,0,0,,,,1,,
Q4940673,Helen Clark,149,0,0,0,,,,0,,
Q4941661,Patsy Calton,3826,0,0,0,,,,0,,
Q4942190,Bonner Pink,5404,0,0,0,,,,0,,
Q4943807,Claire Curtis-Thomas,230,0,0,0,,,,0,,
Q4944283,Valerie Davey,235,0,0,0,,,,0,,
Q4944413,Janet Dean,245,0,0,0,,,,0,,
Q4950827,Bowen Wells,696,0,0,0,,,,0,,
Q4952367,"Boyd Merriman, 1st Baron Merriman",5047,0,0,0,,,,1,,
Q4953255,Bracewell Smith,7781,0,0,0,,,,1,,
Q4957034,Brandon Rhys-Williams,2942,1,1,0,parent,parent;child,HoC,1,panel;rush,Rhys Rhys-Williams
Q495977,"James Graham, 4th Duke of Montrose",,1,1,0,sibling,sibling,HoC,1,panel,Lord Montagu Graham
Q4961378,Brent Follett,9009,1,1,0,sibling,sibling,HoC,0,rush,William Webb Follett
Q4963961,Brian Harrison,8368,0,0,0,,,,0,,
Q4964132,Brian Iddon,379,1,1,0,child,child,HoC,0,rush,David James
Q4964202,Brian Jenkins,388,0,0,0,,,,0,,
Q4964909,Brian O'Higgins,5262,0,0,0,,,,0,,
Q4964912,Brian O'Malley,8414,0,0,0,,,,0,,
Q4964996,Brian Parkyn,5325,0,0,0,,,,0,,
Q4965250,Brian Sedgemore,603,0,0,0,,,,0,,
Q4965623,Brian White,698,0,0,0,,,,0,,
Q4966571,Christine McCafferty,483,0,0,0,,,,0,,
Q4966745,Bridget Prentice,558,0,0,0,,,,0,,
Q4967272,Briggs Priestley,2794,0,0,0,,,,0,,
Q49681995,James Henry Deakin,,1,1,0,parent,parent,HoC,0,panel,James Henry Deakin
Q4973233,Brograve Beauchamp,3138,1,1,0,child,child,HoC,1,panel,Edward Beauchamp
Q4974324,"Brook Bridges, 1st Baron FitzWalter",3334,0,0,0,,,,1,,
Q4976602,"Brownlow Cecil, 4th Marquess of Exeter",1297,1,3,1,parent,parent;child;sibling;grandchild,HoC,1,panel;rush,"David Cecil, 6th Marquess of Exeter;Lord John Joicey-Cecil;William Cecil, 3rd Marquess of Exeter"
Q4977226,Bruce Campbell,8732,0,0,0,,,,0,,
Q4977230,Bruce Canning Vernon-Wentworth,1965,1,1,0,uncle/aunt,uncle/aunt,HoC,0,rush,"Hubert de Burgh-Canning, 2nd Marquess of Clanricarde"
Q4977395,Bruce Douglas-Mann,3769,0,0,0,,,,0,,
Q4977546,Bruce George,300,0,0,0,,,,0,,
Q4980033,Bryan Cooper,9136,0,0,0,,,,1,,
Q4980045,Bryan Cusack,3045,0,0,0,,,,0,,
Q4980126,Bryan Gould,2931,0,0,0,,,,0,,
Q4980274,Bryan O'Loghlen,7083,1,2,1,parent,parent;child;sibling,HoC,1,panel;rush,"Sir Colman O'Loghlen, 2nd Baronet;Sir Michael O'Loghlen, 1st Baronet"
Q4981019,Brynmor John,2948,0,0,0,,,,0,,
Q49822556,James Bradshaw,,1,1,0,child,child,HoC,0,panel,Robert Haldane Bradshaw
Q49825618,James Cornish,3596,0,0,0,,,,0,,
Q4990196,Claire Ward,690,0,0,0,,,,0,,
Q4999581,George Burnaby Drayson,3777,0,0,0,,,,0,,
Q50020,John Stuart Mill,9415,0,0,0,,,,0,,
Q5004338,Byron Davies,9770,0,0,0,,,,0,,
Q5006750,C. P. Scott,1882,0,0,0,,,,0,,
Q5006934,C. W. Armstrong,6395,1,1,0,parent,parent;child,HoC,1,panel;rush,Henry Bruce Armstrong
Q5006941,Charles William Bowerman,3287,0,0,0,,,,0,,
Q501089,Andrew Robathan,575,0,0,0,,,,1,,
Q5017420,Cahir Healy,8416,0,0,0,,,,0,,
Q501860,Margaret Ritchie,9593,0,0,0,,,,0,,
Q501883,Linda Riordan,9511,0,0,0,,,,0,,
Q501926,Jonathan Reynolds,10132,0,0,0,,,,0,,
Q5019327,Caleb Wright,1089,0,0,0,,,,0,,
Q5019339,Caledon Du Pré,1527,1,1,0,indirect,indirect,HoC,0,rush,William Baring du Pré
Q501942,Emma Reynolds,10131,0,0,0,,,,0,,
Q5022974,Callum McCaig,9625,0,0,0,,,,0,,
Q5024038,Calum MacDonald,450,0,0,0,,,,0,,
Q5028149,Campbell Stephen,9218,0,0,0,,,,0,,
Q5036058,"Robert Bourke, 1st Baron Connemara",1247,1,1,0,sibling,sibling,HoC,1,panel,"Richard Bourke, 6th Earl of Mayo"
Q5037595,Caradoc Rees,5536,0,0,0,,,,0,,
Q5043155,Carlyon Bellairs,3151,0,0,0,,,,1,,
Q5043847,Carne Rasch,1853,0,0,0,,,,1,,
Q5044407,Carol Johnson,8417,0,0,0,,,,0,,
Q5044464,Carol Mather,8456,0,0,0,,,,1,,
Q5045078,Caroline Ganley,4059,0,0,0,,,,0,,
Q5052172,Cathcart Wason,8066,1,2,1,parent,parent;sibling,HoC,0,rush,Eugene Wason;Rigby Wason
Q5055953,Cecil Beck,3142,0,0,0,,,,0,,
Q5055954,Cecil Beresford Ramage,5500,0,0,0,,,,0,,
Q5055995,Cecil Charles Poole,5433,0,0,0,,,,0,,
Q5056009,Cecil Cochrane,7482,0,0,0,,,,0,,
Q5056053,Cecil Dudgeon,3794,0,0,0,,,,0,,
Q5056078,"Cecil Foljambe, 1st Earl of Liverpool",1620,1,1,0,sibling,sibling,HoC,1,panel;rush,Francis Foljambe
Q5056081,Cecil Franks,4029,0,0,0,,,,0,,
Q5056085,Cecil Frederick Pike,9155,0,0,0,,,,0,,
Q5056099,Cecil Grenfell,7380,0,0,0,,,,1,,
Q5056104,Cecil Hanbury,7783,0,0,0,,,,1,,
Q5056111,"Cecil Harmsworth, 1st Baron Harmsworth",4260,1,1,0,sibling,sibling,HoC,1,panel;rush,Leicester Harmsworth
Q5056185,Cecil L'Estrange Malone,4907,0,0,0,,,,0,,
Q5056188,Cecil Lawless,4662,0,0,0,,,,1,,
Q5056199,Cecil Lowther,7981,1,5,1,parent,parent;child;sibling;grandchild;uncle/aunt;niece/nephew,HoC,1,panel;rush,"James William Lowther, 1st Viscount Ullswater;Christopher Lowther;Henry Lowther, 3rd Earl of Lonsdale;Henry Lowther;William Lowther"
Q5056205,Cecil Manning,4917,0,0,0,,,,0,,
Q5056242,"Cecil Norton, 1st Baron Rathcreedan",2097,0,0,0,,,,1,,
Q5056352,"Cecil Weld-Forester, 5th Baron Forester",1626,1,1,0,uncle/aunt,uncle/aunt,HoC,1,rush,"George Weld-Forester, 3rd Baron Forester"
Q5056366,Cecil Wilson,7784,1,2,1,parent,parent;grandparent,HoC,0,rush,Charles Cowan;Henry Wilson
Q5057089,Cedric Drewe,3778,0,0,0,,,,1,,
Q5057975,Celia Barlow,9519,0,0,0,,,,0,,
Q5071254,Chandos Wren-Hoskyns,4428,0,0,0,,,,1,,
Q5074782,Charles A'Court,15,1,3,1,uncle/aunt,uncle/aunt;cousin;indirect,HoC,1,panel;rush,"Edward Henry A'Court;Sidney Herbert, 1st Baron Herbert of Lea;William à Court-Holmes, 2nd Baron Heytesbury"
Q5075000,Charles Ainsworth,6348,0,0,0,,,,0,,
Q5075009,Charles Marjoribanks,7010,1,2,1,sibling,sibling;indirect,HoC,1,panel;rush,"Stewart Marjoribanks;David Robertson, 1st Baron Marjoribanks"
Q5075070,Charles Algernon Whitmore,1905,0,0,0,,,,1,,
Q5075110,"Charles Ammon, 1st Baron Ammon",3018,0,0,0,,,,1,,
Q5075117,"Charles Anderson-Pelham, 3rd Earl of Yarborough",6258,1,2,1,parent,parent;child;uncle/aunt;niece/nephew,HoC,1,panel;rush,"Dudley Pelham;Charles Anderson-Pelham, 2nd Earl of Yarborough"
Q5075255,Charles Augustus Tulk,6053,0,0,0,,,,0,,
Q5075361,Charles Bagnall,3081,0,0,0,,,,1,,
Q5075367,"Charles Baillie, Lord Jerviswoode",6510,0,0,0,,,,1,,
Q5075369,Charles Baillie-Hamilton,6863,0,0,0,,,,1,,
Q5075370,Charles Baillie-Hamilton,7806,0,0,0,,,,1,,
Q5075440,"Charles Barrie, 1st Baron Abertay",3113,0,0,0,,,,1,,
Q5075441,Charles Barrington Balfour,7456,0,0,0,,,,1,,
Q5075464,Charles Bateman-Hanbury-Kincaid-Lennox,4697,1,1,0,indirect,indirect,HoC,1,rush,George Drought Warburton
Q5075473,"Charles Bathurst, 1st Viscount Bledisloe",7596,0,0,0,,,,1,,
Q5075542,"Charles Bennet, 6th Earl of Tankerville",5297,0,0,0,,,,1,,
Q5075565,"Charles Berkeley, 3rd Baron FitzHardinge",6561,1,5,1,child,child;sibling;niece/nephew,HoC,1,panel,"Maurice Berkeley, 1st Baron FitzHardinge;Grantley Berkeley;Craven Berkeley;Francis Berkeley, 2nd Baron FitzHardinge;Henry FitzHardinge Berkeley"
Q5075609,Charles Bill,1941,0,0,0,,,,1,,
Q5075632,Charles Black Milne,5066,0,0,0,,,,0,,
Q5075800,Charles Broke Vere,6091,0,0,0,,,,1,,
Q5075823,Charles Brown,7787,0,0,0,,,,0,,
Q5075839,"Charles Brownlow, 1st Baron Lurgan",,0,0,0,,,,1,,
Q5075925,"Charles Bury, 2nd Earl of Charleville",6054,0,0,0,,,,1,,
Q5075948,Charles Buxton,1309,1,8,1,parent,parent;child;sibling;uncle/aunt;niece/nephew;indirect,HoC,1,panel;rush,"Sir Edward Buxton, 2nd Baronet;Sydney Buxton, 1st Earl Buxton;Charles Buxton;Noel Noel-Buxton;Thomas Fowell Buxton;Edward Buxton;Francis Buxton;Sir Thomas Buxton, 1st Baronet"
Q5076054,Charles Calvert,,1,1,0,sibling,sibling,HoC,1,panel,Nicolson Calvert
Q5076067,Charles Cameron Shute,854,0,0,0,,,,1,,
Q5076075,Charles Campbell Ross,7172,0,0,0,,,,0,,
Q5076090,Charles Capper,3441,0,0,0,,,,0,,
Q5076097,Charles Carew,7800,0,0,0,,,,1,,
Q5076105,Charles Carnegie,1337,0,0,0,,,,1,,
Q5076148,"Charles Cavendish, 1st Baron Chesham",6637,1,7,1,parent,parent;child;sibling;niece/nephew;indirect,HoC,1,panel;rush,"William Cavendish, 2nd Baron Chesham;William Cavendish, 7th Duke of Devonshire;George Cavendish, 1st Earl of Burlington;George Byng, 2nd Earl of Strafford;Henry Cavendish;Lord George Cavendish;Thomas Trevor, 22nd Baron Dacre"
Q5076163,Charles Cecil Cotes,2831,1,1,0,parent,parent;child,HoC,1,panel;rush,John Cotes
Q5076170,Charles Challen,3471,0,0,0,,,,0,,
Q5076220,"Charles Chetwynd-Talbot, 19th Earl of Shrewsbury",4475,1,6,1,parent,parent;child;sibling;grandchild;indirect,HoC,1,panel;rush,"Reginald Talbot;Walter Carpenter;Adelbert Brownlow-Cust, 3rd Earl Brownlow;Charles Duncombe, 2nd Earl of Feversham;William Duncombe, Viscount Helmsley;Henry Chetwynd-Talbot, 18th Earl of Shrewsbury"
Q5076394,"Charles Colston, 1st Baron Roundway",1858,0,0,0,,,,1,,
Q5076431,Charles Conybeare,2816,0,0,0,,,,0,,
Q5076509,Charles Cowan,6680,1,3,1,sibling,sibling;grandchild;indirect,HoC,0,rush,James Cowan;Cecil Wilson;Henry Wilson
Q5076532,Charles Craufurd Fraser,1642,1,2,1,indirect,indirect,HoC,0,rush,"Hugh Fraser;Sir William Fraser, 4th Baronet"
Q5076558,Charles Crompton,2848,0,0,0,,,,1,,
Q5076584,Charles Cumming-Bruce,6601,1,1,0,sibling,sibling,HoC,1,panel,"Sir William Gordon-Cumming, 2nd Baronet"
Q5076594,Charles Curran,8741,0,0,0,,,,0,,
Q5076603,Charles Curtis Craig,7790,0,0,0,,,,0,,
Q5076611,Charles Cust,6695,1,4,1,sibling,sibling;uncle/aunt;niece/nephew;indirect,HoC,1,panel;rush,"Henry Cockayne-Cust;Harry Cust;Adelbert Brownlow-Cust, 3rd Earl Brownlow;John Egerton, Viscount Alford"
Q507669,Andy Stewart,9366,0,0,0,,,,0,,
Q5076717,"Charles Darling, 1st Baron Darling",1451,0,0,0,,,,1,,
Q5076850,Charles Diamond,1487,0,0,0,,,,0,,
Q5076862,"Charles Dickson, Lord Dickson",7461,0,0,0,,,,0,,
Q5076881,Charles Dillwyn-Venables-Llewellyn,6090,1,3,1,parent,parent;child;grandparent;uncle/aunt,HoC,1,panel;rush,"Michael Hicks Beach, 1st Earl St Aldwyn;Sir John Dillwyn-Llewellyn, 1st Baronet;Sir Michael Hicks Beach, 8th Baronet"
Q5076908,Charles Dolan,3751,0,0,0,,,,0,,
Q5076915,Charles Donaldson,9063,0,0,0,,,,0,,
Q5076916,Charles Donaldson-Hudson,1503,1,1,0,indirect,indirect,HoC,0,rush,Thomas Hudson
Q5076931,Charles Doughty,8428,0,0,0,,,,1,,
Q5076936,"Charles Douglas, 3rd Baron Douglas",,0,0,0,,,,1,,
Q5076993,"Charles Dukes, 1st Baron Dukeston",3806,0,0,0,,,,1,,
Q5076996,Charles Duncan,7785,0,0,0,,,,0,,
Q5077003,"Charles Duncombe, 2nd Earl of Feversham",7382,1,4,1,parent,parent;child;grandparent;grandchild;niece/nephew,HoC,1,panel;rush,"Hubert Duncombe;Charles Chetwynd-Talbot, 19th Earl of Shrewsbury;William Duncombe, 1st Earl of Feversham;William Duncombe, Viscount Helmsley"
Q5077009,"Charles Dundas, 1st Baron Amesbury",,0,0,0,,,,1,,
Q5077235,Charles Edgar Loseby,4758,0,0,0,,,,0,,
Q5077252,Charles Young,1106,0,0,0,,,,1,,
Q5077255,Charles Edward Breese,3329,0,0,0,,,,0,,
Q5077261,Charles Edward Cawley,1350,0,0,0,,,,0,,
Q5077297,Charles Edward Price,7516,0,0,0,,,,0,,
Q5077316,Charles Edwards,8418,0,0,0,,,,0,,
Q5077371,Ellis Lloyd,7792,0,0,0,,,,0,,
Q5077380,Charles Elphinstone Fleeming,6783,0,0,0,,,,1,,
Q5077390,Charles Emmott,3879,0,0,0,,,,0,,
Q5077407,Charles Hambro,7375,1,1,0,sibling,sibling,HoC,1,panel,Angus Hambro
Q5077443,Charles Eurwicke Douglas,6727,0,0,0,,,,1,,
Q5077591,Charles Falls,3920,0,0,0,,,,1,,
Q5077625,Charles Fenwick,2079,0,0,0,,,,0,,
Q5077684,"Charles FitzGerald, 4th Duke of Leinster",4594,1,1,0,sibling,sibling,HoC,1,panel,Lord Otho FitzGerald
Q5077708,Charles Fletcher-Cooke,4000,1,1,0,sibling,sibling,HoC,1,rush,John Fletcher-Cooke
Q5077724,Charles Forbes,,1,1,0,parent,parent,HoC,1,panel,John Forbes
Q5077765,Charles Foxcroft,4023,0,0,0,,,,0,,
Q5077810,Charles Fraser-Mackintosh,1644,0,0,0,,,,0,,
Q5077854,Charles Frederick Hutchinson,7418,0,0,0,,,,0,,
Q5077860,Charles Frederick Palmer,7793,0,0,0,,,,0,,
Q5077866,Charles Frederick White,7794,1,1,0,parent,parent;child,HoC,0,panel;rush,Charles Frederick White
Q5077884,Charles French,1648,1,1,0,indirect,indirect,HoC,1,rush,Fitzstephen French
Q5077886,Charles Frewen,4040,1,2,1,sibling,sibling;uncle/aunt;niece/nephew,HoC,1,panel;rush,Thomas Turner;Moreton Frewen
Q5077887,Charles Freshfield,1650,1,1,0,parent,parent,HoC,0,rush,James William Freshfield
Q5078003,Charles Milnes Gaskell,1666,1,1,0,parent,parent;child,HoC,1,panel;rush,James Milnes Gaskell
Q5078004,Charles George James Arbuthnot,,0,0,0,,,,1,,
Q5078023,Charles Gibson,8431,0,0,0,,,,0,,
Q5078047,Charles Gilpin,1684,0,0,0,,,,0,,
Q5078065,Charles Goddard Clarke,7483,0,0,0,,,,0,,
Q5078093,Charles Goodson-Wickes,4133,0,0,0,,,,0,,
Q5078379,"Sir Charles Graves-Sawle, 2nd Baronet",5672,0,0,0,,,,1,,
Q5078392,Charles Gray Round,7175,1,3,1,niece/nephew,niece/nephew;indirect,HoC,1,rush,Charles Wing Gray;James Round;John Round
Q5078424,Charles Grenfell,6841,1,9,1,parent,parent;child;grandparent;grandchild;niece/nephew;indirect,HoC,1,panel;rush,"John Ashley Warre;William Grenfell, 1st Baron Desborough;Charles Grenfell;Edward Grenfell, 1st Baron St Just;George Glyn, 1st Baron Wolverton;George Glyn, 2nd Baron Wolverton;Henry Grenfell;Pascoe Glyn;Sidney Glyn"
Q5078425,Charles Grenfell,6842,1,5,1,parent,parent;child;sibling;uncle/aunt;indirect,HoC,1,panel;rush,"John Ashley Warre;William Grenfell, 1st Baron Desborough;Charles Grenfell;Edward Grenfell, 1st Baron St Just;Henry Grenfell"
Q5078438,Charles Grey,8424,1,1,0,indirect,indirect,HoC,0,rush,"Albert Grey, 4th Earl Grey"
Q5078440,Charles Grey,6846,1,4,1,parent,parent;child;sibling;cousin;indirect,HoC,1,panel;rush,"Henry Grey, 3rd Earl Grey;Albert Grey, 4th Earl Grey;Edward Grey, 1st Viscount Grey of Fallodon;Sir George Grey, 2nd Baronet"
Q5078499,Charles Guy Pym,1775,0,0,0,,,,1,,
Q5078706,Charles Hall,1757,0,0,0,,,,0,,
Q5078742,"Charles Hanbury-Tracy, 1st Baron Sudeley",7290,1,3,1,parent,parent;grandchild,HoC,1,panel;rush,"Charles Hanbury-Tracy, 4th Baron Sudeley;Frederick Hanbury-Tracy;Henry Hanbury-Tracy"
Q5078743,"Charles Hanbury-Tracy, 4th Baron Sudeley",2214,1,3,1,child,child;sibling;grandparent,HoC,1,panel;rush,"Charles Hanbury-Tracy, 1st Baron Sudeley;Frederick Hanbury-Tracy;"
Q5078764,"Charles Hardinge, 2nd Viscount Hardinge",4253,1,3,1,parent,parent;child;sibling;uncle/aunt,HoC,1,panel;rush,"Henry Hardinge, 1st Viscount Hardinge;Walter James, 2nd Baron Northbourne;Walter James, 1st Baron Northbourne"
Q5078803,Charles Harrison,2231,0,0,0,,,,0,,
Q5078804,Charles Harrison,2232,0,0,0,,,,0,,
Q5078826,Charles Harvey Dixon,7797,0,0,0,,,,0,,
Q5078894,"Charles Hemphill, 1st Baron Hemphill",2038,0,0,0,,,,1,,
Q5078924,Charles Henry Crompton-Roberts,,0,0,0,,,,0,,
Q5078942,Charles Henry Hopwood,2308,0,0,0,,,,0,,
Q5078951,Charles Henry Lyell,7603,1,1,0,parent,parent;child,HoC,1,panel;rush,"Leonard Lyell, 1st Baron Lyell"
Q5078956,Charles Henry Meldon,2588,0,0,0,,,,0,,
Q5078970,Charles Henry Roberts,7798,1,4,1,parent,parent;child;indirect,HoC,1,panel;rush,"Charles Howard, 10th Earl of Carlisle;George Howard, 9th Earl of Carlisle;Geoffrey Howard;Wilfrid Roberts"
Q5078985,Charles Henry Williams,1052,1,1,0,sibling,sibling,HoC,1,panel;rush,"Sir Frederick Williams, 2nd Baronet"
Q5078986,Charles Henry Wilson,6484,0,0,0,,,,0,,
Q5078989,"Charles Hepburn-Stuart-Forbes-Trefusis, 20th Baron Clinton",6028,0,0,0,,,,1,,
Q5079014,Charles Heron Mullan,5147,0,0,0,,,,0,,
Q5079056,Charles Hindley,4378,1,1,0,indirect,indirect,HoC,0,rush,Henry Woods
Q5079069,"Charles Hobson, Baron Hobson",4386,0,0,0,,,,1,,
Q5079116,Charles Hope,9017,1,3,1,parent,parent;child;sibling,HoC,1,panel;rush,"Arthur Hope, 2nd Baron Rankeillour;James Hope;Thomas Hope"
Q5079163,"Charles Howard, 17th Earl of Suffolk",3021,1,3,1,parent,parent;child;sibling,HoC,1,panel;rush,"Henry Howard, 18th Earl of Suffolk;Henry Thomas Howard;James Howard"
Q5079173,Charles Howard,2311,1,8,1,parent,parent;child;sibling;grandparent;grandchild;niece/nephew;indirect,HoC,1,panel;rush,"George Howard, 7th Earl of Carlisle;Frederick Howard;George Sutherland-Leveson-Gower, 3rd Duke of Sutherland;Charles Howard, 10th Earl of Carlisle;George Howard, 9th Earl of Carlisle;Edward Howard, 1st Baron Lanerton;Geoffrey Howard;William Howard"
Q5079229,Charles Hulse,,0,0,0,,,,1,,
Q5079274,Charles Ichabod Wright,1090,1,1,0,sibling,sibling,HoC,1,panel;rush,Henry Smith Wright
Q5079297,Charles Irving,4492,0,0,0,,,,0,,
Q5079303,Charles Isaac Elton,1561,0,0,0,,,,1,,
Q5079388,Charles J. T. Hambro,1758,1,1,0,indirect,indirect,HoC,1,rush,Angus Hambro
Q5079415,Charles James,2350,0,0,0,,,,0,,
Q5079428,Charles James Barnett,6540,0,0,0,,,,1,,
Q5079431,Charles James Fleming,1613,0,0,0,,,,0,,
Q5079445,Charles James Mathew,4950,0,0,0,,,,1,,
Q5079451,Charles Monk,2617,0,0,0,,,,1,,
Q5079454,Charles James Murray,1968,0,0,0,,,,1,,
Q5079456,Charles James O'Donnell,7566,1,2,1,sibling,sibling;indirect,HoC,0,rush,Edward Ryley Langworthy;Frank Hugh O'Donnell
Q5079460,Charles James Valentine,969,0,0,0,,,,0,,
Q5079461,Watkin Williams,1059,0,0,0,,,,0,,
Q5079478,Charles Jasper Selwyn,7195,1,1,0,parent,parent;child,HoC,1,panel;rush,Charles William Selwyn
Q5079506,Charles Jesson,4522,0,0,0,,,,0,,
Q5079532,Charles Kemeys-Tynte,6063,1,1,0,parent,parent;child,HoC,1,panel;rush,Charles Kemeys-Tynte
Q5079549,Charles John Wingfield,1074,1,1,0,sibling,sibling,HoC,1,panel;rush,Richard Wingfield-Baker
Q5079740,Charles Kemeys-Tynte,6064,1,1,0,parent,parent;child,HoC,1,panel;rush,Charles Kemeys-Tynte
Q5079771,"Charles Kerr, 1st Baron Teviot",4581,0,0,0,,,,1,,
Q5079778,Charles Key,9221,0,0,0,,,,0,,
Q5080067,Charles Langdale,4642,0,0,0,,,,1,,
Q5080112,Charles Ewan Law,6972,0,0,0,,,,1,,
Q5080130,Charles Leach,4668,0,0,0,,,,0,,
Q5080191,Charles Lemon,4689,1,2,1,niece/nephew,niece/nephew,HoC,1,rush,John Tremayne;Arthur Tremayne
Q5080257,Charles Lindsay,2473,1,2,1,sibling,sibling;niece/nephew,HoC,1,panel;rush,"James Lindsay, 26th Earl of Crawford;James Lindsay"
Q5080266,Charles Lindsay Orr-Ewing,1999,1,2,1,parent,parent;child,HoC,1,panel;rush,"Ian Orr-Ewing;Sir Archibald Orr-Ewing, 1st Baronet"
Q5080329,Charles Longbottom,4746,0,0,0,,,,0,,
Q5080342,Charles Loughlin,4760,0,0,0,,,,0,,
Q5080563,Charles Mackinnon Douglas,7478,0,0,0,,,,0,,
Q5080586,Charles Magniac,2552,0,0,0,,,,1,,
Q5080610,Charles Mallet,4906,0,0,0,,,,1,,
Q5080630,Charles Manners Lushington,4789,1,1,0,parent,parent;child,HoC,1,panel;rush,Stephen Rumbold Lushington
Q5080646,Charles Mapp,4924,0,0,0,,,,0,,
Q5080647,Charles March-Phillipps,7124,0,0,0,,,,1,,
Q5080686,"Charles Marsham, 3rd Earl of Romney",4941,0,0,0,,,,1,,
Q5080735,Charles Maule Ramsay,7621,1,1,0,sibling,sibling,HoC,1,panel;rush,"John Ramsay, 13th Earl of Dalhousie"
Q5080765,Charles McArthur,4827,0,0,0,,,,0,,
Q5080806,Charles McCurdy,4989,0,0,0,,,,0,,
Q5080854,"Charles McLaren, 1st Baron Aberconway",7651,1,6,1,parent,parent;child;sibling;grandparent,HoC,1,panel;rush,Duncan McLaren;Francis McLaren;Henry McLaren;John McLaren;Martin McLaren;Walter McLaren
Q5080952,"Charles Mills, 1st Baron Hillingdon",2606,1,3,1,parent,parent;child;grandparent;grandchild,HoC,1,panel;rush,"Arthur Mills, 3rd Baron Hillingdon;Charles Mills, 2nd Baron Hillingdon;Charles Thomas Mills"
Q5080955,"Charles Mills, 2nd Baron Hillingdon",2607,1,3,1,parent,parent;child;indirect,HoC,1,panel;rush,"Arthur Mills, 3rd Baron Hillingdon;Charles Mills, 1st Baron Hillingdon;Charles Thomas Mills"
Q5081023,"Charles Molyneux, 3rd Earl of Sefton",5083,0,0,0,,,,1,,
Q5081047,Charles Moody,5100,0,0,0,,,,0,,
Q5081053,Charles Moore,2623,1,1,0,child,child,HoC,0,rush,Arthur John Moore
Q5081069,"Charles Morgan, 1st Baron Tredegar",7050,1,4,1,parent,parent;sibling,HoC,1,panel,"Octavius Morgan;Charles Rodney Morgan;Frederick Courtenay Morgan;Godfrey Morgan, 1st Viscount Tredegar"
Q5081080,Charles Morgan Norwood,2674,0,0,0,,,,1,,
Q5081098,Charles Morris,8429,1,2,1,parent,parent;sibling,HoC,1,panel;rush,"Estelle Morris, Baroness Morris of Yardley;Alf Morris"
Q5081103,Charles Morrison,8423,1,3,1,parent,parent;child;sibling;grandchild,HoC,1,panel;rush,"Hugh Morrison;John Morrison, 1st Baron Margadale;Peter Morrison"
Q5081133,Charles Mott-Radclyffe,5132,0,0,0,,,,1,,
Q5081156,Charles Murchison,5158,0,0,0,,,,0,,
Q5081166,Charles Murray,7791,0,0,0,,,,0,,
Q5081231,Charles Newdigate Newdegate,2660,1,1,0,indirect,indirect,HoC,0,rush,Francis Newdegate
Q5081248,Charles N. P. Phipps,2758,1,1,0,child,child,HoC,1,panel,Charles Paul Phipps
Q5081258,"Charles Noel, 2nd Earl of Gainsborough",7070,1,5,1,sibling,sibling;uncle/aunt;cousin;indirect,HoC,1,panel;rush,"Gerard Noel;Thomas Fowell Buxton;Ernest Noel;Sir George Grey, 2nd Baronet;Sir Andrew Agnew, 8th Baronet"
Q5081341,Octavius Morgan,2627,1,4,1,sibling,sibling;uncle/aunt,HoC,1,panel,"Charles Morgan, 1st Baron Tredegar;Charles Rodney Morgan;Frederick Courtenay Morgan;Godfrey Morgan, 1st Viscount Tredegar"
Q5081398,Charles Owen O'Conor,2683,1,2,1,parent,parent;child;sibling,HoC,1,panel;rush,Denis Maurice O'Conor;Denis O'Conor
Q5081467,Charles Paget,7092,0,0,0,,,,0,,
Q5081469,Charles Paget,7093,0,0,0,,,,1,,
Q5081476,Charles Palmer,7097,0,0,0,,,,0,,
Q5081484,Charles Pannell,5314,0,0,0,,,,1,,
Q5081499,Charles Parker Butt,1307,0,0,0,,,,0,,
Q5081537,Charles Paul Phipps,2759,1,1,0,parent,parent,HoC,1,panel,Charles N. P. Phipps
Q5081559,Charles Peat,5348,0,0,0,,,,1,,
Q5081574,Charles Pelham Villiers,2851,1,1,0,niece/nephew,niece/nephew,HoC,1,rush,"Edward Villiers, 5th Earl of Clarendon"
Q5081606,Charles Peter Allen,6340,1,1,0,sibling,sibling,HoC,1,rush,Arthur Acland Allen
Q5081660,"Charles Pierrepont, 4th Earl Manvers",2659,1,2,1,parent,parent;child;uncle/aunt;niece/nephew,HoC,1,panel;rush,"Charles Evelyn Pierrepont, Viscount Newark;Sydney Pierrepont, 3rd Earl Manvers"
Q5081675,Charles Pinkham,5405,0,0,0,,,,0,,
Q5081706,"Charles Ponsonby, 2nd Baron de Mauley",5429,1,3,1,child,child;sibling;niece/nephew,HoC,1,panel,"Ashley Ponsonby;John Ponsonby, 4th Earl of Bessborough;William Ponsonby, 1st Baron de Mauley"
Q5081967,Charles Reed,744,1,1,0,indirect,indirect,HoC,0,rush,Edward Baines
Q5081999,"Charles Rhys, 8th Baron Dynevor",5561,1,1,0,parent,parent;child,HoC,1,panel;rush,"Walter Rice, 7th Baron Dynevor"
Q5082014,Charles Richard Fox,6803,0,0,0,,,,1,,
Q5082096,Charles Robert Barry,6543,0,0,0,,,,1,,
Q5082099,Charles Robert Colvile,3574,0,0,0,,,,1,,
Q5082144,Charles Rodney Morgan,7051,1,4,1,child,child;sibling;niece/nephew,HoC,1,panel,"Charles Morgan, 1st Baron Tredegar;Octavius Morgan;Frederick Courtenay Morgan;Godfrey Morgan, 1st Viscount Tredegar"
Q5082203,"Charles Royle, Baron Royle",5632,1,1,0,parent,parent,HoC,1,rush,Charles Royle
Q5082204,Charles Royle,5631,1,1,0,child,child,HoC,0,rush,"Charles Royle, Baron Royle"
Q5082218,Charles Rumbold,5635,0,0,0,,,,1,,
Q5082366,Charles Savile Roundell,788,1,1,0,indirect,indirect,HoC,0,rush,"Wilbraham Tollemache, 2nd Baron Tollemache"
Q5082396,Charles Schreiber,826,0,0,0,,,,1,,
Q5082424,Charles Seale-Hayne,1810,1,1,0,grandparent,grandparent,HoC,1,rush,John Seale
Q5082431,Charles Seely,833,1,4,1,parent,parent;child;grandparent;grandchild;indirect,HoC,1,panel;rush,"Hugh Seely, 1st Baron Sherwood;John Seely, 1st Baron Mottistone;Sir Charles Seely, 1st Baronet;Sir Charles Seely, 2nd Baronet"
Q5082500,"Charles Shore, 2nd Baron Teignmouth",5954,0,0,0,,,,1,,
Q5082513,Charles Simeons,5752,0,0,0,,,,0,,
Q5082517,Charles Simmons,5755,0,0,0,,,,0,,
Q5082556,Charles Smith Forster,6794,1,1,0,child,child,HoC,0,rush,"Sir Charles Forster, 1st Baronet"
Q5082570,"Charles Somers-Cocks, 3rd Earl Somers",3842,1,2,1,parent,parent;child;indirect,HoC,1,panel;rush,"Lord Henry Somerset;John Somers-Cocks, 2nd Earl Somers"
Q5082606,Charles St. John Fancourt,3921,0,0,0,,,,0,,
Q5082639,Charles Stanton,7789,0,0,0,,,,0,,
Q5082737,"Charles Stuart-Wortley, 1st Baron Stuart of Wortley",2123,1,3,1,child,child;niece/nephew;cousin,HoC,1,panel;rush,"James Stuart-Wortley;John Gilbert Talbot;John Stuart-Wortley, 2nd Baron Wharncliffe"
Q5082749,Charles Stuart McFarlane,4997,0,0,0,,,,0,,
Q5082750,Charles Stuart Parker,2724,0,0,0,,,,0,,
Q5082761,Charles Summersby,5917,0,0,0,,,,0,,
Q5082772,Charles Surtees,5925,0,0,0,,,,0,,
Q5082791,Charles Sydney Goldman,4123,0,0,0,,,,0,,
Q5082792,Sydney Jones,7803,0,0,0,,,,0,,
Q5082795,Charles Sykes,,0,0,0,,,,1,,
Q50828546,"Sir John Power, 3rd Baronet",2785,1,1,0,child,child,HoC,0,panel,"Sir James Power, 2nd Baronet"
Q5082860,Charles Taylor,8430,0,0,0,,,,1,,
Q5082888,Charles Tennyson d'Eyncourt,3669,0,0,0,,,,1,,
Q5082906,Charles Thomas-Stanford,5970,0,0,0,,,,0,,
Q5082918,Charles Thomas Mills,7620,1,3,1,parent,parent;child;sibling;grandparent;grandchild,HoC,1,panel;rush,"Arthur Mills, 3rd Baron Hillingdon;Charles Mills, 1st Baron Hillingdon;Charles Mills, 2nd Baron Hillingdon"
Q5082938,Charles Pulley,7804,0,0,0,,,,0,,
Q5083014,Charles Townshend Murdoch,2646,0,0,0,,,,0,,
Q5083044,Charles Tuff,6047,0,0,0,,,,0,,
Q5083050,Charles Turner,964,0,0,0,,,,0,,
Q5083069,Charles Tyrrell Giles,1680,1,1,0,parent,parent;child,HoC,1,panel;rush,Alfred Giles
Q5083121,"Charles Vane-Tempest-Stewart, 6th Marquess of Londonderry",1341,1,6,1,parent,parent;child;grandparent;grandchild;uncle/aunt;niece/nephew;indirect,HoC,1,panel;rush,"Frederick Stewart, 4th Marquess of Londonderry;Charles Vane-Tempest-Stewart, 7th Marquess of Londonderry;George Vane-Tempest, 5th Marquess of Londonderry;Lord Adolphus Vane-Tempest;Robin Vane-Tempest-Stewart, 8th Marquess of Londonderry;Wentworth Beaumont, 1st Viscount Allendale"
Q5083146,"Charles Vivian, 2nd Baron Vivian",7311,1,6,1,parent,parent;child;sibling;uncle/aunt;niece/nephew;cousin;indirect,HoC,1,panel;rush,"John Tremayne;Henry Vivian, 1st Baron Swansea;Hussey Vivian, 1st Baron Vivian;Arthur Vivian;John Vivian;John Henry Vivian"
Q5083322,Charles Wallwyn Radcliffe Cooke,2820,0,0,0,,,,0,,
Q5083337,Charles Walter Starmer,5852,0,0,0,,,,1,,
Q5083345,Charles Ward-Jackson,6133,0,0,0,,,,0,,
Q5083352,Charles Wardle,691,0,0,0,,,,0,,
Q5083372,Charles Warton,997,0,0,0,,,,1,,
Q5083381,Charles Waterhouse,8419,0,0,0,,,,1,,
Q5083442,Charles Wentworth-FitzWilliam,1018,1,8,1,parent,parent;child;sibling;uncle/aunt;niece/nephew;indirect,HoC,1,panel;rush,"William Wentworth-Fitzwilliam, Viscount Milton;Charles Wentworth-Fitzwilliam, 5th Earl Fitzwilliam;George Wentworth-FitzWilliam;Henry Wentworth-FitzWilliam;John Wentworth-FitzWilliam;William Wentworth-Fitzwilliam, 7th Earl Fitzwilliam;William Wentworth-FitzWilliam, Viscount Milton;William Wentworth-Fitzwilliam, 6th Earl Fitzwilliam"
Q5083446,"Charles Wentworth-Fitzwilliam, 5th Earl Fitzwilliam",5265,1,8,1,parent,parent;child;grandparent;grandchild;indirect,HoC,1,panel;rush,"William Wentworth-Fitzwilliam, Viscount Milton;Charles Wentworth-FitzWilliam;George Wentworth-FitzWilliam;Henry Wentworth-FitzWilliam;John Wentworth-FitzWilliam;William Wentworth-Fitzwilliam, 7th Earl Fitzwilliam;William Wentworth-FitzWilliam, Viscount Milton;William Wentworth-Fitzwilliam, 6th Earl Fitzwilliam"
Q5083465,Charles Wesley Weldon McLean,7805,0,0,0,,,,1,,
Q5083469,"Charles Western, 1st Baron Western",,0,0,0,,,,0,,
Q5083474,Charles Wetherell,,0,0,0,,,,1,,
Q5083520,Charles Wigram Long,2111,0,0,0,,,,0,,
Q5083577,Charles William Nevill,2656,0,0,0,,,,0,,
Q5083588,Charles William Selwyn,837,1,1,0,parent,parent;child,HoC,1,panel;rush,Charles Jasper Selwyn
Q5083590,Charles William White,1031,1,4,1,parent,parent;child;sibling;uncle/aunt;niece/nephew,HoC,1,panel;rush,"Samuel White;Luke White;Henry White, 1st Baron Annaly;Luke White, 2nd Baron Annaly"
Q5083597,Charles Williams,8421,1,4,1,parent,parent;sibling;grandparent;indirect,HoC,0,rush,"Thomas Bedford Bolitho;Alfred Williams;John Charles Williams;Sir Frederick Williams, 2nd Baronet"
Q5083609,Charles Williamson Crook,3634,0,0,0,,,,0,,
Q5083625,"Charles Wilson, 1st Baron Nunburnholme",1067,1,2,1,parent,parent;child,HoC,1,panel;rush,"Charles Wilson, 2nd Baron Nunburnholme;Guy Greville Wilson"
Q5083626,"Charles Wilson, 2nd Baron Nunburnholme",9397,1,2,1,parent,parent;child;sibling,HoC,1,panel;rush,"Charles Wilson, 1st Baron Nunburnholme;Guy Greville Wilson"
Q5083684,"Charles Wood, 2nd Earl of Halifax",4495,1,2,1,parent,parent;child;sibling,HoC,1,panel;rush,"Edward Wood, 1st Earl of Halifax;Richard Wood, Baron Holderness"
Q5083737,Charles Wykeham-Martin,1093,1,1,0,parent,parent;child,HoC,1,panel;rush,Philip Wykeham-Martin
Q5083743,Charles Wyndham,6312,1,3,1,sibling,sibling;niece/nephew,HoC,1,panel;rush,"Henry Wyndham;Henry Wyndham, 2nd Baron Leconfield;Percy Wyndham"
Q5083746,Charles Wyndham Murray,1939,0,0,0,,,,0,,
Q5083776,"Charles Yorke, 4th Earl of Hardwicke",6321,1,4,1,parent,parent;child;sibling,HoC,1,panel;rush,"Charles Yorke, 5th Earl of Hardwicke;Eliot Yorke;Elliot Yorke;Joseph Sydney Yorke"
Q5084022,Charles de Ferrieres,1474,0,0,0,,,,0,,
Q509060,James Dundas,6744,1,1,0,child,child,HoC,1,rush,Charles Whitley Deans Dundas
Q50940574,Jonathan Joseph Richardson,9437,1,1,0,cousin,cousin,HoC,0,panel;rush,Jonathan Richardson
Q5096020,Chichester de Windt Crookshank,3638,0,0,0,,,,0,,
Q5106053,Chris Butler,9371,0,0,0,,,,0,,
Q5106839,Chris Hazzard,10066,0,0,0,,,,0,,
Q5107475,Chris Mole,7274,0,0,0,,,,0,,
Q5107532,Chris Mullin,524,0,0,0,,,,0,,
Q5107784,Chris Pond,554,0,0,0,,,,0,,
Q5110952,Christine Butler,164,0,0,0,,,,0,,
Q5111413,Christmas Price Williams,7809,0,0,0,,,,0,,
Q5111934,Christopher Beckett Denison,1480,1,5,1,parent,parent;child;sibling;uncle/aunt;niece/nephew,HoC,1,panel;rush,"Ernest Beckett, 2nd Baron Grimthorpe;Gervase Beckett;Sir Edmund Beckett, 4th Baronet;Sir John Beckett, 2nd Baronet;William Beckett-Denison"
Q5111993,Christopher Brocklebank-Fowler,3347,0,0,0,,,,0,,
Q5112112,Christopher Clayton,3513,0,0,0,,,,0,,
Q5112328,Christopher Fitzsimon,3991,0,0,0,,,,1,,
Q5112358,Christopher Fraser,291,0,0,0,,,,0,,
Q5112370,"Christopher Furness, 1st Baron Furness",2891,1,1,0,niece/nephew,niece/nephew,HoC,1,rush,"Sir Stephen Furness, 1st Baronet"
Q5112405,Christopher Gill,304,0,0,0,,,,0,,
Q5112510,Christopher Hawkins,9350,0,0,0,,,,0,,
Q5112561,Christopher Holland-Martin,4398,0,0,0,,,,1,,
Q5112562,Christopher Hollis,4402,0,0,0,,,,0,,
Q5112765,Christopher Lowther,7810,1,4,1,child,child;grandchild;niece/nephew;indirect,HoC,1,panel;rush,"James William Lowther, 1st Viscount Ullswater;Cecil Lowther;Sir John Lowther, 2nd Baronet, of Swillington;William Lowther"
Q5112833,Christopher Mayhew,4965,0,0,0,,,,1,,
Q5112921,Christopher Murphy,9326,0,0,0,,,,0,,
Q5112939,Christopher Needham,5187,0,0,0,,,,0,,
Q5112958,Christopher Nicholson Johnston,7435,0,0,0,,,,0,,
Q5112969,Christopher Norwood,8433,0,0,0,,,,0,,
Q5112976,Christopher Nyholm Shawcross,5720,1,1,0,sibling,sibling,HoC,1,panel;rush,Hartley Shawcross
Q5113133,Christopher Rice Mansel Talbot,926,0,0,0,,,,1,,
Q5113147,Christopher Robert Ingham Brooke,7811,0,0,0,,,,1,,
Q5113169,Christopher Rowland,5626,0,0,0,,,,0,,
Q5113270,Christopher St George,5835,0,0,0,,,,1,,
Q5113307,Christopher Sykes,923,0,0,0,,,,1,,
Q5113385,Christopher Ward,8434,0,0,0,,,,0,,
Q5113428,Christopher Codrington,6665,1,2,1,uncle/aunt,uncle/aunt;cousin,HoC,1,panel;rush,William John Codrington;Edward Codrington
Q5113480,Christopher York,6281,1,1,0,grandparent,grandparent,HoC,1,rush,"Sir Frederick Milner, 7th Baronet"
Q5126251,Clare Sewell Read,741,0,0,0,,,,0,,
Q5126392,Clarence Barton,8435,0,0,0,,,,0,,
Q5126871,Clarendon Hyde,4468,0,0,0,,,,0,,
Q5126940,Clarice Shaw,8436,0,0,0,,,,0,,
Q5128619,Claud Alexander,754,0,0,0,,,,1,,
Q5128637,Claud Heathcote-Drummond-Willoughby,6219,1,4,1,parent,parent;child;sibling;grandchild;uncle/aunt;niece/nephew,HoC,1,panel;rush,"Gilbert Heathcote, 1st Baron Aveland;Gilbert Heathcote-Drummond-Willoughby, 2nd Earl of Ancaster;James Heathcote-Drummond-Willoughby, 3rd Earl of Ancaster;Gilbert Heathcote-Drummond-Willoughby, 1st Earl of Ancaster"
Q5128851,Claude Drummond Hay,7612,0,0,0,,,,1,,
Q5128922,Claude Lancaster,8437,0,0,0,,,,0,,
Q5128942,Claude Lowther,7812,1,1,0,indirect,indirect,HoC,0,rush,"Sir John Lowther, 2nd Baronet, of Swillington"
Q5129278,Claudia Webbe,10286,0,0,0,,,,0,,
Q5131308,Clement Davies,8487,0,0,0,,,,0,,
Q5131317,Clement Edwards,7738,0,0,0,,,,0,,
Q5131354,Clement Kinloch-Cooke,4605,0,0,0,,,,0,,
Q5132907,Clifford Cory,3600,0,0,0,,,,1,,
Q5132937,Clifford Erskine-Bolst,3891,0,0,0,,,,0,,
Q5132944,Clifford Forsythe,83,0,0,0,,,,0,,
Q5132948,Clifford Glossop,4111,0,0,0,,,,0,,
Q5132986,Clifford Kenyon,8440,1,1,0,sibling,sibling,HoC,0,rush,Philip Kenyon-Slaney
Q5133073,Clifford Wilcock,6201,0,0,0,,,,0,,
Q5134501,Clive Bossom,3265,1,1,0,parent,parent;child,HoC,1,panel;rush,Alfred Bossom
Q5137028,Clyde Tabor Wilson,7814,0,0,0,,,,0,,
Q5144965,Colin Campbell Mitchell,9222,0,0,0,,,,0,,
Q5145007,Colin Coote,7815,0,0,0,,,,0,,
Q5145473,Mark Patrick,5336,0,0,0,,,,1,,
Q5145479,Colin Phipps,8441,0,0,0,,,,0,,
Q5145480,Colin Pickthall,550,0,0,0,,,,0,,
Q5145563,Colin Shepherd,9223,0,0,0,,,,0,,
Q5145619,Colin Thornton-Kemsley,5979,0,0,0,,,,0,,
Q5145635,Colin Turner,8442,0,0,0,,,,0,,
Q5147310,Collingwood Hughes,7817,0,0,0,,,,1,,
Q5149348,Colquhoun Grant,,0,0,0,,,,1,,
Q5149523,Colum Eastwood,10197,0,0,0,,,,0,,
Q5157932,Con Collins,6349,0,0,0,,,,0,,
Q5158073,Conal Gregory,9347,0,0,0,,,,0,,
Q5161086,Coningsby Disraeli,1786,1,1,0,uncle/aunt,uncle/aunt,HoC,1,rush,Benjamin Disraeli
Q5162141,Conolly Gage,4048,0,0,0,,,,0,,
Q5162256,Conor McGinn,9991,0,0,0,,,,0,,
Q5163567,Constance Monks,5090,0,0,0,,,,0,,
Q516738,Howard Douglas,6728,0,0,0,,,,1,,
Q5167803,Cooper Rawson,5520,0,0,0,,,,0,,
Q5171391,Cornelius Homan,4404,0,0,0,,,,0,,
Q5171428,Cornelius O'Brien,7074,1,2,1,indirect,indirect,HoC,0,rush,James O'Brien;John O'Brien
Q5172959,Corrie Grant,7403,1,1,0,indirect,indirect,HoC,0,rush,Henry Slesser
Q5174245,Cosmo Bonsor,1242,0,0,0,,,,1,,
Q5178470,Courtenay Mansel,4919,0,0,0,,,,1,,
Q5178672,Courtney Stanhope Kenny,2384,0,0,0,,,,0,,
Q5181182,Craig Mackinlay,9797,0,0,0,,,,0,,
Q5181687,"Craigie Aitchison, Lord Aitchison",2986,0,0,0,,,,0,,
Q5182718,Craven Berkeley,6562,1,6,1,sibling,sibling;uncle/aunt,HoC,1,panel;rush,"Maurice Berkeley, 1st Baron FitzHardinge;Grantley Berkeley;Charles Berkeley, 3rd Baron FitzHardinge;Francis Berkeley, 2nd Baron FitzHardinge;Grenville Berkeley;Henry FitzHardinge Berkeley"
Q5182868,Crawford Greene,8352,0,0,0,,,,0,,
Q5183008,Crawshay Bailey,6507,0,0,0,,,,0,,
Q5184522,Cresswell Cresswell,3627,1,1,0,sibling,sibling,HoC,1,panel;rush,Addison Cresswell
Q5187561,"Cromartie Sutherland-Leveson-Gower, 4th Duke of Sutherland",893,1,2,1,parent,parent;child;uncle/aunt;niece/nephew,HoC,1,panel;rush,"Lord Ronald Gower;George Sutherland-Leveson-Gower, 3rd Duke of Sutherland"
Q5196793,Cuthbert James,7819,1,2,1,child,child;grandchild,HoC,1,panel,"Walter James, 2nd Baron Northbourne;Walter James, 1st Baron Northbourne"
Q5200623,Cyril Atkinson,6350,0,0,0,,,,0,,
Q5200628,Cyril Banks,9064,0,0,0,,,,0,,
Q5200636,Cyril Bence,3161,0,0,0,,,,0,,
Q5200646,Cyril Black,3220,0,0,0,,,,0,,
Q5200670,Cyril Cobb,7821,0,0,0,,,,0,,
Q5200694,Cyril Dumpleton,3807,0,0,0,,,,0,,
Q5200708,Cyril Fullard Entwistle,3888,0,0,0,,,,0,,
Q5200717,"Cyril Flower, 1st Baron Battersea",1616,0,0,0,,,,1,,
Q5200787,Cyril Lakin,4626,0,0,0,,,,0,,
Q5200833,Cyril Osborne,8446,0,0,0,,,,1,,
Q5200895,Cyril Culverwell,3657,0,0,0,,,,0,,
Q5200901,Cyril Townsend,8447,0,0,0,,,,1,,
Q5203555,D. D. Sheehan,7514,0,0,0,,,,0,,
Q5203673,D. J. Williams,8460,0,0,0,,,,0,,
Q5208989,Dai Davies,10150,0,0,0,,,,0,,
Q5213250,Dan Chater,3485,0,0,0,,,,0,,
Q5213740,Dan Irving,4487,0,0,0,,,,0,,
Q5213768,Dan Jones,8450,1,1,0,child,child,HoC,0,rush,Dari Taylor
Q5214105,Dan Norris,531,0,0,0,,,,0,,
Q5216450,Daniel Awdry,3075,0,0,0,,,,1,,
Q5216636,Daniel Boyle,3305,0,0,0,,,,0,,
Q5216731,Daniel Callaghan,3425,0,0,0,,,,0,,
Q5217151,Daniel Fitzgerald Gabbett,1657,0,0,0,,,,1,,
Q5217170,Daniel Ford Goddard,2094,0,0,0,,,,0,,
Q5217192,Daniel Frankel,4025,0,0,0,,,,0,,
Q5217250,Daniel Gaskell,6813,0,0,0,,,,0,,
Q5217335,Daniel Grant,1717,0,0,0,,,,0,,
Q5217486,Daniel Higford Davall Burr,3407,0,0,0,,,,1,,
Q5217517,Daniel Hopkin,4409,0,0,0,,,,1,,
Q5217948,Daniel Lipson,4722,0,0,0,,,,0,,
Q5218059,Daniel Martin Wilson,9401,0,0,0,,,,0,,
Q5218291,Daniel O'Connell,5245,1,5,1,parent,parent;child;sibling;cousin,HoC,1,panel;rush,Morgan O'Connell;Daniel O'Connell;John O'Connell;Maurice O'Connell;Morgan O'Connell
Q5218300,Daniel O'Donoghue,2688,0,0,0,,,,0,,
Q5218639,Daniel Rowlinson Ratcliff,5512,0,0,0,,,,0,,
Q5218691,Daniel Sandford,5664,0,0,0,,,,1,,
Q5218804,Daniel Somerville,5798,0,0,0,,,,0,,
Q5218904,Daniel Taylor,931,0,0,0,,,,0,,
Q5218924,Daniel Thwaites,5988,1,2,1,grandchild,grandchild;indirect,HoC,1,rush,"Robert Yerburgh;Robert Yerburgh, 1st Baron Alvingham"
Q5218941,Daniel Turner Holmes,7425,1,2,1,grandchild,grandchild;indirect,HoC,1,rush,"Tony Benn;William Wedgwood Benn, 1st Viscount Stansgate"
Q5219087,Daniel Whittle Harvey,6878,0,0,0,,,,0,,
Q5220520,Danny Kinahan,9605,0,0,0,,,,1,,
Q5222678,Dari Taylor,654,1,1,0,parent,parent,HoC,0,rush,Dan Jones
Q5229455,Dave Nellist,5192,0,0,0,,,,0,,
Q5230602,David Adams,38,0,0,0,,,,0,,
Q5230651,David Ainsworth,734,0,0,0,,,,0,,
Q5230772,David Anderson,6396,0,0,0,,,,0,,
Q5230881,David Ashby,3044,0,0,0,,,,0,,
Q5230924,David Austick,3072,0,0,0,,,,0,,
Q5231112,David Barclay,6532,1,1,0,parent,parent;child,HoC,0,panel;rush,Alexander Charles Barclay
Q5231233,"David Beatty, 2nd Earl Beatty",3260,1,1,0,sibling,sibling,HoC,1,panel,Ronald Tree
Q5231290,David Bellotti,2960,0,0,0,,,,0,,
Q5231862,David Brynmor Jones,2132,1,1,0,sibling,sibling,HoC,1,panel,"Leifchild Leif-Jones, 1st Baron Rhayader"
Q5232114,David Campbell,8455,0,0,0,,,,0,,
Q5232276,David Chadwick,1351,0,0,0,,,,0,,
Q5232318,David Charles Erskine,7472,0,0,0,,,,0,,
Q5232413,David Hogg,9125,0,0,0,,,,0,,
Q5232505,David Congdon,3579,0,0,0,,,,0,,
Q5232684,David Crouch,3647,0,0,0,,,,0,,
Q5232857,David Davies,1458,0,0,0,,,,0,,
Q5233107,David Duncan,1520,1,1,0,child,child,HoC,0,rush,James Duncan
Q5233115,David Dundas,6742,0,0,0,,,,1,,
Q5233398,"David Ennals, Baron Ennals",3884,0,0,0,,,,1,,
Q5233403,David Ensor,3885,0,0,0,,,,0,,
Q5233457,David Evans,9372,0,0,0,,,,0,,
Q5233519,David Faber,271,1,1,0,grandparent,grandparent,HoC,1,rush,Harold Macmillan
Q5233685,"David Fleming, Lord Fleming",7831,0,0,0,,,,0,,
Q52340523,Humphrey St John-Mildmay,7030,1,3,1,parent,parent;child;grandparent;uncle/aunt;niece/nephew,HoC,1,panel;rush,"Humphrey St John-Mildmay;Paulet St. John Mildmay;Alexander Baring, 1st Baron Ashburton"
Q5234119,"David Gibson-Watt, Baron Gibson-Watt",4088,0,0,0,,,,1,,
Q5234150,David Gilroy Bevan,3186,0,0,0,,,,0,,
Q5234151,David Ginsburg,4100,0,0,0,,,,0,,
Q5234398,David Grenfell,8465,0,0,0,,,,0,,
Q5234417,David Griffiths,9225,0,0,0,,,,0,,
Q5234715,David Hardie,7823,1,2,1,sibling,sibling,HoC,0,rush,Keir Hardie;George Hardie
Q5234720,David Hardman,4254,0,0,0,,,,0,,
Q5234746,David Harris,9348,0,0,0,,,,0,,
Q5234901,David MacDonald,9411,0,0,0,,,,0,,
Q5235015,David Hinchliffe,355,0,0,0,,,,0,,
Q5235179,David Howarth,9480,0,0,0,,,,0,,
Q5235553,David James,8464,1,2,1,parent,parent;child,HoC,1,panel;rush,Archibald James;Brian Iddon
Q5235570,David James Jenkins,2355,0,0,0,,,,0,,
Q5235586,David Jamieson,386,0,0,0,,,,0,,
Q5235671,David John Morgan,7575,0,0,0,,,,0,,
Q5235718,David Johnstone Pryde,5474,0,0,0,,,,0,,
Q5235723,David Jones,6944,1,1,0,sibling,sibling,HoC,0,rush,John Jones
Q5235963,David Kerr,4578,0,0,0,,,,0,,
Q5235988,David Kidney,413,0,0,0,,,,0,,
Q5236051,"David Kirkwood, 1st Baron Kirkwood",9224,0,0,0,,,,1,,
Q5236086,David Knox,8462,0,0,0,,,,0,,
Q5236311,David Lambie,4631,0,0,0,,,,0,,
Q5236331,David Lane,8470,0,0,0,,,,0,,
Q5236506,David Lepper,428,0,0,0,,,,0,,
Q5236572,David Lewis Davies,7828,0,0,0,,,,0,,
Q5236603,David Lightbown,2939,0,0,0,,,,0,,
Q5236632,"David Lindsay, 28th Earl of Crawford",3092,1,5,1,parent,parent;child;sibling;grandparent;grandchild,HoC,1,panel;rush,"Sir Henry Pelly, 3rd Baronet;Robert Lindsay, 29th Earl of Crawford;James Lindsay, 26th Earl of Crawford;David Lindsay, 27th Earl of Crawford;James Lindsay"
Q5236686,David Llewellyn,8468,0,0,0,,,,1,,
Q5236726,David Lock,444,0,0,0,,,,0,,
Q5236738,David Logan,8459,0,0,0,,,,0,,
Q5236992,David MacIver,2882,0,0,0,,,,1,,
Q5237035,David Madel,458,0,0,0,,,,1,,
Q5237142,David Marquand,4938,1,1,0,parent,parent,HoC,0,rush,Hilary Marquand
Q5237158,David Marshall,470,0,0,0,,,,0,,
Q5237163,David Marshall Mason,7829,1,1,0,parent,parent;child,HoC,0,panel;rush,Stephen Mason
Q5237166,David Martin,9378,0,0,0,,,,1,,
Q5237227,David Matthews,7822,0,0,0,,,,0,,
Q5237595,David Milne Home,2303,0,0,0,,,,1,,
Q5237629,David Mitchell,9226,1,1,0,parent,parent,HoC,1,panel,Andrew Mitchell
Q5237718,David Morgan Adams,39,0,0,0,,,,0,,
Q5237762,David Mort,5125,0,0,0,,,,0,,
Q5237784,David Mudd,5137,0,0,0,,,,0,,
Q5237821,"David Mure, Lord Mure",7058,1,2,1,sibling,sibling;niece/nephew,HoC,0,rush,William Mure;William Mure
Q5237871,David Myles,5168,0,0,0,,,,0,,
Q5238021,David Nicholson,9380,0,0,0,,,,0,,
Q5238136,David O'Connor Henchy,4323,0,0,0,,,,1,,
Q5238183,David Ochterlony Dyce Sombre,5793,0,0,0,,,,1,,
Q5238497,David Penhaligon,5353,0,0,0,,,,0,,
Q5238624,David Pole,5421,0,0,0,,,,0,,
Q5238662,David Porter,9382,0,0,0,,,,0,,
Q5238706,David Price-White,5452,0,0,0,,,,0,,
Q5238709,David Price,8458,0,0,0,,,,0,,
Q5238722,David Prior,562,1,1,0,parent,parent;child,HoC,1,panel;rush,"James Prior, Baron Prior"
Q5238744,David Pugh,6477,0,0,0,,,,0,,
Q5238746,David Pugh,2797,0,0,0,,,,0,,
Q5238778,"David Quibell, 1st Baron Quibell",5487,0,0,0,,,,1,,
Q5238951,David Reed,8452,0,0,0,,,,0,,
Q5238956,"David Rees-Williams, 1st Baron Ogmore",5543,0,0,0,,,,1,,
Q5238989,David Rendel,574,0,0,0,,,,0,,
Q5239023,David Ricardo,5566,1,3,1,sibling,sibling;uncle/aunt;cousin,HoC,0,panel;rush,Osman Ricardo;John Lewis Ricardo;Samson Ricardo
Q5239028,David Richard Pigot,5400,0,0,0,,,,0,,
Q5239121,"David Robertson, 1st Baron Marjoribanks",768,1,1,0,sibling,sibling,HoC,1,panel;rush,Charles Marjoribanks
Q5239125,David Robertson,6499,0,0,0,,,,0,,
Q5239433,David Salomons,814,0,0,0,,,,1,,
Q5239463,David Sanders Davies,7833,0,0,0,,,,0,,
Q5239659,David Shackleton,5712,0,0,0,,,,0,,
Q5239687,David Shaw,9383,0,0,0,,,,0,,
Q5239704,David Sheehy,2160,0,0,0,,,,0,,
Q5239881,David Smith,869,0,0,0,,,,0,,
Q5240093,David Stewart Ker,6958,1,3,1,parent,parent;child;sibling;indirect,HoC,1,panel;rush,David Guardi Ker;Richard Ker;Richard William Blackwood Ker
Q5240284,David Taylor,655,0,0,0,,,,0,,
Q5240339,David Thomas,8457,0,0,0,,,,0,,
Q5240365,David Thomas Jones,8467,0,0,0,,,,0,,
Q5240503,David Trippier,6038,0,0,0,,,,0,,
Q5240760,David Waddington,9427,0,0,0,,,,0,,
Q5240774,David Walder,6115,1,1,0,indirect,indirect,HoC,0,rush,"William Rankine Milligan, Lord Milligan"
Q5240825,David Warburton,9824,0,0,0,,,,0,,
Q5240866,David Watkins,6144,0,0,0,,,,0,,
Q5240884,David Watts Morgan,7834,0,0,0,,,,0,,
Q5240902,David Webster,8469,0,0,0,,,,0,,
Q5240944,David Weitzman,6161,0,0,0,,,,0,,
Q5241134,David Williams,1053,1,1,0,parent,parent;child,HoC,1,panel;rush,"Sir Osmond Williams, 1st Baronet"
Q5241137,David Williams,6486,0,0,0,,,,0,,
Q5241317,David Young,6397,0,0,0,,,,0,,
Q5241730,Davies Gilbert,,0,0,0,,,,0,,
Q5242429,Dawn Butler,9474,0,0,0,,,,0,,
Q5248514,Debra Shipley,609,0,0,0,,,,0,,
Q5254967,Delwyn Williams,9340,0,0,0,,,,0,,
Q5256456,Den Dover,1514,0,0,0,,,,0,,
Q5256980,Denham Jephson-Norreys,5226,0,0,0,,,,1,,
Q5257152,Denis Caulfield Brady,1966,0,0,0,,,,0,,
Q5257153,Denis Caulfield Heron,4340,0,0,0,,,,0,,
Q5257164,Denis Coe,3552,0,0,0,,,,0,,
Q5257313,Denis Keegan,4552,0,0,0,,,,0,,
Q5257317,Denis Kilbride,2886,0,0,0,,,,0,,
Q5257345,Denis Le Marchant,4667,0,0,0,,,,1,,
Q5257380,Denis Maurice O'Conor,2684,1,2,1,parent,parent;child;sibling,HoC,1,panel;rush,Charles Owen O'Conor;Denis O'Conor
Q5257415,Denis Murphy,525,0,0,0,,,,0,,
Q5257434,Denis O'Conor,7082,1,2,1,parent,parent;child,HoC,1,panel;rush,Charles Owen O'Conor;Denis Maurice O'Conor
Q5257515,Denis Shipwright,5736,1,1,0,indirect,indirect,HoC,0,rush,Edward Hain
Q5258290,Dennis Coleridge Boles,3251,0,0,0,,,,0,,
Q5258507,"Dennis Herbert, 1st Baron Hemingford",7837,0,0,0,,,,1,,
Q5258517,Dennis Hobden,4385,0,0,0,,,,0,,
Q52587398,Órfhlaith Begley,10295,0,0,0,,,,0,,
Q5259036,"Dennis Vosper, Baron Runcorn",6096,0,0,0,,,,1,,
Q5259049,Dennis Walters,6127,1,1,0,indirect,indirect,HoC,0,rush,Duncan Sandys
Q5259130,Dennistoun Burney,3405,0,0,0,,,,1,,
Q5259843,Denys Bullard,8472,0,0,0,,,,0,,
Q5259904,Denzil Freeth,4037,0,0,0,,,,0,,
Q5259920,Denzil Roberts Onslow,2700,0,0,0,,,,1,,
Q5261284,"George Vane-Tempest, 5th Marquess of Londonderry",5699,1,5,1,parent,parent;child;sibling;grandparent;grandchild;indirect,HoC,1,panel;rush,"Frederick Stewart, 4th Marquess of Londonderry;Charles Vane-Tempest-Stewart, 7th Marquess of Londonderry;Charles Vane-Tempest-Stewart, 6th Marquess of Londonderry;Lord Adolphus Vane-Tempest;Wentworth Beaumont, 1st Viscount Allendale"
Q5261890,Derek Coombs,3585,0,0,0,,,,0,,
Q5261948,Derek Enright,2938,0,0,0,,,,0,,
Q5261951,Derek Fatchett,75,0,0,0,,,,0,,
Q5262246,"Derek Page, Baron Whaddon",9266,0,0,0,,,,1,,
Q5262373,Derek Spencer,9364,0,0,0,,,,0,,
Q5262429,"Derek Walker-Smith, Baron Broxbourne",6121,1,1,0,parent,parent;child,HoC,1,panel;rush,Jonah Walker-Smith
Q5262483,Derek Wyatt,725,0,0,0,,,,0,,
Q5263331,Derwent Hall Caine,4225,1,1,0,sibling,sibling,HoC,0,panel;rush,Gordon Hall Caine
Q5263565,Des Turner,677,0,0,0,,,,0,,
Q5264702,Desmond Donnelly,3755,0,0,0,,,,0,,
Q5271257,Diana Organ,538,0,0,0,,,,0,,
Q5271919,Diarmuid Lynch,4801,0,0,0,,,,0,,
Q5272842,Dick Douglas,8832,0,0,0,,,,0,,
Q52840153,John Dunn,3508,0,0,0,,,,0,,
Q5287928,Dodgson Hamilton Madden,4887,0,0,0,,,,0,,
Q5290904,"Dominick Browne, 1st Baron Oranmore and Browne",6596,0,0,0,,,,1,,
Q5292214,Don Bennett,7841,0,0,0,,,,0,,
Q5292445,Don Concannon,3578,0,0,0,,,,0,,
Q5293898,Donal Sullivan,2176,0,0,0,,,,0,,
Q5294050,Donald Box,3291,0,0,0,,,,0,,
Q5294081,"Donald Bruce, Baron Bruce of Donington",8475,0,0,0,,,,1,,
Q5294124,Donald Cameron of Lochiel,1318,0,0,0,,,,1,,
Q5294183,Donald Coleman,2965,0,0,0,,,,0,,
Q5294196,Donald Crawford,1412,0,0,0,,,,1,,
Q5294217,Donald Dalrymple,1446,0,0,0,,,,0,,
Q5294521,Donald Horne Macfarlane,2527,0,0,0,,,,0,,
Q5294526,"Donald Howard, 3rd Baron Strathcona and Mount Royal",7842,1,2,1,child,child;sibling;indirect,HoC,1,panel;rush,"John Loder, 2nd Baron Wakehurst;Arthur Jared Palmer Howard"
Q5294625,"Donald Kaberry, Baron Kaberry of Adel",4541,0,0,0,,,,1,,
Q5294744,Donald MacGregor,2531,0,0,0,,,,0,,
Q5294774,Donald Mackenzie Smeaton,5776,0,0,0,,,,1,,
Q5294786,Donald Maclean,7839,0,0,0,,,,0,,
Q5294793,Donald Macmaster,4864,0,0,0,,,,0,,
Q5294842,Donald Johnson,8474,0,0,0,,,,0,,
Q5294915,Donald Murray,7840,0,0,0,,,,0,,
Q5295071,Donald Robert Macgregor,2532,0,0,0,,,,0,,
Q5295126,Donald Scott,8850,0,0,0,,,,1,,
Q5295185,Donald Stewart,8473,0,0,0,,,,0,,
Q5295204,Donald Sumner,5921,0,0,0,,,,0,,
Q5295219,Donald Thompson,9334,0,0,0,,,,0,,
Q5295275,"Donald Wade, Baron Wade",6100,0,0,0,,,,1,,
Q5295315,Donald Williams,8951,0,0,0,,,,0,,
Q5298474,Dorothy Jewson,4524,0,0,0,,,,0,,
Q5298607,Dorothy Rees,5534,0,0,0,,,,0,,
Q5300550,Doug Henderson,347,0,0,0,,,,0,,
Q5300773,Doug Naysmith,528,0,0,0,,,,0,,
Q5301316,Douglas Carnegie,7625,0,0,0,,,,1,,
Q5301387,Douglas Crawford,8551,0,0,0,,,,0,,
Q5301489,Douglas French,9374,0,0,0,,,,0,,
Q5301523,Douglas Glover,4113,0,0,0,,,,0,,
Q5301560,"Douglas Hacking, 1st Baron Hacking",4211,0,0,0,,,,1,,
Q5301586,Douglas Henderson,8477,0,0,0,,,,0,,
Q5301612,"Douglas Houghton, Baron Houghton of Sowerby",4433,0,0,0,,,,1,,
Q5301658,"Douglas Jamieson, Lord Jamieson",9157,0,0,0,,,,0,,
Q5301661,"Douglas Jay, Baron Jay",4505,0,0,0,,,,1,,
Q5301665,"Douglas Johnston, Lord Johnston",8478,0,0,0,,,,0,,
Q5301689,Douglas King,7982,0,0,0,,,,0,,
Q5301738,Douglas Lloyd Savory,8479,0,0,0,,,,0,,
Q5301761,Douglas MacInnes Shaw,7748,0,0,0,,,,0,,
Q5301780,Douglas Marshall,9228,0,0,0,,,,1,,
Q5301891,Douglas Pielou,5398,0,0,0,,,,0,,
Q5301898,Douglas Proby,5466,1,4,1,child,child;niece/nephew,HoC,1,panel,"Arthur Hamilton-Gordon, 1st Baron Stanmore;George Hamilton-Gordon, 5th Earl of Aberdeen;Alexander Hamilton-Gordon;Lord Claud Hamilton"
Q5301900,Douglas Pyne,2801,0,0,0,,,,0,,
Q5301989,Douglas Spencer-Nairn,5823,0,0,0,,,,1,,
Q5302004,Douglas Straight,5895,0,0,0,,,,0,,
Q5302056,Douglas Vickers,7843,0,0,0,,,,1,,
Q5307191,Drew Hendry,9618,0,0,0,,,,0,,
Q5307831,Hartley Booth,9082,0,0,0,,,,0,,
Q5307835,John Crowder,3649,1,1,0,parent,parent;child,HoC,1,panel;rush,Petre Crowder
Q5307870,"Tom Williams, Baron Williams of Barnburgh",8903,0,0,0,,,,1,,
Q5309236,Drummond Shiels,5732,0,0,0,,,,0,,
Q5309662,Dryden Brook,3356,0,0,0,,,,0,,
Q5311870,Dudley Fishburn,2943,0,0,0,,,,0,,
Q5311875,Dudley Fortescue,1633,1,4,1,child,child;sibling;uncle/aunt;cousin,HoC,1,panel;rush,"Hugh Fortescue, 2nd Earl Fortescue;Hugh Fortescue, 4th Earl Fortescue;Hugh Fortescue, 3rd Earl Fortescue;John William Fortescue"
Q5311895,Dudley Joel,4527,0,0,0,,,,1,,
Q5311943,Dudley Pelham,7115,1,2,1,sibling,sibling;uncle/aunt;niece/nephew,HoC,1,panel;rush,"Charles Anderson-Pelham, 3rd Earl of Yarborough;Charles Anderson-Pelham, 2nd Earl of Yarborough"
Q5311965,"Dudley Ryder, 2nd Earl of Harrowby",9115,1,5,1,parent,parent;child;sibling;uncle/aunt;niece/nephew;indirect,HoC,1,panel;rush,"Dudley Ryder, 3rd Earl of Harrowby;Dudley Ryder, 6th Earl of Harrowby;Granville Ryder;Granville Ryder;John Ryder, 5th Earl of Harrowby"
Q5311966,"Dudley Ryder, 3rd Earl of Harrowby",821,1,5,1,parent,parent;child;grandchild;uncle/aunt;niece/nephew;cousin;indirect,HoC,1,panel;rush,"Dudley Ryder, 2nd Earl of Harrowby;Dudley Ryder, 6th Earl of Harrowby;Granville Ryder;Granville Ryder;John Ryder, 5th Earl of Harrowby"
Q5311969,"Dudley Ryder, 6th Earl of Harrowby",7845,1,3,1,parent,parent;child;grandparent;indirect,HoC,1,panel;rush,"Dudley Ryder, 2nd Earl of Harrowby;Dudley Ryder, 3rd Earl of Harrowby;John Ryder, 5th Earl of Harrowby"
Q5311979,Dudley Smith,8480,0,0,0,,,,0,,
Q5312454,Dugald Cowan,7846,0,0,0,,,,0,,
Q5314129,Dunbar Barton,1177,0,0,0,,,,1,,
Q5314327,Duncan Davidson,,0,0,0,,,,1,,
Q5314357,Duncan Campbell,7623,0,0,0,,,,0,,
Q5314475,Duncan Macgregor Graham,7847,0,0,0,,,,0,,
Q5314491,Duncan McCallum,4975,0,0,0,,,,1,,
Q5314516,Duncan McLaren,2540,1,6,1,parent,parent;child;grandparent;grandchild;indirect,HoC,1,panel;rush,"Charles McLaren, 1st Baron Aberconway;Francis McLaren;Henry McLaren;John McLaren;Martin McLaren;Walter McLaren"
Q5314527,"Duncan McNeill, 1st Baron Colonsay",5025,0,0,0,,,,1,,
Q5314642,Duncan Vernon Pirie,5408,0,0,0,,,,1,,
Q5314705,Duncombe Pleydell-Bouverie,3274,1,2,1,sibling,sibling;niece/nephew,HoC,1,panel;rush,Edward Pleydell-Bouverie;Philip Pleydell-Bouverie
Q5318860,Dymoke White,8887,0,0,0,,,,1,,
Q5321871,E. G. Pretyman,2195,0,0,0,,,,1,,
Q5321936,E. J. C. Morton,1812,0,0,0,,,,0,,
Q532347,Angela Browning,155,0,0,0,,,,1,,
Q5331575,Ebby Edwards,7848,0,0,0,,,,0,,
Q5331721,Ebenezer Parkes,2103,0,0,0,,,,0,,
Q5336300,Eddie McGrady,489,0,0,0,,,,0,,
Q533649,Lady Cynthia Mosley,5129,1,2,1,parent,parent;child;spouse,HoC,1,panel;rush,"George Curzon, 1st Marquess Curzon of Kedleston;Oswald Mosley"
Q5337090,Edgar Alfred Bowring,1250,1,1,0,parent,parent;child,HoC,1,panel;rush,John Bowring
Q5337171,Edgar Chatfeild-Clarke,3486,1,1,0,cousin,cousin,HoC,0,panel;rush,Joseph Chamberlain
Q5337267,"Edgar Granville, Baron Granville of Eye",4154,0,0,0,,,,1,,
Q5337269,Edgar Grierson,4176,0,0,0,,,,0,,
Q5337326,Edgar Keatinge,4549,0,0,0,,,,0,,
Q5337436,Edgar Rees Jones,7849,0,0,0,,,,0,,
Q5338643,Edith Picton-Turbervill,5397,0,0,0,,,,1,,
Q5338644,Edith Pitt,5410,0,0,0,,,,0,,
Q5338693,Edith Wills,8482,0,0,0,,,,0,,
Q5338909,"Edmond Roche, 1st Baron Fermoy",7166,1,2,1,parent,parent;child;grandparent;grandchild,HoC,1,panel;rush,"James Roche, 3rd Baron Fermoy;Maurice Roche, 4th Baron Fermoy"
Q5338935,Edmond Wodehouse,1940,0,0,0,,,,1,,
Q5338936,Edmond Wodehouse,6308,0,0,0,,,,1,,
Q5339253,Edmund Ashworth Radford,5490,0,0,0,,,,0,,
Q5339261,Edmund Backhouse,1142,0,0,0,,,,1,,
Q5339272,Edmund Bartley-Denniss,3117,0,0,0,,,,0,,
Q5339302,Edmund Boulnois,1915,0,0,0,,,,0,,
Q5339322,Edmund Brocklebank,3346,0,0,0,,,,0,,
Q5339324,Edmund Broughton Barnard,3107,0,0,0,,,,0,,
Q5339329,Edmund Buckley,6436,1,1,0,parent,parent;indirect,HoC,0,panel;rush,"Sir Edmund Buckley, 1st Baronet"
Q5339450,"Edmund Faber, 1st Baron Faber",9130,1,2,1,sibling,sibling,HoC,1,panel;rush,"George Faber, 1st Baron Wittenham;Walter Faber"
Q5339500,Edmund Gilling Hallewell,4229,0,0,0,,,,0,,
Q5339553,Edmund Kennard,2382,1,2,1,sibling,sibling;uncle/aunt,HoC,1,panel;rush,Coleridge Kennard;Robert Kennard
Q5339628,"Sir Edmund Lacon, 3rd Baronet",2413,0,0,0,,,,1,,
Q5339629,Edmund Lamb,4627,0,0,0,,,,0,,
Q5339634,Edmund Leamy,2049,0,0,0,,,,0,,
Q5339661,Edmund Marshall,9229,0,0,0,,,,0,,
Q5339752,Edmund Potter,2781,0,0,0,,,,1,,
Q5339786,"Edmund Robertson, 1st Baron Lochee",2140,0,0,0,,,,1,,
Q5339798,Edmund Royds,7850,0,0,0,,,,0,,
Q5339871,Edmund Turnor,965,1,1,0,parent,parent,HoC,1,rush,Christopher Turnor
Q5339872,Edmund Turner,7294,0,0,0,,,,0,,
Q5339887,Edmund Vesey Knox,2408,1,1,0,sibling,sibling,HoC,1,panel,Alfred Knox
Q5339897,Edmund Walter Hanbury Wood,7851,1,1,0,parent,parent,HoC,0,rush,"Sir John Wood, 1st Baronet"
Q5339918,Edmund Widdrington Byrne,1313,0,0,0,,,,0,,
Q5340127,Ednyfed Hudson Davies,8577,0,0,0,,,,0,,
Q5341520,Edward Akroyd,735,0,0,0,,,,0,,
Q5341531,Edward Aldam Leatham,2438,1,1,0,sibling,sibling,HoC,1,panel;rush,William Henry Leatham
Q5341581,Edward Anthony Strauss,7854,0,0,0,,,,0,,
Q5341608,Edward Arthur Somerset,7228,1,2,1,child,child;indirect,HoC,1,panel;rush,Lord Edward Somerset;Poulett Somerset
Q5341716,Edward Baines,1155,1,2,1,parent,parent;child;sibling,HoC,0,panel;rush,Edward Baines;Matthew Talbot Baines
Q5341721,Edward Baker,6520,0,0,0,,,,0,,
Q5341731,Edward Ball,6527,0,0,0,,,,0,,
Q5341790,Edward Barry,2150,0,0,0,,,,0,,
Q5341831,Edward Beauchamp,3137,1,1,0,parent,parent,HoC,1,panel,Brograve Beauchamp
Q5341898,Edward Birkbeck,1223,0,0,0,,,,1,,
Q5341899,"Edward Bishop, Baron Bishopston",3217,0,0,0,,,,1,,
Q5341930,Edward Blount,,0,0,0,,,,1,,
Q5341941,Edward Bolton King,6960,0,0,0,,,,1,,
Q5341942,Edward Bond,1929,0,0,0,,,,0,,
Q5341978,"Edward Boyle, Baron Boyle of Handsworth",3303,0,0,0,,,,1,,
Q5342020,Edward Brocklehurst Fielden,3957,1,3,1,parent,parent;child;sibling;grandparent;grandchild,HoC,1,panel;rush,John Fielden;Joshua Fielden;Thomas Fielden
Q5342034,"Edward Brotherton, 1st Baron Brotherton",3361,0,0,0,,,,1,,
Q5342036,Edward Brown,8488,0,0,0,,,,0,,
Q5342048,Edward Brydges Willyams,1065,1,1,0,parent,parent,HoC,1,rush,Humphrey Willyams
Q5342065,Edward Bunbury,3393,1,1,0,child,child,HoC,1,panel,"Sir Henry Bunbury, 7th Baronet"
Q5342118,Edward Buxton,1310,1,8,1,parent,parent;child;sibling;grandparent;grandchild;uncle/aunt;niece/nephew;cousin,HoC,1,panel;rush,"Sir Edward Buxton, 2nd Baronet;Sydney Buxton, 1st Earl Buxton;Charles Buxton;Noel Noel-Buxton;Thomas Fowell Buxton;Charles Buxton;Francis Buxton;Sir Thomas Buxton, 1st Baronet"
Q5342180,Edward Cadogan,3419,1,3,1,child,child;sibling;grandchild,HoC,1,panel,"George Cadogan, 5th Earl Cadogan;Henry Cadogan, 4th Earl Cadogan;Henry Cadogan, Viscount Chelsea"
Q5342205,Edward Carbutt,1327,0,0,0,,,,0,,
Q5342221,Edward Carson,8483,1,1,0,child,child,HoC,1,panel,"Edward Carson, Baron Carson"
Q5342254,Edward Chaplin,1357,1,1,0,sibling,sibling,HoC,1,panel;rush,"Henry Chaplin, 1st Viscount Chaplin"
Q5342258,Edward Chapman,7491,1,1,0,parent,parent,HoC,0,rush,John Chapman
Q5342266,Edward Charles Ellice,7591,1,1,0,indirect,indirect,HoC,1,rush,Edward Ellice
Q5342327,Edward Clive,1378,1,4,1,parent,parent;child;grandparent;grandchild;indirect,HoC,1,panel;rush,Edward Clive;George Clive;Percy Clive;Robert Windsor-Clive
Q5342337,Edward Cobb,7857,0,0,0,,,,0,,
Q5342350,Edward Coke,3555,1,2,1,child,child;sibling,HoC,1,panel;rush,"Wenman Coke;Thomas Coke, 1st Earl of Leicester"
Q5342408,Edward Corbett,3015,0,0,0,,,,0,,
Q5342422,Edward Cotton-Jodrell,2833,0,0,0,,,,1,,
Q5342426,"Edward Courtenay, 12th Earl of Devon",2835,1,1,0,parent,parent;child,HoC,1,panel;rush,"William Courtenay, 11th Earl of Devon"
Q5342544,Edward Dawes,3690,0,0,0,,,,0,,
Q5342546,Edward Dawson,6708,0,0,0,,,,1,,
Q5342568,Edward Denison,1481,0,0,0,,,,1,,
Q5342591,"Edward Digby, 10th Baron Digby",1492,1,1,0,indirect,indirect,HoC,1,rush,Simon Wingfield Digby
Q5342621,Edward Doran,9158,0,0,0,,,,0,,
Q5342629,"Edward Douglas-Pennant, 3rd Baron Penrhyn",1506,1,3,1,parent,parent;child;grandparent;grandchild;indirect,HoC,1,panel;rush,"Edward Douglas-Pennant, 1st Baron Penrhyn;George Douglas-Pennant, 2nd Baron Penrhyn;Sir Cuthbert Quilter, 2nd Baronet"
Q5342671,Edward Dunn,7852,0,0,0,,,,0,,
Q5342743,Edward Christopher Egerton,1544,1,4,1,sibling,sibling;uncle/aunt;niece/nephew;indirect,HoC,1,panel;rush,"Sir Philip Grey Egerton, 10th Baronet;Alan Egerton, 3rd Baron Egerton;Wilbraham Egerton, 1st Earl Egerton;William Egerton, 1st Baron Egerton"
Q5342752,"Edward Eliot, 3rd Earl of St Germans",3864,1,1,0,parent,parent;child,HoC,1,panel;rush,"William Eliot, 4th Earl of St Germans"
Q5342758,Edward Ellice,1551,1,3,1,parent,parent;child;uncle/aunt;niece/nephew;indirect,HoC,1,panel;rush,Edward Ellice;Alexander Ellice;Edward Charles Ellice
Q5342798,Edward Evans,8485,0,0,0,,,,0,,
Q5342859,Edward Falconer Litton,2477,0,0,0,,,,1,,
Q5342877,"Edward Fellowes, 1st Baron de Ramsey",1589,1,4,1,parent,parent;child;sibling;indirect,HoC,1,panel;rush,"Ailwyn Fellowes, 1st Baron Ailwyn;George Milles, 1st Earl Sondes;Richard Fellowes Benyon;William Fellowes, 2nd Baron de Ramsey"
Q5342888,Edward Field,1594,0,0,0,,,,0,,
Q5342919,"Edward Fitzalan-Howard, 1st Baron Howard of Glossop",6913,1,3,1,child,child;sibling;uncle/aunt,HoC,1,panel;rush,"Henry Fitzalan-Howard, 14th Duke of Norfolk;Henry Howard, 13th Duke of Norfolk;Edmund FitzAlan-Howard, 1st Viscount FitzAlan of Derwent"
Q5342934,Edward Fleming,8490,0,0,0,,,,0,,
Q5342937,Edward Fletcher,8489,0,0,0,,,,0,,
Q5342995,Edward Frank Wise,6351,0,0,0,,,,0,,
Q5343062,Edward Gardner,8491,0,0,0,,,,0,,
Q5343087,Edward George Barnard,3106,0,0,0,,,,0,,
Q5343102,"Edward Gibson, 1st Baron Ashbourne",1674,1,1,0,indirect,indirect,HoC,1,rush,"William Orde-Powlett, 5th Baron Bolton"
Q5343145,"Edward Goulding, 1st Baron Wargrave",2198,1,1,0,parent,parent;child,HoC,1,panel;rush,William Goulding
Q5343159,Edward Greaves,1726,0,0,0,,,,0,,
Q5343165,Edward Greene,1730,1,2,1,parent,parent;child;grandparent,HoC,1,panel;rush,"Sir Edward Greene, 1st Baronet;Sir Raymond Greene, 2nd Baronet"
Q5343174,"Edward Grenfell, 1st Baron St Just",7856,1,4,1,parent,parent;child;grandchild;niece/nephew;indirect,HoC,1,panel;rush,Henry Adeane;Charles Grenfell;Charles Grenfell;Henry Grenfell
Q5343188,Edward Griffiths,9231,0,0,0,,,,0,,
Q5343190,"Edward Grigg, 1st Baron Altrincham",4180,0,0,0,,,,1,,
Q5343196,Edward Grimston,6849,1,3,1,sibling,sibling;uncle/aunt;niece/nephew;indirect,HoC,1,panel;rush,"James Grimston, 2nd Earl of Verulam;James Grimston, 3rd Earl of Verulam;John Grimston, 6th Earl of Verulam"
Q5343295,Edward Hammond Bentall,1208,1,1,0,indirect,indirect,HoC,0,rush,Charles Wing Gray
Q5343304,Edward Hardcastle,2221,0,0,0,,,,0,,
Q5343309,Edward Arthur Hardy,8486,0,0,0,,,,0,,
Q5343320,Edward Harney,4263,0,0,0,,,,0,,
Q5343328,Edward Harrington,2228,1,1,0,sibling,sibling,HoC,0,rush,Timothy Harrington
Q5343334,Edward Harris,6876,1,1,0,sibling,sibling,HoC,1,panel;rush,James Harris
Q5343396,Edward Hemmerde,4322,0,0,0,,,,0,,
Q5343402,"Edward Heneage, 1st Baron Heneage",2250,1,3,1,parent,parent;child;uncle/aunt;niece/nephew;indirect,HoC,1,panel;rush,Arthur Heneage;Edward Heneage;George Heneage
Q5343403,Edward Heneage,6454,1,4,1,sibling,sibling;grandchild;uncle/aunt;niece/nephew;indirect,HoC,1,panel;rush,"Arthur Heneage;Edward Heneage, 1st Baron Heneage;George Heneage;William Beresford"
Q5343417,Edward Craufurd,1416,0,0,0,,,,1,,
Q5343428,"Edward Herbert, 2nd Earl of Powis",8995,1,8,1,parent,parent;child;sibling;uncle/aunt;niece/nephew;indirect,HoC,1,panel;rush,"George Windsor-Clive;Henry Clive;Edward Herbert, 3rd Earl of Powis;George Windsor-Clive;Percy Clive;Percy Herbert;Robert Clive;Robert Windsor-Clive"
Q5343429,"Edward Herbert, 3rd Earl of Powis",8996,1,8,1,parent,parent;child;sibling;uncle/aunt;niece/nephew;cousin;indirect,HoC,1,panel;rush,"George Windsor-Clive;Henry Clive;Edward Herbert, 2nd Earl of Powis;George Windsor-Clive;Percy Clive;Percy Herbert;Robert Clive;Robert Windsor-Clive"
Q5343437,Edward Hermon,2261,1,1,0,indirect,indirect,HoC,0,rush,"Robert Hermon-Hodge, 1st Baron Wyfold"
Q5343445,Edward Hicks,2270,0,0,0,,,,0,,
Q5343474,Edward Hodson Bayley,1189,0,0,0,,,,0,,
Q5343492,Edward Holmes Baldock,3089,0,0,0,,,,0,,
Q5343499,Edward Hopkinson,7853,0,0,0,,,,1,,
Q5343505,Edward Hornby,6909,1,1,0,parent,parent,HoC,0,rush,William Henry Hornby
Q5343513,"Edward Howard, 1st Baron Lanerton",6914,1,6,1,sibling,sibling;uncle/aunt;indirect,HoC,1,panel;rush,"George Howard, 7th Earl of Carlisle;Frederick Howard;George Howard, 9th Earl of Carlisle;Charles Howard;Geoffrey Howard;William Howard"
Q5343525,Edward Howes,2319,0,0,0,,,,0,,
Q5343592,"Edward Iliffe, 1st Baron Iliffe",4474,0,0,0,,,,1,,
Q5343716,Edward James,6931,0,0,0,,,,0,,
Q5343734,Edward James Saunderson,824,1,2,1,uncle/aunt,uncle/aunt,HoC,1,rush,"Henry Maxwell, 7th Baron Farnham;Somerset Maxwell, 8th Baron Farnham"
Q5343750,Edward Jenkins,2356,0,0,0,,,,0,,
Q5343796,Edward Sartoris,822,0,0,0,,,,1,,
Q5343800,Edward Johnson-Ferguson,2365,0,0,0,,,,1,,
Q5343801,Edward Johnson,2362,0,0,0,,,,0,,
Q5343848,Edward Joseph Kennedy,2383,0,0,0,,,,0,,
Q5343890,Edward Keeling,4553,0,0,0,,,,0,,
Q5343904,Edward Kelly,7861,0,0,0,,,,0,,
Q5343940,Edward King-Harman,2394,0,0,0,,,,1,,
Q5343961,"Edward Knatchbull-Hugessen, 1st Baron Brabourne",2403,1,3,1,parent,parent;child;sibling,HoC,1,panel;rush,"Edward Knatchbull-Hugessen, 2nd Baron Brabourne;Herbert Knatchbull-Hugessen;Sir Edward Knatchbull, 9th Baronet"
Q5343962,"Edward Knatchbull-Hugessen, 2nd Baron Brabourne",4617,1,4,1,parent,parent;child;grandchild;niece/nephew;indirect,HoC,1,panel;rush,"Edward Knatchbull-Hugessen, 1st Baron Brabourne;Herbert Knatchbull-Hugessen;Wentworth Beaumont, 1st Viscount Allendale;Sir Edward Knatchbull, 9th Baronet"
Q5344111,Edward Leigh Pemberton,2746,0,0,0,,,,1,,
Q5344123,Edward Lessing,9097,0,0,0,,,,0,,
Q5344160,"Edward Littleton, 1st Baron Hatherton",4732,1,2,1,parent,parent;child;indirect,HoC,1,panel;rush,"Charles Evelyn Pierrepont, Viscount Newark;Edward Littleton, 2nd Baron Hatherton"
Q5344162,"Edward Littleton, 2nd Baron Hatherton",4731,1,1,0,parent,parent;child,HoC,1,panel;rush,"Edward Littleton, 1st Baron Hatherton"
Q5344169,Edward Litton,6985,0,0,0,,,,0,,
Q5344180,"Edward Lloyd, 1st Baron Mostyn",,1,2,1,parent,parent;grandparent,HoC,1,panel,"Edward Lloyd-Mostyn, 2nd Baron Mostyn;Thomas Lloyd-Mostyn"
Q5344181,"Edward Lloyd-Mostyn, 2nd Baron Mostyn",5131,1,2,1,parent,parent;child,HoC,1,panel;rush,"Edward Lloyd, 1st Baron Mostyn;Thomas Lloyd-Mostyn"
Q5344222,Edward Loyden,4769,0,0,0,,,,0,,
Q5344335,Edward Manville,4923,0,0,0,,,,0,,
Q5344347,Edward Marshall Hall,7374,0,0,0,,,,0,,
Q5344350,Edward Marten Dunne,3820,1,1,0,parent,parent;child,HoC,1,panel;rush,Philip Dunne
Q5344359,Edward Marum,2579,0,0,0,,,,0,,
Q5344408,Edward McHugh,4815,0,0,0,,,,0,,
Q5344445,Edward Michael Conolly,6671,1,1,0,parent,parent;child,HoC,1,panel;rush,Thomas Conolly
Q5344446,Edward Miall,2597,0,0,0,,,,0,,
Q5344467,Edward Miller Mundy,5152,1,1,0,cousin,cousin,HoC,1,panel;rush,William Mundy
Q5344478,Edward Mitchell,9135,0,0,0,,,,0,,
Q5344622,Edward Nicholl,5210,0,0,0,,,,0,,
Q5344667,Edward O'Hara,534,0,0,0,,,,0,,
Q5344670,"Edward O'Neill, 2nd Baron O'Neill",2699,1,4,1,parent,parent;child;sibling;grandparent;grandchild,HoC,1,panel;rush,"Hugh O'Neill, 1st Baron Rathcavan;Arthur O'Neill;Phelim O'Neill, 2nd Baron Rathcavan;Robert Torrens O'Neill"
Q5344692,Edward Orlando Kellett,4560,0,0,0,,,,1,,
Q5344766,Edward Parrott,5327,0,0,0,,,,0,,
Q5344826,Edward Percy Smith,8492,0,0,0,,,,0,,
Q5344855,Edward Pickersgill,2066,0,0,0,,,,0,,
Q5344870,Edward Pleydell-Bouverie,2768,1,3,1,uncle/aunt,uncle/aunt;niece/nephew,HoC,1,rush,"Duncombe Pleydell-Bouverie;Philip Pleydell-Bouverie;William Pleydell-Bouverie, 5th Earl of Radnor"
Q5344884,Edward Porter,9230,0,0,0,,,,0,,
Q5344887,"Edward Portman, 1st Viscount Portman",7131,1,2,1,parent,parent,HoC,1,panel,"Henry Portman, 2nd Viscount Portman;Edwin Berkeley Portman"
Q5345010,Edward Redhead,5531,0,0,0,,,,0,,
Q5345049,Edward Rider Cook,2818,0,0,0,,,,0,,
Q5345107,Edward Romilly,5605,1,2,1,sibling,sibling,HoC,1,panel;rush,"Frederick Romilly;John Romilly, 1st Baron Romilly"
Q5345113,Edward Rose Tunno,,0,0,0,,,,0,,
Q5345119,Edward Rosslyn Mitchell,7863,0,0,0,,,,0,,
Q5345141,"Edward Russell, 1st Baron Russell of Liverpool",797,0,0,0,,,,1,,
Q5345155,Edward Ryley Langworthy,4649,1,1,0,indirect,indirect,HoC,0,rush,Charles James O'Donnell
Q5345209,Edward Samuel Norris,2668,0,0,0,,,,0,,
Q5345298,Edward Sheil,847,1,2,1,grandparent,grandparent;uncle/aunt,HoC,0,rush,Stephen Woulfe;Richard Lalor Sheil
Q5345322,Edward Shortt,5738,0,0,0,,,,0,,
Q5345349,Edward Smallwood,5775,0,0,0,,,,0,,
Q5345379,Edward Southwell Ruthven,5646,1,1,0,parent,parent;child,HoC,0,panel;rush,Edward Ruthven
Q5345405,Edward Stanhope,894,1,5,1,parent,parent;child;sibling;grandparent;indirect,HoC,1,panel;rush,"James Stanhope;Philip Stanhope, 5th Earl Stanhope;Arthur Stanhope, 6th Earl Stanhope;Philip Stanhope, 1st Baron Weardale;Sir Edward Kerrison, 1st Baronet"
Q5345410,"Edward Stanley, 4th Baron Stanley of Alderley",897,1,3,1,parent,parent;child;niece/nephew,HoC,1,panel,"William Owen Stanley;Edward Stanley, 2nd Baron Stanley of Alderley;Arthur Stanley, 5th Baron Stanley of Alderley"
Q5345412,Edward Stanley,1938,1,1,0,parent,parent,HoC,1,rush,"Edward Smith-Stanley, 14th Earl of Derby"
Q5345413,"Edward Stanley, Lord Stanley",7862,1,6,1,parent,parent;child;sibling;grandparent;grandchild;uncle/aunt;niece/nephew,HoC,1,panel;rush,"Frederick Stanley, 16th Earl of Derby;Edward Stanley, 17th Earl of Derby;Oliver Stanley;Arthur Stanley;George Stanley;Richard Stanley"
Q5345453,Edward Stewart,7239,0,0,0,,,,1,,
Q5345457,Edward Stillingfleet Cayley,3468,1,1,0,indirect,indirect,HoC,1,rush,George Cayley
Q5345462,Edward Stock Hill,2276,0,0,0,,,,0,,
Q5345480,"Edward Strachey, 1st Baron Strachie",2091,0,0,0,,,,1,,
Q5345487,"Edward Strutt, 1st Baron Belper",7248,1,1,0,parent,parent,HoC,1,panel,"Henry Strutt, 2nd Baron Belper"
Q5345498,Edward Burtenshaw Sugden,5912,0,0,0,,,,1,,
Q5345566,Edward Gourley,1709,0,0,0,,,,0,,
Q5345573,"Edward Tennant, 1st Baron Glenconner",7688,1,4,1,parent,parent;child;sibling;indirect,HoC,1,panel;rush,"H. H. Asquith;Harold Tennant;Percy Wyndham;Sir Charles Tennant, 1st Baronet"
Q5345591,Edward Thomas Foley,6789,1,2,1,sibling,sibling;uncle/aunt,HoC,1,panel;rush,Henry Hodgetts-Foley;John Hodgetts-Foley
Q5345594,Edward Thomas Holden,7424,0,0,0,,,,0,,
Q5345709,Edward Vaughan Hyde Kenealy,4568,0,0,0,,,,0,,
Q5345715,"Sir Edward Verner, 4th Baronet",976,1,2,1,parent,parent;child;sibling,HoC,1,panel;rush,"Sir William Verner, 1st Baronet;Sir William Verner, 2nd Baronet"
Q5345728,"Edward Villiers, 5th Earl of Clarendon",4467,1,3,1,uncle/aunt,uncle/aunt;niece/nephew;indirect,HoC,1,rush,"Frederick Stanley, 16th Earl of Derby;Edward Stanley, 17th Earl of Derby;Charles Pelham Villiers"
Q5345769,Edward Wakefield,6106,1,1,0,sibling,sibling,HoC,1,panel;rush,"Wavell Wakefield, 1st Baron Wakefield of Kendal"
Q5345819,Edward Watkin,1000,1,1,0,parent,parent;child,HoC,1,panel;rush,"Sir Alfred Watkin, 2nd Baronet"
Q5345825,Edward Waugh,1005,0,0,0,,,,0,,
Q5345871,Edward Whitley,1040,0,0,0,,,,0,,
Q5345877,Edward Wickham,7864,0,0,0,,,,0,,
Q5345894,Edward William Cox,6681,1,1,0,parent,parent;child,HoC,0,panel;rush,Irwin Cox
Q5345909,Edward William Salt,7866,0,0,0,,,,0,,
Q5345911,Edward Hamilton,1763,0,0,0,,,,1,,
Q5345919,Edward Williams,9395,0,0,0,,,,0,,
Q5346010,Edward Wynne-Pendarves,5352,0,0,0,,,,0,,
Q5346046,Edward de Cobain,1473,0,0,0,,,,0,,
Q5346052,Edward du Cann,3784,0,0,0,,,,0,,
Q5346251,Edwin Berkeley Portman,2779,1,2,1,child,child;sibling,HoC,1,panel,"Henry Portman, 2nd Viscount Portman;Edward Portman, 1st Viscount Portman"
Q5346268,Edwin Brooks,8495,0,0,0,,,,0,,
Q5346316,Edwin Cornwall,3597,0,0,0,,,,0,,
Q5346368,Edwin Durning-Lawrence,1772,1,3,1,sibling,sibling;indirect,HoC,1,panel;rush,"John Benjamin Smith;Sir James Lawrence, 1st Baronet;William Lawrence"
Q5346452,Edwin Gooch,8496,0,0,0,,,,0,,
Q5346516,"Edwin Hill-Trevor, 1st Baron Trevor",2278,1,4,1,sibling,sibling;uncle/aunt;niece/nephew;indirect,HoC,1,panel;rush,"Arthur Hill, 4th Marquess of Downshire;Arthur Hill;Arthur Hill;Marcus Sandys, 3rd Baron Sandys"
Q5346532,Edwin Hughes,1874,0,0,0,,,,0,,
Q5346580,Edwin Perkins,7868,0,0,0,,,,0,,
Q5346601,Edwin Lascelles,4656,1,2,1,sibling,sibling;niece/nephew,HoC,1,panel;rush,Egremont Lascelles;William Lascelles
Q5346605,Edwin Leather,4673,0,0,0,,,,0,,
Q5346838,Edwin Stanley Gange,4058,0,0,0,,,,0,,
Q5346863,Edwin Taylor,8494,0,0,0,,,,0,,
Q5346895,Edwin Wainwright,6103,0,0,0,,,,0,,
Q5346929,"Edwin Wyndham-Quin, 3rd Earl of Dunraven and Mount-Earl",51,1,1,0,indirect,indirect,HoC,1,rush,"Windham Wyndham-Quin, 5th Earl of Dunraven and Mount-Earl"
Q5346936,Edwin de Lisle,1479,0,0,0,,,,1,,
Q5346966,Edwyn Sherard Burnaby,1299,0,0,0,,,,1,,
Q534727,David Lammy,70,0,0,0,,,,0,,
Q5347780,"Egerton Hubbard, 2nd Baron Addington",2321,1,2,1,parent,parent;child;sibling,HoC,1,panel;rush,"Evelyn Hubbard;John Hubbard, 1st Baron Addington"
Q5347782,Egerton Leigh,2451,1,1,0,indirect,indirect,HoC,1,rush,John Smith
Q5349373,Eileen Gordon,311,0,0,0,,,,0,,
Q5349851,"Eirene White, Baroness White",8497,0,0,0,,,,1,,
Q5353173,"Elaine Burton, Baroness Burton of Coventry",3412,0,0,0,,,,1,,
Q5354033,Eldon Griffiths,9233,0,0,0,,,,0,,
Q5354135,Eldred Hallas,4228,0,0,0,,,,0,,
Q5359607,"Hugh Fortescue, 2nd Earl Fortescue",9005,1,5,1,parent,parent;child;grandparent;grandchild;indirect,HoC,1,panel;rush,"Dudley Fortescue;Hugh Fortescue, 4th Earl Fortescue;Hugh Fortescue, 3rd Earl Fortescue;John William Fortescue;Newton Fellowes, 4th Earl of Portsmouth"
Q5359883,"Elfed Davies, Baron Davies of Penrhys",8578,0,0,0,,,,1,,
Q5360991,Elijah Sandham,5665,1,1,0,indirect,indirect,HoC,0,rush,Robert Edwards
Q5361224,Eliot Crawshay-Williams,3624,1,1,0,child,child,HoC,1,panel,Arthur John Williams
Q5361267,Eliot Yorke,6322,1,4,1,child,child;sibling;uncle/aunt;niece/nephew,HoC,1,panel;rush,"Charles Yorke, 5th Earl of Hardwicke;Charles Yorke, 4th Earl of Hardwicke;Elliot Yorke;Joseph Sydney Yorke"
Q5361808,Elisha Smith Robinson,,0,0,0,,,,0,,
Q5363505,Elizabeth Shields,7029,0,0,0,,,,0,,
Q536500,Joseph Larmor,4653,0,0,0,,,,0,,
Q5365535,Elliot Morley,517,0,0,0,,,,0,,
Q5365591,Elliot Yorke,1103,1,4,1,parent,parent;child;sibling;grandchild;uncle/aunt;niece/nephew,HoC,1,panel;rush,"Charles Yorke, 5th Earl of Hardwicke;Charles Yorke, 4th Earl of Hardwicke;Eliot Yorke;Joseph Sydney Yorke"
Q5365685,Elliott Lees,1788,0,0,0,,,,1,,
Q5365836,Ellis Ashmead-Bartlett,6353,1,2,1,parent,parent;child;niece/nephew,HoC,0,panel;rush,Ellis Ashmead-Bartlett;William Burdett-Coutts
Q5365837,Ellis Ashmead-Bartlett,1989,1,2,1,parent,parent;child;sibling,HoC,1,panel;rush,Ellis Ashmead-Bartlett;William Burdett-Coutts
Q5365871,Ellis Cunliffe Lister,4725,1,1,0,parent,parent;child,HoC,1,panel;rush,William Lister
Q5365903,Ellis Hume-Williams,4451,0,0,0,,,,0,,
Q5365996,Ellis Smith,8499,0,0,0,,,,0,,
Q5366022,Ellis William Davies,3077,0,0,0,,,,0,,
Q5370908,Emerson Bainbridge,1154,0,0,0,,,,1,,
Q5371404,Emil Pickering,5393,0,0,0,,,,0,,
Q5372675,Garner Evans,8500,0,0,0,,,,0,,
Q5374807,Emrys Roberts,8502,0,0,0,,,,0,,
Q5374827,Emslie Horniman,7427,1,1,0,parent,parent,HoC,1,rush,Frederick John Horniman
Q5379272,Enoch Baldwin,1158,1,1,0,indirect,indirect,HoC,0,rush,Stanley Baldwin
Q5379290,Enoch Edwards,7479,0,0,0,,,,0,,
Q5386206,Eric Bullus,3388,0,0,0,,,,0,,
Q5386297,Eric Cockeram,3547,0,0,0,,,,0,,
Q5386364,Eric Deakins,3709,0,0,0,,,,0,,
Q5386492,"Eric Fletcher, Baron Fletcher",8505,0,0,0,,,,1,,
Q5386503,Eric Forth,283,0,0,0,,,,0,,
Q5386555,Eric Gandar Dower,3774,1,1,0,sibling,sibling,HoC,0,rush,Alan Dower
Q5386775,Eric Illsley,380,0,0,0,,,,0,,
Q5386826,Eric Johnson,8508,0,0,0,,,,0,,
Q5387018,Eric Macfadyen,4838,0,0,0,,,,0,,
Q5387054,Eric Martlew,474,0,0,0,,,,0,,
Q5387126,Eric Moonman,5103,0,0,0,,,,0,,
Q5387208,Eric Ogden,5272,0,0,0,,,,0,,
Q5387539,Eric Smith,8506,0,0,0,,,,1,,
Q5391268,Robert Key,411,0,0,0,,,,0,,
Q5392734,Ernest Armstrong,6399,1,1,0,child,child,HoC,0,rush,Hilary Armstrong
Q5392745,Ernest Taylor,8512,0,0,0,,,,0,,
Q5392750,Ernest Baggallay,1144,1,1,0,parent,parent,HoC,0,rush,Richard Baggallay
Q5392782,"Ernest Beckett, 2nd Baron Grimthorpe",1974,1,4,1,parent,parent;child;sibling;grandparent;grandchild;uncle/aunt;niece/nephew,HoC,1,panel;rush,"Christopher Beckett Denison;Gervase Beckett;Sir Edmund Beckett, 4th Baronet;William Beckett-Denison"
Q5392836,Ernest Brown,7731,0,0,0,,,,0,,
Q5392837,"Ernest Brudenell-Bruce, 3rd Marquess of Ailesbury",1287,1,2,1,parent,parent;sibling;niece/nephew,HoC,1,panel;rush,"Henry Brudenell-Bruce, 5th Marquess of Ailesbury;Lord Charles Bruce"
Q5392929,Ernest Craig,7873,0,0,0,,,,0,,
Q5392952,Ernest Davies,8510,0,0,0,,,,0,,
Q5392953,Ernest Davies,8511,0,0,0,,,,0,,
Q5393040,Ernest Evans,7872,0,0,0,,,,0,,
Q5393062,Ernest Fernyhough,3951,0,0,0,,,,0,,
Q5393069,Ernest Flower,1983,0,0,0,,,,0,,
Q5393103,Ernest Gates,4072,0,0,0,,,,0,,
Q5393154,Ernest Graham-Little,4151,0,0,0,,,,0,,
Q5393166,Ernest Gray,1855,0,0,0,,,,0,,
Q5393172,Ernest Griffith Price,7877,0,0,0,,,,0,,
Q5393220,Ernest Harold Pickering,5394,0,0,0,,,,0,,
Q5393231,Ernest Hatch,1880,0,0,0,,,,1,,
Q5393389,Ernest Kinghorn,4602,0,0,0,,,,0,,
Q5393431,"Ernest Lamb, 1st Baron Rochester",4630,0,0,0,,,,1,,
Q5393504,Ernest Makins,7875,0,0,0,,,,1,,
Q5393520,Ernest Marklew,4930,0,0,0,,,,0,,
Q5393524,Ernest Marples,4936,0,0,0,,,,1,,
Q5393565,Ernest Meysey-Thompson,5057,1,2,1,parent,parent;sibling,HoC,0,rush,"Henry Meysey-Thompson, 1st Baron Knaresborough;Sir Harry Meysey-Thompson, 1st Baronet"
Q5393588,Ernest Morrison-Bell,5120,1,1,0,sibling,sibling,HoC,0,rush,"Sir Clive Morrison-Bell, 1st Baronet"
Q5393606,Ernest Bennett,7880,1,1,0,parent,parent;child,HoC,1,panel;rush,Frederic Bennett
Q5393618,Ernest Noel,2666,1,2,1,cousin,cousin;indirect,HoC,1,panel;rush,"Gerard Noel;Charles Noel, 2nd Earl of Gainsborough"
Q5393661,Ernest Partridge,5331,0,0,0,,,,0,,
Q5393677,Ernest Perry,5369,0,0,0,,,,0,,
Q5393694,Ernest Popplewell,5435,0,0,0,,,,1,,
Q5393749,Ernest Roberts,7878,0,0,0,,,,0,,
Q5393810,"Ernest Simon, 1st Baron Simon of Wythenshawe",7876,0,0,0,,,,1,,
Q5393826,Ernest Soares,5790,0,0,0,,,,1,,
Q5393830,George Spero,5826,0,0,0,,,,0,,
Q5393892,Ernest Thornton,8509,0,0,0,,,,0,,
Q5393898,Ernest Thurtle,5987,1,1,0,indirect,indirect,HoC,0,rush,George Lansbury
Q5393944,Ernest Villiers,7546,1,2,1,uncle/aunt,uncle/aunt;indirect,HoC,1,rush,"Ivor Guest, 1st Viscount Wimborne;William Tyssen-Amherst, 1st Baron Amherst of Hackney"
Q5394047,Ernest Young,6355,0,0,0,,,,0,,
Q5394708,Ernie Roberts,9330,0,0,0,,,,0,,
Q5394713,Ernie Ross,584,0,0,0,,,,0,,
Q5394834,Ernle Money,5088,0,0,0,,,,0,,
Q5397861,James Walsh,8042,0,0,0,,,,0,,
Q5398559,Esmond Bulmer,3389,0,0,0,,,,0,,
Q5398564,"Esmond Harmsworth, 2nd Viscount Rothermere",4262,0,0,0,,,,1,,
Q5398581,Esmond Wright,6400,0,0,0,,,,0,,
Q5405305,Euan Wallace,7825,0,0,0,,,,1,,
Q5407149,Eugene Crean,2168,0,0,0,,,,0,,
Q5407596,Eugene O'Sullivan,7586,0,0,0,,,,0,,
Q5407668,"Eugene Ramsden, 1st Baron Ramsden",7881,0,0,0,,,,1,,
Q5415418,Evan Hayward,4301,0,0,0,,,,0,,
Q5415419,Evan Henry Llewellyn,1936,0,0,0,,,,1,,
Q5415467,Evan Luard,4770,0,0,0,,,,0,,
Q5416253,Eveline Hill,8517,0,0,0,,,,0,,
Q5416293,"Evelyn Cecil, 1st Baron Rockley",7885,1,3,1,parent,parent;child;sibling;niece/nephew,HoC,1,panel;rush,"Robert Gascoyne-Cecil, 3rd Marquess of Salisbury;Hugh Cecil, 1st Baron Quickswood;Lord Eustace Cecil"
Q5416313,"Evelyn Emmet, Baroness Emmet of Amberley",3878,1,1,0,child,child,HoC,1,panel,"Rennell Rodd, 1st Baron Rennell"
Q5416349,Evelyn Hubbard,1226,1,2,1,parent,parent;child;sibling,HoC,1,panel;rush,"Egerton Hubbard, 2nd Baron Addington;John Hubbard, 1st Baron Addington"
Q5416357,Evelyn King,8519,0,0,0,,,,0,,
Q5416443,Evelyn John Shirley,7205,1,2,1,parent,parent;child;grandparent;grandchild,HoC,1,panel;rush,Evelyn Philip Shirley;Sewallis Shirley
Q5416444,Evelyn Philip Shirley,7206,1,2,1,parent,parent;child,HoC,1,panel;rush,Evelyn John Shirley;Sewallis Shirley
Q5416462,Evelyn Walkden,6119,0,0,0,,,,0,,
Q5430152,Fairfax Cartwright,1339,1,1,0,parent,parent,HoC,0,rush,William Ralph Cartwright
Q5436283,"Farrer Herschell, 1st Baron Herschell",2263,1,1,0,indirect,indirect,HoC,1,rush,"Archibald Williamson, 1st Baron Forres"
Q544101,Sandra Gidley,69,0,0,0,,,,0,,
Q5442158,Felix Cassel,3457,0,0,0,,,,1,,
Q5442169,Felix Cobbold,2899,1,4,1,parent,parent;child;sibling;indirect,HoC,1,panel;rush,Henry Jervis-White-Jervis;John Cobbold;John Cobbold;Thomas Cobbold
Q5443535,"Fenner Brockway, Baron Brockway",3349,0,0,0,,,,1,,
Q5443802,Ferdinand Begg,1200,0,0,0,,,,0,,
Q5444193,Fergus Montgomery,5098,0,0,0,,,,0,,
Q5447179,Fielding West,7887,0,0,0,,,,0,,
Q5447259,"Fiennes Cornwallis, 1st Baron Cornwallis",2826,1,1,0,indirect,indirect,HoC,1,rush,Archibald Cochrane
Q544947,Anne McIntosh,492,0,0,0,,,,1,,
Q5451069,Fiona Jones,393,0,0,0,,,,0,,
Q5455706,Fitzroy Kelly,6950,0,0,0,,,,1,,
Q5455737,Fitzstephen French,1649,1,2,1,sibling,sibling;indirect,HoC,1,panel;rush,"Arthur French, 1st Baron de Freyne;Charles French"
Q545964,Lorna Fitzsimons,278,0,0,0,,,,0,,
Q5460742,Florence Paton,5333,0,0,0,,,,0,,
Q5467251,Forbes Hendry,4327,0,0,0,,,,0,,
Q5470468,Forrest Fulton,1656,0,0,0,,,,0,,
Q5475350,"Sir George Nugent, 1st Baronet",,0,0,0,,,,1,,
Q5478591,"Frances Davidson, Viscountess Davidson",9235,1,3,1,parent,parent;child;spouse;grandchild,HoC,1,panel;rush,"Willoughby Dickinson, 1st Baron Dickinson;J. C. C. Davidson, 1st Viscount Davidson;Sebastian Dickinson"
Q5479812,Francie Molloy,10064,0,0,0,,,,0,,
Q5479943,Francis Aglionby,2984,1,1,0,cousin,cousin,HoC,0,panel;rush,Henry Aglionby Aglionby
Q5480019,Francis Arkwright,1127,0,0,0,,,,1,,
Q5480129,"Francis Baring, 3rd Baron Ashburton",793,1,5,1,parent,parent;child;sibling;grandparent;niece/nephew,HoC,1,panel;rush,"Alexander Baring, 4th Baron Ashburton;Bingham Baring, 2nd Baron Ashburton;Guy Baring;Alexander Baring, 1st Baron Ashburton;Sir Thomas Baring, 2nd Baronet"
Q5480132,"Francis Baring, 2nd Earl of Northbrook",1166,1,2,1,parent,parent;child;grandparent;grandchild,HoC,1,panel;rush,"Thomas Baring, 1st Earl of Northbrook;Francis Baring, 1st Baron Northbrook"
Q5480165,Francis Beattie,3136,0,0,0,,,,0,,
Q5480193,Francis Bennett-Goldney,3165,0,0,0,,,,0,,
Q5480202,"Francis Berkeley, 2nd Baron FitzHardinge",6563,1,5,1,child,child;sibling;niece/nephew,HoC,1,panel,"Maurice Berkeley, 1st Baron FitzHardinge;Grantley Berkeley;Charles Berkeley, 3rd Baron FitzHardinge;Craven Berkeley;Henry FitzHardinge Berkeley"
Q5480209,"Francis Bernard, 3rd Earl of Bandon",3173,1,3,1,sibling,sibling;uncle/aunt;niece/nephew,HoC,1,panel;rush,Henry Boyle Bernard;Percy Bernard;William Smyth Bernard
Q5480233,"Francis Mildmay, 1st Baron Mildmay of Flete",1809,0,0,0,,,,1,,
Q5480274,Francis Blundell,7895,0,0,0,,,,1,,
Q5480351,Francis Bruen,6604,1,2,1,sibling,sibling;uncle/aunt;niece/nephew,HoC,1,panel;rush,Henry Bruen;Henry Bruen
Q5480390,Francis Buxton,1311,1,8,1,parent,parent;child;sibling;grandparent;grandchild;uncle/aunt;niece/nephew;cousin,HoC,1,panel;rush,"Sir Edward Buxton, 2nd Baronet;Sydney Buxton, 1st Earl Buxton;Charles Buxton;Noel Noel-Buxton;Thomas Fowell Buxton;Charles Buxton;Edward Buxton;Sir Thomas Buxton, 1st Baronet"
Q5480473,"Francis Channing, 1st Baron Channing of Wellingborough",2078,0,0,0,,,,1,,
Q5480488,Francis Charles Lawley,6973,1,4,1,parent,parent;child;sibling;uncle/aunt;niece/nephew,HoC,1,panel;rush,"Sir Francis Lawley, 7th Baronet;Beilby Lawley, 2nd Baron Wenlock;Beilby Lawley, 3rd Baron Wenlock;Paul Thompson, 1st Baron Wenlock"
Q5480498,"Francis Charteris, 10th Earl of Wemyss",1549,1,3,1,parent,parent;child;indirect,HoC,1,panel;rush,"George Greville, 4th Earl of Warwick;Hugo Charteris, 11th Earl of Wemyss;St John Brodrick, 1st Earl of Midleton"
Q5480517,Francis Child Villiers,7306,1,2,1,sibling,sibling,HoC,1,panel;rush,"Frederick Child-Villiers;George Child Villiers, 6th Earl of Jersey"
Q5480592,Francis Compton,2810,1,2,1,parent,parent;child;indirect,HoC,1,panel;rush,Henry Combe Compton;Henry Francis Compton
Q5480756,"Francis Douglas, 1st Baron Douglas of Barloch",8521,0,0,0,,,,1,,
Q5480778,Francis Duncan,1521,0,0,0,,,,0,,
Q5480832,Francis Edward Newman Rogers,7509,0,0,0,,,,0,,
Q5480848,Francis Egerton,1545,1,4,1,parent,parent;child;sibling;uncle/aunt;niece/nephew,HoC,1,panel;rush,"Francis Egerton, 1st Earl of Ellesmere;Alfred Egerton;Algernon Egerton;George Egerton, 2nd Earl of Ellesmere"
Q5480923,Francis Finch,6779,0,0,0,,,,0,,
Q5481356,Francis Hughes-Hallett,2326,0,0,0,,,,1,,
Q5481370,Francis Hurt,6926,0,0,0,,,,1,,
Q5481509,Francis Marnham,4935,0,0,0,,,,0,,
Q5481513,Francis Foljambe,1621,1,1,0,sibling,sibling,HoC,1,panel;rush,"Cecil Foljambe, 1st Earl of Liverpool"
Q5481765,Francis Lucas,4776,0,0,0,,,,0,,
Q5481905,Francis McLaren,7609,1,6,1,parent,parent;child;sibling;grandparent;grandchild;uncle/aunt;niece/nephew,HoC,1,panel;rush,"Charles McLaren, 1st Baron Aberconway;Duncan McLaren;Henry McLaren;John McLaren;Martin McLaren;Walter McLaren"
Q5481938,Francis Monckton,2616,1,1,0,indirect,indirect,HoC,1,rush,"George Monckton-Arundell, 6th Viscount Galway"
Q5481990,Francis Stack Murphy,7059,1,1,0,indirect,indirect,HoC,0,rush,John O'Brien
Q5482021,"Francis Needham, Viscount Newry",5202,1,1,0,parent,parent;child,HoC,1,panel;rush,"Francis Needham, 3rd Earl of Kilmorey"
Q5482059,Francis Noel-Baker,5220,1,2,1,parent,parent;child;grandparent;grandchild,HoC,1,panel;rush,"Philip Noel-Baker, Baron Noel-Baker;Joseph Allen Baker"
Q5482064,Noel Palmer,7896,0,0,0,,,,0,,
Q5482088,"Francis Ogilvy-Grant, 6th Earl of Seafield",6833,1,3,1,parent,parent;child;indirect,HoC,1,panel;rush,"Francis Grant;James Ogilvy-Grant, 9th Earl of Seafield;Sir George Macpherson-Grant, 3rd Baronet"
Q5482107,Francis Otter,2711,0,0,0,,,,0,,
Q5482140,Francis Parker,2725,1,1,0,child,child,HoC,1,panel,"Thomas Parker, 6th Earl of Macclesfield"
Q5482165,Francis Pearson,8522,0,0,0,,,,1,,
Q5482197,Francis Pigott Stainsby Conant,5402,1,1,0,sibling,sibling,HoC,1,panel,Gillery Pigott
Q5482216,Francis Plunkett Dunne,3821,1,1,0,indirect,indirect,HoC,1,rush,Michael Dunne
Q5482311,Francis Robert Bonham,3255,0,0,0,,,,1,,
Q5482351,Francis Rufford,5634,0,0,0,,,,0,,
Q5482411,Francis Scott,7190,1,1,0,sibling,sibling,HoC,1,panel,"Henry Hepburne-Scott, 7th Lord Polwarth"
Q5482575,Francis Taylor,932,0,0,0,,,,0,,
Q5482651,Francis Venables-Vernon-Harcourt,6872,1,3,1,sibling,sibling;uncle/aunt,HoC,1,panel;rush,George Harcourt;Granville Harcourt-Vernon;Granville Harcourt-Vernon
Q5482706,Francis Watt,7892,0,0,0,,,,0,,
Q5482707,Francis Watson,7889,0,0,0,,,,0,,
Q5482724,Francis Wegg-Prosser,4215,0,0,0,,,,0,,
Q5482790,Francis William Maclean,2542,0,0,0,,,,0,,
Q5484987,Frank Allaun,2999,0,0,0,,,,0,,
Q5485017,Frank Anderson,6401,0,0,0,,,,0,,
Q5485077,Frank Ash Yeo,1102,0,0,0,,,,0,,
Q5485307,"Frank Beswick, Baron Beswick",3178,0,0,0,,,,1,,
Q5485424,"Frank Bowles, Baron Bowles",8523,0,0,0,,,,1,,
Q5485475,Frank Briant,3333,0,0,0,,,,0,,
Q5485897,Frank Collindridge,3569,0,0,0,,,,0,,
Q5485932,Frank Cook,209,0,0,0,,,,0,,
Q5486418,Frank Clarke,7905,0,0,0,,,,0,,
Q5486534,Frank Fairhurst,3914,0,0,0,,,,0,,
Q5486894,Frank Goldsmith,3928,0,0,0,,,,1,,
Q5486937,Frank Gray,7903,0,0,0,,,,0,,
Q5487102,Frank Hardcastle,2222,0,0,0,,,,0,,
Q5487153,Frank Hatton,4286,0,0,0,,,,0,,
Q5487177,Frank Haynes,4300,0,0,0,,,,0,,
Q5487189,Frank Heilgers,4318,0,0,0,,,,0,,
Q5487206,Frank Henderson,2251,0,0,0,,,,0,,
Q5487220,Frank Herbert Rose,5615,0,0,0,,,,0,,
Q5487309,Frank Hooley,4406,0,0,0,,,,0,,
Q5487366,Frank Hugh O'Donnell,2687,1,1,0,sibling,sibling,HoC,0,rush,Charles James O'Donnell
Q5487518,Frank James,7431,0,0,0,,,,0,,
Q5487697,Frank Kingsley Griffith,4179,0,0,0,,,,0,,
Q5487875,Frank Lawless,4661,0,0,0,,,,0,,
Q5487890,Frank Lee,7904,0,0,0,,,,0,,
Q5487962,Frank Lilley,9236,0,0,0,,,,0,,
Q5488181,Frank Markham,4929,0,0,0,,,,0,,
Q5488186,Frank Marsden,9238,0,0,0,,,,0,,
Q5488283,Frank McElhone,4992,1,1,0,spouse,spouse,HoC,0,rush,Helen McElhone
Q5488348,"Frank McLeavy, Baron McLeavy",5014,0,0,0,,,,1,,
Q5488358,Frank McManus,5016,0,0,0,,,,0,,
Q5488391,Frank Medlicott,5036,0,0,0,,,,0,,
Q5488633,Frank Nelson,7902,0,0,0,,,,1,,
Q5488833,Frank Owen,8018,0,0,0,,,,0,,
Q5489083,Frank Privett,5463,0,0,0,,,,0,,
Q5489326,Frank Rye,5647,0,0,0,,,,0,,
Q5489396,Frank Sanderson,8525,0,0,0,,,,1,,
Q5489902,Frank Taylor,8526,0,0,0,,,,0,,
Q5489991,Frank Tomney,6004,0,0,0,,,,0,,
Q5490077,Frank Varley,6083,0,0,0,,,,0,,
Q5490219,Frank Walter Goldstone,4124,0,0,0,,,,0,,
Q5490220,Frank Walter Raffety,9435,0,0,0,,,,0,,
Q5491891,Franklin Thomasson,7553,1,1,0,parent,parent,HoC,0,rush,John Pennington Thomasson
Q5493623,Fraser Kemp,408,0,0,0,,,,0,,
Q5495382,Fred Harris,8537,0,0,0,,,,0,,
Q5495790,Fred Longden,4747,0,0,0,,,,0,,
Q5495847,Fred Maddison,4888,0,0,0,,,,0,,
Q5496273,Fred Simpson,9159,0,0,0,,,,0,,
Q5496274,Fred Silvester,5751,0,0,0,,,,0,,
Q5496643,Freda Corbet,8530,0,0,0,,,,0,,
Q5496977,Frederic Kelley,4562,0,0,0,,,,0,,
Q5496992,Frederic Bennett,8531,1,1,0,parent,parent;child,HoC,1,panel;rush,Ernest Bennett
Q5497244,Frederick Hankey,2216,0,0,0,,,,1,,
Q5497247,Frederick Alexander Macquisten,4880,0,0,0,,,,0,,
Q5497254,Frederick Andrew Inderwick,2341,0,0,0,,,,0,,
Q5497270,Frederick Arthur Cobb,8534,0,0,0,,,,0,,
Q5497336,"Frederick Banbury, 1st Baron Banbury of Southam",2196,0,0,0,,,,1,,
Q5497343,Frederick Barne,,1,1,0,parent,parent,HoC,1,panel,Frederick St John Barne
Q5497357,Frederick Beaumont,1193,0,0,0,,,,1,,
Q5497365,Frederick Bellenger,3153,0,0,0,,,,0,,
Q5497413,Frederick Brent Grotrian,1746,1,1,0,parent,parent;child,HoC,1,panel;rush,Herbert Grotrian
Q5497441,Frederick Burden,9239,0,0,0,,,,0,,
Q5497482,Frederick Linfield,4720,0,0,0,,,,0,,
Q5497491,"Frederick Campbell, 3rd Earl Cawdor",1562,1,1,0,parent,parent;child,HoC,1,panel;rush,"John Campbell, 2nd Earl Cawdor"
Q5497502,"Frederick Cawley, 1st Baron Cawley",1833,1,2,1,parent,parent;child,HoC,1,panel;rush,Harold Thomas Cawley;Oswald Cawley
Q5497526,Frederick Charles Watkins,6146,0,0,0,,,,0,,
Q5497528,Frederick Charlwood Frye,1653,0,0,0,,,,0,,
Q5497530,Frederick Chatfield Smith,870,1,2,1,sibling,sibling,HoC,1,panel;rush,Rowland Smith;Samuel George Smith
Q5497558,Frederick Coleridge Mackarness,4842,0,0,0,,,,1,,
Q5497579,Frederick Corfield,3593,0,0,0,,,,0,,
Q5497586,Frederick Courtenay Morgan,1920,1,4,1,child,child;sibling;niece/nephew,HoC,1,panel,"Charles Morgan, 1st Baron Tredegar;Octavius Morgan;Charles Rodney Morgan;Godfrey Morgan, 1st Viscount Tredegar"
Q5497608,Frederick Cundiff,3658,0,0,0,,,,0,,
Q5497660,Frederick Dixon-Hartland,2065,0,0,0,,,,1,,
Q5497678,Frederick Doulton,3770,0,0,0,,,,0,,
Q5497686,Frederick Dundas,1525,0,0,0,,,,1,,
Q5497735,"Frederick Erroll, 1st Baron Erroll of Hale",5,0,0,0,,,,1,,
Q5497750,Frederick Farey-Jones,3925,0,0,0,,,,0,,
Q5497754,Frederick Hawksworth Fawkes,3936,0,0,0,,,,0,,
Q5497772,Frederick Fison,1979,1,1,0,indirect,indirect,HoC,1,rush,Clavering Fison
Q5497775,Frederick Fitzwygram,1612,1,1,0,cousin,cousin,HoC,1,panel;rush,Alfred Wigram
Q5497877,Frederick Gough,4145,0,0,0,,,,0,,
Q5497880,"Frederick Gough-Calthorpe, 5th Baron Calthorpe",3430,0,0,0,,,,1,,
Q5497882,Frederick Gould,9160,0,0,0,,,,0,,
Q5497940,Frederick Hall,7910,0,0,0,,,,0,,
Q5497944,Frederick Halsey,1867,1,1,0,parent,parent;child,HoC,1,panel;rush,Thomas Plumer Halsey
Q5497958,Frederick Hanbury-Tracy,2215,1,3,1,child,child;sibling;grandparent,HoC,1,panel;rush,"Charles Hanbury-Tracy, 1st Baron Sudeley;Charles Hanbury-Tracy, 4th Baron Sudeley;"
Q5497959,Frederick Handel Booth,7437,0,0,0,,,,0,,
Q5498017,"Frederick Hervey, 3rd Marquess of Bristol",4512,1,5,1,parent,parent;child;sibling;uncle/aunt;niece/nephew,HoC,1,panel;rush,"Lord Augustus Hervey;Frederick Hervey, 2nd Marquess of Bristol;Frederick Hervey, 4th Marquess of Bristol;Lord Alfred Hervey;Lord Francis Hervey"
Q5498018,"Frederick Hervey, 2nd Marquess of Bristol",4513,1,5,1,parent,parent;child;sibling;grandparent;grandchild,HoC,1,panel;rush,"Lord Augustus Hervey;Frederick Hervey, 3rd Marquess of Bristol;Frederick Hervey, 4th Marquess of Bristol;Lord Alfred Hervey;Lord Francis Hervey"
Q5498019,"Frederick Hervey, 4th Marquess of Bristol",7594,1,5,1,parent,parent;child;grandparent;grandchild;uncle/aunt;niece/nephew;indirect,HoC,1,panel;rush,"Lord Augustus Hervey;Frederick Hervey, 3rd Marquess of Bristol;Frederick Hervey, 2nd Marquess of Bristol;Lord Alfred Hervey;Lord Francis Hervey"
Q5498024,"Sir Frederick Heygate, 2nd Baronet",2267,1,1,0,sibling,sibling,HoC,1,panel;rush,William Unwin Heygate
Q5498038,Frederick Hindle,4376,1,1,0,parent,parent,HoC,0,rush,Frederick Hindle
Q5498153,Frederick John Horniman,1794,1,1,0,child,child,HoC,0,rush,Emslie Horniman
Q5498154,Frederick John Howard,957,0,0,0,,,,1,,
Q5498172,Frederick Joseph Laverack,4657,0,0,0,,,,0,,
Q5498194,Frederick Kellaway,4559,0,0,0,,,,0,,
Q5498215,Frederick Knight,2405,0,0,0,,,,1,,
Q5498237,"Frederick Lambart, 9th Earl of Cavan",2526,0,0,0,,,,1,,
Q5498238,"Frederick Lambton, 4th Earl of Durham",2885,1,3,1,sibling,sibling;grandchild;indirect,HoC,1,panel;rush,Hedworth Lambton;Hedworth Meux;Antony Lambton
Q5498258,"Frederick Lee, Baron Lee of Newton",8533,0,0,0,,,,1,,
Q5498260,Frederick Lehmann,9095,1,1,0,parent,parent,HoC,0,panel,R. C. Lehmann
Q5498271,Frederick Leveson-Gower,2462,1,2,1,parent,parent;child;sibling,HoC,1,panel;rush,"George Leveson-Gower;Granville Leveson-Gower, 2nd Earl Granville"
Q5498286,Frederick Llewellyn-Jones,4734,0,0,0,,,,0,,
Q5498303,Frederick Low,7660,0,0,0,,,,1,,
Q5498305,Frederick Lucas,4775,0,0,0,,,,0,,
Q5498321,"Frederick Lygon, 6th Earl Beauchamp",4792,1,3,1,parent,parent;child;sibling;grandchild,HoC,1,panel;rush,"Henry Lygon, 5th Earl Beauchamp;Henry Lygon, 4th Earl Beauchamp;William Lygon, 8th Earl Beauchamp"
Q5498345,Frederick Mallalieu,4903,1,2,1,parent,parent;child,HoC,0,panel;rush,Joseph Mallalieu;Lance Mallalieu
Q5498360,Frederick Martin,7908,0,0,0,,,,0,,
Q5498391,Frederick Messer,5048,0,0,0,,,,0,,
Q5498400,Frederick Milbank,2600,1,2,1,parent,parent;child,HoC,1,panel;rush,Mark Milbank;Powlett Milbank
Q5498419,"Frederick Montague, 1st Baron Amwell",8532,0,0,0,,,,1,,
Q5498436,Frederick Mullins,5150,0,0,0,,,,1,,
Q5498459,Frederick Neville Sutherland Leveson-Gower,7410,0,0,0,,,,1,,
Q5498477,Frederick North,2669,0,0,0,,,,1,,
Q5498482,Frederick Ogden,5273,0,0,0,,,,0,,
Q5498507,Frederick Paget,9436,1,4,1,cousin,cousin,HoC,1,panel;rush,Lord George Paget;Lord Alfred Paget;Clarence Paget;William Paget
Q5498537,Frederick Pennington,2749,0,0,0,,,,0,,
Q5498541,Frederick Peel,7111,1,9,1,child,child;sibling;uncle/aunt;niece/nephew,HoC,1,panel,"Robert Peel;Edmund Peel;William Peel, 1st Earl Peel;Jonathan Peel;Arthur Peel;Sir Robert Peel, 3rd Baronet;Arthur George Villiers Peel;William Yates Peel;Sidney Peel"
Q5498549,"Frederick Pethick-Lawrence, 1st Baron Pethick-Lawrence",5375,0,0,0,,,,1,,
Q5498562,Frederick Platt-Higgins,1896,0,0,0,,,,1,,
Q5498642,Frederick Owen Roberts,7914,0,0,0,,,,0,,
Q5498650,"Frederick Robinson, 2nd Marquess of Ripon",1475,1,2,1,parent,parent;child;indirect,HoC,1,panel;rush,"George Robinson, 1st Marquess of Ripon;Sidney Herbert, 1st Baron Herbert of Lea"
Q5498658,Frederick Romilly,5603,1,2,1,sibling,sibling,HoC,1,panel;rush,"Edward Romilly;John Romilly, 1st Baron Romilly"
Q5498674,Frederick Rutherfoord Harris,7388,0,0,0,,,,1,,
Q5498731,Frederick Skinnard,5765,0,0,0,,,,0,,
Q5498747,"Frederick Smith, 2nd Viscount Hambleden",2071,1,1,0,parent,parent;child,HoC,1,panel;rush,William Henry Smith
Q5498753,Frederick Snowdon Corrance,2827,0,0,0,,,,1,,
Q5498768,Frederick St John Barne,1169,1,1,0,child,child,HoC,1,panel,Frederick Barne
Q5498837,"Frederick Thellusson, 5th Baron Rendlesham",750,1,2,1,parent,parent;child;sibling,HoC,1,panel;rush,"Frederick Thellusson, 4th Baron Rendlesham;James Duff"
Q5498838,"Frederick Thellusson, 4th Baron Rendlesham",9043,1,1,0,parent,parent;child,HoC,1,panel;rush,"Frederick Thellusson, 5th Baron Rendlesham"
Q5498849,Frederick Thomas Penton,2750,0,0,0,,,,0,,
Q5498871,Frederick Tollemache,947,1,1,0,sibling,sibling,HoC,1,panel;rush,Algernon Tollemache
Q5498887,Frederick Trench,6031,0,0,0,,,,0,,
Q5498916,Frederick Villiers Meynell,7308,0,0,0,,,,0,,
Q5498984,Frederick Walpole,988,1,1,0,sibling,sibling,HoC,1,panel;rush,"Horatio Walpole, 4th Earl of Orford"
Q5499039,Frederick Whyte,6190,0,0,0,,,,1,,
Q5499046,Frederick Willey,6214,0,0,0,,,,0,,
Q5499057,Frederick William Cadogan,1331,1,2,1,sibling,sibling;uncle/aunt,HoC,1,panel,"George Cadogan, 5th Earl Cadogan;Henry Cadogan, 4th Earl Cadogan"
Q5499061,Frederick William Chance,7490,0,0,0,,,,0,,
Q5499075,Frederick William Grafton,1710,0,0,0,,,,0,,
Q5499091,Fred Jowett,7915,0,0,0,,,,0,,
Q5499113,Frederick William Verney,7548,1,4,1,parent,parent;child;sibling;uncle/aunt;niece/nephew,HoC,1,panel;rush,"Frederick Calvert;Sir Edmund Verney, 3rd Baronet;Sir Harry Verney, 2nd Baronet;Sir Harry Verney, 4th Baronet"
Q5499118,Frederick Young,6356,0,0,0,,,,0,,
Q5499143,"Frederick Wise, 1st Baron Wise",6402,0,0,0,,,,1,,
Q5499146,Frederick Wolfe Astbury,3050,1,1,0,sibling,sibling,HoC,0,rush,John Meir Astbury
Q55003337,Janet Daby,10294,0,0,0,,,,0,,
Q5507949,"Fulke Greville-Nugent, 1st Baron Greville",1737,1,4,1,parent,parent;child;grandparent,HoC,1,panel;rush,"Reginald Greville-Nugent;George Greville-Nugent;Algernon Greville, 2nd Baron Greville;Ronald Greville"
Q5515799,Gabriel Price,7916,0,0,0,,,,0,,
Q5517309,Gainsford Bruce,7449,0,0,0,,,,0,,
Q5522788,Gareth Bacon,10160,0,0,0,,,,0,,
Q5522982,Gareth Thomas,662,0,0,0,,,,0,,
Q5522991,Gareth Wardell,9426,0,0,0,,,,0,,
Q5523685,Garnham Edmonds,3858,0,0,0,,,,0,,
Q5523869,Garrett Byrne,1314,0,0,0,,,,0,,
Q5524091,Garry Allighan,3004,0,0,0,,,,0,,
Q5526104,Gary Waller,6122,0,0,0,,,,0,,
Q5527395,"Gathorne Gathorne-Hardy, 1st Earl of Cranbrook",2224,1,5,1,parent,parent;child;sibling;uncle/aunt;niece/nephew,HoC,1,panel;rush,"John Gathorne-Hardy, 2nd Earl of Cranbrook;Alfred Gathorne-Hardy;John Hardy;Laurence Hardy;Sir John Hardy, 1st Baronet"
Q5528088,Gavin Brown Clark,1372,0,0,0,,,,0,,
Q5528262,Gavin Robinson,9963,0,0,0,,,,0,,
Q553229,"Walter Long, 1st Viscount Long",2183,1,5,1,parent,parent;child;sibling;grandparent;grandchild,HoC,1,panel;rush,"Richard Long, 3rd Viscount Long;Walter Long;William Wentworth FitzWilliam Dick;Richard Chaloner, 1st Baron Gisborough;Richard Penruddocke Long"
Q5534452,Geoffrey Bing,3204,0,0,0,,,,0,,
Q5534526,Geoffrey Clifton-Brown,9241,1,2,1,grandchild,grandchild;indirect,HoC,1,rush,"Geoffrey Clifton-Brown;Douglas Clifton Brown, 1st Viscount Ruffside"
Q5534538,Geoffrey Cooper,9240,0,0,0,,,,0,,
Q5534564,Geoffrey Dickens,2936,0,0,0,,,,0,,
Q5534566,Geoffrey Dodsworth,3748,0,0,0,,,,0,,
Q5534581,Geoffrey Edge,3856,0,0,0,,,,0,,
Q5534669,Geoffrey Hirst,4383,0,0,0,,,,0,,
Q5534679,Geoffrey Howard,7917,1,7,1,parent,parent;child;sibling;grandparent;grandchild;niece/nephew;indirect,HoC,1,panel;rush,"Frederick Howard;Charles Howard, 10th Earl of Carlisle;George Howard, 9th Earl of Carlisle;Charles Henry Roberts;Charles Howard;Edward Howard, 1st Baron Lanerton;Wilfrid Roberts"
Q5534691,"Geoffrey Hutchinson, Baron Ilford",8539,0,0,0,,,,1,,
Q5534714,Geoffrey Johnson Smith,391,0,0,0,,,,0,,
Q5534738,Geoffrey Lawler,4659,0,0,0,,,,0,,
Q5534765,Geoffrey Mander,4911,0,0,0,,,,1,,
Q5534818,Geoffrey Pattie,5337,0,0,0,,,,0,,
Q5534826,Geoffrey Peto,5380,0,0,0,,,,1,,
Q5534861,Geoffrey Rhodes,5559,0,0,0,,,,0,,
Q5534874,Geoffrey Rippon,5583,0,0,0,,,,1,,
Q5534892,Geoffrey Shakespeare,5714,1,1,0,indirect,indirect,HoC,1,rush,Nigel Fisher
Q5534912,Geoffrey Stevens,5871,0,0,0,,,,0,,
Q5534913,Geoffrey Stewart-Smith,5877,0,0,0,,,,0,,
Q5534976,Geoffrey Wilson,8619,0,0,0,,,,0,,
Q5536044,"George Abercromby, 3rd Baron Abercromby",9,1,1,0,uncle/aunt,uncle/aunt,HoC,1,rush,"James Abercromby, 1st Baron Dunfermline"
Q5536096,"Sir George Agnew, 2nd Baronet",6342,1,1,0,child,child,HoC,1,panel,"Sir William Agnew, 1st Bt."
Q5536108,George Hutchison,7925,1,2,1,child,child,HoC,0,rush,Ian Clark Hutchison;Michael Hutchison
Q5536126,George Albert Hartland,4267,0,0,0,,,,0,,
Q5536154,George Alexander Hamilton,6864,0,0,0,,,,1,,
Q5536156,George Alexander Hardy,7378,0,0,0,,,,0,,
Q5536173,George Alfred Spencer,7927,0,0,0,,,,0,,
Q5536237,George Anderson,1118,0,0,0,,,,0,,
Q5536251,George Andreas Berry,9055,0,0,0,,,,0,,
Q5536388,George Arbuthnot,6297,0,0,0,,,,1,,
Q5536401,George Arkwright,6298,0,0,0,,,,0,,
Q5536412,"George Armitstead, 1st Baron Armitstead",1129,0,0,0,,,,1,,
Q5536501,George Augustus Pilkington,2761,0,0,0,,,,0,,
Q5536658,George Balfour,1159,0,0,0,,,,0,,
Q5536680,George Bankes,3095,1,2,1,sibling,sibling;niece/nephew,HoC,0,rush,"George Boscawen, 2nd Earl of Falmouth;William John Bankes"
Q5536715,George Barker,3102,0,0,0,,,,0,,
Q5536757,"George Barrington, 7th Viscount Barrington",1174,1,2,1,parent,parent;child;uncle/aunt;niece/nephew,HoC,1,panel;rush,"George Barrington;William Barrington, 6th Viscount Barrington"
Q5536758,George Barrington,6542,1,2,1,sibling,sibling;uncle/aunt;niece/nephew,HoC,1,panel;rush,"George Barrington, 7th Viscount Barrington;William Barrington, 6th Viscount Barrington"
Q5536908,George Benson,8545,0,0,0,,,,0,,
Q5536913,George Bentinck,1209,0,0,0,,,,1,,
Q5536922,George Beresford,1212,0,0,0,,,,1,,
Q5536929,George Berkeley,6565,0,0,0,,,,1,,
Q5536954,George Bethell,1215,0,0,0,,,,0,,
Q5536981,"George Bingham, 5th Earl of Lucan",7441,1,1,0,parent,parent;child,HoC,1,panel;rush,"Charles Bingham, 4th Earl of Lucan"
Q5536998,George Birnie Esslemont,7477,1,1,0,parent,parent,HoC,0,rush,Peter Esslemont
Q5537115,George Borwick,3261,0,0,0,,,,1,,
Q5537119,"George Boscawen, 2nd Earl of Falmouth",3262,1,2,1,uncle/aunt,uncle/aunt,HoC,1,rush,George Bankes;William John Bankes
Q5537168,"George Bowyer, 1st Baron Denham",7933,0,0,0,,,,1,,
Q5537179,"George Boyle, 6th Earl of Glasgow",3298,1,3,1,sibling,sibling;grandchild;indirect,HoC,1,panel;rush,"Thomas Cochrane, 1st Baron Cochrane of Cults;Archibald Cochrane;James Carr-Boyle, 5th Earl of Glasgow"
Q5537182,George Boyle Hanna,4246,0,0,0,,,,0,,
Q5537238,"George Bridgeman, 4th Earl of Bradford",2661,1,2,1,parent,parent;child;sibling,HoC,1,panel;rush,"Francis Charles Bridgeman;Orlando Bridgeman, 3rd Earl of Bradford"
Q5537264,"George Broadbridge, 1st Baron Broadbridge",3342,0,0,0,,,,1,,
Q5537297,George Broun-Lindsay,3368,0,0,0,,,,1,,
Q5537327,George Brown Hillman,4365,0,0,0,,,,0,,
Q5537366,George Bryan,6605,1,1,0,child,child,HoC,0,rush,George Leopold Bryan
Q5537372,George Bryant Britton,3340,0,0,0,,,,0,,
Q5537384,George Buchanan,8544,0,0,0,,,,0,,
Q5537392,George Buckley,2968,0,0,0,,,,0,,
Q5537462,George Burrow Gregory,1733,0,0,0,,,,0,,
Q5537511,"George Byng, 2nd Earl of Strafford",9092,1,5,1,parent,parent;child;uncle/aunt;niece/nephew;indirect,HoC,1,panel;rush,"William Cavendish, 2nd Baron Chesham;John Byng, 1st Earl of Strafford;Charles Cavendish, 1st Baron Chesham;George Byng, 3rd Earl of Strafford;George Byng"
Q5537512,"George Byng, 3rd Earl of Strafford",1563,1,5,1,parent,parent;child;grandparent;grandchild;indirect,HoC,1,panel;rush,"Francis Egerton, 1st Earl of Ellesmere;John Byng, 1st Earl of Strafford;George Byng, 2nd Earl of Strafford;George Byng;George Egerton, 2nd Earl of Ellesmere"
Q5537522,George Byng,3415,1,3,1,sibling,sibling;uncle/aunt;niece/nephew;indirect,HoC,1,panel;rush,"John Byng, 1st Earl of Strafford;George Byng, 2nd Earl of Strafford;George Byng, 3rd Earl of Strafford"
Q5537831,George Charles Grey,7930,0,0,0,,,,0,,
Q5537854,George Chetwynd,3491,0,0,0,,,,0,,
Q5537863,"George Chichester, 3rd Marquess of Donegall",3150,1,3,1,sibling,sibling;indirect,HoC,1,panel;rush,Lord Arthur Chichester;Lord John Chichester;Robert Chichester
Q5537867,"George Child Villiers, 6th Earl of Jersey",9050,1,4,1,sibling,sibling;cousin;indirect,HoC,1,panel;rush,Robert Peel;Frederick Child-Villiers;Francis Child Villiers;William Paget
Q5537991,George Clive,1379,1,6,1,parent,parent;child;niece/nephew;indirect,HoC,1,panel;rush,Edward Clive;Henry Clive;Edward Clive;Percy Clive;Robert Clive;Robert Windsor-Clive
Q5538071,"Sir George Colthurst, 5th Baronet",2806,1,1,0,sibling,sibling,HoC,1,panel;rush,David Colthurst
Q5538109,George Cooper,9132,0,0,0,,,,0,,
Q5538154,George Courtauld,2834,0,0,0,,,,1,,
Q5538159,"George Courthope, 1st Baron Courthope",3611,0,0,0,,,,1,,
Q5538175,"George Cowper, 6th Earl Cowper",4013,1,2,1,parent,parent;sibling,HoC,1,panel,"Henry Cowper;William Cowper-Temple, 1st Baron Mount Temple"
Q5538188,George Craddock,3616,0,0,0,,,,0,,
Q5538249,"George Marks, 1st Baron Marks",7931,0,0,0,,,,1,,
Q5538264,"George Cubitt, 1st Baron Ashcombe",1433,1,1,0,parent,parent;child,HoC,1,panel;rush,"Henry Cubitt, 2nd Baron Ashcombe"
Q5538276,George Cunningham,9242,0,0,0,,,,0,,
Q5538277,George Currie,8981,0,0,0,,,,0,,
Q5538290,"George Curzon-Howe, 2nd Earl Howe",1440,1,4,1,child,child;sibling;niece/nephew;indirect,HoC,1,panel;rush,"Lord Henry Somerset;Francis Curzon, 5th Earl Howe;Montagu Curzon;Richard Curzon, 4th Earl Howe"
Q5538345,George Daggar,3670,0,0,0,,,,0,,
Q5538353,George Dallas,3673,0,0,0,,,,0,,
Q5538381,George Darling,8541,0,0,0,,,,1,,
Q5538418,George Davies,7934,0,0,0,,,,0,,
Q5538430,George Davy Kelley,4564,0,0,0,,,,0,,
Q5538434,George Dawson-Damer,3680,1,3,1,parent,parent;child;grandchild;indirect,HoC,1,panel;rush,"Hugh Fortescue, 4th Earl Fortescue;Hugh Fortescue, 3rd Earl Fortescue;Lionel Dawson-Damer, 4th Earl of Portarlington"
Q5538469,George Deer,3715,0,0,0,,,,0,,
Q5538488,George Denman,1483,1,1,0,child,child,HoC,1,panel,"Thomas Denman, 1st Baron Denman"
Q5538551,George Dixon,1499,0,0,0,,,,0,,
Q5538563,George Dodd,6725,0,0,0,,,,0,,
Q5538573,George Doland,3752,0,0,0,,,,0,,
Q5538589,George Doughty,2064,0,0,0,,,,0,,
Q5538664,George Duncan,6738,0,0,0,,,,0,,
Q5538670,George Dundas,6743,0,0,0,,,,1,,
Q5538804,George Eady,3836,0,0,0,,,,0,,
Q5538891,George Edward Price,2790,0,0,0,,,,1,,
Q5538901,George Edwards,7920,0,0,0,,,,0,,
Q5538925,"George Egerton, 2nd Earl of Ellesmere",3313,1,6,1,parent,parent;child;sibling;indirect,HoC,1,panel;rush,"Francis Egerton, 1st Earl of Ellesmere;Alfred Egerton;Algernon Egerton;Francis Egerton;George Byng, 3rd Earl of Strafford;John Campbell, 2nd Earl Cawdor"
Q5538930,George Ekins Browne,1281,0,0,0,,,,1,,
Q5538954,George Elliot,1554,1,3,1,parent,parent;child;uncle/aunt;niece/nephew;cousin,HoC,1,panel;rush,"George Elliot;John Elliot;William Elliot-Murray-Kynynmound, 3rd Earl of Minto"
Q5538960,George Elliot,6444,1,3,1,parent,parent;child;sibling;niece/nephew;indirect,HoC,1,panel;rush,"George Elliot;John Elliot;William Elliot-Murray-Kynynmound, 3rd Earl of Minto"
Q5539015,George Ernest Schuster,5685,0,0,0,,,,1,,
Q5539164,"George Faber, 1st Baron Wittenham",9131,1,2,1,sibling,sibling,HoC,1,panel;rush,"Edmund Faber, 1st Baron Faber;Walter Faber"
Q5539178,George Faithfull,3916,0,0,0,,,,0,,
Q5539185,George Fardell,2069,0,0,0,,,,0,,
Q5539239,George Ferguson,6772,0,0,0,,,,1,,
Q5539271,"George Finch-Hatton, 11th Earl of Winchilsea",4898,1,2,1,sibling,sibling,HoC,1,panel;rush,"Harold Finch-Hatton;Murray Finch-Hatton, 12th Earl of Winchilsea"
Q5539273,George Finch,6780,1,1,0,parent,parent;child,HoC,1,panel;rush,George Finch
Q5539274,George Finch,2089,1,1,0,parent,parent;child,HoC,1,panel;rush,George Finch
Q5539361,George Forrest,4020,0,0,0,,,,0,,
Q5539445,George Frederick Muntz,7057,1,2,1,parent,parent;child;sibling,HoC,1,panel;rush,"Sir Philip Muntz, 1st Baronet;Philip Henry Muntz"
Q5539446,George Frederic Stewart Bowles,7440,1,3,1,parent,parent;child;grandchild;indirect,HoC,1,panel;rush,John Penn;Thomas Gibson;Thomas Gibson Bowles
Q5539480,George Stanley,7935,1,8,1,parent,parent;child;sibling;grandchild;uncle/aunt;niece/nephew;indirect,HoC,1,panel;rush,"Frederick Stanley, 16th Earl of Derby;Edward Smith-Stanley, 14th Earl of Derby;Edward Stanley, 15th Earl of Derby;Edward Stanley, 17th Earl of Derby;Oliver Stanley;Arthur Stanley;Edward Stanley, Lord Stanley;Richard Stanley"
Q5539488,George Frederick Young,6023,0,0,0,,,,0,,
Q5539524,George Fuller,1654,1,1,0,parent,parent;child,HoC,1,panel;rush,"Sir John Fuller, 1st Baronet"
Q5539615,George Gardiner,9244,0,0,0,,,,0,,
Q5539682,"George Gibbs, 1st Baron Wraxall",4083,0,0,0,,,,1,,
Q5539756,"George Glyn, 1st Baron Wolverton",6821,1,5,1,parent,parent;child;cousin;indirect,HoC,1,panel;rush,"Charles Grenfell;George Glyn, 2nd Baron Wolverton;John Pemberton Plumptre;Pascoe Glyn;Sidney Glyn"
Q5539757,"George Glyn, 2nd Baron Wolverton",1689,1,4,1,parent,parent;child;sibling;uncle/aunt,HoC,1,panel;rush,"Charles Grenfell;George Glyn, 1st Baron Wolverton;Pascoe Glyn;Sidney Glyn"
Q5539794,George Goodman,4128,0,0,0,,,,0,,
Q5539833,"George Goschen, 2nd Viscount Goschen",1962,1,1,0,parent,parent;child,HoC,1,panel;rush,"George Goschen, 1st Viscount Goschen"
Q5539851,George Grant,8543,0,0,0,,,,0,,
Q5539924,George Griffiths,9161,0,0,0,,,,0,,
Q5539976,George Gustavus Walker,983,0,0,0,,,,1,,
Q5540133,George Haddock,4213,0,0,0,,,,0,,
Q5540137,George Hadfield,1760,0,0,0,,,,0,,
Q5540190,George Hammond Whalley,1027,1,1,0,parent,parent;child,HoC,0,panel;rush,Hampden Whalley
Q5540191,George Hampden Evans,6760,0,0,0,,,,0,,
Q5540225,George Hardie,7932,1,3,1,sibling,sibling;spouse,HoC,0,rush,Keir Hardie;Agnes Hardie;David Hardie
Q5540269,George Harrison,7654,0,0,0,,,,0,,
Q5540289,George Harvey,7919,0,0,0,,,,0,,
Q5540299,George Harwood,1837,0,0,0,,,,0,,
Q5540301,George Harvie-Watt,4272,0,0,0,,,,1,,
Q5540312,George Hastings,2237,0,0,0,,,,0,,
Q5540333,"George Hay, Earl of Gifford",4089,1,4,1,sibling,sibling;uncle/aunt,HoC,1,panel;rush,"Thomas Hay;John Hay;John Hay;William Hay, 10th Marquess of Tweeddale"
Q5540341,George Hay Morgan,7573,0,0,0,,,,0,,
Q5540410,George Heneage,6883,1,4,1,parent,parent;child;sibling;indirect,HoC,1,panel;rush,"Arthur Heneage;Edward Heneage, 1st Baron Heneage;Edward Heneage;William Beresford"
Q5540415,"George Hennessy, 1st Baron Windlesham",4331,0,0,0,,,,1,,
Q5540448,George Henry Faber,9124,0,0,0,,,,1,,
Q5540457,George Henry Hirst,4380,0,0,0,,,,0,,
Q5540460,"George Henry Hall, 1st Viscount Hall",8555,0,0,0,,,,1,,
Q5540467,George Henry Moore,2624,0,0,0,,,,1,,
Q5540474,George Henry Roberts,7936,0,0,0,,,,0,,
Q5540475,George Henry Rose,5619,0,0,0,,,,1,,
Q5540493,George Henry Verrall,6092,0,0,0,,,,0,,
Q5540495,George Henry Walker,8553,0,0,0,,,,0,,
Q5540500,George Henry Williamson,7534,0,0,0,,,,0,,
Q5540517,George Herbert,7923,0,0,0,,,,0,,
Q5540530,George Herbert Morrell,1931,0,0,0,,,,0,,
Q5540578,George Heynes Radford,5491,0,0,0,,,,0,,
Q5540590,George Hicks,8513,0,0,0,,,,0,,
Q5540593,George Allsopp,1972,1,3,1,parent,parent;child;sibling,HoC,1,panel;rush,"Alfred Percy Allsopp;Henry Allsopp, 1st Baron Hindlip;Samuel Allsopp, 2nd Baron Hindlip"
Q5540687,George Holloway,2297,0,0,0,,,,0,,
Q5540765,George House,4435,0,0,0,,,,0,,
Q5540796,George Howell,2318,0,0,0,,,,0,,
Q5540844,George Hume,9163,0,0,0,,,,0,,
Q5540845,George Hume Macartney,6997,0,0,0,,,,0,,
Q5540969,George Isaacs,8547,0,0,0,,,,0,,
Q5541083,"George Jeffreys, 1st Baron Jeffreys",8549,1,1,0,parent,parent;child,HoC,1,panel;rush,Arthur Frederick Jeffreys
Q5541085,George Jeger,4507,0,0,0,,,,0,,
Q5541089,"Sir George Jenkinson, 11th Baronet",2358,0,0,0,,,,1,,
Q5541118,George John Sandys,7592,1,2,1,parent,parent;child;grandparent;grandchild,HoC,1,panel;rush,Duncan Sandys;Laura Sandys
Q5541150,George Jones,7947,0,0,0,,,,0,,
Q5541200,George Cockerill,3546,0,0,0,,,,0,,
Q5541308,George Kerevan,9620,0,0,0,,,,0,,
Q5541403,George Knox Anderson,6332,0,0,0,,,,0,,
Q5541435,George Kynoch,9388,0,0,0,,,,0,,
Q5541440,George Kynoch,2411,0,0,0,,,,0,,
Q5541503,George Lamb,4629,1,1,0,indirect,indirect,HoC,1,rush,"William Cowper-Temple, 1st Baron Mount Temple"
Q5541526,"George Lane-Fox, 1st Baron Bingley",4638,0,0,0,,,,1,,
Q5541527,George Lane-Fox,6804,1,1,0,sibling,sibling,HoC,1,panel;rush,Sackville Lane-Fox
Q5541552,George Lathan,7918,0,0,0,,,,0,,
Q5541585,George Lawson,8558,0,0,0,,,,0,,
Q5541633,George Leeman,2443,1,1,0,child,child,HoC,0,rush,Joseph Johnson Leeman
Q5541647,George Legh,2447,1,2,1,child,child;niece/nephew,HoC,1,rush,"Thomas Legh, 2nd Baron Newton;William Legh, 1st Baron Newton"
Q5541673,George Reakes,5528,0,0,0,,,,0,,
Q5541676,George Leopold Bryan,1290,1,1,0,parent,parent,HoC,0,rush,George Bryan
Q5541741,"George Lindgren, Baron Lindgren",4718,0,0,0,,,,1,,
Q5541775,George Llewellen Palmer,7939,0,0,0,,,,1,,
Q5541785,George Loch,2484,1,1,0,parent,parent,HoC,0,rush,James Loch
Q5541887,George Lyall,4790,1,1,0,parent,parent;child,HoC,0,panel;rush,George Lyall
Q5542018,George Machin,4839,0,0,0,,,,0,,
Q5542029,George Mackenzie Brown,7448,0,0,0,,,,0,,
Q5542038,"Sir Francis Dyke Acland, 14th Baronet",23,1,4,1,parent,parent;child;grandchild;niece/nephew,HoC,1,panel;rush,"Sir Arthur Dyke Acland, 13th Baronet;Richard Acland;Sir Thomas Dyke Acland, 11th Baronet;Sir Thomas Dyke Acland, 12th Baronet"
Q5542068,George Maitland Lloyd Davies,7940,0,0,0,,,,0,,
Q5542189,George Marton,7018,1,1,0,parent,parent;child,HoC,0,panel;rush,George Blucher Heneage Marton
Q5542221,George Gillett,4092,0,0,0,,,,0,,
Q5542229,"George Mathers, 1st Baron Mathers",4949,0,0,0,,,,1,,
Q5542296,George McCrae,4987,0,0,0,,,,0,,
Q5542396,George Melly,2592,0,0,0,,,,0,,
Q5542457,George Middleton,7924,0,0,0,,,,0,,
Q5542490,"George Milles, 1st Earl Sondes",2604,1,2,1,grandparent,grandparent;indirect,HoC,1,rush,"Edward Fellowes, 1st Baron de Ramsey;Sir Edward Knatchbull, 9th Baronet"
Q5542536,George Moffatt,5075,1,1,0,indirect,indirect,HoC,1,rush,Howard Vincent
Q5542557,"George Monckton-Arundell, 7th Viscount Galway",1660,1,1,0,parent,parent;child,HoC,1,panel;rush,"George Monckton-Arundell, 6th Viscount Galway"
Q5542558,"George Monckton-Arundell, 6th Viscount Galway",1659,1,2,1,parent,parent;child;indirect,HoC,1,panel;rush,"Francis Monckton;George Monckton-Arundell, 7th Viscount Galway"
Q5542573,"George Montagu, 9th Earl of Sandwich",7570,1,1,0,parent,parent,HoC,1,panel,Victor Montagu
Q5542636,George Morrison,7926,0,0,0,,,,0,,
Q5542646,George Morton,8557,0,0,0,,,,0,,
Q5542704,George Murnaghan,2171,0,0,0,,,,0,,
Q5542865,"George Newton, 1st Baron Eltisley",5206,0,0,0,,,,1,,
Q5542880,George Nicholls,5212,0,0,0,,,,0,,
Q5542946,"Richard Nugent, Baron Nugent of Guildford",5232,0,0,0,,,,1,,
Q5543000,George Odey,5271,0,0,0,,,,0,,
Q5543028,George Oliver,5280,0,0,0,,,,0,,
Q5543049,"George Ormsby-Gore, 3rd Baron Harlech",7614,1,6,1,parent,parent;child;sibling;grandparent;grandchild;uncle/aunt;niece/nephew,HoC,1,panel;rush,"David Ormsby-Gore, 5th Baron Harlech;Seymour Ormsby-Gore;William Ormsby-Gore, 4th Baron Harlech;John Ormsby-Gore, 1st Baron Harlech;William Ormsby-Gore;William Ormsby-Gore, 2nd Baron Harlech"
Q5543057,George Osborne Morgan,2628,0,0,0,,,,0,,
Q5543175,George Palmer,2720,1,2,1,parent,parent;child,HoC,1,panel;rush,"George William Palmer;Sir Walter Palmer, 1st Baronet"
Q5543189,"George Pargiter, Baron Pargiter",5318,0,0,0,,,,1,,
Q5543192,George Park,5319,0,0,0,,,,0,,
Q5543250,"George Patton, Lord Glenalmond",5341,0,0,0,,,,0,,
Q5543311,"George Penny, 1st Viscount Marchwood",5358,0,0,0,,,,1,,
Q5543323,"George Perceval, 6th Earl of Egmont",7119,1,1,0,niece/nephew,niece/nephew,HoC,1,rush,"Charles Perceval, 7th Earl of Egmont"
Q5543351,George Perry,5367,0,0,0,,,,0,,
Q5543450,George Pitt-Lewis,2765,0,0,0,,,,0,,
Q5543477,George Pollard,9138,0,0,0,,,,0,,
Q5543485,George Ponsonby,,0,0,0,,,,1,,
Q5543502,George Porter,9243,0,0,0,,,,0,,
Q5543534,"George Pratt, 2nd Marquess Camden",,1,1,0,parent,parent,HoC,1,panel,"John Pratt, 3rd Marquess Camden"
Q5543571,George Pryme,5475,0,0,0,,,,0,,
Q5543807,George Rennie Thorne,5973,0,0,0,,,,0,,
Q5543813,George Repton,751,0,0,0,,,,0,,
Q5543836,"George Rice-Trevor, 4th Baron Dynevor",6035,0,0,0,,,,1,,
Q5543884,George Ridley,7921,0,0,0,,,,0,,
Q5543927,George Robert Dawson,,1,1,0,parent,parent,HoC,1,panel,Robert Peel Dawson
Q5543981,George Rodgers,5596,0,0,0,,,,0,,
Q5543992,George Rogers,8556,0,0,0,,,,0,,
Q5544112,"George Rushout, 3rd Baron Northwick",5642,0,0,0,,,,1,,
Q5544230,George Salis-Schwabe,813,0,0,0,,,,0,,
Q5544244,George Elliston,3871,0,0,0,,,,0,,
Q5544250,George Samuel Elliott,3869,0,0,0,,,,0,,
Q5544269,George Sandford,820,0,0,0,,,,0,,
Q5544363,"George Sclater-Booth, 1st Baron Basing",827,1,1,0,indirect,indirect,HoC,1,rush,Henry Wilson-Fox
Q5544378,George Scott Robertson,9439,0,0,0,,,,1,,
Q5544472,"George Shaw-Lefevre, 1st Baron Eversley",845,1,3,1,child,child;uncle/aunt;niece/nephew;indirect,HoC,1,panel;rush,"Charles Shaw-Lefevre, 1st Viscount Eversley;Henry Reynolds-Moreton, 3rd Earl of Ducie;John Shaw-Lefevre"
Q5544521,George Shield,7946,0,0,0,,,,0,,
Q5544571,George Sinclair,8552,0,0,0,,,,0,,
Q5544577,George Sinkinson,5759,0,0,0,,,,0,,
Q5544593,George Skene Duff,6731,1,3,1,sibling,sibling;uncle/aunt;indirect,HoC,1,panel;rush,"James Duff, 5th Earl Fife;Alexander Duff, 1st Duke of Fife;John Lewis Ricardo"
Q5544666,"George Smythe, 7th Viscount Strangford",7227,0,0,0,,,,1,,
Q5544700,"George Sotheron-Estcourt, 1st Baron Estcourt",1572,0,0,0,,,,1,,
Q5544782,"George Stanhope, 7th Earl of Chesterfield",9048,0,0,0,,,,1,,
Q5544845,George Stevenson,637,0,0,0,,,,0,,
Q5544879,George Storer,2842,0,0,0,,,,0,,
Q5544891,George Strauss,8561,0,0,0,,,,1,,
Q5544932,George Stucley,5906,1,1,0,child,child,HoC,1,panel,Lewis William Buck
Q5545003,George Sylvester,5940,0,0,0,,,,0,,
Q5545111,George Taylor Ramsden,7944,0,0,0,,,,0,,
Q5545122,George Terrell,5962,1,2,1,child,child;sibling,HoC,0,rush,Reginald Terrell;Henry Terrell
Q5545156,George Thomas Kenyon,2048,1,1,0,child,child,HoC,1,panel,"Lloyd Kenyon, 3rd Baron Kenyon"
Q5545172,George Thompson,7272,0,0,0,,,,0,,
Q5545176,George Thompson,7271,0,0,0,,,,0,,
Q5545183,George Thompson,8554,0,0,0,,,,0,,
Q5545184,"George Thomson, Lord Thomson",9246,0,0,0,,,,0,,
Q5545262,George Tomline,950,0,0,0,,,,0,,
Q5545264,George Tomkyns Chesney,1363,0,0,0,,,,0,,
Q5545269,George Tomlinson,8542,0,0,0,,,,0,,
Q5545281,George Touche,6012,1,1,0,parent,parent;child,HoC,1,panel;rush,"Sir Gordon Touche, 1st Baronet"
Q5545282,George Toulmin,6013,0,0,0,,,,0,,
Q5545296,George Traill,958,0,0,0,,,,0,,
Q5545309,"George Trefgarne, 1st Baron Trefgarne",4067,0,0,0,,,,1,,
Q5545329,George Trout Bartley,1911,0,0,0,,,,1,,
Q5545334,"George Tryon, 1st Baron Tryon",6043,1,1,0,indirect,indirect,HoC,1,rush,"Henry Vivian, 1st Baron Swansea"
Q5545364,George Turner,678,0,0,0,,,,0,,
Q5545403,"George Upton, 3rd Viscount Templetown",6069,0,0,0,,,,1,,
Q5545476,"George Venables-Vernon, 5th Baron Vernon",7301,0,0,0,,,,1,,
Q5545794,George Wadsworth,6102,0,0,0,,,,0,,
Q5545808,George Waldegrave-Leslie,6112,1,1,0,uncle/aunt,uncle/aunt,HoC,1,rush,Samuel Whitbread
Q5545827,"George Wallace, Baron Wallace of Coslany",8550,0,0,0,,,,1,,
Q5545875,"George Ward, 1st Viscount Ward of Witley",8560,1,2,1,sibling,sibling;uncle/aunt,HoC,1,panel;rush,"Robert Ward;William Ward, 3rd Earl of Dudley"
Q5545876,George Ward,7922,0,0,0,,,,0,,
Q5545882,George Wardle,7938,0,0,0,,,,0,,
Q5545888,George Warne,6135,0,0,0,,,,0,,
Q5546138,"George Weld-Forester, 3rd Baron Forester",1627,1,1,0,niece/nephew,niece/nephew,HoC,1,rush,"Cecil Weld-Forester, 5th Baron Forester"
Q5546153,George Currie,7467,0,0,0,,,,0,,
Q5546159,George Wentworth-FitzWilliam,3992,1,8,1,parent,parent;child;sibling;uncle/aunt;niece/nephew;indirect,HoC,1,panel;rush,"William Wentworth-Fitzwilliam, Viscount Milton;Charles Wentworth-FitzWilliam;Charles Wentworth-Fitzwilliam, 5th Earl Fitzwilliam;Henry Wentworth-FitzWilliam;John Wentworth-FitzWilliam;William Wentworth-Fitzwilliam, 7th Earl Fitzwilliam;William Wentworth-FitzWilliam, Viscount Milton;William Wentworth-Fitzwilliam, 6th Earl Fitzwilliam"
Q5546168,"George West, Viscount Cantelupe",3438,0,0,0,,,,1,,
Q5546213,George White,7640,0,0,0,,,,0,,
Q5546224,"George Whiteley, 1st Baron Marchamley",1790,1,1,0,sibling,sibling,HoC,1,panel;rush,"Sir Herbert Huntington-Whiteley, 1st Baronet"
Q5546286,George Willey,6212,0,0,0,,,,0,,
Q5546317,George William Hope,9018,1,1,0,parent,parent;child,HoC,1,panel;rush,Alexander Hope
Q5546325,George William Kekewich,7670,1,1,0,parent,parent;child,HoC,1,panel;rush,Samuel Trehawke Kekewich
Q5546329,George William Latham,2423,0,0,0,,,,1,,
Q5546341,George Rickards,5572,0,0,0,,,,0,,
Q5546342,George William Palmer,2056,1,2,1,parent,parent;child;sibling,HoC,1,panel;rush,"George Palmer;Sir Walter Palmer, 1st Baronet"
Q5546352,George William Symonds Jarrett,4504,0,0,0,,,,0,,
Q5546360,George William Wood,7367,0,0,0,,,,0,,
Q5546367,George Williams,7351,0,0,0,,,,0,,
Q5546388,George Willis,8516,0,0,0,,,,0,,
Q5546432,George Windsor-Clive,1073,1,6,1,parent,parent;child;sibling;uncle/aunt;niece/nephew;cousin,HoC,1,panel;rush,"George Windsor-Clive;Edward Herbert, 2nd Earl of Powis;Edward Herbert, 3rd Earl of Powis;Percy Herbert;Robert Clive;Robert Windsor-Clive"
Q5546509,George Woods,6404,0,0,0,,,,0,,
Q5546601,"George Young, Lord Young",1107,0,0,0,,,,0,,
Q5548815,Geraint Morgan,9420,0,0,0,,,,0,,
Q5548887,Gerald Ashburner France,4024,0,0,0,,,,0,,
Q5548947,Gerald Bowden,3280,0,0,0,,,,0,,
Q5548970,Gerald Brunskill,3375,0,0,0,,,,0,,
Q5549151,Gerald Fowler,8564,0,0,0,,,,0,,
Q5549252,Gerald Hohler,4394,0,0,0,,,,0,,
Q5549256,Gerald Howard,8895,0,0,0,,,,0,,
Q5549303,Gerald Kyffin-Taylor,4621,0,0,0,,,,0,,
Q5549352,"Gerald Loder, 1st Baron Wakehurst",1964,1,2,1,parent,parent;child,HoC,1,panel;rush,"John Loder, 2nd Baron Wakehurst;Sir Robert Loder, 1st Baronet"
Q5549434,Gerald Nabarro,5170,0,0,0,,,,0,,
Q5549467,Gerald Palmer,7949,0,0,0,,,,1,,
Q5549676,Gerald Wellington Williams,8565,0,0,0,,,,0,,
Q5549692,Gerald Wills,8563,0,0,0,,,,1,,
Q5549794,Geraldine Smith,618,0,0,0,,,,0,,
Q5549999,Gerard Folliott Vaughan,6085,0,0,0,,,,0,,
Q5550189,"Gerard Wallop, 9th Earl of Portsmouth",7951,1,1,0,uncle/aunt,uncle/aunt,HoC,1,rush,"Newton Wallop, 6th Earl of Portsmouth"
Q5552654,Gerry Bermingham,124,0,0,0,,,,0,,
Q5552860,Gerry Malone,4908,0,0,0,,,,0,,
Q5552938,Gerry Neale,5182,0,0,0,,,,0,,
Q5553003,Gerry Reynolds,8566,0,0,0,,,,0,,
Q5553039,Gerry Steinberg,636,0,0,0,,,,0,,
Q5553102,Gershom Stewart,7952,0,0,0,,,,1,,
Q5553468,Gervase Beckett,8337,1,5,1,parent,parent;child;sibling;grandparent;grandchild;uncle/aunt;niece/nephew;indirect,HoC,1,panel;rush,"Anthony Eden;Christopher Beckett Denison;Ernest Beckett, 2nd Baron Grimthorpe;Sir Edmund Beckett, 4th Baronet;William Beckett-Denison"
Q5559635,"Gideon Oliphant-Murray, 2nd Viscount Elibank",7795,1,2,1,sibling,sibling,HoC,1,panel;rush,"Alexander Murray, 1st Baron Murray of Elibank;Arthur Murray, 3rd Viscount Elibank"
Q5559922,Gifford Fox,8568,0,0,0,,,,1,,
Q5560755,Gilbert Acland-Troyte,27,0,0,0,,,,1,,
Q5560795,Gilbert Beith,1201,0,0,0,,,,0,,
Q5560930,Gilbert Gledhill,4108,0,0,0,,,,0,,
Q5560967,"Gilbert Heathcote, 1st Baron Aveland",4311,1,4,1,parent,parent;child;grandparent,HoC,1,panel;rush,"Claud Heathcote-Drummond-Willoughby;Gilbert Heathcote-Drummond-Willoughby, 2nd Earl of Ancaster;Sir Gilbert Heathcote, 4th Baronet;Gilbert Heathcote-Drummond-Willoughby, 1st Earl of Ancaster"
Q5560968,"Gilbert Heathcote-Drummond-Willoughby, 2nd Earl of Ancaster",2893,1,4,1,parent,parent;child;sibling;grandchild,HoC,1,panel;rush,"Claud Heathcote-Drummond-Willoughby;Gilbert Heathcote, 1st Baron Aveland;James Heathcote-Drummond-Willoughby, 3rd Earl of Ancaster;Gilbert Heathcote-Drummond-Willoughby, 1st Earl of Ancaster"
Q5561063,Gilbert Leigh,2452,0,0,0,,,,1,,
Q5561068,Gilbert Longden,4748,0,0,0,,,,0,,
Q5561097,Gilbert McAllister,4971,0,0,0,,,,0,,
Q5561109,Gilbert McMicking,5017,0,0,0,,,,0,,
Q5561118,"Dick Mitchison, Baron Mitchison",5072,0,0,0,,,,1,,
Q5561280,"Gilbert Wills, 1st Baron Dulverton",7954,1,1,0,parent,parent;child,HoC,1,panel;rush,"Sir Frederick Wills, 1st Baronet"
Q55615175,John Finucane,10207,0,0,0,,,,0,,
Q5561705,Giles Shaw,8701,0,0,0,,,,0,,
Q5561727,Giles Watling,9913,0,0,0,,,,0,,
Q5562550,Gilmour Leburn,4675,0,0,0,,,,0,,
Q5565726,Thomas Barclay,7657,0,0,0,,,,1,,
Q5566061,Harry Barnes,107,0,0,0,,,,0,,
Q5567795,Nigel Beard,111,0,0,0,,,,0,,
Q5568755,Roy Beggs,114,0,0,0,,,,0,,
Q5569398,Glenvil Hall,8954,0,0,0,,,,0,,
Q5572858,"Glyn Mason, 2nd Baron Blackford",7955,0,0,0,,,,1,,
Q5574271,Roger Berry,125,0,0,0,,,,0,,
Q5574771,Harold Best,126,0,0,0,,,,0,,
Q5576375,Godfrey Baring,7658,0,0,0,,,,1,,
Q5576380,"Godfrey Benson, 1st Baron Charnwood",1207,0,0,0,,,,1,,
Q5576408,Godfrey Collins,7958,0,0,0,,,,1,,
Q5576427,Godfrey Fetherstonhaugh,3954,0,0,0,,,,1,,
Q5576479,Godfrey Lagden,4624,0,0,0,,,,0,,
Q5576500,Godfrey Mark Palmer,7957,1,1,0,child,child,HoC,1,panel,"Sir Charles Palmer, 1st Baronet"
Q5576507,"Godfrey Morgan, 1st Viscount Tredegar",2629,1,4,1,child,child;sibling;niece/nephew,HoC,1,panel,"Charles Morgan, 1st Baron Tredegar;Octavius Morgan;Charles Rodney Morgan;Frederick Courtenay Morgan"
Q5576536,Godfrey Samuelson,7504,1,2,1,parent,parent;child;sibling,HoC,1,panel;rush,Bernhard Samuelson;Henry Samuelson
Q5576572,Godfrey Wilson,7956,0,0,0,,,,0,,
Q5576739,Godman Irvine,4493,0,0,0,,,,0,,
Q5584360,Peter Bradley,142,0,0,0,,,,0,,
Q5584832,Gordon Bagier,3079,0,0,0,,,,0,,
Q5584953,"Gordon Campbell, Baron Campbell of Croy",8571,0,0,0,,,,1,,
Q5585234,Gordon Hall Caine,4226,1,1,0,sibling,sibling,HoC,0,panel;rush,Derwent Hall Caine
Q5585252,Gordon Harvey,7390,0,0,0,,,,0,,
Q5585440,Gordon Lang,4640,0,0,0,,,,0,,
Q5585520,Gordon Matthews,8570,0,0,0,,,,0,,
Q5585556,Gordon McMaster,73,0,0,0,,,,0,,
Q5585620,Gordon Oakes,5267,0,0,0,,,,0,,
Q5585683,Gordon Prentice,559,0,0,0,,,,0,,
Q5586002,Gordon Wilson,8856,0,0,0,,,,0,,
Q5586304,"William Bridgeman, 1st Viscount Bridgeman",8326,0,0,0,,,,1,,
Q5586803,Henry Broadhurst,1840,0,0,0,,,,0,,
Q5586821,Goronwy Owen,7961,0,0,0,,,,0,,
Q5586826,"Goronwy Roberts, Baron Goronwy-Roberts",8572,0,0,0,,,,1,,
Q5589442,"Stanley Buckmaster, 1st Viscount Buckmaster",3382,0,0,0,,,,1,,
Q5589832,Charles Buller,6608,1,1,0,sibling,sibling,HoC,1,panel;rush,Arthur William Buller
Q5590514,"Harry Levy-Lawson, 1st Viscount Burnham",2884,0,0,0,,,,1,,
Q5590656,Thomas Burt,2083,0,0,0,,,,0,,
Q5590851,Samuel H. Butcher,7443,1,1,0,sibling,sibling,HoC,1,panel,"John Butcher, 1st Baron Danesfort"
Q5590921,John Lewis Ricardo,5565,1,5,1,uncle/aunt,uncle/aunt;cousin;indirect,HoC,0,panel;rush,"James Duff, 5th Earl Fife;Osman Ricardo;David Ricardo;George Skene Duff;Samson Ricardo"
Q5591062,Grace Colman,8573,0,0,0,,,,0,,
Q5591064,"Sir Thomas Buxton, 1st Baronet",6617,1,9,1,parent,parent;child;grandparent;grandchild;niece/nephew;indirect,HoC,1,panel;rush,"Sir Edward Buxton, 2nd Baronet;Sydney Buxton, 1st Earl Buxton;Charles Buxton;Noel Noel-Buxton;Thomas Fowell Buxton;Andrew Johnston;Charles Buxton;Edward Buxton;Francis Buxton"
Q5592258,Graeme Finlay,3967,0,0,0,,,,1,,
Q5592687,Graham Bright,9305,0,0,0,,,,0,,
Q5593124,Graham Page,9288,0,0,0,,,,0,,
Q5593182,Graham Riddick,5574,0,0,0,,,,1,,
Q5593376,Graham Woodwark,6246,0,0,0,,,,0,,
Q5596897,Granville Gibson,7796,0,0,0,,,,0,,
Q5596904,Granville Harcourt-Vernon,7303,1,3,1,parent,parent;child;sibling,HoC,1,panel;rush,George Harcourt;Francis Venables-Vernon-Harcourt;Granville Harcourt-Vernon
Q5596905,Granville Harcourt-Vernon,7302,1,3,1,parent,parent;child;niece/nephew,HoC,1,panel;rush,George Harcourt;Francis Venables-Vernon-Harcourt;Granville Harcourt-Vernon
Q5596923,Granville Maynard Sharp,5717,0,0,0,,,,0,,
Q5596932,"Granville Proby, 4th Earl of Carysfort",5465,0,0,0,,,,1,,
Q5596937,Granville Ryder,7184,1,5,1,parent,parent;child;sibling;uncle/aunt;niece/nephew;indirect,HoC,1,panel;rush,"Dudley Ryder, 2nd Earl of Harrowby;Dudley Ryder, 3rd Earl of Harrowby;Granville Ryder;John Ryder, 5th Earl of Harrowby;Henry Somerset, 7th Duke of Beaufort"
Q5596940,Granville Ryder,809,1,4,1,parent,parent;child;uncle/aunt;niece/nephew;cousin;indirect,HoC,1,panel;rush,"Dudley Ryder, 2nd Earl of Harrowby;Dudley Ryder, 3rd Earl of Harrowby;Granville Ryder;John Ryder, 5th Earl of Harrowby"
Q5600885,James Caird,3420,0,0,0,,,,1,,
Q5602084,Ivor Caplin,176,0,0,0,,,,0,,
Q560482,Cathal Brugha,3399,0,0,0,,,,0,,
Q560499,Richard Mulcahy,5144,0,0,0,,,,0,,
Q5605327,Ian Cawsey,180,0,0,0,,,,0,,
Q560595,Charles FitzRoy,,1,1,0,sibling,sibling,HoC,1,panel,Robert FitzRoy
Q5606146,Greg Pope,555,0,0,0,,,,0,,
Q5606660,Gregor Mackenzie,4843,0,0,0,,,,0,,
Q5606816,Sydney Chapman,182,0,0,0,,,,0,,
Q5607504,Grenville Berkeley,6560,1,3,1,sibling,sibling;niece/nephew,HoC,0,rush,"Maurice Berkeley, 1st Baron FitzHardinge;Grantley Berkeley;Craven Berkeley"
Q5607839,Greville Howard,8574,1,1,0,indirect,indirect,HoC,1,rush,Charles Howard-Bury
Q5609276,Michael Clapham,188,0,0,0,,,,0,,
Q5609445,Paul Clark,193,0,0,0,,,,0,,
Q5609565,Tony Clarke,198,0,0,0,,,,0,,
Q5609970,"Harry Powlett, 4th Duke of Cleveland",6078,1,2,1,sibling,sibling,HoC,1,panel;rush,"William Vane, 3rd Duke of Cleveland;Henry Vane, 2nd Duke of Cleveland"
Q5609972,"Henry Vane, 2nd Duke of Cleveland",3686,1,2,1,sibling,sibling,HoC,1,panel;rush,"William Vane, 3rd Duke of Cleveland;Harry Powlett, 4th Duke of Cleveland"
Q5610420,Harry Cohen,204,0,0,0,,,,0,,
Q5610529,Wenman Coke,3556,1,2,1,child,child;sibling,HoC,1,panel;rush,"Edward Coke;Thomas Coke, 1st Earl of Leicester"
Q5610639,Grosvenor Hodgkinson,2284,0,0,0,,,,0,,
Q5610671,Iain Coleman,205,0,0,0,,,,0,,
Q5610938,Jesse Collings,2105,0,0,0,,,,0,,
Q5611004,Tim Collins,206,0,0,0,,,,0,,
Q5612624,"Leonard Courtney, 1st Baron Courtney of Penwith",2836,0,0,0,,,,1,,
Q5612664,Jim Cousins,217,0,0,0,,,,0,,
Q5612667,Joseph Cowen,1403,1,1,0,parent,parent;child,HoC,0,panel;rush,Joseph Cowen
Q5612753,"Weetman Pearson, 1st Viscount Cowdray",1854,1,1,0,parent,parent,HoC,1,panel,"Harold Pearson, 2nd Viscount Cowdray"
Q5612827,Tom Cox,218,0,0,0,,,,0,,
Q5613021,Ross Cranston,220,0,0,0,,,,0,,
Q5613675,"Richard Assheton Cross, 1st Viscount Cross",1424,1,1,0,parent,parent;child,HoC,1,panel;rush,William Cross
Q5614148,John Cummings,224,0,0,0,,,,0,,
Q5614408,"Ronald McNeill, 1st Baron Cushendun",5024,0,0,0,,,,1,,
Q5615836,Guildford Onslow,2701,0,0,0,,,,1,,
Q5618133,Hilton Dawson,243,0,0,0,,,,0,,
Q5621197,Gustav Renwick,5555,1,1,0,parent,parent;child,HoC,1,panel;rush,"Sir George Renwick, 1st Baronet"
Q5621232,Parmjit Dhanda,3984,0,0,0,,,,0,,
Q5621480,"Willoughby Dickinson, 1st Baron Dickinson",7682,1,3,1,parent,parent;child;indirect,HoC,1,panel;rush,"Frances Davidson, Viscountess Davidson;J. C. C. Davidson, 1st Viscount Davidson;Sebastian Dickinson"
Q5621545,Gustavus Arthur Talbot,7962,0,0,0,,,,1,,
Q5622068,Guy Baring,7605,1,2,1,child,child;grandchild,HoC,1,panel,"Alexander Baring, 4th Baron Ashburton;Francis Baring, 3rd Baron Ashburton"
Q5622076,Guy Barnett,8779,0,0,0,,,,0,,
Q5622196,Guy Dawnay,6706,1,2,1,parent,parent;child;sibling,HoC,1,panel;rush,"Lewis Payn Dawnay;William Dawnay, 7th Viscount Downe"
Q5622269,Guy Gaunt,4075,0,0,0,,,,0,,
Q5622292,Guy Greville Wilson,7627,1,2,1,parent,parent;child;sibling,HoC,1,panel;rush,"Charles Wilson, 1st Baron Nunburnholme;Charles Wilson, 2nd Baron Nunburnholme"
Q5622472,Guy Molesworth Kindersley,4600,0,0,0,,,,1,,
Q5622523,Guy Paget,8281,0,0,0,,,,0,,
Q5622570,Guy Rowson,5628,0,0,0,,,,0,,
Q5623626,Gwilym Jones,9352,1,1,0,parent,parent;child,HoC,0,panel;rush,Fay Jones
Q5623628,Gwilym Roberts,8576,0,0,0,,,,0,,
Q5623629,Gwilym Rowlands,7963,0,0,0,,,,0,,
Q5623901,Gwynoro Jones,8580,0,0,0,,,,0,,
Q5625320,"Henry Duke, 1st Baron Merrivale",3804,0,0,0,,,,1,,
Q5628181,H. E. A. Cotton,7497,1,1,0,parent,parent,HoC,0,rush,Henry John Stedman Cotton
Q5628220,H. F. B. Lynch,4797,0,0,0,,,,1,,
Q5628434,H. Montgomery Hyde,4466,0,0,0,,,,0,,
Q5628595,H. T. Muggeridge,5140,0,0,0,,,,1,,
Q5630321,Mike Thornton,10147,0,0,0,,,,0,,
Q563342,Lord Edward Somerset,7230,1,1,0,parent,parent,HoC,1,panel,Edward Arthur Somerset
Q5640864,Hal Miller,8611,0,0,0,,,,1,,
Q564093,Annabelle Ewing,4172,1,2,1,parent,parent;child;indirect,HoC,0,panel;rush,Margaret Ewing;Winnie Ewing
Q5642931,Hallewell Rogers,7964,0,0,0,,,,0,,
Q5642938,Halley Stewart,2860,0,0,0,,,,1,,
Q5644068,Hamar Alfred Bass,1179,1,2,1,parent,parent;child;sibling,HoC,1,panel;rush,"Michael Thomas Bass;Michael Bass, 1st Baron Burton"
Q5644085,"Hamar Greenwood, 1st Viscount Greenwood",4168,1,2,1,niece/nephew,niece/nephew;indirect,HoC,1,rush,"Julian Amery, Baron Amery of Lustleigh;Leo Amery"
Q5645354,"Hamish Gray, Baron Gray of Contin",8654,0,0,0,,,,1,,
Q5645403,Hamish Watt,8581,1,1,0,grandchild,grandchild,HoC,0,rush,Stuart Donaldson
Q5647365,Handel Cossham,2830,0,0,0,,,,0,,
Q5655026,Harcourt Johnstone,7966,0,0,0,,,,1,,
Q5655049,"Harcourt Vanden-Bempde-Johnstone, 1st Baron Derwent",2368,1,1,0,parent,parent;child,HoC,1,panel;rush,"Sir John Vanden-Bempde-Johnstone, 2nd Baronet"
Q5659075,Harmar Nicholls,9248,0,0,0,,,,1,,
Q5660018,Harold Trevor Baker,7452,1,1,0,parent,parent,HoC,0,rush,John Baker
Q5660023,"Harold Balfour, 1st Baron Balfour of Inchrye",7969,1,1,0,indirect,indirect,HoC,1,rush,John Profumo
Q5660118,Harold Boardman,3246,0,0,0,,,,0,,
Q5660169,Harold Briggs,8347,0,0,0,,,,0,,
Q5660363,Harold Cox,7492,0,0,0,,,,0,,
Q5660593,Harold Elletson,3866,0,0,0,,,,0,,
Q5660670,Harold Finch-Hatton,1599,1,2,1,sibling,sibling,HoC,1,panel;rush,"George Finch-Hatton, 11th Earl of Winchilsea;Murray Finch-Hatton, 12th Earl of Winchilsea"
Q5660806,Harold Glanville,4104,0,0,0,,,,0,,
Q5660921,Harold Hales,4222,0,0,0,,,,0,,
Q5660986,Harold Hayman,4298,0,0,0,,,,0,,
Q5660994,Harold Henderson,7626,1,1,0,child,child,HoC,1,panel,"Alexander Henderson, 1st Baron Faringdon"
Q5661723,Harold McCusker,2955,0,0,0,,,,0,,
Q5661823,Harold Morris,7970,0,0,0,,,,0,,
Q5661985,"Harold Pearson, 2nd Viscount Cowdray",7608,1,1,0,child,child,HoC,1,panel,"Weetman Pearson, 1st Viscount Cowdray"
Q5662213,Harold Roberts,8584,0,0,0,,,,0,,
Q5662233,Harold Roper,5610,0,0,0,,,,0,,
Q5662417,Harold Soref,5804,0,0,0,,,,0,,
Q5662440,Harold St. Maur,5837,0,0,0,,,,1,,
Q5662454,Harold Stannus Gray,7971,0,0,0,,,,1,,
Q5662543,Harold Tennant,2136,1,3,1,parent,parent;child;sibling;indirect,HoC,1,panel;rush,"H. H. Asquith;Edward Tennant, 1st Baron Glenconner;Sir Charles Tennant, 1st Baronet"
Q5662703,Harold Webbe,6155,0,0,0,,,,0,,
Q5664600,Harrington Evans Broad,1271,0,0,0,,,,0,,
Q5667502,Harry Brittain,3339,0,0,0,,,,0,,
Q5667600,Harry Bullard,1925,0,0,0,,,,0,,
Q5668272,Harry Davenport,4373,1,1,0,grandparent,grandparent,HoC,1,rush,John Davenport
Q5668319,Harry Day,9166,0,0,0,,,,0,,
Q5668893,Harry Foster,2193,0,0,0,,,,0,,
Q5669195,Harry Gourlay,4148,0,0,0,,,,0,,
Q5669799,Harry Hope,9167,0,0,0,,,,0,,
Q5669837,Harry Howarth,9251,0,0,0,,,,0,,
Q5670442,Harry Lamborn,4632,0,0,0,,,,0,,
Q5670853,Harry Mackeson,4848,0,0,0,,,,1,,
Q5670875,Harry Manfield,7589,1,1,0,parent,parent;child,HoC,1,panel;rush,Moses Manfield
Q5670884,Harry Marks,2072,0,0,0,,,,0,,
Q56709363,Nickie Aiken,10154,0,0,0,,,,0,,
Q5671171,"Harry Morris, 1st Baron Morris of Kenwood",8586,0,0,0,,,,1,,
Q5671244,"Harry Nathan, 1st Baron Nathan",5177,0,0,0,,,,1,,
Q5671313,Harry Nuttall,5239,0,0,0,,,,0,,
Q5671733,"Harry Primrose, 6th Earl of Rosebery",3675,1,2,1,sibling,sibling;grandparent,HoC,1,panel;rush,"Archibald Primrose, Lord Dalmeny;Neil Primrose"
Q5671765,Harry Pursey,5482,0,0,0,,,,0,,
Q5671838,Harry Randall,9252,0,0,0,,,,0,,
Q5672267,Harry Selby,5707,0,0,0,,,,0,,
Q5672270,Harry Selley,5708,0,0,0,,,,0,,
Q5672384,Harry Samuel,2188,0,0,0,,,,0,,
Q5672436,Harry Smith,871,0,0,0,,,,0,,
Q5672499,"Harry Snell, 1st Baron Snell",5786,0,0,0,,,,1,,
Q5672827,Harry Thorneycroft,5976,0,0,0,,,,0,,
Q5673182,Harry Wallace,8589,0,0,0,,,,0,,
Q5673572,Harry Wrightson,6361,0,0,0,,,,0,,
Q5675126,John Sadleir,5652,1,1,0,sibling,sibling,HoC,0,rush,James Sadleir
Q5677507,Harvey Proctor,5469,0,0,0,,,,0,,
Q5677717,Harvey du Cros,3787,1,2,1,parent,parent;child,HoC,1,panel;rush,"Alfred du Cros;Sir Arthur du Cros, 1st Baronet"
Q5677893,Harwood Harrison,8653,0,0,0,,,,1,,
Q5686446,Haydn Davies,8590,0,0,0,,,,0,,
Q5696713,Hector Hughes,8591,0,0,0,,,,0,,
Q5696854,Hector Morison,5115,0,0,0,,,,0,,
Q5697357,Hedges Chatterton,2550,0,0,0,,,,0,,
Q5697772,"Hedworth Jolliffe, 2nd Baron Hylton",4533,1,3,1,parent,parent;child;sibling,HoC,1,panel;rush,"Hylton Jolliffe, 3rd Baron Hylton;William Sydney Hylton Jolliffe;William Jolliffe, 1st Baron Hylton"
Q5701951,Helen Brown Shaw,7974,0,0,0,,,,0,,
Q5702525,Helen Jackson,384,1,1,0,sibling,sibling,HoC,0,rush,Christopher Price
Q5702814,Helen McElhone,6500,1,1,0,spouse,spouse,HoC,0,rush,Frank McElhone
Q5703202,Helen Southworth,627,0,0,0,,,,0,,
Q5713820,"Hendrie Oakshott, Baron Oakshott",5269,0,0,0,,,,1,,
Q5714132,"Heneage Finch, 6th Earl of Aylesford",4196,1,1,0,indirect,indirect,HoC,1,rush,"William Legge, 5th Earl of Dartmouth"
Q5714134,Heneage Legge,4685,1,2,1,sibling,sibling;uncle/aunt,HoC,1,panel;rush,"William Legge, 5th Earl of Dartmouth;William Legge, 6th Earl of Dartmouth"
Q5715543,Henri Josse,2375,0,0,0,,,,0,,
Q5717088,Henry Adam Procter,5467,0,0,0,,,,0,,
Q5717137,Henry Aglionby Aglionby,2983,1,1,0,cousin,cousin,HoC,0,panel;rush,Francis Aglionby
Q5717273,"Henry Allsopp, 1st Baron Hindlip",1110,1,4,1,parent,parent;child;indirect,HoC,1,panel;rush,"Thomas Walker;Alfred Percy Allsopp;George Allsopp;Samuel Allsopp, 2nd Baron Hindlip"
Q5717307,Henry Anderson Watt,7531,0,0,0,,,,0,,
Q5717428,Henry Arthur Herbert,6455,1,1,0,parent,parent;child,HoC,1,panel;rush,Henry Arthur Herbert
Q5717431,Henry Arthur Herbert,2258,1,1,0,parent,parent;child,HoC,1,panel;rush,Henry Arthur Herbert
Q5717438,Henry Arthur Wallop Fellowes,6768,1,1,0,parent,parent;child,HoC,1,panel;rush,"Newton Fellowes, 4th Earl of Portsmouth"
Q5717706,Henry Baillie,6511,1,4,1,parent,parent;child;sibling;niece/nephew;indirect,HoC,1,panel;rush,Hugh Duncan Baillie;Francis Russell;James Evan Baillie;John Baillie
Q5717809,Henry Barnett,1172,0,0,0,,,,1,,
Q5717877,"Henry Bathurst, 4th Earl Bathurst",3034,1,3,1,niece/nephew,niece/nephew;indirect,HoC,1,rush,"Allen Bathurst, 6th Earl Bathurst;Allen Bathurst, Lord Apsley;Benjamin Bathurst"
Q5718135,Henry Berry,9066,0,0,0,,,,0,,
Q5718181,"Henry Betterton, 1st Baron Rushcliffe",3185,0,0,0,,,,1,,
Q5718197,Henry Bingham Baring,6536,0,0,0,,,,1,,
Q5718322,Henry Blundell-Hollinshead-Blundell,1881,0,0,0,,,,1,,
Q5718544,Henry Brassey,1256,1,4,1,parent,parent;child;sibling;uncle/aunt,HoC,1,panel;rush,"Henry Brassey, 1st Baron Brassey of Apethorpe;Thomas Brassey, 1st Earl Brassey;Albert Brassey;Robert Brassey"
Q5718561,Henry Bret Ince,2340,0,0,0,,,,0,,
Q5718626,Henry Brinsley Sheridan,848,0,0,0,,,,0,,
Q5718644,Henry Broadley,3344,1,1,0,niece/nephew,niece/nephew,HoC,0,rush,William Harrison-Broadley
Q5718739,Henry Bruce Armstrong,6362,1,1,0,parent,parent;child,HoC,1,panel;rush,C. W. Armstrong
Q5718758,Henry Bruen,6435,1,2,1,parent,parent;child;sibling,HoC,1,panel;rush,Francis Bruen;Henry Bruen
Q5718763,Henry Bruen,1289,1,2,1,parent,parent;child;uncle/aunt;niece/nephew,HoC,1,panel;rush,Francis Bruen;Henry Bruen
Q5718910,Henry Burton-Peters,3410,0,0,0,,,,1,,
Q5718914,Henry Burton,3411,0,0,0,,,,0,,
Q5718956,Henry Byron Reed,746,0,0,0,,,,0,,
Q5719091,"Henry Cadogan, 4th Earl Cadogan",8994,1,4,1,parent,parent;child;sibling;grandparent;grandchild,HoC,1,panel;rush,"George Cadogan, 5th Earl Cadogan;Edward Cadogan;Frederick William Cadogan;Henry Cadogan, Viscount Chelsea"
Q5719232,"Henry Cautley, 1st Baron Cautley",3465,0,0,0,,,,1,,
Q5719237,Henry Cavendish,6638,1,6,1,child,child;sibling;uncle/aunt;niece/nephew;indirect,HoC,1,panel;rush,"Hedworth Lambton;William Cavendish, 2nd Baron Chesham;Victor Cavendish, 9th Duke of Devonshire;William Cavendish, 7th Duke of Devonshire;George Cavendish, 1st Earl of Burlington;Charles Cavendish, 1st Baron Chesham"
Q5719262,Henry Cecil Raikes,730,0,0,0,,,,1,,
Q5719301,Henry Channon,3478,1,1,0,parent,parent;child,HoC,1,panel;rush,"Paul Channon, Baron Kelvedon"
Q5719311,"Henry Chaplin, 1st Viscount Chaplin",2847,1,2,1,sibling,sibling;indirect,HoC,1,panel;rush,"Charles Vane-Tempest-Stewart, 7th Marquess of Londonderry;Edward Chaplin"
Q5719332,Henry Charles Richards,1907,0,0,0,,,,0,,
Q5719334,Henry Charles Stephens,2863,0,0,0,,,,0,,
Q5719408,Henry Christopher Wise,1080,0,0,0,,,,1,,
Q5719665,Henry Cole,1393,1,4,1,sibling,sibling;uncle/aunt;niece/nephew;indirect,HoC,1,panel;rush,"Arthur Cole;John Cole;Lowry Cole, 4th Earl of Enniskillen;William Cole, 3rd Earl of Enniskillen"
Q5719716,Henry Combe Compton,6670,1,2,1,parent,parent;child;indirect,HoC,1,panel;rush,Francis Compton;Henry Francis Compton
Q5719904,Henry Cowan,8342,0,0,0,,,,0,,
Q5719917,Henry Cowper,1404,1,2,1,child,child;niece/nephew;cousin,HoC,1,panel;rush,"George Cowper, 6th Earl Cowper;William Cowper-Temple, 1st Baron Mount Temple"
Q5720017,"Henry Cubitt, 2nd Baron Ashcombe",1952,1,1,0,parent,parent;child,HoC,1,panel;rush,"George Cubitt, 1st Baron Ashcombe"
Q5720022,Henry Gooch,7400,1,1,0,sibling,sibling,HoC,0,rush,George Peabody Gooch
Q5720047,Henry Curtis-Bennett,3665,0,0,0,,,,1,,
Q5720160,"Henry Dalziel, 1st Baron Dalziel of Kirkcaldy",2209,0,0,0,,,,1,,
Q5720219,Henry Davis Pochin,5419,0,0,0,,,,1,,
Q5720689,"Henry Eaton, 1st Baron Cheylesmore",1533,0,0,0,,,,1,,
Q5720746,Henry Home-Drummond-Moray,5105,0,0,0,,,,1,,
Q5720767,Henry Edwards,1537,0,0,0,,,,0,,
Q5720776,Henry Edwin Goodrich,4130,0,0,0,,,,0,,
Q5721117,Henry Farmer-Atkinson,3926,0,0,0,,,,0,,
Q5721164,Henry Fell Pease,2737,0,0,0,,,,0,,
Q5721175,Henry Fenwick,6771,1,1,0,child,child,HoC,0,rush,Henry Thomas Fenwick
Q5721264,Henry FitzHardinge Berkeley,1214,1,5,1,sibling,sibling;uncle/aunt,HoC,1,panel,"Maurice Berkeley, 1st Baron FitzHardinge;Grantley Berkeley;Charles Berkeley, 3rd Baron FitzHardinge;Craven Berkeley;Francis Berkeley, 2nd Baron FitzHardinge"
Q5721267,Henry FitzHerbert Wright,6335,0,0,0,,,,1,,
Q5721297,Henry Fitzroy,3988,1,1,0,indirect,indirect,HoC,1,rush,Edward FitzRoy
Q5721435,Henry Foreman,4014,0,0,0,,,,0,,
Q5721542,Henry Francis Compton,7500,1,2,1,indirect,indirect,HoC,1,rush,Francis Compton;Henry Combe Compton
Q5721595,Henry Frederick Beaumont,1194,0,0,0,,,,0,,
Q5721603,Henry Frederick Cooke,,0,0,0,,,,0,,
Q5721777,Henry Gally Knight,6965,0,0,0,,,,1,,
Q5721867,Henry George Boldero,3250,0,0,0,,,,1,,
Q5721890,Henry George Hughes,6923,0,0,0,,,,1,,
Q5722087,Henry Gore-Langton,4647,1,1,0,parent,parent;child,HoC,1,panel;rush,William Gore-Langton
Q5722116,Henry Goulburn,4146,1,1,0,sibling,sibling,HoC,1,panel;rush,Edward Goulburn
Q5722137,Henry Graham White,7985,0,0,0,,,,0,,
Q5722150,Henry Grattan,4156,1,1,0,sibling,sibling,HoC,1,panel;rush,James Grattan
Q5722174,Henry Grayson,4159,0,0,0,,,,1,,
Q5722211,Henry Grenfell,6843,1,6,1,parent,parent;child;sibling;uncle/aunt;indirect,HoC,1,panel;rush,"John Ashley Warre;Henry Adeane;William Grenfell, 1st Baron Desborough;Charles Grenfell;Charles Grenfell;Edward Grenfell, 1st Baron St Just"
Q5722245,Henry Gridley,4174,0,0,0,,,,0,,
Q5722290,Henry Guest,7808,1,4,1,sibling,sibling;uncle/aunt;niece/nephew,HoC,1,panel;rush,"Ivor Guest, 1st Viscount Wimborne;Frederick Guest;Ivor Guest, 2nd Viscount Wimborne;Oscar Guest"
Q5722524,Henry Hamlyn-Fane,3923,0,0,0,,,,1,,
Q5722542,Henry Hanbury-Tracy,9428,1,1,0,child,child,HoC,1,panel,"Charles Hanbury-Tracy, 1st Baron Sudeley"
Q5722555,Henry Hanmer,6871,1,1,0,niece/nephew,niece/nephew,HoC,1,rush,"John Hanmer, 1st Baron Hanmer"
Q5722665,Henry Harrison,7389,0,0,0,,,,0,,
Q5722695,Henry Harvey Vivian,7986,0,0,0,,,,0,,
Q5722705,Henry Haslam,4274,0,0,0,,,,0,,
Q5722774,Henry Haydn Jones,7987,0,0,0,,,,0,,
Q5722860,"Henry Hepburne-Scott, 7th Lord Polwarth",,1,1,0,sibling,sibling,HoC,1,panel,Francis Scott
Q5722966,Henry Hibbert,7639,0,0,0,,,,0,,
Q5723083,Henry Hobhouse,1937,1,2,1,parent,parent;child;indirect,HoC,1,panel;rush,"Arthur Hobhouse;Sir Charles Hobhouse, 4th Baronet"
Q5723097,Henry Hodgetts-Foley,6790,1,2,1,child,child;niece/nephew,HoC,1,panel,Edward Thomas Foley;John Hodgetts-Foley
Q5723105,Henry Hogbin,4392,0,0,0,,,,0,,
Q5723227,"Henry Hopkinson, 1st Baron Colyton",8599,0,0,0,,,,1,,
Q5723308,"Henry Howard, 2nd Earl of Effingham",7015,0,0,0,,,,1,,
Q5723318,Henry Howard,,1,2,1,parent,parent,HoC,1,panel,Henry Howard;Stafford Howard
Q5723877,Henry James Tollemache,1783,0,0,0,,,,1,,
Q5723929,Henry Jervis-White-Jervis,1035,1,4,1,indirect,indirect,HoC,0,rush,Felix Cobbold;John Cobbold;John Cobbold;Thomas Cobbold
Q5723964,Henry John Clements,3520,1,3,1,indirect,indirect,HoC,1,rush,"Robert Clements;Charles Clements;William Clements, 3rd Earl of Leitrim"
Q5723985,Henry John Leeke,4680,0,0,0,,,,1,,
Q5723999,Henry John Roby,773,0,0,0,,,,0,,
Q5724001,Henry John Stedman Cotton,7679,1,1,0,child,child,HoC,1,rush,H. E. A. Cotton
Q5724003,Henry John Trotter,962,0,0,0,,,,0,,
Q5724327,Henry Kimber,2099,0,0,0,,,,1,,
Q5724913,"Henry Liddell, 2nd Earl of Ravensworth",2472,1,1,0,parent,parent;child,HoC,1,panel;rush,"Henry Liddell, 1st Earl of Ravensworth"
Q5724916,"Henry Liddell, 1st Earl of Ravensworth",9025,1,4,1,parent,parent;child;niece/nephew;indirect,HoC,1,panel;rush,"George Phipps, 2nd Marquess of Normanby;Charles Yorke, 5th Earl of Hardwicke;Henry Liddell, 2nd Earl of Ravensworth;Sir Hedworth Williamson, 8th Baronet"
Q5725051,Henry Longhurst,4751,0,0,0,,,,0,,
Q5725062,"Henry Lopes, 1st Baron Ludlow",2488,1,3,1,parent,parent;child;sibling;uncle/aunt;niece/nephew,HoC,1,panel;rush,"Sir Massey Lopes, 3rd Baronet;Henry Lopes, 1st Baron Roborough;Sir Ralph Lopes, 2nd Baronet"
Q5725065,"Henry Lopes, 1st Baron Roborough",2489,1,3,1,parent,parent;child;grandparent;grandchild;uncle/aunt;niece/nephew,HoC,1,panel;rush,"Sir Massey Lopes, 3rd Baronet;Henry Lopes, 1st Baron Ludlow;Sir Ralph Lopes, 2nd Baronet"
Q5725072,Henry Lorimer,4756,0,0,0,,,,0,,
Q5725106,"Henry Lowther, 3rd Earl of Lonsdale",2497,1,6,1,parent,parent;child;sibling;uncle/aunt;niece/nephew;indirect,HoC,1,panel;rush,"James William Lowther, 1st Viscount Ullswater;Cecil Lowther;Henry Lowther;Sir John Lowther, 2nd Baronet, of Swillington;William Lowther, 2nd Earl of Lonsdale;William Lowther"
Q5725113,Henry Lowther,6993,1,6,1,parent,parent;child;sibling;grandparent;grandchild;indirect,HoC,1,panel;rush,"James William Lowther, 1st Viscount Ullswater;Cecil Lowther;Henry Lowther, 3rd Earl of Lonsdale;Sir John Lowther, 2nd Baronet, of Swillington;William Lowther, 2nd Earl of Lonsdale;William Lowther"
Q5725205,"Henry Lygon, 4th Earl Beauchamp",4793,1,2,1,parent,parent;child,HoC,1,panel;rush,"Henry Lygon, 5th Earl Beauchamp;Frederick Lygon, 6th Earl Beauchamp"
Q5725367,Henry Maddocks,4889,0,0,0,,,,0,,
Q5725578,Henry Feilden,1586,1,2,1,parent,parent;child;sibling,HoC,1,panel;rush,Joseph Feilden;Joseph Feilden
Q5725625,"Henry Maxwell, 7th Baron Farnham",7020,1,4,1,sibling,sibling;niece/nephew;indirect,HoC,1,panel;rush,"Edward James Saunderson;James Maxwell, 9th Baron Farnham;Somerset Maxwell;Somerset Maxwell, 8th Baron Farnham"
Q5725696,Henry McGhee,8598,1,1,0,parent,parent,HoC,0,rush,Richard McGhee
Q5725740,Henry McLaren,7983,1,6,1,child,child;sibling;grandparent;grandchild;uncle/aunt;niece/nephew,HoC,1,panel;rush,"Charles McLaren, 1st Baron Aberconway;Duncan McLaren;Francis McLaren;John McLaren;Martin McLaren;Walter McLaren"
Q5725848,"Henry Meysey-Thompson, 1st Baron Knaresborough",1943,1,3,1,parent,parent;child;sibling;grandchild,HoC,1,panel;rush,"Ernest Meysey-Thompson;Peter Legh, 4th Baron Newton;Sir Harry Meysey-Thompson, 1st Baronet"
Q5725940,"Henry Mond, 2nd Baron Melchett",5086,1,1,0,parent,parent;child,HoC,1,panel;rush,"Alfred Mond, 1st Baron Melchett"
Q5725975,Henry Moor,7046,0,0,0,,,,0,,
Q5726017,Henry Morgan-Clifford,6652,0,0,0,,,,1,,
Q5726033,Henry Morris-Jones,5119,0,0,0,,,,0,,
Q5726129,"Henry Mulholland, 2nd Baron Dunleath",2641,1,1,0,child,child,HoC,1,panel,"John Mulholland, 1st Baron Dunleath"
Q5726156,Henry Munster,9421,1,1,0,child,child,HoC,0,rush,William Munster
Q5726361,Henry Nixon,5218,0,0,0,,,,0,,
Q5726389,Henry Norman Rae,5493,0,0,0,,,,0,,
Q5726644,"Henry Page Croft, 1st Baron Croft",3631,0,0,0,,,,1,,
Q5726659,"Henry Paget, 3rd Marquess of Anglesey",6073,1,5,1,child,child;uncle/aunt;niece/nephew,HoC,1,panel;rush,"Lord George Paget;Henry Paget, 2nd Marquess of Anglesey;Lord Alfred Paget;Clarence Paget;William Paget"
Q5726727,"Henry Parnell, 1st Baron Congleton",7105,0,0,0,,,,1,,
Q5726728,Henry Parkman Sturgis,909,0,0,0,,,,1,,
Q5726789,Henry Pease,7108,1,3,1,sibling,sibling;uncle/aunt,HoC,1,panel,"Arthur Pease;Joseph Pease;Sir Joseph Pease, 1st Baronet"
Q5726814,Henry Peirson Harland,7993,1,2,1,sibling,sibling;indirect,HoC,1,rush,Edward Harland;Albert Harland
Q5726862,"Henry Percy, Earl Percy",7518,1,4,1,parent,parent;child;sibling;grandparent;grandchild;niece/nephew,HoC,1,panel;rush,"Eustace Percy, 1st Baron Percy of Newcastle;Algernon Percy, 6th Duke of Northumberland;Lord Algernon Percy;Henry Percy, 7th Duke of Northumberland"
Q5726959,Henry Peyton Cobb,1383,0,0,0,,,,1,,
Q5727067,Henry Plumptre Gipps,4101,0,0,0,,,,1,,
Q5727218,Henry Price,8594,0,0,0,,,,0,,
Q5727490,"Henry Reynolds-Moreton, 2nd Earl of Ducie",9041,1,3,1,parent,parent;child;sibling;grandparent;grandchild,HoC,1,panel;rush,"Augustus Macdonald;Henry Reynolds-Moreton, 3rd Earl of Ducie;Henry Reynolds-Moreton, Lord Moreton"
Q5727493,"Henry Reynolds-Moreton, 3rd Earl of Ducie",9110,1,5,1,parent,parent;child;uncle/aunt;niece/nephew;indirect,HoC,1,panel;rush,"Augustus Macdonald;George Shaw-Lefevre, 1st Baron Eversley;Henry Reynolds-Moreton, 2nd Earl of Ducie;Henry Reynolds-Moreton, Lord Moreton;James Haughton Langston"
Q5727495,"Henry Reynolds-Moreton, Lord Moreton",2626,1,4,1,parent,parent;child;grandparent;grandchild;indirect,HoC,1,panel;rush,"Augustus Macdonald;Henry Reynolds-Moreton, 2nd Earl of Ducie;Henry Reynolds-Moreton, 3rd Earl of Ducie;James Haughton Langston"
Q5727518,Henry Richard Farquharson,1582,0,0,0,,,,0,,
Q5727523,Henry Richard,757,0,0,0,,,,0,,
Q5727604,Henry Robertson,769,0,0,0,,,,0,,
Q5727972,Henry Samuelson,818,1,2,1,parent,parent;child;sibling,HoC,1,panel;rush,Bernhard Samuelson;Godfrey Samuelson
Q5728102,Henry Schneider,5680,0,0,0,,,,1,,
Q5728164,"Henry Scrymgeour-Wedderburn, 11th Earl of Dundee",5694,0,0,0,,,,1,,
Q5728191,"Henry Selwin-Ibbetson, 1st Baron Rookwood",836,0,0,0,,,,1,,
Q5728208,Henry Seton-Karr,1898,0,0,0,,,,0,,
Q5728226,Henry Seymour,840,1,2,1,niece/nephew,niece/nephew;indirect,HoC,1,rush,"Hugh Seymour, 6th Marquess of Hertford;William Ormsby-Gore, 2nd Baron Harlech"
Q5728455,Henry Smith Wright,1091,1,1,0,sibling,sibling,HoC,1,panel;rush,Charles Ichabod Wright
Q5728500,Henry Solomons,5792,0,0,0,,,,0,,
Q5728550,Henry Spicer,889,0,0,0,,,,0,,
Q5728613,"Henry Stafford-Jerningham, 9th Baron Stafford",4515,0,0,0,,,,1,,
Q5728787,"Henry Strauss, 1st Baron Conesford",8597,0,0,0,,,,1,,
Q5728825,"Henry Strutt, 2nd Baron Belper",908,1,1,0,child,child,HoC,1,panel,"Edward Strutt, 1st Baron Belper"
Q5728843,Henry Sturt,7259,1,2,1,parent,parent;grandparent,HoC,1,panel,"Henry Sturt, 1st Baron Alington;Humphrey Sturt, 2nd Baron Alington"
Q5728846,"Henry Sturt, 1st Baron Alington",912,1,2,1,parent,parent;child,HoC,1,panel,"Henry Sturt;Humphrey Sturt, 2nd Baron Alington"
Q5729109,Henry Thoby Prinsep,5459,0,0,0,,,,1,,
Q5729132,Henry Thomas Fenwick,1591,1,1,0,parent,parent,HoC,0,rush,Henry Fenwick
Q5729143,Henry Thomas Howard,6916,1,4,1,sibling,sibling;uncle/aunt;niece/nephew;indirect,HoC,1,panel;rush,"Henry Howard, 18th Earl of Suffolk;Charles Howard-Bury;Charles Howard, 17th Earl of Suffolk;James Howard"
Q5729188,"Henry Thynne, 6th Marquess of Bath",7984,1,3,1,parent,parent;child;uncle/aunt;niece/nephew;indirect,HoC,1,panel;rush,"Thomas Thynne, 5th Marquess of Bath;Lord Alexander Thynne;Lord Henry Thynne"
Q5729236,Henry Torrens Anstruther,2005,1,1,0,parent,parent;child,HoC,1,panel;rush,"Sir Robert Anstruther, 5th Baronet"
Q5729338,Henry Tufnell,6050,0,0,0,,,,0,,
Q5729378,Henry Twist,6062,0,0,0,,,,0,,
Q5729559,Henry Villiers-Stuart,2852,0,0,0,,,,1,,
Q5729829,Henry Warburton,6130,0,0,0,,,,0,,
Q5730014,Henry Wentworth-FitzWilliam,1019,1,8,1,parent,parent;child;sibling;grandparent;grandchild;uncle/aunt;niece/nephew,HoC,1,panel;rush,"William Wentworth-Fitzwilliam, Viscount Milton;Charles Wentworth-FitzWilliam;Charles Wentworth-Fitzwilliam, 5th Earl Fitzwilliam;George Wentworth-FitzWilliam;John Wentworth-FitzWilliam;William Wentworth-Fitzwilliam, 7th Earl Fitzwilliam;William Wentworth-FitzWilliam, Viscount Milton;William Wentworth-Fitzwilliam, 6th Earl Fitzwilliam"
Q5730028,"Henry Westenra, 3rd Baron Rossmore",6169,1,1,0,sibling,sibling,HoC,1,panel;rush,John Westenra
Q5730041,Henry Whatley Tyler,967,0,0,0,,,,0,,
Q5730053,"Henry White, 1st Baron Annaly",7341,1,4,1,parent,parent;child;sibling,HoC,1,panel;rush,"Samuel White;Luke White;Charles William White;Luke White, 2nd Baron Annaly"
Q5730107,Henry Whitmore,1041,1,2,1,sibling,sibling;indirect,HoC,1,panel;rush,Thomas Charlton Whitmore;William Wolryche-Whitmore
Q5730130,Henry Wiggin,1047,0,0,0,,,,1,,
Q5730242,Henry William Tancred,5945,0,0,0,,,,0,,
Q5730342,Henry Wilson,2115,1,2,1,child,child;indirect,HoC,0,rush,Cecil Wilson;Charles Cowan
Q5730351,Henry Wilson,7362,1,1,0,parent,parent,HoC,1,panel,Maitland Wilson
Q5730476,Henry Woods,1086,1,1,0,indirect,indirect,HoC,0,rush,Charles Hindley
Q5730572,"Henry Wyndham, 2nd Baron Leconfield",1095,1,4,1,sibling,sibling;uncle/aunt;niece/nephew,HoC,1,panel;rush,Henry Wyndham;George Wyndham;Charles Wyndham;Percy Wyndham
Q5730708,Henry d'Avigdor-Goldsmid,3668,1,1,0,sibling,sibling,HoC,1,panel;rush,James d'Avigdor-Goldsmid
Q5730821,"Henry de Worms, 1st Baron Pirbright",1486,0,0,0,,,,1,,
Q5733730,Herbert Butler,9067,0,0,0,,,,0,,
Q5733734,Herbert Butcher,8609,0,0,0,,,,0,,
Q5733773,"Herbert Cayzer, 1st Baron Rotherwick",2704,1,1,0,parent,parent;child,HoC,1,panel;rush,"Sir Charles Cayzer, 1st Baronet"
Q5733795,Herbert Charles Woodcock,6244,0,0,0,,,,0,,
Q5733833,"Herbert Cozens-Hardy, 1st Baron Cozens-Hardy",1408,1,1,0,parent,parent;child,HoC,1,panel;rush,"William Cozens-Hardy, 2nd Baron Cozens-Hardy"
Q5733912,"Herbert Dixon, 1st Baron Glentoran",7996,1,1,0,parent,parent;child,HoC,1,panel;rush,"Sir Daniel Dixon, 1st Baronet"
Q5734170,"Herbert Gardner, 1st Baron Burghclere",1662,1,1,0,sibling,sibling,HoC,1,panel,Alan Coulston Gardner
Q5734208,Herbert Gibson,8004,0,0,0,,,,0,,
Q5734361,Herbert Harvey Spencer,8000,0,0,0,,,,0,,
Q5734404,Herbert Spender-Clay,5824,0,0,0,,,,1,,
Q5734460,Herbert Holdsworth,4396,0,0,0,,,,0,,
Q5734579,Herbert Ingram,6928,1,1,0,parent,parent;child,HoC,1,panel;rush,"Sir William Ingram, 1st Baronet"
Q5734664,Herbert James Craig,7494,1,1,0,parent,parent;child,HoC,0,panel;rush,James Craig
Q5734671,Herbert James Moss,8002,0,0,0,,,,0,,
Q5734691,"Herbert Jessel, 1st Baron Jessel",7600,1,1,0,parent,parent;child,HoC,1,panel;rush,George Jessel
Q573477,Anthony Kershaw,4587,0,0,0,,,,0,,
Q5734817,Herbert Knatchbull-Hugessen,2404,1,3,1,parent,parent;child;sibling;uncle/aunt;niece/nephew,HoC,1,panel;rush,"Edward Knatchbull-Hugessen, 1st Baron Brabourne;Edward Knatchbull-Hugessen, 2nd Baron Brabourne;Sir Edward Knatchbull, 9th Baronet"
Q5734947,Herbert Lewis,2207,1,1,0,indirect,indirect,HoC,0,rush,William Caine
Q5735013,Herbert Mackworth-Praed,2789,0,0,0,,,,1,,
Q5735078,Herbert Mercer,5045,0,0,0,,,,0,,
Q5735145,Herbert Naylor-Leyland,2654,0,0,0,,,,1,,
Q5735159,Herbert Nield,5215,0,0,0,,,,1,,
Q5735219,Herbert Paul,2872,0,0,0,,,,1,,
Q5735221,Herbert Paul Latham,7992,0,0,0,,,,1,,
Q5735228,"Herbert Pease, 1st Baron Daryngton",8006,1,3,1,child,child;grandchild;niece/nephew,HoC,1,panel,"Arthur Pease;Joseph Pease;Sir Joseph Pease, 1st Baronet"
Q5735554,Herbert Shepherd-Cross,1885,0,0,0,,,,0,,
Q5735626,Herbert Sparkes,5810,0,0,0,,,,0,,
Q573834,De Lacy Evans,6759,0,0,0,,,,0,,
Q5744989,"Hervey Rhodes, Baron Rhodes",5558,0,0,0,,,,1,,
Q5748334,Hew Hamilton Dalrymple,7617,1,4,1,parent,parent;child;grandparent;niece/nephew;indirect,HoC,1,panel;rush,"Adolphus Dalrymple;John Dalrymple, 10th Earl of Stair;John Dalrymple, 12th Earl of Stair;John Dalrymple, 8th Earl of Stair"
Q574847,Alan Reid,5663,0,0,0,,,,0,,
Q574896,Rachel Reeves,10130,1,1,0,sibling,sibling,HoC,0,rush,Ellie Reeves
Q574920,Emrys Hughes,8501,0,0,0,,,,0,,
Q574937,Simon Reevell,9849,0,0,0,,,,0,,
Q574980,Jacob Rees-Mogg,9848,1,1,0,niece/nephew,niece/nephew,HoC,1,rush,Theo Clarke
Q574991,Jamie Reed,9487,0,0,0,,,,0,,
Q575027,Mark Reckless,9847,0,0,0,,,,0,,
Q575054,Nick Raynsford,570,0,0,0,,,,0,,
Q575183,Mark Pritchard,9581,0,0,0,,,,0,,
Q575205,Mark Prisk,5562,0,0,0,,,,0,,
Q575217,Dawn Primarolo,561,0,0,0,,,,1,,
Q575239,Daniel Poulter,9743,0,0,0,,,,0,,
Q575266,Christopher Pincher,9742,0,0,0,,,,0,,
Q575337,Bridget Phillipson,10128,0,0,0,,,,0,,
Q575441,Stephen Phillips,9741,0,0,0,,,,0,,
Q575452,Claire Perry,9740,0,0,0,,,,0,,
Q575462,Toby Perkins,10127,1,1,0,great-grandparent,great-grandparent,HoC,0,rush,A. P. Herbert
Q575493,Andrew Percy,9739,0,0,0,,,,0,,
Q575513,John Penrose,9576,0,0,0,,,,1,,
Q575593,Mike Penning,9515,0,0,0,,,,0,,
Q575669,Teresa Pearce,10126,0,0,0,,,,0,,
Q575693,Mark Pawsey,9738,1,1,0,parent,parent;child,HoC,0,panel;rush,Jim Pawsey
Q575733,Priti Patel,9737,0,0,0,,,,0,,
Q575881,Ian Paisley Jr,9924,1,1,0,parent,parent;child,HoC,1,panel;rush,Ian Paisley
Q5759238,"Sir John Gilmour, 2nd Baronet",4095,1,1,0,parent,parent;child,HoC,1,panel;rush,"Sir John Gilmour, 3rd Baronet"
Q576067,James Paice,542,0,0,0,,,,0,,
Q5761075,Richard Glass,4105,0,0,0,,,,0,,
Q576121,Albert Owen,5424,0,0,0,,,,0,,
Q5761464,"Hilda Runciman, Viscountess Runciman of Doxford",5638,1,3,1,parent,parent;child;spouse;indirect,HoC,1,panel;rush,"Walter Runciman, 1st Viscount Runciman of Doxford;James Cochran Stevenson;Walter Runciman, 1st Baron Runciman"
Q576147,Richard Ottaway,540,0,0,0,,,,0,,
Q5761714,Hildred Carlile,7860,0,0,0,,,,1,,
Q576175,Sandra Osborne,539,0,0,0,,,,0,,
Q576195,Guy Opperman,9735,0,0,0,,,,0,,
Q576208,Chi Onwurah,10125,0,0,0,,,,0,,
Q576504,Eric Ollerenshaw,9734,0,0,0,,,,0,,
Q5765264,John Gorst,1781,0,0,0,,,,1,,
Q576537,Matthew Offord,9733,0,0,0,,,,0,,
Q576615,Fiona O'Donnell,10124,0,0,0,,,,0,,
Q5767394,William Graham,6496,0,0,0,,,,0,,
Q576770,Stephen O'Brien,64,0,0,0,,,,0,,
Q57689,Martin McGuinness,490,0,0,0,,,,0,,
Q576890,David Nuttall,9732,0,0,0,,,,0,,
Q577024,Jesse Norman,9731,0,0,0,,,,1,,
Q57710442,"Sir William Stanley-Massey-Stanley, 10th Bt",7236,0,0,0,,,,1,,
Q5771276,"Sir George Grey, 2nd Baronet",1739,1,4,1,niece/nephew,niece/nephew;cousin;indirect,HoC,1,panel;rush,"Albert Grey, 4th Earl Grey;Charles Grey;Charles Noel, 2nd Earl of Gainsborough;Samuel Whitbread"
Q57713298,Walter Hazell,2243,0,0,0,,,,0,,
Q577227,Caroline Nokes,9730,0,0,0,,,,0,,
Q577362,Sarah Newton,9729,0,0,0,,,,0,,
Q577428,Brooks Newmark,9473,0,0,0,,,,0,,
Q577771,Bob Neill,9613,0,0,0,,,,0,,
Q577897,Pamela Nash,10123,0,0,0,,,,0,,
Q578037,Lisa Nandy,10122,0,0,0,,,,0,,
Q578234,Andrew Murrison,5356,0,0,0,,,,0,,
Q578272,Sheryll Murray,9728,0,0,0,,,,0,,
Q578432,Ian Murray,10121,0,0,0,,,,0,,
Q578710,Conor Murphy,9537,0,0,0,,,,0,,
Q578772,Tessa Munt,9838,0,0,0,,,,0,,
Q578990,Meg Munn,5335,0,0,0,,,,0,,
Q5790068,"Lewis Harcourt, 1st Viscount Harcourt",7376,1,3,1,parent,parent;child;sibling;niece/nephew,HoC,1,panel;rush,Edward William Harcourt;Robert Harcourt;William Vernon Harcourt
Q5791051,Timothy Harrington,2155,1,1,0,sibling,sibling,HoC,0,rush,Edward Harrington
Q579412,Ken Hargreaves,4257,0,0,0,,,,0,,
Q5794714,Lionel Heald,9272,0,0,0,,,,1,,
Q579661,David Mowat,9727,0,0,0,,,,0,,
Q579911,Stephen Mosley,9726,0,0,0,,,,0,,
Q580086,James Morris,9725,0,0,0,,,,0,,
Q580215,Grahame Morris,10120,0,0,0,,,,0,,
Q580247,David Morris,9724,0,0,0,,,,0,,
Q580321,Anne Marie Morris,9723,0,0,0,,,,0,,
Q580350,Graeme Morrice,10119,0,0,0,,,,0,,
Q580375,Nicky Morgan,9722,0,0,0,,,,0,,
Q580431,Jessica Morden,9536,0,0,0,,,,0,,
Q580464,Penny Mordaunt,9721,0,0,0,,,,0,,
Q580784,Anne Milton,9509,0,0,0,,,,0,,
Q5808467,John Hodge,9183,0,0,0,,,,0,,
Q580847,Nigel Mills,9720,0,0,0,,,,0,,
Q580927,Andrew Miller,508,0,0,0,,,,0,,
Q581095,Kerry McCarthy,9476,0,0,0,,,,0,,
Q58282,William Hague,326,0,0,0,,,,1,,
Q58300372,"John Loftus, 3rd Marquess of Ely",4743,1,3,1,niece/nephew,niece/nephew;indirect,HoC,1,rush,"Alan Egerton, 3rd Baron Egerton;Wilbraham Egerton, 1st Earl Egerton;William Egerton, 1st Baron Egerton"
Q583571,Alasdair McDonnell,9466,0,0,0,,,,0,,
Q583700,Patrick Mercer,5295,0,0,0,,,,0,,
Q583750,Mark Menzies,9718,0,0,0,,,,0,,
Q583783,Louise Mensch,9626,0,0,0,,,,0,,
Q583906,Ian Mearns,10118,0,0,0,,,,0,,
Q583946,Alan Meale,502,0,0,0,,,,0,,
Q583993,Michael Meacher,501,0,0,0,,,,0,,
Q584062,Esther McVey,9716,0,0,0,,,,0,,
Q584156,Stephen McPartland,9714,0,0,0,,,,0,,
Q584247,Iain McKenzie,10145,0,0,0,,,,0,,
Q584320,Anne McGuire,491,0,0,0,,,,0,,
Q584351,Jim McGovern,9499,0,0,0,,,,0,,
Q5881202,"Francis Jeffrey, Lord Jeffrey",4506,0,0,0,,,,0,,
Q5890795,Kennedy Jones,7347,0,0,0,,,,1,,
Q5902125,Horace Seymour,7198,0,0,0,,,,1,,
Q5902198,Horace Trevor-Cox,8007,0,0,0,,,,0,,
Q5902204,Horace Twiss,6061,0,0,0,,,,1,,
Q5902647,Horatio Davies,1871,0,0,0,,,,0,,
Q5902723,Horatio Myer,5167,0,0,0,,,,0,,
Q5902774,Horatio Ross,7174,0,0,0,,,,0,,
Q5902833,"Horatio Walpole, 4th Earl of Orford",9051,1,1,0,sibling,sibling,HoC,1,panel;rush,Frederick Walpole
Q5906347,Tom Kennedy,8262,0,0,0,,,,0,,
Q5919321,Howard Clifton Brown,8008,1,3,1,parent,parent;child;sibling;niece/nephew,HoC,1,panel;rush,"James Clifton Brown;Douglas Clifton Brown, 1st Viscount Ruffside;Sir Alexander Brown, 1st Baronet"
Q5920969,Howard Stoate,641,0,0,0,,,,0,,
Q5921151,Howard Vincent,2122,1,2,1,sibling,sibling;indirect,HoC,0,rush,"Edgar Vincent, 1st Viscount D'Abernon;George Moffatt"
Q5921696,Howell Davies,8346,0,0,0,,,,0,,
Q5927150,Hubert Beaumont,8614,0,0,0,,,,0,,
Q5927153,Hubert Beaumont,7606,1,6,1,parent,parent;child;sibling;grandchild;uncle/aunt;niece/nephew,HoC,1,panel;rush,"Michael Beaumont;Ralph Beaumont;Somerset Beaumont;Thomas Wentworth Beaumont;Wentworth Beaumont, 1st Baron Allendale;Wentworth Beaumont, 1st Viscount Allendale"
Q5927204,Hubert Carr-Gomm,3448,0,0,0,,,,0,,
Q5927265,Hubert Duggan,3802,0,0,0,,,,1,,
Q5927395,Hubert Jerningham,4514,0,0,0,,,,1,,
Q5927716,"Hubert de Burgh-Canning, 2nd Marquess of Clanricarde",1298,1,2,1,sibling,sibling;niece/nephew,HoC,1,panel;rush,"Bruce Canning Vernon-Wentworth;Ulick de Burgh, Lord Dunkellin"
Q5928148,"Hucks Gibbs, 1st Baron Aldenham",7406,1,2,1,parent,parent;child,HoC,1,panel;rush,"Alban Gibbs, 2nd Baron Aldenham;Vicary Gibbs"
Q5928688,Hudson Gurney,,1,1,0,sibling,sibling,HoC,1,panel,Richard Gurney
Q5929788,Hugh Adair,31,1,1,0,sibling,sibling,HoC,1,panel,"Robert Adair, 1st Baron Waveney"
Q5929850,Hugh Anderson,6364,0,0,0,,,,0,,
Q5929861,"Hugh Annesley, 5th Earl Annesley",1119,1,2,1,sibling,sibling;indirect,HoC,1,panel;rush,"Arthur Annesley, 11th Viscount Valentia;William Annesley, 4th Earl Annesley"
Q5929882,Hugh Arbuthnot,3035,0,0,0,,,,0,,
Q5930033,Hugh Birley,1225,0,0,0,,,,0,,
Q5930531,Hugh Delargy,3718,0,0,0,,,,0,,
Q5930649,Hugh Hoare,2282,0,0,0,,,,1,,
Q5930657,John Hugh Edwards,8084,0,0,0,,,,0,,
Q5930668,Hugh Elliot,1555,1,5,1,parent,parent;child;sibling;indirect,HoC,1,panel;rush,"Sir George Elliot, 1st Baronet;Arthur Elliot;John Elliot;Sir George Elliot, 2nd Baronet;William Elliot-Murray-Kynynmound, 3rd Earl of Minto"
Q5930740,Hugh Ferguson,8013,0,0,0,,,,0,,
Q5930808,"Hugh Fortescue, 4th Earl Fortescue",1534,1,5,1,parent,parent;child;grandparent;grandchild;niece/nephew,HoC,1,panel;rush,"Dudley Fortescue;Hugh Fortescue, 2nd Earl Fortescue;George Dawson-Damer;Hugh Fortescue, 3rd Earl Fortescue;John William Fortescue"
Q5930822,"Hugh Fortescue, 3rd Earl Fortescue",9006,1,6,1,parent,parent;child;sibling;indirect,HoC,1,panel;rush,"George Wilbraham;Dudley Fortescue;Hugh Fortescue, 2nd Earl Fortescue;George Dawson-Damer;Hugh Fortescue, 4th Earl Fortescue;John William Fortescue"
Q5930848,Hugh Fraser,8616,1,2,1,indirect,indirect,HoC,1,rush,"Charles Craufurd Fraser;Sir William Fraser, 4th Baronet"
Q5930928,Hugh Gilzean-Reid,747,0,0,0,,,,0,,
Q5930981,Hugh Gray,8615,0,0,0,,,,0,,
Q5931027,Hugh Hamilton Lindsay,6984,0,0,0,,,,1,,
Q5931275,"Hugh Jenkins, Baron Jenkins of Putney",8618,0,0,0,,,,1,,
Q5931433,Hugh Law,2426,1,1,0,parent,parent;child,HoC,0,panel;rush,Hugh Law
Q5931485,Hugh Linstead,4721,0,0,0,,,,0,,
Q5931537,Hugh Luttrell,1808,1,1,0,grandparent,grandparent,HoC,1,rush,"Sir Alexander Fuller-Acland-Hood, 3rd Baronet"
Q5931723,Hugh McCalmont,2511,0,0,0,,,,0,,
Q5931907,Hugh Meyler,5055,0,0,0,,,,0,,
Q5932043,Hugh Morrison,8011,1,4,1,parent,parent;sibling;grandparent,HoC,1,panel;rush,"Charles Morrison;James Morrison;John Morrison, 1st Baron Margadale;Peter Morrison"
Q5932053,Hugh Moulton,8014,1,1,0,child,child,HoC,1,panel,"John Fletcher Moulton, Baron Moulton"
Q5932069,Hugh Murnin,5160,0,0,0,,,,0,,
Q5932449,Hugh Rathbone,8017,1,2,1,indirect,indirect,HoC,0,rush,Eleanor Rathbone;William Rathbone
Q5932461,Hugh Rees,5537,0,0,0,,,,0,,
Q5932555,Hugh Rossi,5621,0,0,0,,,,0,,
Q5932670,Hugh Shield,851,0,0,0,,,,0,,
Q5932804,Hugh T. Barrie,3112,0,0,0,,,,0,,
Q5933014,Hugh Watt,1004,0,0,0,,,,0,,
Q5933848,"Hugo Charteris, 11th Earl of Wemyss",1550,1,3,1,parent,parent;child;indirect,HoC,1,panel;rush,"Francis Charteris, 10th Earl of Wemyss;Percy Wyndham;St John Brodrick, 1st Earl of Midleton"
Q5933951,Hugo Meynell-Ingram,2342,0,0,0,,,,1,,
Q5934521,Hugo Summerson,5920,0,0,0,,,,0,,
Q5935407,"Henry Petty-Fitzmaurice, 4th Marquess of Lansdowne",5724,1,4,1,parent,parent;sibling;grandchild;indirect,HoC,1,panel;rush,"John Fox-Strangways;Edmond Fitzmaurice, 1st Baron Fitzmaurice;Henry Henry William Edmund Petty-Fitzmaurice, 6th Marquess of Lansdowne;William Petty-FitzMaurice, Earl of Kerry"
Q5941277,Humphrey Attewell,3065,0,0,0,,,,0,,
Q5941364,Humphrey Crum-Ewing,1432,0,0,0,,,,1,,
Q5941640,"Humphrey Sturt, 2nd Baron Alington",1815,1,2,1,child,child;grandchild,HoC,1,panel,"Henry Sturt;Henry Sturt, 1st Baron Alington"
Q5944748,"Thomas Coke, 1st Earl of Leicester",,1,2,1,parent,parent,HoC,1,panel,Edward Coke;Wenman Coke
Q5951236,Huw Edwards,263,0,0,0,,,,0,,
Q5952274,Hyacinth Morgan,8622,0,0,0,,,,0,,
Q5956309,Hylton Murray-Philipson,5161,0,0,0,,,,0,,
Q5973251,Shahid Malik,9493,0,0,0,,,,0,,
Q597848,"Edmund FitzAlan-Howard, 1st Viscount FitzAlan of Derwent",2197,1,3,1,child,child;grandchild;niece/nephew,HoC,1,panel,"Henry Fitzalan-Howard, 14th Duke of Norfolk;Henry Howard, 13th Duke of Norfolk;Edward Fitzalan-Howard, 1st Baron Howard of Glossop"
Q5980502,Iain Luke,5096,0,0,0,,,,0,,
Q5980504,Iain MacCormick,4833,0,0,0,,,,0,,
Q5981117,Ian Campbell,8623,0,0,0,,,,0,,
Q5981200,Ian Clark Hutchison,4464,1,2,1,parent,parent;sibling,HoC,0,rush,George Hutchison;Michael Hutchison
Q5981633,Ian Gibson,303,0,0,0,,,,0,,
Q5981710,Ian Grist,4185,0,0,0,,,,0,,
Q5981759,Ian Harvey,8624,0,0,0,,,,0,,
Q5982042,Ian Orr-Ewing,8625,1,2,1,parent,parent;child;grandparent;grandchild,HoC,1,panel;rush,"Charles Lindsay Orr-Ewing;Sir Archibald Orr-Ewing, 1st Baronet"
Q5982073,Ian Lloyd,8628,0,0,0,,,,0,,
Q5982144,Ian Macdonald Horobin,4422,0,0,0,,,,0,,
Q5982172,"Ian Macpherson, 1st Baron Strathcarron",4876,0,0,0,,,,1,,
Q5982403,Ian Mikardo,5062,0,0,0,,,,0,,
Q5982430,Ian Montagu Fraser,8626,0,0,0,,,,1,,
Q5982575,Ian Pearson,546,0,0,0,,,,0,,
Q5982587,Ian Percival,5362,0,0,0,,,,0,,
Q5982982,Ian Stewart,639,0,0,0,,,,0,,
Q5983134,Ian Twinn,6060,0,0,0,,,,0,,
Q5983298,"Ian Winterbottom, Baron Winterbottom",6233,0,0,0,,,,1,,
Q5983327,Ian Wrigglesworth,6267,0,0,0,,,,1,,
Q5986973,Ida Copeland,3590,0,0,0,,,,1,,
Q5989693,Idris Owen,8629,0,0,0,,,,0,,
Q5991023,"Sir William Molesworth, 8th Baronet",5077,1,1,0,indirect,indirect,HoC,1,rush,"Sir Lewis Molesworth, 11th Baronet"
Q5991237,Ifor Davies,8631,1,1,0,niece/nephew,niece/nephew,HoC,0,rush,Huw Irranca-Davies
Q5992003,"Thomas Spring Rice, 1st Baron Monteagle of Brandon",5568,0,0,0,,,,1,,
Q600636,George Cavendish-Bentinck,1348,1,3,1,parent,parent;child;uncle/aunt;indirect,HoC,1,panel;rush,"Lord William Bentinck;William Cavendish-Bentinck;Sir John Leslie, 1st Baronet"
Q601187,Donald Currie,1438,0,0,0,,,,0,,
Q603107,"Freeman Freeman-Thomas, 1st Marquess of Willingdon",4034,0,0,0,,,,1,,
Q6035670,"Sir Gilbert Parker, 1st Baronet",7656,0,0,0,,,,0,,
Q6035742,Innes Harold Stranger,5896,0,0,0,,,,0,,
Q6056286,Tom Price,8731,0,0,0,,,,0,,
Q6061783,Ioan Evans,8632,0,0,0,,,,0,,
Q606299,"Sir Arthur Dyke Acland, 13th Baronet",21,1,5,1,parent,parent;child;sibling;grandparent;grandchild,HoC,1,panel;rush,"Sir Thomas Dyke Acland, 10th Baronet;Sir Francis Dyke Acland, 14th Baronet;Richard Acland;Sir Thomas Dyke Acland, 11th Baronet;Sir Thomas Dyke Acland, 12th Baronet"
Q6063083,Ion Hamilton Benn,8019,1,1,0,sibling,sibling,HoC,0,rush,"Arthur Shirley Benn, 1st Baron Glenravel"
Q6063957,Iorwerth Thomas,9431,0,0,0,,,,0,,
Q6069293,"Irene Ward, Baroness Ward",8633,0,0,0,,,,1,,
Q6074365,Irvine Patnick,5332,0,0,0,,,,0,,
Q6074453,Irving Albery,2991,1,1,0,indirect,indirect,HoC,0,rush,Angus McDonnell
Q6075018,Irwin Cox,7493,1,1,0,parent,parent;child,HoC,0,panel;rush,Edward William Cox
Q6076175,Isaac Cowley Lambert,2418,0,0,0,,,,0,,
Q6076320,Isaac Foot,4006,1,2,1,parent,parent;child,HoC,1,panel;rush,Michael Foot;Dingle Foot
Q6076523,Isaac Hoyle,2320,0,0,0,,,,0,,
Q6076848,Isaac Nelson,2655,0,0,0,,,,0,,
Q6076884,Isaac Newton Wigney,6197,0,0,0,,,,0,,
Q6077335,Isaac Wilson,1068,0,0,0,,,,0,,
Q6078217,Terry Rooney,583,0,0,0,,,,0,,
Q6080954,Isidore Salmon,5657,0,0,0,,,,0,,
Q608103,Antony Lambton,8391,1,2,1,grandparent,grandparent;indirect,HoC,1,rush,"Hedworth Meux;Frederick Lambton, 4th Earl of Durham"
Q6084189,George W. E. Russell,806,1,8,1,parent,parent;child;uncle/aunt;niece/nephew;cousin;indirect,HoC,1,panel;rush,"John Russell, 1st Earl Russell;Francis Russell, 7th Duke of Bedford;George Russell, 10th Duke of Bedford;Francis Russell, 9th Duke of Bedford;Lord Arthur Russell;Lord Charles Russell;Lord Edward Russell;William Russell, 8th Duke of Bedford"
Q6084261,"Sir Thomas Russell, 1st Baronet",2867,0,0,0,,,,0,,
Q6096784,Ivan Lawrence,8634,0,0,0,,,,0,,
Q6099395,"Ivor Guest, 2nd Viscount Wimborne",8021,1,4,1,parent,parent;child;uncle/aunt;niece/nephew,HoC,1,panel;rush,"Ivor Guest, 1st Viscount Wimborne;Frederick Guest;Henry Guest;Oscar Guest"
Q6099414,"Ivor Herbert, 1st Baron Treowen",7633,1,1,0,indirect,indirect,HoC,1,rush,Walter Roch
Q6099467,Ivor Owen Thomas,8636,0,0,0,,,,0,,
Q6099477,Ivor Philipps,8020,1,2,1,sibling,sibling,HoC,1,panel,"John Philipps, 1st Viscount St Davids;Owen Philipps, 1st Baron Kylsant"
Q6099555,"Ivor Windsor-Clive, 2nd Earl of Plymouth",6226,0,0,0,,,,1,,
Q6104810,J. Batty Langley,2121,0,0,0,,,,0,,
Q6104908,"J. C. C. Davidson, 1st Viscount Davidson",9185,1,2,1,spouse,spouse;indirect,HoC,1,rush,"Frances Davidson, Viscountess Davidson;Willoughby Dickinson, 1st Baron Dickinson"
Q6105302,J. D. Rees,5538,0,0,0,,,,1,,
Q6105323,J. D. White,7535,0,0,0,,,,0,,
Q6105456,"John Seely, 1st Baron Mottistone",8073,1,5,1,parent,parent;child;sibling;grandparent;grandchild;uncle/aunt;niece/nephew;great-great-niece/nephew,HoC,1,panel;rush,"Hugh Seely, 1st Baron Sherwood;Bob Seely;Charles Seely;Sir Charles Seely, 1st Baronet;Sir Charles Seely, 2nd Baronet"
Q6105476,J. E. Kenny,2385,0,0,0,,,,0,,
Q6105666,J. F. Horrabin,4423,0,0,0,,,,0,,
Q6105688,J. F. X. O'Brien,2026,0,0,0,,,,0,,
Q6105804,J. G. Swift MacNeill,2152,0,0,0,,,,0,,
Q6105847,J. Griffyth Fairfax,3912,0,0,0,,,,0,,
Q6105872,J. H. Hall,8040,0,0,0,,,,0,,
Q6106040,J. J. Clancy,2154,0,0,0,,,,0,,
Q6106042,J. J. Clancy,6367,0,0,0,,,,0,,
Q6106049,J. J. Dalton,3679,0,0,0,,,,0,,
Q6106129,J. J. O'Shee,2173,0,0,0,,,,0,,
Q6107186,J. T. Hibbert,2269,0,0,0,,,,0,,
Q6107323,William Yates Peel,7114,1,6,1,sibling,sibling;uncle/aunt,HoC,1,panel,"Robert Peel;Edmund Peel;Jonathan Peel;Arthur Peel;Sir Robert Peel, 3rd Baronet;Frederick Peel"
Q6107362,J. W. Henley,2254,1,1,0,indirect,indirect,HoC,1,rush,"Anthony Henley, 3rd Baron Henley"
Q6109153,William Goulding,6828,1,1,0,parent,parent;child,HoC,1,panel;rush,"Edward Goulding, 1st Baron Wargrave"
Q6109451,Robert Gore,4136,0,0,0,,,,1,,
Q6111810,"Jack Cooper, Baron Cooper of Stockton Heath",9261,0,0,0,,,,1,,
Q6112148,Jack Dormand,3762,0,0,0,,,,1,,
Q6112229,Jack Dunnett,3823,0,0,0,,,,0,,
Q6113012,Jack Hayes,8081,0,0,0,,,,0,,
Q6113617,Jack Lawson,8707,0,0,0,,,,1,,
Q6113637,Jack Lees,8022,0,0,0,,,,0,,
Q6114554,"Jack Pease, 1st Baron Gainford",2080,1,6,1,parent,parent;child;sibling;grandparent;grandchild;uncle/aunt;niece/nephew;indirect,HoC,1,panel;rush,"Arthur Pease;Joseph Pease;Sir Alfred Pease, 2nd Baronet;Sir Henry Havelock-Allan, 1st Baronet;Sir Henry Havelock-Allan, 2nd Baronet;Sir Joseph Pease, 1st Baronet"
Q6115473,Jack Thompson,9368,0,0,0,,,,0,,
Q6116208,Jackie Ballard,105,0,0,0,,,,0,,
Q6116474,Jackie Lawrence,425,0,0,0,,,,0,,
Q6118310,"Jacob Astley, 16th Baron Hastings",6304,0,0,0,,,,1,,
Q6118350,Jacob Bell,6551,1,1,0,child,child,HoC,0,rush,James Spencer-Bell
Q6118734,Jacob Henry Tillett,944,0,0,0,,,,0,,
Q6119114,"Jacob Pleydell-Bouverie, 6th Earl of Radnor",1622,1,1,0,parent,parent;child,HoC,1,panel;rush,"William Pleydell-Bouverie, 5th Earl of Radnor"
Q6120396,Jacques Arnold,6428,0,0,0,,,,0,,
Q6121041,Jacqui Lait,61,0,0,0,,,,0,,
Q6125171,Jakie Astor,3055,1,6,1,parent,parent;child;sibling;uncle/aunt;niece/nephew;cousin,HoC,1,panel;rush,"Nancy Astor, Viscountess Astor;William Astor, 3rd Viscount Astor;Waldorf Astor, 2nd Viscount Astor;John Jacob Astor, 1st Baron Astor of Hever;John Astor;Michael Astor"
Q6128405,"James Agar, 3rd Earl of Normanton",9046,0,0,0,,,,1,,
Q6128407,James Agg-Gardner,733,0,0,0,,,,0,,
Q6128500,"James Alexander, 3rd Earl of Caledon",6290,0,0,0,,,,1,,
Q6128517,James Alexander Campbell,2012,1,1,0,sibling,sibling,HoC,1,panel;rush,Henry Campbell-Bannerman
Q6128537,James Lindsay,4447,1,2,1,sibling,sibling;niece/nephew,HoC,1,panel;rush,"James Lindsay, 26th Earl of Crawford;Charles Lindsay"
Q6128585,James Alfred Jacoby,1802,0,0,0,,,,0,,
Q6128609,James Allanson Picton,2760,0,0,0,,,,0,,
Q6128697,James Anderson,6292,0,0,0,,,,0,,
Q6128736,James Andrew Seddon,5705,0,0,0,,,,0,,
Q6128758,James Annand,3027,0,0,0,,,,0,,
Q6128776,James Anthony Lawson,6975,0,0,0,,,,0,,
Q6128825,James Armand de Rothschild,3703,0,0,0,,,,1,,
Q6128872,James Arthur Dawes,3689,0,0,0,,,,0,,
Q6128914,James Aspinall Turner,7297,0,0,0,,,,0,,
Q6129021,"James Avon Clyde, Lord Clyde",3535,1,1,0,child,child,HoC,0,rush,"James Latham Clyde, Lord Clyde"
Q6129224,James Bailey,1959,0,0,0,,,,1,,
Q6129250,James Baird,6518,1,1,0,sibling,sibling,HoC,1,panel;rush,William Baird
Q6129282,James Baldwin-Webb,3091,0,0,0,,,,0,,
Q6129615,James Bell,8026,0,0,0,,,,0,,
Q6129672,James Bennett,8643,0,0,0,,,,0,,
Q6129758,James Bevan Edwards,1538,0,0,0,,,,0,,
Q6129777,James Bigwood,1903,0,0,0,,,,0,,
Q6129879,James Blindell,3241,0,0,0,,,,0,,
Q6130070,James Boyce,2926,0,0,0,,,,0,,
Q6130082,James Boyden,3296,0,0,0,,,,0,,
Q6130090,James Boyle,3301,0,0,0,,,,0,,
Q6130138,James Bradshaw,2087,0,0,0,,,,0,,
Q6130166,James Branch,3322,0,0,0,,,,0,,
Q6130302,James Brougham,3365,1,1,0,sibling,sibling,HoC,1,panel;rush,"William Brougham, 2nd Baron Brougham and Vaux"
Q6130315,James Brown,6593,0,0,0,,,,0,,
Q6130319,James Brown,8031,0,0,0,,,,0,,
Q6130348,James Brown Couper,3610,0,0,0,,,,0,,
Q6130353,James Brown Dougherty,3764,0,0,0,,,,0,,
Q6130524,James Burnie,8029,0,0,0,,,,0,,
Q6130821,James C. Welsh,9176,0,0,0,,,,0,,
Q6130866,James Caldwell,2919,0,0,0,,,,0,,
Q6130882,Jim Callaghan,3426,0,0,0,,,,0,,
Q6131039,James Carmichael,8641,1,1,0,child,child,HoC,0,rush,"Neil Carmichael, Baron Carmichael of Kelvingrove"
Q6131068,"James Carr-Boyle, 5th Earl of Glasgow",4557,1,1,0,sibling,sibling,HoC,1,panel,"George Boyle, 6th Earl of Glasgow"
Q6131133,James Cassels,3458,0,0,0,,,,0,,
Q6131153,"James Caulfeild, 3rd Earl of Charlemont",3463,0,0,0,,,,1,,
Q6131154,James Caulfeild,3464,0,0,0,,,,1,,
Q6131185,James Chaine,1352,0,0,0,,,,0,,
Q6131203,James Chambers,7489,0,0,0,,,,0,,
Q6131297,James Childs Gould,9177,0,0,0,,,,0,,
Q6131329,James Christie,8035,0,0,0,,,,0,,
Q6131331,James Christopher Flynn,2147,0,0,0,,,,0,,
Q6131405,James Clay,1374,0,0,0,,,,1,,
Q6131460,James Cleverly,9768,0,0,0,,,,0,,
Q6131486,James Clunie,3532,0,0,0,,,,0,,
Q6131521,James Cochran Stevenson,2844,1,2,1,parent,parent;child;indirect,HoC,1,panel;rush,"Walter Runciman, 1st Viscount Runciman of Doxford;Hilda Runciman, Viscountess Runciman of Doxford"
Q6131758,James Cosgrave,3602,0,0,0,,,,0,,
Q6131784,James Couchman,3608,0,0,0,,,,0,,
Q6131870,James Craig,1409,1,1,0,parent,parent;child,HoC,0,panel;rush,Herbert James Craig
Q6131879,James Craigen,3617,0,0,0,,,,0,,
Q6132286,James Dalrymple-Horn-Elphinstone,1560,0,0,0,,,,1,,
Q6132298,"James Daly, 1st Baron Dunsandle and Clanconal",6475,0,0,0,,,,1,,
Q6132311,James Dampier Palmer,2721,0,0,0,,,,0,,
Q6132318,James Dance,3682,0,0,0,,,,0,,
Q6132324,James Daniel Gilbert,4090,0,0,0,,,,0,,
Q6132389,James Davidson,9258,0,0,0,,,,0,,
Q6132545,James Dempsey,3722,0,0,0,,,,0,,
Q6132574,James Despencer-Robertson,3731,0,0,0,,,,0,,
Q6132618,James Dickson,6720,1,1,0,parent,parent;child,HoC,0,panel;rush,Thomas Alexander Dickson
Q6132692,James Dolan,3750,0,0,0,,,,0,,
Q6132778,James Douglas Cooke,8038,0,0,0,,,,0,,
Q6132789,James Douglas Stoddart Douglas,6729,0,0,0,,,,0,,
Q6132890,James Duff,6733,1,1,0,sibling,sibling,HoC,1,panel,"Frederick Thellusson, 5th Baron Rendlesham"
Q6132933,James Duncan Millar,5063,0,0,0,,,,0,,
Q6132998,James Dyce Nicol,2664,0,0,0,,,,1,,
Q613322,Charles Tilston Bright,1861,0,0,0,,,,1,,
Q6133320,"James Edmondson, 1st Baron Sandford",3859,0,0,0,,,,1,,
Q6133439,James Ellis,1556,0,0,0,,,,0,,
Q6133505,James Erskine Wemyss,6166,1,1,0,parent,parent;child,HoC,1,panel;rush,James Hay Erskine Wemyss
Q6133534,James Evan Baillie,6514,1,2,1,sibling,sibling;uncle/aunt,HoC,1,panel;rush,Hugh Duncan Baillie;Henry Baillie
Q6133537,James Evan Bruce Baillie,1149,0,0,0,,,,0,,
Q6133752,James Falconer,3918,0,0,0,,,,0,,
Q6133785,James Farrer,3932,0,0,0,,,,0,,
Q6133875,James Figgins,1597,0,0,0,,,,0,,
Q6133888,James Finlayson,1602,0,0,0,,,,0,,
Q6134097,James Fortescue Flannery,2201,0,0,0,,,,0,,
Q6134098,James Fortescue Harrison,2233,1,1,0,indirect,indirect,HoC,0,rush,Arthur Hill
Q6134229,James Frederick Hutton,2336,0,0,0,,,,0,,
Q6134450,James Galloway Weir,2915,0,0,0,,,,0,,
Q6134492,James Gardiner,9175,0,0,0,,,,0,,
Q6134516,James Garth Marshall,9034,1,2,1,sibling,sibling,HoC,1,panel;rush,John Marshall;William Marshall
Q6134590,James Gibney,1673,0,0,0,,,,0,,
Q6135005,"James Grimston, 2nd Earl of Verulam",9012,1,4,1,parent,parent;child;sibling;niece/nephew;indirect,HoC,1,panel;rush,"Edward Grimston;James Grimston, 3rd Earl of Verulam;John Grimston, 6th Earl of Verulam;William Pleydell-Bouverie, 5th Earl of Radnor"
Q6135007,"James Grimston, 3rd Earl of Verulam",1742,1,4,1,parent,parent;child;grandchild;uncle/aunt;niece/nephew;cousin,HoC,1,panel;rush,"Edward Grimston;James Grimston, 2nd Earl of Verulam;John Grimston, 6th Earl of Verulam;William Pleydell-Bouverie, 5th Earl of Radnor"
Q6135041,James Gubbins Fitzgerald,3981,0,0,0,,,,0,,
Q6135443,James Hamilton,6502,0,0,0,,,,0,,
Q6135508,James Hans Hamilton,6865,1,7,1,parent,parent;child;indirect,HoC,1,panel;rush,"Lord Ernest Hamilton;Ion Hamilton, 1st Baron HolmPatrick;Lord Frederick Spencer Hamilton;Lord Claud Hamilton;James Hamilton, 3rd Duke of Abercorn;James Hamilton, 2nd Duke of Abercorn;Lord Claud Hamilton"
Q6135515,James Hanway Plumridge,,0,0,0,,,,1,,
Q6135669,James Hartley,4268,0,0,0,,,,0,,
Q6135695,James Haslam,4276,0,0,0,,,,0,,
Q6135701,James Hastings Duncan,7669,0,0,0,,,,0,,
Q6135713,James Haughton Langston,4644,1,2,1,grandchild,grandchild;indirect,HoC,1,rush,"Henry Reynolds-Moreton, 3rd Earl of Ducie;Henry Reynolds-Moreton, Lord Moreton"
Q6135736,James Haworth,4294,0,0,0,,,,0,,
Q6135750,James Hay Erskine Wemyss,6167,1,1,0,parent,parent;child,HoC,1,panel;rush,James Erskine Wemyss
Q6135821,"James Heathcote-Drummond-Willoughby, 3rd Earl of Ancaster",6218,1,4,1,parent,parent;child;grandchild;uncle/aunt;niece/nephew;indirect,HoC,1,panel;rush,"Waldorf Astor, 2nd Viscount Astor;Claud Heathcote-Drummond-Willoughby;Gilbert Heathcote-Drummond-Willoughby, 2nd Earl of Ancaster;Gilbert Heathcote-Drummond-Willoughby, 1st Earl of Ancaster"
Q6135876,James Henry Callander,3427,0,0,0,,,,1,,
Q6135882,James Henry Deakin,1469,1,1,0,child,child,HoC,0,panel,James Henry Deakin
Q6135918,James Henry Monahan,5084,0,0,0,,,,0,,
Q6136005,James Heywood,4350,1,1,0,sibling,sibling,HoC,1,panel,Benjamin Heywood
Q6136050,James Hill,8658,0,0,0,,,,0,,
Q6136073,James Hindle Hudson,8655,0,0,0,,,,0,,
Q6136223,James Hope,9020,1,3,1,sibling,sibling;uncle/aunt;indirect,HoC,1,panel;rush,Alexander Hope;Charles Hope;Thomas Hope
Q6136249,James Horner Haslett,2045,0,0,0,,,,0,,
Q6136292,James Howard,7006,1,3,1,sibling,sibling;uncle/aunt,HoC,1,panel;rush,"Henry Howard, 18th Earl of Suffolk;Charles Howard, 17th Earl of Suffolk;Henry Thomas Howard"
Q6136294,James Howard,2314,0,0,0,,,,0,,
Q6136331,"James Hoy, Baron Hoy",4442,0,0,0,,,,1,,
Q6136337,"James Hozier, 2nd Baron Newlands",2009,0,0,0,,,,1,,
Q6136374,James Hughes,,0,0,0,,,,0,,
Q6136538,James Idwal Jones,8656,0,0,0,,,,0,,
Q6136868,James John Hamlyn Moses,5126,0,0,0,,,,0,,
Q6136890,James Johnson,8642,0,0,0,,,,0,,
Q6136925,James Johnston Grieve,1741,0,0,0,,,,0,,
Q6136944,"James Joicey, 1st Baron Joicey",1817,0,0,0,,,,1,,
Q6137008,James Joseph O'Kelly,2873,0,0,0,,,,0,,
Q6137263,James Kenyon,1886,0,0,0,,,,0,,
Q6137279,James Kershaw,4588,0,0,0,,,,1,,
Q6137296,James Kidd,4593,0,0,0,,,,0,,
Q6137304,James Kiley,4595,0,0,0,,,,0,,
Q6137309,James Kilfedder,2935,0,0,0,,,,0,,
Q6137410,"James Kitson, 1st Baron Airedale",2114,0,0,0,,,,1,,
Q6137733,James Lamond,4633,0,0,0,,,,0,,
Q6137736,James Lamont,4636,1,2,1,child,child;indirect,HoC,0,rush,"Norman Lamont;Sir Norman Lamont, 2nd Baronet"
Q6137806,"James Latham Clyde, Lord Clyde",3534,1,1,0,parent,parent,HoC,0,rush,"James Avon Clyde, Lord Clyde"
Q6137822,James Laurence Carew,2040,0,0,0,,,,0,,
Q6137890,James Leahy,2435,0,0,0,,,,0,,
Q6137963,James Lennon,4692,0,0,0,,,,0,,
Q6138080,James Lindsay,8657,1,5,1,parent,parent;child;sibling;grandparent;grandchild;uncle/aunt;niece/nephew,HoC,1,panel;rush,"Sir Henry Pelly, 3rd Baronet;Robert Lindsay, 29th Earl of Crawford;James Lindsay, 26th Earl of Crawford;David Lindsay, 27th Earl of Crawford;David Lindsay, 28th Earl of Crawford"
Q6138110,James Little,8639,0,0,0,,,,0,,
Q6138139,James Lloyd Ashbury,1134,0,0,0,,,,0,,
Q6138142,James Loch,6987,1,2,1,child,child;sibling,HoC,1,panel;rush,George Loch;John Loch
Q6138243,James Lovat-Fraser,4762,0,0,0,,,,0,,
Q6138277,James Lowther,1870,0,0,0,,,,1,,
Q6138345,James Lysaght Finegan,1604,0,0,0,,,,0,,
Q6138618,James MacColl,4832,0,0,0,,,,0,,
Q6138687,James Macgregor,5002,0,0,0,,,,0,,
Q6138705,James Mackenzie Maclean,2543,1,1,0,indirect,indirect,HoC,0,rush,"Sir Charles Rose, 1st Baronet"
Q6138732,James Maden Holt,2302,0,0,0,,,,0,,
Q6138829,"James Maitland, 9th Earl of Lauderdale",,1,1,0,sibling,sibling,HoC,1,panel,Anthony Maitland
Q6138831,James Maitland Balfour,6525,1,3,1,parent,parent;child,HoC,1,panel;rush,"James Balfour;Arthur Balfour;Gerald Balfour, 2nd Earl of Balfour"
Q6138832,James Majendie,7578,1,1,0,parent,parent,HoC,0,rush,Lewis Majendie
Q6138926,James Marley,4932,0,0,0,,,,0,,
Q6138956,James Marshall Moorsom,2625,0,0,0,,,,0,,
Q6139012,James Martin McCalmont,2911,1,1,0,parent,parent;child,HoC,1,panel;rush,Robert McCalmont
Q6139118,"James Maxwell, 9th Baron Farnham",7021,1,3,1,sibling,sibling;indirect,HoC,1,panel;rush,"Henry Maxwell, 7th Baron Farnham;Somerset Maxwell;Somerset Maxwell, 8th Baron Farnham"
Q6139120,James Maxton,9068,1,1,0,indirect,indirect,HoC,0,rush,John Maxton
Q6139316,"James McGarel-Hogg, 1st Baron Magheramorne",2529,1,1,0,child,child,HoC,1,panel,"Sir James Hogg, 1st Baronet"
Q6139390,James McInnes,5004,0,0,0,,,,0,,
Q6139620,James Mellor Paulton,1849,0,0,0,,,,0,,
Q6139669,James Merry,2594,0,0,0,,,,0,,
Q6139817,"James Milner, 1st Baron Milner of Leeds",8644,0,0,0,,,,1,,
Q6139821,James Milnes Gaskell,6814,1,1,0,parent,parent;child,HoC,1,panel;rush,Charles Milnes Gaskell
Q6139888,"James Moncreiff, 1st Baron Moncreiff",2614,0,0,0,,,,1,,
Q6140042,James Morrison,7593,1,2,1,sibling,sibling;uncle/aunt,HoC,1,panel;rush,"Hugh Morrison;John Morrison, 1st Baron Margadale"
Q6140050,James Morrison,7056,1,1,0,parent,parent;child,HoC,1,panel;rush,Walter Morrison
Q6140187,James Murray,7564,0,0,0,,,,0,,
Q6140461,James O'Connor,2178,0,0,0,,,,0,,
Q6140508,James O'Mara,8027,1,1,0,parent,parent;child,HoC,0,panel;rush,Stephen O'Mara
Q6140591,"James Ogilvy-Grant, 9th Earl of Seafield",1719,1,3,1,child,child;sibling;indirect,HoC,1,panel;rush,"Francis Grant;Francis Ogilvy-Grant, 6th Earl of Seafield;Sir George Macpherson-Grant, 3rd Baronet"
Q6140659,James Orr MacAndrew,4824,1,1,0,sibling,sibling,HoC,0,rush,"Charles MacAndrew, 1st Baron MacAndrew"
Q6140680,James Oswald,7087,1,2,1,sibling,sibling;niece/nephew,HoC,0,rush,Alexander Haldane Oswald;Richard Alexander Oswald
Q6140924,James Parker,8028,0,0,0,,,,0,,
Q6140940,James Parker Smith,2007,0,0,0,,,,1,,
Q6141018,James Patrick Gardner,8044,0,0,0,,,,0,,
Q6141047,James Pattison,5340,0,0,0,,,,0,,
Q6141223,James Hodge,9181,0,0,0,,,,0,,
Q6141458,James Pringle,5457,0,0,0,,,,0,,
Q6141825,James Ramsden,8649,1,2,1,indirect,indirect,HoC,1,rush,Michael Hamilton;Charles Ponsonby
Q6141851,James Ranger,5505,0,0,0,,,,0,,
Q6141900,James Redfoord Bulwer,1296,0,0,0,,,,0,,
Q6141943,James Reid,7525,0,0,0,,,,0,,
Q6141977,"James Remnant, 1st Baron Remnant",5548,1,1,0,parent,parent;child,HoC,1,panel;rush,Peter Remnant
Q6142173,"Sir James Rivett-Carnac, 1st Baronet",3446,1,1,0,parent,parent;child,HoC,1,panel;rush,"Sir John Rivett-Carnac, 2nd Baronet"
Q6142337,James Rochfort Maguire,2553,1,1,0,indirect,indirect,HoC,1,rush,Arthur Peel
Q6142389,James Rolston Lonsdale,4752,0,0,0,,,,0,,
Q6142467,James Round,787,1,3,1,uncle/aunt,uncle/aunt;indirect,HoC,1,rush,Charles Wing Gray;Charles Gray Round;John Round
Q6142723,James Sadleir,5651,1,1,0,sibling,sibling,HoC,0,rush,John Sadleir
Q6142854,James Scott,8025,0,0,0,,,,0,,
Q6142956,James Sexton,8024,0,0,0,,,,0,,
Q6143121,James Shillaker,5733,0,0,0,,,,0,,
Q6143153,James Sidebottom,856,1,2,1,indirect,indirect,HoC,0,rush,Tom Harrop Sidebottom;William Sidebottom
Q6143431,James Spencer-Bell,6552,1,1,0,parent,parent,HoC,0,rush,Jacob Bell
Q6143449,James Spicer,8662,0,0,0,,,,0,,
Q6143618,James Stevenson,8033,0,0,0,,,,0,,
Q6143642,James Stewart,6490,0,0,0,,,,0,,
Q6143645,James Stewart,2861,0,0,0,,,,0,,
Q6143784,"James Stuart, 1st Viscount Stuart of Findhorn",8650,0,0,0,,,,1,,
Q6143798,James Stuart-Wortley,6263,1,4,1,parent,parent;sibling;niece/nephew,HoC,1,panel;rush,"Archibald Stuart-Wortley;Charles Stuart-Wortley, 1st Baron Stuart of Wortley;John Gilbert Talbot;John Stuart-Wortley, 2nd Baron Wharncliffe"
Q6143811,James Stuart,2070,0,0,0,,,,1,,
Q6143997,"James Talbot, 4th Baron Talbot de Malahide",7262,0,0,0,,,,1,,
Q6144307,James Tinn,5998,0,0,0,,,,0,,
Q6145007,James Walker,8032,0,0,0,,,,0,,
Q6145108,James Walton,8030,0,0,0,,,,0,,
Q6145179,"James Watney, Jr.",1001,0,0,0,,,,1,,
Q6145182,James Watson,1002,0,0,0,,,,0,,
Q6145225,James Watts,9257,0,0,0,,,,1,,
Q6145300,James Wellbeloved,6162,0,0,0,,,,0,,
Q6145312,James Wellwood Johnston,8047,0,0,0,,,,0,,
Q6145332,James Wentworth Buller,6610,0,0,0,,,,1,,
Q6145409,James White,1032,0,0,0,,,,0,,
Q6145452,James Whiteside,6184,0,0,0,,,,0,,
Q6145543,James William Barclay,1165,0,0,0,,,,0,,
Q6145561,James William Cleland,3517,0,0,0,,,,0,,
Q6145570,James William Freshfield,6808,1,1,0,child,child,HoC,0,rush,Charles Freshfield
Q6145578,James William Greig,4171,0,0,0,,,,0,,
Q6145654,"James Williamson, 1st Baron Ashton",1061,1,1,0,indirect,indirect,HoC,1,rush,"William Peel, 1st Earl Peel"
Q6145698,James Wilson,9399,0,0,0,,,,0,,
Q6145790,"James Woodhouse, 1st Baron Terrington",2116,1,2,1,grandchild,grandchild;indirect,HoC,1,rush,"Montague Woodhouse, 5th Baron Terrington;Vera Woodhouse, Lady Terrington"
Q6145978,James Yoxall,2085,0,0,0,,,,0,,
Q6146026,James d'Avigdor-Goldsmid,3667,1,1,0,sibling,sibling,HoC,1,panel;rush,Henry d'Avigdor-Goldsmid
Q6146708,Jamie Cann,175,0,0,0,,,,0,,
Q615077,John Healey,343,0,0,0,,,,0,,
Q6152317,Jane Griffiths,319,0,0,0,,,,0,,
Q6152441,Jane Kennedy,410,0,0,0,,,,0,,
Q6153138,Jennie Adamson,48,1,1,0,spouse,spouse,HoC,0,rush,William Murdoch Adamson
Q6159834,Jardine Whyte,6191,0,0,0,,,,0,,
Q6164005,Jasper More,8663,1,1,0,indirect,indirect,HoC,0,rush,Robert Jasper More
Q6164079,Jasper Wilson Johns,2361,0,0,0,,,,0,,
Q6171089,Jean Mann,4915,0,0,0,,,,0,,
Q6175967,Jeffrey Ennis,267,0,0,0,,,,0,,
Q6176312,Jeffrey Thomas,8664,0,0,0,,,,0,,
Q6180870,Jeremiah Colman,2804,0,0,0,,,,1,,
Q6180907,Jeremiah McVeagh,4884,0,0,0,,,,0,,
Q6180973,Jeremiah Sheehan,846,0,0,0,,,,0,,
Q6181148,Jeremy Bray,3326,0,0,0,,,,0,,
Q6183709,Jerry Hayes,9351,0,0,0,,,,0,,
Q6194619,Jim Devine,9547,0,0,0,,,,0,,
Q6196395,Jim Lester,4705,0,0,0,,,,0,,
Q6197404,Jim Pawsey,5344,1,1,0,parent,parent;child,HoC,0,panel;rush,Mark Pawsey
Q6198115,Jim Sillars,2945,1,1,0,indirect,indirect,HoC,0,rush,Margo MacDonald
Q6201626,Jimmy Wray,722,0,0,0,,,,0,,
Q6204390,Jo Richardson,2927,0,0,0,,,,0,,
Q6205083,Joan Hall,8667,0,0,0,,,,0,,
Q6205153,Joan Humble,374,0,0,0,,,,0,,
Q6205220,"Joan Lestor, Baroness Lestor of Eccles",4707,0,0,0,,,,1,,
Q6205279,Joan Maynard,4967,0,0,0,,,,0,,
Q6205378,Joan Quennell,5486,0,0,0,,,,0,,
Q6205412,Joan Ryan,594,0,0,0,,,,0,,
Q6205517,"Joan Vickers, Baroness Vickers",8666,0,0,0,,,,1,,
Q6207286,Jock Bruce-Gardyne,3370,0,0,0,,,,1,,
Q6208398,Joe Ashton,97,0,0,0,,,,0,,
Q6210280,Joe Hendron,4325,0,0,0,,,,0,,
Q6213558,Joel Herbert Seaverns,5703,0,0,0,,,,0,,
Q6217989,John A. Willox,1888,0,0,0,,,,0,,
Q6218435,John Albert Bright,7442,1,3,1,parent,parent;child;sibling;niece/nephew,HoC,1,panel;rush,John Bright;Jacob Bright;William Leatham Bright
Q6218711,John Cecil-Wright,6366,0,0,0,,,,0,,
Q6219112,John Angerstein,3026,1,1,0,child,child,HoC,1,rush,William Angerstein
Q6219146,John Annan Bryce,7451,1,1,0,sibling,sibling,HoC,1,panel;rush,"James Bryce, 1st Viscount Bryce"
Q6219448,John Arnott,3041,0,0,0,,,,1,,
Q6219493,John Arthur Jackson,7421,0,0,0,,,,0,,
Q6219504,John Arthur Roebuck,777,0,0,0,,,,0,,
Q6219510,John Watts,9369,0,0,0,,,,0,,
Q6219659,John Astor,3056,1,6,1,parent,parent;child;uncle/aunt;niece/nephew;cousin;indirect,HoC,1,panel;rush,"Nancy Astor, Viscountess Astor;William Astor, 3rd Viscount Astor;Waldorf Astor, 2nd Viscount Astor;John Jacob Astor, 1st Baron Astor of Hever;Jakie Astor;Michael Astor"
Q6219675,John Atkins,,0,0,0,,,,0,,
Q6220251,John Bagshaw,3083,1,1,0,parent,parent;child,HoC,0,panel;rush,Robert Bagshaw
Q6220252,John Baguley Brooks,1276,1,1,0,uncle/aunt,uncle/aunt,HoC,0,rush,"Sir William Brooks, 1st Baronet"
Q6220258,John Bagwell,1147,0,0,0,,,,1,,
Q6220294,John Baillie,6513,1,2,1,sibling,sibling,HoC,0,rush,Hugh Duncan Baillie;Henry Baillie
Q6220328,John Baird,1156,0,0,0,,,,1,,
Q6220340,John Baird,6503,0,0,0,,,,0,,
Q6220365,John Baker,1824,1,1,0,child,child,HoC,0,rush,Harold Trevor Baker
Q6220418,John Baldock,3090,0,0,0,,,,0,,
Q6220505,John Bamford Slack,5767,0,0,0,,,,0,,
Q6220528,John Banfield,3094,0,0,0,,,,0,,
Q6220919,John Barter,3115,0,0,0,,,,0,,
Q6221023,John Basset,6545,0,0,0,,,,0,,
Q6221038,John Bastard,,0,0,0,,,,1,,
Q6221118,John Battley,3124,0,0,0,,,,0,,
Q6221121,John Batty Tuke,6052,0,0,0,,,,0,,
Q6221202,John Bazley White,1034,0,0,0,,,,0,,
Q6221317,John Beckett,8102,0,0,0,,,,0,,
Q6221416,John Bell,6553,0,0,0,,,,0,,
Q6221537,John Benjamin Stone,2104,0,0,0,,,,0,,
Q6221627,"John Beresford, 5th Marquess of Waterford",6067,1,1,0,sibling,sibling,HoC,1,panel;rush,Charles Beresford
Q6221774,John Best,8986,0,0,0,,,,0,,
Q6221791,"John Bethell, 1st Baron Bethell",3183,1,1,0,sibling,sibling,HoC,1,panel;rush,Thomas Bethell
Q6221850,John Bidgood,3195,0,0,0,,,,0,,
Q6221875,John Biggs-Davison,2946,0,0,0,,,,0,,
Q6221931,John Binns,3205,0,0,0,,,,0,,
Q6221948,John Birchall,3209,0,0,0,,,,1,,
Q6222086,John Blackett,3226,1,1,0,parent,parent;child,HoC,0,panel;rush,Christopher Blackett
Q6222179,John Blakiston-Houston,3232,0,0,0,,,,1,,
Q6222439,John Bonham-Carter,6632,1,1,0,parent,parent;child,HoC,1,panel;rush,John Bonham-Carter
Q6222742,John Boyd,3293,0,0,0,,,,0,,
Q6222752,John Boyd Kinnear,2399,0,0,0,,,,0,,
Q6223117,John Brewis,3331,0,0,0,,,,1,,
Q6223253,John Broadbent,3341,0,0,0,,,,0,,
Q6223273,John Brocklehurst,6589,1,2,1,parent,parent;child;grandchild,HoC,1,panel;rush,William Brocklehurst Brocklehurst;William Brocklehurst
Q6223335,John Bromley,3354,0,0,0,,,,0,,
Q6223575,"John Browne, 4th Marquess of Sligo",6598,0,0,0,,,,1,,
Q6223578,John Browne,9309,0,0,0,,,,0,,
Q6223704,John Bryn Roberts,2126,0,0,0,,,,0,,
Q6223758,John Buckle,3381,0,0,0,,,,0,,
Q6223903,John Karslake,2376,1,1,0,sibling,sibling,HoC,0,rush,Edward Karslake
Q6224100,John Butcher,9310,0,0,0,,,,0,,
Q6224109,"John Butler, 2nd Marquess of Ormonde",,0,0,0,,,,1,,
Q6224784,John Calcraft,,1,3,1,parent,parent;grandparent,HoC,1,panel,John Hales Calcraft;Granby Calcraft;John Calcraft
Q6224958,"John Campbell, 2nd Earl Cawdor",9007,1,3,1,parent,parent;child;indirect,HoC,1,panel;rush,"Frederick Campbell, 3rd Earl Cawdor;George Egerton, 2nd Earl of Ellesmere;John Cuffe, 3rd Earl of Desart"
Q6224960,"John Campbell, 2nd Marquess of Breadalbane",5291,0,0,0,,,,1,,
Q6224975,John Campbell,7446,0,0,0,,,,0,,
Q6225035,John Candlish,1326,0,0,0,,,,0,,
Q6225182,John Carlisle,3445,0,0,0,,,,0,,
Q6225256,John Garnier,1664,0,0,0,,,,1,,
Q6225324,John Carson,8673,0,0,0,,,,0,,
Q6225391,John Cartwright,8684,0,0,0,,,,0,,
Q6225401,John Carvell Williams,1055,0,0,0,,,,0,,
Q6225744,John Charles Durant,1528,0,0,0,,,,0,,
Q6225803,John Charles Williams,1056,1,3,1,child,child;indirect,HoC,0,rush,"Alfred Williams;Charles Williams;Sir Frederick Williams, 2nd Baronet"
Q6225806,John Charlesworth Dodgson-Charlesworth,6644,1,1,0,child,child,HoC,0,rush,Albany Hawkes Charlesworth
Q6225822,John Charteris,3483,0,0,0,,,,0,,
Q6225845,John Cheetham,6645,1,2,1,child,child;indirect,HoC,0,rush,John Frederick Cheetham;Joshua Milne Cheetham
Q6226309,John Cledwyn Davies,8068,0,0,0,,,,0,,
Q6226459,John Cobbold,6662,1,4,1,parent,parent;child;indirect,HoC,1,panel;rush,Felix Cobbold;Henry Jervis-White-Jervis;John Cobbold;Thomas Cobbold
Q6226460,John Cobbold,1385,1,4,1,parent,parent;child;sibling;indirect,HoC,1,panel;rush,Felix Cobbold;Henry Jervis-White-Jervis;John Cobbold;Thomas Cobbold
Q6226756,John Colomb,1923,0,0,0,,,,1,,
Q6226785,John Colville,2008,1,1,0,parent,parent;child,HoC,1,panel;rush,"John Colville, 1st Baron Clydesmuir"
Q6226788,"John Colville, 1st Baron Clydesmuir",7827,1,1,0,parent,parent;child,HoC,1,panel;rush,John Colville
Q6226823,John Compton Lawrance,2428,0,0,0,,,,0,,
Q6227095,John Corbett,2824,0,0,0,,,,0,,
Q6227114,John Cordeaux,3591,0,0,0,,,,0,,
Q6227121,John Cordle,3592,0,0,0,,,,1,,
Q6227139,John Corlett,3595,0,0,0,,,,0,,
Q6227186,John Corrie,3598,0,0,0,,,,0,,
Q6227380,John Cowell-Stepney,2839,1,1,0,parent,parent;child,HoC,1,panel;rush,Arthur Cowell-Stepney
Q6227486,John Craik-Henderson,8086,0,0,0,,,,0,,
Q6227494,John Vivian,2855,1,5,1,parent,parent;child;sibling;uncle/aunt;niece/nephew;cousin,HoC,1,panel;rush,"Henry Vivian, 1st Baron Swansea;Hussey Vivian, 1st Baron Vivian;Arthur Vivian;Charles Vivian, 2nd Baron Vivian;John Henry Vivian"
Q6227575,John Creemer Clarke,1373,0,0,0,,,,0,,
Q6227624,"John Crichton, 4th Earl Erne",1418,1,2,1,indirect,indirect,HoC,1,rush,"Lowry Cole, 4th Earl of Enniskillen;William Cole, 3rd Earl of Enniskillen"
Q6227760,John Crossley,1428,1,3,1,sibling,sibling;uncle/aunt;indirect,HoC,1,panel;rush,"Francis Crossley;Edward Crossley;Savile Crossley, 1st Baron Somerleyton"
Q6227776,John Crowley,3652,0,0,0,,,,0,,
Q6227814,"John Cuffe, 3rd Earl of Desart",3730,1,1,0,indirect,indirect,HoC,1,rush,"John Campbell, 2nd Earl Cawdor"
Q6227877,John Pickersgill-Cunliffe,,0,0,0,,,,1,,
Q6228052,John Cutts Lockwood,8687,0,0,0,,,,0,,
Q6228434,"John Dalrymple, 10th Earl of Stair",6698,1,4,1,parent,parent;child;grandchild;indirect,HoC,1,panel;rush,"Adolphus Dalrymple;Hew Hamilton Dalrymple;John Dalrymple, 12th Earl of Stair;John Dalrymple, 8th Earl of Stair"
Q6228436,"John Dalrymple, 12th Earl of Stair",7468,1,3,1,parent,parent;grandparent;uncle/aunt;indirect,HoC,1,rush,"Hew Hamilton Dalrymple;John Dalrymple, 10th Earl of Stair;John Dalrymple, 8th Earl of Stair"
Q6228445,"John Dalrymple, 8th Earl of Stair",6699,1,4,1,grandchild,grandchild;indirect,HoC,1,rush,"Adolphus Dalrymple;Hew Hamilton Dalrymple;John Dalrymple, 10th Earl of Stair;John Dalrymple, 12th Earl of Stair"
Q6228465,John Daly,,0,0,0,,,,0,,
Q6228742,John Davies,8696,0,0,0,,,,0,,
Q6228855,John Davison,8074,0,0,0,,,,0,,
Q6229012,John Deans Hope,9057,0,0,0,,,,0,,
Q6229029,John Deasy,1472,0,0,0,,,,0,,
Q6229114,John Delaware Lewis,2468,0,0,0,,,,0,,
Q6229172,"John Denison-Pender, 1st Baron Pender",3723,0,0,0,,,,1,,
Q6229209,John Dent,1484,0,0,0,,,,1,,
Q6229231,John Derby Allcroft,3000,0,0,0,,,,0,,
Q6229239,John Dermot Campbell,8070,0,0,0,,,,1,,
Q6229259,John Desmond Cronin,3632,0,0,0,,,,0,,
Q6229280,John Devereux Ward,9337,0,0,0,,,,0,,
Q6229296,"John Dewar, 1st Baron Forteviot",7684,1,2,1,sibling,sibling,HoC,1,panel;rush,"Thomas Dewar, 1st Baron Dewar;Arthur Dewar, Lord Dewar"
Q6229339,"John Diamond, Baron Diamond",8676,0,0,0,,,,1,,
Q6229358,John Dick Peddie,2738,0,0,0,,,,0,,
Q6229408,"John Dickson-Poynder, 1st Baron Islington",2108,0,0,0,,,,1,,
Q6229456,John Dillon Nugent,,0,0,0,,,,0,,
Q6229817,John Dorington,1844,0,0,0,,,,0,,
Q6229878,"John Douglas-Scott-Montagu, 2nd Baron Montagu of Beaulieu",5691,1,3,1,parent,parent;child;grandparent;niece/nephew,HoC,1,panel;rush,"William Montagu Douglas Scott, 6th Duke of Buccleuch;John Stuart-Wortley, 2nd Baron Wharncliffe;Henry Douglas-Scott-Montagu, 1st Baron Montagu of Beaulieu"
Q6229949,John Dove Harris,2229,1,1,0,parent,parent,HoC,1,rush,Richard Harris
Q6230307,John Dugdale,8675,0,0,0,,,,0,,
Q6230399,John Dundas,6440,1,5,1,parent,parent;child;sibling;grandparent;grandchild;uncle/aunt,HoC,1,panel;rush,"Robert Lawrence Dundas;Lawrence Dundas, 1st Marquess of Zetland;John Dundas;Lawrence Dundas, 2nd Marquess of Zetland;Thomas Dundas, 2nd Earl of Zetland"
Q6230401,John Dundas,1526,1,5,1,parent,parent;child;sibling;uncle/aunt;niece/nephew;indirect,HoC,1,panel;rush,"Robert Lawrence Dundas;Lawrence Dundas, 1st Marquess of Zetland;John Dundas;Lawrence Dundas, 2nd Marquess of Zetland;Thomas Dundas, 2nd Earl of Zetland"
Q6230436,John Dunlop,3817,0,0,0,,,,0,,
Q6230472,John Dunn Gardner,6810,0,0,0,,,,1,,
Q6231075,John Eastwood,3844,0,0,0,,,,1,,
Q6231211,John Edmondson Whittaker,8691,0,0,0,,,,0,,
Q6231219,John Edmund Commerell,2808,0,0,0,,,,1,,
Q6231235,John Severne,838,0,0,0,,,,0,,
Q6231236,John Edmund Wentworth Addison,56,0,0,0,,,,0,,
Q6231338,John Edward Redmond,6463,0,0,0,,,,0,,
Q6231345,John Edward Sears,5702,0,0,0,,,,0,,
Q6231351,John Edward Sutton,5930,0,0,0,,,,0,,
Q6231361,John Edward Walsh,7323,0,0,0,,,,0,,
Q6231363,John Edwards-Vaughan,,0,0,0,,,,0,,
Q6231381,John Edwards,8059,0,0,0,,,,0,,
Q6231485,"John Egerton, Viscount Alford",2997,1,2,1,parent,parent;child;sibling,HoC,1,panel;rush,"Adelbert Brownlow-Cust, 3rd Earl Brownlow;Charles Cust"
Q6231609,John Elley,3867,0,0,0,,,,0,,
Q6231620,John Elliot,6752,1,6,1,sibling,sibling;uncle/aunt;niece/nephew;indirect,HoC,1,panel;rush,"Sir George Elliot, 1st Baronet;George Elliot;George Elliot;Hugh Elliot;Sir George Elliot, 2nd Baronet;William Elliot-Murray-Kynynmound, 3rd Earl of Minto"
Q6231647,John Ellis,2084,0,0,0,,,,1,,
Q6231651,John Ellis,6754,0,0,0,,,,0,,
Q6231658,John Ellis,6753,0,0,0,,,,1,,
Q6231682,John Ellison-Macartney,1559,1,1,0,parent,parent;child,HoC,1,panel;rush,William Ellison-Macartney
Q6231753,John Emlyn-Jones,3877,0,0,0,,,,0,,
Q6231848,John Eric Loverseed,4765,1,1,0,parent,parent,HoC,0,rush,Frederick Loverseed
Q6231863,John Erle-Drax,1567,0,0,0,,,,1,,
Q6231898,"John Erskine, Lord Erskine",8076,0,0,0,,,,1,,
Q6231900,John Erskine,1569,0,0,0,,,,1,,
Q6231992,John Evans,8672,0,0,0,,,,0,,
Q6232025,John Evans Freke-Aylmer,1646,0,0,0,,,,1,,
Q6232701,John Fane,3922,1,1,0,indirect,indirect,HoC,1,rush,John Arthur Fyler
Q6232754,John Farr,3930,0,0,0,,,,1,,
Q6232982,John Ferguson,8056,0,0,0,,,,0,,
Q6233108,John Fildes,3963,0,0,0,,,,0,,
Q6233280,"John FitzPatrick, 1st Baron Castletown",1611,1,1,0,parent,parent;child,HoC,1,panel;rush,"Bernard FitzPatrick, 2nd Baron Castletown"
Q6233421,John Fleming,6784,0,0,0,,,,0,,
Q6233423,John Fleming,7690,0,0,0,,,,1,,
Q6233442,John Fletcher-Cooke,4001,1,1,0,sibling,sibling,HoC,0,rush,Charles Fletcher-Cooke
Q6233512,John Floyer,1617,0,0,0,,,,0,,
Q6233592,"Philip Stanhope, 1st Baron Weardale",2212,1,3,1,child,child;sibling,HoC,1,panel,"Philip Stanhope, 5th Earl Stanhope;Arthur Stanhope, 6th Earl Stanhope;Edward Stanhope"
Q6233639,John Forman,4017,0,0,0,,,,0,,
Q6233684,John Forrester,4021,0,0,0,,,,0,,
Q6233710,John Fort,6798,1,2,1,parent,parent;grandparent,HoC,0,panel,Richard Fort;Richard Fort
Q6233713,John William Fortescue,6800,1,4,1,child,child;sibling;uncle/aunt;cousin,HoC,1,panel;rush,"Dudley Fortescue;Hugh Fortescue, 2nd Earl Fortescue;Hugh Fortescue, 4th Earl Fortescue;Hugh Fortescue, 3rd Earl Fortescue"
Q6233734,John Foster,8699,0,0,0,,,,0,,
Q6234025,John Fraser,8688,0,0,0,,,,0,,
Q6234106,John Frederick Cheetham,2900,1,2,1,parent,parent;indirect,HoC,0,rush,John Cheetham;Joshua Milne Cheetham
Q6234115,John Frederick Eales,3837,0,0,0,,,,0,,
Q6234192,John Freeman Dunn,8077,0,0,0,,,,0,,
Q6234820,"John Ganzoni, 1st Baron Belstead",4060,0,0,0,,,,1,,
Q6234908,John Garrett,4066,0,0,0,,,,0,,
Q6235091,John George,9070,0,0,0,,,,0,,
Q6235097,John George Alexander Baird,2010,0,0,0,,,,0,,
Q6235108,John George Burnett,9186,0,0,0,,,,1,,
Q6235122,John George Gibson,1675,0,0,0,,,,0,,
Q6235155,John George Phillimore,5390,1,1,0,sibling,sibling,HoC,1,panel,"Sir Robert Phillimore, 1st Baronet"
Q6235224,John Thom,5969,0,0,0,,,,0,,
Q6235315,John Gilbert Talbot,927,1,4,1,uncle/aunt,uncle/aunt;cousin,HoC,1,panel;rush,"Archibald Stuart-Wortley;Charles Stuart-Wortley, 1st Baron Stuart of Wortley;James Stuart-Wortley;John Stuart-Wortley, 2nd Baron Wharncliffe"
Q6235437,John Givan,1686,0,0,0,,,,0,,
Q6235638,John Golding,9263,1,2,1,spouse,spouse;indirect,HoC,0,rush,"Ness Edwards;Llin Golding, Baroness Golding"
Q6235752,John Gordon,7401,0,0,0,,,,0,,
Q6235765,John Gordon,,0,0,0,,,,1,,
Q6235773,John Gordon Drummond Campbell,8079,0,0,0,,,,0,,
Q6235780,John Gordon McMinnies,2548,0,0,0,,,,0,,
Q6235892,John Goundry Holburn,2288,0,0,0,,,,0,,
Q6235906,John Grace,4150,0,0,0,,,,0,,
Q6236021,John Grant,45,0,0,0,,,,0,,
Q6236086,John Gray,1724,1,1,0,parent,parent;child,HoC,0,panel;rush,Edmund Dwyer Gray
Q6236147,John Greene,6837,0,0,0,,,,1,,
Q6236218,John Greenway,317,0,0,0,,,,0,,
Q6236242,John Greenwood Shipman,5735,0,0,0,,,,0,,
Q6236294,"John Gretton, 2nd Baron Gretton",,1,1,0,child,child,HoC,1,panel,"John Gretton, 1st Baron Gretton"
Q6236441,"John Grimston, 6th Earl of Verulam",8678,1,4,1,grandparent,grandparent;cousin;indirect,HoC,1,panel;rush,"Edward Grimston;James Grimston, 2nd Earl of Verulam;James Grimston, 3rd Earl of Verulam;Robert Grimston, 1st Baron Grimston of Westbury"
Q6236465,John Grogan,323,0,0,0,,,,0,,
Q6236539,John Guest,8048,0,0,0,,,,0,,
Q6236563,John Gulland,4200,0,0,0,,,,0,,
Q6237202,John Jenkins,7433,0,0,0,,,,0,,
Q6237245,John Halcomb,4218,0,0,0,,,,0,,
Q6237311,John Hall,8679,0,0,0,,,,0,,
Q6237313,John Hall,8726,0,0,0,,,,0,,
Q6237315,John Hall,6860,0,0,0,,,,0,,
Q6237389,"Richard Bethell, 1st Baron Westbury",3184,0,0,0,,,,1,,
Q6237418,"John Hamilton, 1st Baron Hamilton of Dalzell",1767,0,0,0,,,,1,,
Q6237491,John Hammond,2143,0,0,0,,,,0,,
Q6237544,John Hanbury Martin,8704,0,0,0,,,,0,,
Q6237550,John Hancock,9187,0,0,0,,,,0,,
Q6237583,John Handley,4245,1,3,1,cousin,cousin,HoC,0,panel;rush,William Farnworth Handley;Henry Handley;Benjamin Handley
Q6237617,"John Hanmer, 1st Baron Hanmer",2218,1,2,1,uncle/aunt,uncle/aunt;indirect,HoC,1,rush,Henry Hanmer;Richard Wingfield-Baker
Q6237641,John Hannam,2972,0,0,0,,,,0,,
Q6237751,John Hardy,6451,1,5,1,parent,parent;child;grandparent;grandchild,HoC,1,panel;rush,"John Gathorne-Hardy, 2nd Earl of Cranbrook;Alfred Gathorne-Hardy;Gathorne Gathorne-Hardy, 1st Earl of Cranbrook;Laurence Hardy;Sir John Hardy, 1st Baronet"
Q6237766,"John Hare, 1st Viscount Blakenham",8706,1,1,0,indirect,indirect,HoC,1,rush,"William Hare, 2nd Earl of Listowel"
Q6238119,John Harvey,8690,0,0,0,,,,0,,
Q6238154,John Harvey Lewis,2469,0,0,0,,,,0,,
Q6238219,John Hatchell,4283,0,0,0,,,,0,,
Q6238337,John Hay,8681,0,0,0,,,,0,,
Q6238448,"Robert Grosvenor, 5th Duke of Westminster",8854,0,0,0,,,,1,,
Q6238591,"John Hely-Hutchinson, 3rd Earl of Donoughmore",,0,0,0,,,,1,,
Q6238594,"John Hely-Hutchinson, 7th Earl of Donoughmore",5914,0,0,0,,,,1,,
Q6238613,John Henderson,2252,0,0,0,,,,0,,
Q6238623,John Henderson,6504,0,0,0,,,,0,,
Q6238687,"John Henniker-Major, 5th Baron Henniker",4333,1,1,0,parent,parent;child,HoC,1,panel;rush,"John Henniker-Major, 4th Baron Henniker"
Q6238860,John Henry Knox,,1,4,1,sibling,sibling;uncle/aunt,HoC,1,panel,"James Knox;Thomas Knox, 2nd Earl of Ranfurly;Thomas Knox, 3rd Earl of Ranfurly;William Knox"
Q6238904,John Henry Palin,5310,0,0,0,,,,0,,
Q6238920,John Henry Puleston,2799,0,0,0,,,,0,,
Q6238954,John Henry Thorpe,5983,1,2,1,parent,parent;child;indirect,HoC,1,panel;rush,"Jeremy Thorpe;Sir John Norton-Griffiths, 1st Baronet"
Q6238967,John Henry Vivian,7313,1,6,1,parent,parent;child;sibling;grandchild;uncle/aunt;niece/nephew,HoC,1,panel;rush,"Henry Vivian, 1st Baron Swansea;Hussey Vivian, 1st Baron Vivian;Arthur Vivian;Charles Vivian, 2nd Baron Vivian;John Vivian;Lewis Vivian Loyd"
Q6238992,John Henry Williams,8080,0,0,0,,,,0,,
Q6239018,John Heppell,350,0,0,0,,,,0,,
Q6239069,John Heron-Maxwell,2262,0,0,0,,,,1,,
Q6239087,John Herriotts,4342,0,0,0,,,,0,,
Q6239169,John Heydon Stokes,5885,0,0,0,,,,0,,
Q6239183,John Hick,2271,0,0,0,,,,0,,
Q6239219,Martin White,1033,0,0,0,,,,0,,
Q6239260,John Hill,8693,0,0,0,,,,0,,
Q6239349,John Hinde Palmer,2722,0,0,0,,,,0,,
Q6239362,John Hinds,4379,0,0,0,,,,0,,
Q6239439,John Harris,8083,0,0,0,,,,0,,
Q6239482,John Hodgetts-Foley,6791,1,2,1,parent,parent;sibling,HoC,1,panel;rush,Edward Thomas Foley;Henry Hodgetts-Foley
Q6239576,John Holker,2292,0,0,0,,,,1,,
Q6239630,John Hollingworth,4399,0,0,0,,,,0,,
Q6239683,John Holms,2300,1,1,0,sibling,sibling,HoC,1,rush,William Holms
Q6239779,John Hooper,2305,0,0,0,,,,0,,
Q6239787,"John Hope, 1st Baron Glendevon",9264,0,0,0,,,,1,,
Q6239794,John Hope-Johnstone,6943,1,1,0,grandparent,grandparent,HoC,1,rush,John Hope-Johnstone
Q6239817,John Hope Simpson,9188,0,0,0,,,,0,,
Q6239851,John Horam,364,0,0,0,,,,1,,
Q6239930,John Horton Blades,1228,0,0,0,,,,0,,
Q6240021,John Howard,8713,0,0,0,,,,0,,
Q6240076,John Howard Parnell,2728,1,1,0,sibling,sibling,HoC,1,panel,Charles Stewart Parnell
Q6240094,John Howard Whitehouse,6183,0,0,0,,,,0,,
Q6240199,"John Hubbard, 1st Baron Addington",2322,1,2,1,parent,parent;child,HoC,1,panel;rush,"Egerton Hubbard, 2nd Baron Addington;Evelyn Hubbard"
Q6240275,John Hughes-Hallett,4446,0,0,0,,,,0,,
Q6240282,John Hughes,9377,0,0,0,,,,0,,
Q6240380,John Davidson,3046,0,0,0,,,,0,,
Q6240434,John Hunt,8709,0,0,0,,,,0,,
Q6240505,John Husband,2333,0,0,0,,,,0,,
Q6240542,John Hutton,1973,0,0,0,,,,1,,
Q6240740,John Iltyd Nicholl,5209,0,0,0,,,,0,,
Q6240785,John Inglis,4481,0,0,0,,,,1,,
Q6240846,John Ireland Blackburne,6434,1,1,0,parent,parent;child,HoC,1,panel;rush,John Ireland Blackburne
Q6240848,John Ireland Blackburne,1227,1,1,0,parent,parent;child,HoC,1,panel;rush,John Ireland Blackburne
Q6240863,John Irving,4491,0,0,0,,,,0,,
Q6240919,John Ivatt Briscoe,1268,0,0,0,,,,0,,
Q6241355,John Jackson,8527,0,0,0,,,,0,,
Q6241366,John Jackson,7677,0,0,0,,,,0,,
Q6241452,John Jagger,4500,0,0,0,,,,0,,
Q6241534,John James Davidson,9189,0,0,0,,,,0,,
Q6241575,John James McShane,5028,0,0,0,,,,0,,
Q6241578,John James Mellor,2590,0,0,0,,,,0,,
Q6241611,John James Withers,6238,0,0,0,,,,0,,
Q6241771,"John Jenkins, 1st Baron Glantawe",2357,0,0,0,,,,1,,
Q6241807,John Jennings,8685,0,0,0,,,,0,,
Q6241844,"John Jestyn Llewellin, 1st Baron Llewellin",4733,0,0,0,,,,1,,
Q6241920,John Johnson,7436,0,0,0,,,,0,,
Q6241985,John Joicey,2370,1,1,0,indirect,indirect,HoC,1,rush,Lord John Joicey-Cecil
Q6242009,John Jones,2373,1,1,0,sibling,sibling,HoC,0,rush,David Jones
Q6242066,John Jones,6458,0,0,0,,,,0,,
Q6242146,John Joseph Esmonde,6476,1,1,0,parent,parent,HoC,1,panel,"Sir John Esmonde, 14th Baronet"
Q6242174,John Joseph Jones,8089,0,0,0,,,,0,,
Q6242212,John Joseph Mooney,5102,0,0,0,,,,0,,
Q6242223,John Joseph O'Neill,8087,0,0,0,,,,0,,
Q6242231,John Joseph Powell,7136,0,0,0,,,,0,,
Q6242245,John Joseph Shute,8054,0,0,0,,,,0,,
Q6242266,John Joseph Tinker,5997,0,0,0,,,,0,,
Q6242277,John Josiah Guest,6852,1,2,1,parent,parent;child,HoC,1,panel;rush,Arthur Guest;Montague Guest
Q6242279,John Wilkinson,705,0,0,0,,,,1,,
Q6242608,John Kebty-Fletcher,4550,0,0,0,,,,0,,
Q6242888,John Kenneth Foster,7393,1,1,0,cousin,cousin,HoC,1,panel;rush,Philip Staveley Foster
Q6243157,John Kinley,4604,0,0,0,,,,0,,
Q6243916,John Lancaster,2420,0,0,0,,,,0,,
Q6243984,John Langford-Holt,4643,0,0,0,,,,1,,
Q6244227,John Lawson Walton,2119,0,0,0,,,,0,,
Q6244393,John Lee Lee,6977,1,1,0,parent,parent;child,HoC,1,panel;rush,Vaughan Vaughan-Lee
Q6244539,John Leng,2006,0,0,0,,,,1,,
Q6244542,John Sturrock,8091,0,0,0,,,,0,,
Q6244637,John Leslie,8720,0,0,0,,,,0,,
Q6244656,John Leslie Marshall,9413,0,0,0,,,,0,,
Q6244748,John Lewis,8671,0,0,0,,,,0,,
Q6244779,John Lewis Phipps,7127,0,0,0,,,,0,,
Q6245058,John Lloyd Morgan,2125,0,0,0,,,,0,,
Q6245067,John Lloyd Wharton,1980,0,0,0,,,,0,,
Q6245072,John Lloyd Williams,8711,0,0,0,,,,0,,
Q6245083,John Loch,,1,1,0,sibling,sibling,HoC,1,panel,James Loch
Q6245088,John Locke,2485,0,0,0,,,,0,,
Q6245236,"John Lonsdale, 1st Baron Armaghdale",4753,0,0,0,,,,1,,
Q6245381,John Loveridge,4764,0,0,0,,,,0,,
Q6245641,John Lyons,5111,0,0,0,,,,0,,
Q6245664,"John Lyttelton, 9th Viscount Cobham",4808,1,4,1,parent,parent;child;grandparent;uncle/aunt;niece/nephew;cousin,HoC,1,panel;rush,"Charles Lyttelton, 8th Viscount Cobham;William Cavendish, 2nd Baron Chesham;Oliver Lyttelton, 1st Viscount Chandos;Alfred Lyttelton"
Q6246032,John Maberly,,1,1,0,parent,parent,HoC,1,panel,William Leader Maberly
Q6246095,John MacGregor,6999,0,0,0,,,,0,,
Q6246107,"John MacKay, Baron MacKay of Ardbrecknish",9323,0,0,0,,,,1,,
Q6246138,John Macleod,2545,0,0,0,,,,0,,
Q6246144,John MacLeod,4860,0,0,0,,,,1,,
Q6246195,John Macdonald,2883,0,0,0,,,,0,,
Q6246203,John Macdonald Cameron,1319,0,0,0,,,,0,,
Q6246225,John Mack,4841,0,0,0,,,,0,,
Q6246262,John Mackie,8703,1,1,0,grandparent,grandparent,HoC,0,rush,John Mackie
Q6246275,John Mackintosh,8717,0,0,0,,,,0,,
Q6246292,"John Maclay, 1st Viscount Muirshiel",4856,1,1,0,sibling,sibling,HoC,1,panel;rush,"Joseph Maclay, 2nd Baron Maclay"
Q6246458,John Maitland,8698,0,0,0,,,,1,,
Q6246492,"John Malcolm, 1st Baron Malcolm",2562,0,0,0,,,,1,,
Q6246606,John Manners-Sutton,5928,0,0,0,,,,1,,
Q6246713,John Marek,467,0,0,0,,,,0,,
Q6246745,Frederick Smith,7216,1,1,0,sibling,sibling,HoC,0,rush,Leicester Viney Vernon
Q6246815,John Marriott,8064,0,0,0,,,,1,,
Q6246844,John Marshall,9106,1,2,1,sibling,sibling,HoC,1,panel;rush,James Garth Marshall;William Marshall
Q6246882,Tony Worthington,721,0,0,0,,,,0,,
Q6246952,John Martin,2576,0,0,0,,,,0,,
Q6247100,John Massie,4946,0,0,0,,,,0,,
Q6247119,John Masterman,4948,0,0,0,,,,0,,
Q6247220,John Maude,9265,0,0,0,,,,1,,
Q6247238,John Maunsell Richardson,7524,0,0,0,,,,0,,
Q6247324,John Mayhew,4964,0,0,0,,,,1,,
Q6247503,"John McClintock, 1st Baron Rathdonnell",4983,1,2,1,sibling,sibling;uncle/aunt,HoC,1,panel;rush,Thomas Bunbury;William McClintock-Bunbury
Q6247581,John McCulloch,2518,0,0,0,,,,0,,
Q6247652,John McDonald Henderson,7383,0,0,0,,,,0,,
Q6247816,John McGovern,5000,0,0,0,,,,0,,
Q6247946,John McKane,5005,0,0,0,,,,0,,
Q6247951,John McKay,5007,0,0,0,,,,0,,
Q6248044,John McLaren,2541,1,6,1,parent,parent;child;sibling;uncle/aunt;niece/nephew;indirect,HoC,1,panel;rush,"Charles McLaren, 1st Baron Aberconway;Duncan McLaren;Francis McLaren;Henry McLaren;Martin McLaren;Walter McLaren"
Q6248269,John McQuade,5026,0,0,0,,,,0,,
Q6248334,John McWilliam,500,0,0,0,,,,0,,
Q6248433,John Mellor,7028,1,1,0,child,child,HoC,1,rush,John William Mellor
Q6248463,John Mendelson,5043,0,0,0,,,,0,,
Q6248516,John Meredith Temple,8714,0,0,0,,,,1,,
Q6248624,John Michael Gorst,8715,0,0,0,,,,1,,
Q6248786,John Miller,2603,0,0,0,,,,0,,
Q6248836,John Mills,7042,0,0,0,,,,1,,
Q6248849,John Mills McCallum,4974,0,0,0,,,,0,,
Q6249414,John Morgan,8061,0,0,0,,,,0,,
Q6249420,John Morgan Howard,2315,0,0,0,,,,0,,
Q6249442,John Morison,,0,0,0,,,,0,,
Q6249506,"John Morrison, 1st Baron Margadale",8702,1,4,1,parent,parent;child;niece/nephew,HoC,1,panel;rush,Charles Morrison;Hugh Morrison;James Morrison;Peter Morrison
Q6249547,John Morrow Simms,9452,0,0,0,,,,0,,
Q6249740,"John Mulholland, 1st Baron Dunleath",2642,1,1,0,parent,parent,HoC,1,panel,"Henry Mulholland, 2nd Baron Dunleath"
Q6249777,Joseph Sydney Yorke,,1,4,1,parent,parent;grandparent,HoC,1,panel,"Charles Yorke, 5th Earl of Hardwicke;Charles Yorke, 4th Earl of Hardwicke;Eliot Yorke;Elliot Yorke"
Q6249879,John Murphy,7582,0,0,0,,,,0,,
Q6249916,John Murray,7063,0,0,0,,,,1,,
Q6249926,John Murray,8057,0,0,0,,,,0,,
Q6250171,John Nation,5178,0,0,0,,,,0,,
Q6250233,John Gladstone,6819,1,5,1,sibling,sibling;uncle/aunt;niece/nephew;indirect,HoC,1,panel;rush,"William Ewart Gladstone;Herbert Gladstone, 1st Viscount Gladstone;William Henry Gladstone;Sir Thomas Gladstone, 2nd Baronet;William Glynne Charles Gladstone"
Q6250416,John Nicholas Fazakerley,3937,0,0,0,,,,1,,
Q6250651,John North,2670,0,0,0,,,,1,,
Q6250815,John O'Connor,2682,0,0,0,,,,0,,
Q6250823,John O'Connor Power,2786,0,0,0,,,,0,,
Q6250864,John O'Dowd,5252,0,0,0,,,,0,,
Q6250972,"John O'Neill, 3rd Viscount O'Neill",7085,0,0,0,,,,1,,
Q6251316,"John Ormsby-Gore, 1st Baron Harlech",2703,1,5,1,parent,parent;child;sibling;uncle/aunt;niece/nephew;indirect,HoC,1,panel;rush,"Seymour Ormsby-Gore;William Ormsby-Gore, 4th Baron Harlech;George Ormsby-Gore, 3rd Baron Harlech;William Ormsby-Gore;William Ormsby-Gore, 2nd Baron Harlech"
Q6251328,John Orrell Lever,2461,0,0,0,,,,0,,
Q6251349,John Osborn,5294,1,1,0,grandparent,grandparent,HoC,0,rush,Arthur Holbrook
Q6251421,John Ovenden,5299,0,0,0,,,,0,,
Q6251727,John Walsh,7550,0,0,0,,,,0,,
Q6251768,John Page,9215,0,0,0,,,,1,,
Q6251897,John Parker,8607,0,0,0,,,,0,,
Q6251908,John Parker,7102,0,0,0,,,,0,,
Q6251953,John Parkinson,5322,0,0,0,,,,0,,
Q6252021,John Passmore Edwards,1539,0,0,0,,,,0,,
Q6252095,John Patrick Hayden,7392,0,0,0,,,,0,,
Q6252459,John Pemberton Plumptre,5416,1,1,0,cousin,cousin,HoC,1,panel;rush,"George Glyn, 1st Baron Wolverton"
Q6252508,John Pennington Thomasson,939,1,1,0,child,child,HoC,0,rush,Franklin Thomasson
Q6252527,John Hungerford Penruddocke,5359,0,0,0,,,,0,,
Q6252635,John Peter Gandy,3716,0,0,0,,,,0,,
Q6252769,John Philip Nolan,2055,0,0,0,,,,0,,
Q6252837,John Phillips Rhodes,5557,0,0,0,,,,1,,
Q6252886,John Starkie,905,1,1,0,sibling,sibling,HoC,1,panel,Le Gendre Starkie
Q6253025,John Platt,2766,0,0,0,,,,0,,
Q6253031,John Platts-Mills,5412,0,0,0,,,,0,,
Q6253053,John Houfton,4432,0,0,0,,,,0,,
Q6253068,"John Plunkett, 17th Baron of Dunsany",2773,1,1,0,sibling,sibling,HoC,1,panel,Horace Plunkett
Q6253138,"John Ponsonby, 4th Earl of Bessborough",,1,4,1,parent,parent;sibling;uncle/aunt,HoC,1,panel,"Ashley Ponsonby;Charles Ponsonby, 2nd Baron de Mauley;John Ponsonby, 5th Earl of Bessborough;William Ponsonby, 1st Baron de Mauley"
Q6253140,"John Ponsonby, 5th Earl of Bessborough",3811,1,5,1,child,child;niece/nephew;indirect,HoC,1,panel;rush,"Vere Ponsonby, 9th Earl of Bessborough;Charles Gordon-Lennox, 6th Duke of Richmond;Lord Alexander Gordon-Lennox;John Ponsonby, 4th Earl of Bessborough;William Ponsonby, 1st Baron de Mauley"
Q6253232,John Potter,8058,0,0,0,,,,0,,
Q6253247,John Potts,5440,0,0,0,,,,0,,
Q6253297,John Powley,5445,0,0,0,,,,0,,
Q6253318,"John Pratt, 3rd Marquess Camden",3328,1,1,0,child,child,HoC,1,panel,"George Pratt, 2nd Marquess Camden"
Q6253382,John Pretyman Newman,5200,0,0,0,,,,1,,
Q6253431,John Primrose Hay,8094,0,0,0,,,,0,,
Q6253456,John Pritchard,5461,0,0,0,,,,0,,
Q6254150,"John Ramsay, 13th Earl of Dalhousie",736,1,3,1,sibling,sibling;indirect,HoC,1,panel;rush,"Lauderdale Maule;Fox Maule-Ramsay, 11th Earl of Dalhousie;Charles Maule Ramsay"
Q6254158,John Ramsay,732,0,0,0,,,,0,,
Q6254235,John Rankin,8727,0,0,0,,,,0,,
Q6254287,John Rathbone,8096,1,2,1,parent,parent;child;spouse,HoC,0,panel;rush,Beatrice Wright;Tim Rathbone
Q6254605,John Remer,5546,0,0,0,,,,0,,
Q6254728,Jack Oldfield,5275,0,0,0,,,,0,,
Q6254786,John Richards Kelly,2381,0,0,0,,,,0,,
Q6254926,John Rigby,765,0,0,0,,,,1,,
Q6255097,John Robert Davison,1462,0,0,0,,,,0,,
Q6255162,"John Roberts, 1st Baron Clwyd",2128,1,2,1,parent,parent;child;indirect,HoC,1,panel;rush,John Roberts;William Caine
Q6255168,John Roberts,767,1,1,0,parent,parent;child,HoC,1,panel;rush,"John Roberts, 1st Baron Clwyd"
Q6255208,John Robertson,8708,0,0,0,,,,0,,
Q6255210,John Robertson,8055,0,0,0,,,,0,,
Q6255221,John Robertson,8674,0,0,0,,,,0,,
Q6255297,John Robinson McClean,2544,0,0,0,,,,0,,
Q6255323,John Roche,2159,0,0,0,,,,0,,
Q6255460,John Edwin Rogerson,5597,0,0,0,,,,1,,
Q6255498,John Rolleston,5600,0,0,0,,,,1,,
Q6255522,John Rolt,5601,0,0,0,,,,0,,
Q6255541,"John Romilly, 1st Baron Romilly",5604,1,2,1,sibling,sibling,HoC,1,panel;rush,Edward Romilly;Frederick Romilly
Q6255760,John Round,7176,1,2,1,indirect,indirect,HoC,1,rush,Charles Gray Round;James Round
Q6255933,John Rundle,5639,0,0,0,,,,0,,
Q6255964,"John Russell, Viscount Amberley",3014,1,4,1,parent,parent;child;niece/nephew,HoC,1,panel;rush,"John Russell, 1st Earl Russell;Francis Russell, 7th Duke of Bedford;Lord Charles Russell;Lord Edward Russell"
Q6256078,John Ryan,9262,0,0,0,,,,0,,
Q6256112,"John Ryder, 5th Earl of Harrowby",7510,1,6,1,parent,parent;child;uncle/aunt;indirect,HoC,1,panel;rush,"William Henry Smith;Dudley Ryder, 2nd Earl of Harrowby;Dudley Ryder, 3rd Earl of Harrowby;Dudley Ryder, 6th Earl of Harrowby;Granville Ryder;Granville Ryder"
Q6256142,John Ryman,5649,1,2,1,spouse,spouse;indirect,HoC,0,rush,"Edith Summerskill, Baroness Summerskill;Shirley Summerskill"
Q6256551,John Salusbury-Trelawny,959,1,3,1,parent,parent;child;indirect,HoC,1,panel;rush,"John Tremayne;Arthur Tremayne;Sir William Salusbury-Trelawny, 8th Baronet"
Q6256577,John Samuel Dodd,8098,0,0,0,,,,0,,
Q6256600,John Sanctuary Nicholson,8060,1,2,1,parent,parent;child;sibling,HoC,1,panel;rush,William Graham Nicholson;William Nicholson
Q6256610,John Sandeman Allen,6369,1,1,0,child,child,HoC,0,rush,John Sandeman Allen
Q6256611,John Sandeman Allen,6368,1,1,0,parent,parent,HoC,0,rush,John Sandeman Allen
Q6256761,"John Savile, 3rd Earl of Mexborough",,1,1,0,parent,parent,HoC,1,panel,"John Savile, 4th Earl of Mexborough"
Q6256763,"John Savile, 4th Earl of Mexborough",5426,1,1,0,child,child,HoC,1,panel,"John Savile, 3rd Earl of Mexborough"
Q6257037,"John Scott, 2nd Earl of Eldon",,0,0,0,,,,1,,
Q6257135,"Sir John Scourfield, 1st Baronet",831,1,1,0,uncle/aunt,uncle/aunt,HoC,0,rush,William Henry Scourfield
Q6257175,John Scurr,5697,0,0,0,,,,0,,
Q6257177,John Scurrah Randles,5504,0,0,0,,,,0,,
Q6257340,John Sever,5709,0,0,0,,,,0,,
Q6257350,John Sewell Courtauld,8099,0,0,0,,,,1,,
Q6257470,John Shaw-Lefevre,4683,1,2,1,parent,parent;sibling,HoC,1,panel,"Charles Shaw-Lefevre, 1st Viscount Eversley;George Shaw-Lefevre, 1st Baron Eversley"
Q6257849,John Silkin,5747,1,2,1,parent,parent;child;sibling,HoC,1,panel;rush,"Lewis Silkin, 1st Baron Silkin;Samuel Silkin, Baron Silkin of Dulwich"
Q6257889,John Simon,860,0,0,0,,,,0,,
Q6257981,John Sinclair,6481,0,0,0,,,,0,,
Q6258111,John Skirrow Wright,6310,0,0,0,,,,0,,
Q6258145,John Slagg,865,0,0,0,,,,0,,
Q6258154,John Slater,5771,0,0,0,,,,0,,
Q6258267,John Smith,8710,0,0,0,,,,1,,
Q6258296,John Smith,620,0,0,0,,,,0,,
Q6258381,John Clarke,8100,0,0,0,,,,0,,
Q6258450,John Snowdon Henry,2256,1,2,1,parent,parent;sibling,HoC,0,rush,Alexander Henry;Mitchell Henry
Q6258484,"John Somers-Cocks, 2nd Earl Somers",3843,1,1,0,parent,parent;child,HoC,1,panel;rush,"Charles Somers-Cocks, 3rd Earl Somers"
Q6258602,John Spear,5812,0,0,0,,,,0,,
Q6258622,John Spence,5821,0,0,0,,,,0,,
Q6258760,John Stack,891,0,0,0,,,,0,,
Q6258828,John Stanhope Arkwright,6330,0,0,0,,,,1,,
Q6258884,John Stapleton,904,0,0,0,,,,1,,
Q6259338,John Stourton,5894,0,0,0,,,,1,,
Q6259508,"John Stuart-Wortley, 2nd Baron Wharncliffe",6262,1,7,1,sibling,sibling;grandchild;uncle/aunt;niece/nephew;cousin;indirect,HoC,1,panel;rush,"Algernon Percy, 6th Duke of Northumberland;Archibald Stuart-Wortley;Charles Stuart-Wortley, 1st Baron Stuart of Wortley;James Stuart-Wortley;John Douglas-Scott-Montagu, 2nd Baron Montagu of Beaulieu;John Gilbert Talbot;Henry Douglas-Scott-Montagu, 1st Baron Montagu of Beaulieu"
Q6259518,John Stuart,7254,0,0,0,,,,0,,
Q6259691,John Sutcliffe,9269,0,0,0,,,,0,,
Q6259761,John Swan,5933,0,0,0,,,,0,,
Q6259800,John Sweetman,920,0,0,0,,,,0,,
Q6259868,John Sykes,,0,0,0,,,,0,,
Q6260189,John Talbot Clifton,6653,1,1,0,parent,parent;child,HoC,1,panel;rush,Thomas Clifton
Q6260490,John Thomas,8719,0,0,0,,,,0,,
Q6260523,John Thomas Ball,1162,0,0,0,,,,0,,
Q6260605,John Thomas Norris,7073,0,0,0,,,,0,,
Q6260634,John Aspinall,3048,0,0,0,,,,0,,
Q6260874,John Timmons,5996,0,0,0,,,,0,,
Q6260899,John Tinné,5999,0,0,0,,,,0,,
Q6260980,"John Tollemache, 1st Baron Tollemache",948,1,1,0,parent,parent;child,HoC,1,panel;rush,"Wilbraham Tollemache, 2nd Baron Tollemache"
Q6261064,John Towneley,6019,1,1,0,sibling,sibling,HoC,1,panel;rush,Charles Towneley
Q6261066,John Townend,670,0,0,0,,,,0,,
Q6261075,John Townsend,7287,0,0,0,,,,0,,
Q6261098,"John Townshend, 5th Marquess Townshend",5524,1,1,0,parent,parent;child,HoC,1,panel;rush,"John Townshend, 4th Marquess Townshend"
Q6261291,"John Trollope, 1st Baron Kesteven",6039,0,0,0,,,,1,,
Q6261445,John Turner Hopwood,6920,0,0,0,,,,1,,
Q6261533,John Tyson Wigan,6193,0,0,0,,,,1,,
Q6261795,John Vance,970,0,0,0,,,,0,,
Q6262630,John Wadsworth,6101,0,0,0,,,,0,,
Q6262778,John Wallace,8052,0,0,0,,,,0,,
Q6262813,John Hills,4367,0,0,0,,,,0,,
Q6262857,"John Walsh, 1st Baron Ormathwaite",7322,1,2,1,parent,parent;child;grandparent;grandchild,HoC,1,panel;rush,"Arthur Walsh, 2nd Baron Ormathwaite;Arthur Walsh, 3rd Baron Ormathwaite"
Q6262918,John Walter Huddleston,2323,0,0,0,,,,1,,
Q6263024,John Wardlaw-Milne,6134,0,0,0,,,,0,,
Q6263198,John Watkinson,6149,0,0,0,,,,0,,
Q6263212,John Watson,9338,0,0,0,,,,0,,
Q6263331,John Webster,1008,0,0,0,,,,0,,
Q6263500,John Wentworth-FitzWilliam,1020,1,8,1,parent,parent;child;sibling;grandparent;grandchild;uncle/aunt;niece/nephew,HoC,1,panel;rush,"William Wentworth-Fitzwilliam, Viscount Milton;Charles Wentworth-FitzWilliam;Charles Wentworth-Fitzwilliam, 5th Earl Fitzwilliam;George Wentworth-FitzWilliam;Henry Wentworth-FitzWilliam;William Wentworth-Fitzwilliam, 7th Earl Fitzwilliam;William Wentworth-FitzWilliam, Viscount Milton;William Wentworth-Fitzwilliam, 6th Earl Fitzwilliam"
Q6263524,John Wesley Brown,8103,0,0,0,,,,0,,
Q6263706,"John Wheatley, Baron Wheatley",6176,1,2,1,uncle/aunt,uncle/aunt;indirect,HoC,1,rush,Tam Dalyell;John Wheatley
Q6263857,John Whiteley,8093,0,0,0,,,,1,,
Q6263923,John Whitwell,1042,0,0,0,,,,0,,
Q6264070,John Wilkinson Taylor,7544,0,0,0,,,,0,,
Q6264072,John Wilks,6209,0,0,0,,,,0,,
Q6264136,John William Crombie,2920,0,0,0,,,,0,,
Q6264209,John William Logan,1841,0,0,0,,,,0,,
Q6264221,John William Mellor,1976,1,1,0,parent,parent,HoC,1,rush,John Mellor
Q6264265,John William Sunderland,5922,0,0,0,,,,0,,
Q6264292,John William Wilson,2199,0,0,0,,,,0,,
Q6264300,John Williams,,0,0,0,,,,0,,
Q6264313,John Williams,7353,0,0,0,,,,0,,
Q6264459,"John Wilmot, 1st Baron Wilmot of Selmeston",8686,0,0,0,,,,1,,
Q6264469,"John Wilson-Patten, 1st Baron Winmarleigh",2731,0,0,0,,,,1,,
Q6264471,John Wilson,1848,0,0,0,,,,0,,
Q6264487,John Wilson,1069,0,0,0,,,,0,,
Q6264489,John Wilson,9398,0,0,0,,,,0,,
Q6264491,John Wilson,1070,0,0,0,,,,0,,
Q6264579,John Wimburn Laurie,1995,1,1,0,parent,parent,HoC,1,rush,John Laurie
Q6264993,"John Wrottesley, 1st Baron Wrottesley",6268,0,0,0,,,,1,,
Q6265095,"John Yarde-Buller, 1st Baron Churston",6275,1,1,0,sibling,sibling,HoC,1,panel;rush,"Sir Edward Manningham-Buller, 1st Baronet"
Q6265172,John Yorke,1104,1,1,0,child,child,HoC,1,panel,Joseph Yorke
Q6271344,Jon Owen Jones,397,0,0,0,,,,0,,
Q6274068,Roland Boyes,3297,0,0,0,,,,0,,
Q6274150,Jonathan Pim,2763,0,0,0,,,,0,,
Q6274234,Jonathan Richardson,7160,1,1,0,cousin,cousin,HoC,0,panel;rush,Jonathan Joseph Richardson
Q6274320,Jonathan Samuel,1851,0,0,0,,,,0,,
Q6274334,Jonathan Sayeed,602,0,0,0,,,,0,,
Q62764975,Ruth Jones,10293,0,0,0,,,,0,,
Q6279191,Josceline Bagot,2107,0,0,0,,,,1,,
Q628089,"William Keppel, 7th Earl of Albemarle",1304,1,2,1,parent,parent;child,HoC,1,panel;rush,"Arnold Keppel, 8th Earl of Albemarle;George Keppel, 6th Earl of Albemarle"
Q6280988,Joseph Allen Baker,7453,1,2,1,parent,parent;child;grandparent;grandchild,HoC,1,panel;rush,"Philip Noel-Baker, Baron Noel-Baker;Francis Noel-Baker"
Q6281006,Joseph Alpass,3006,0,0,0,,,,0,,
Q6281065,Joseph Andrews,3023,0,0,0,,,,0,,
Q6281385,Joseph Batey,3121,0,0,0,,,,0,,
Q6281526,Joseph Biggar,1220,0,0,0,,,,0,,
Q6281535,Joseph Binns,3206,0,0,0,,,,0,,
Q6281570,Joseph Bliss,3242,0,0,0,,,,0,,
Q6282103,Joseph Cheney Bolton,1238,0,0,0,,,,0,,
Q6282210,Joseph Compton,8108,0,0,0,,,,0,,
Q6282214,Joseph Compton-Rickett,2898,0,0,0,,,,0,,
Q6282243,Joseph Cooksey Jackson,8112,0,0,0,,,,0,,
Q6282321,Joseph Craven,1411,0,0,0,,,,0,,
Q6282502,Joseph Davies,8111,0,0,0,,,,0,,
Q6282557,"Joseph Dean, Baron Dean of Beswick",9270,0,0,0,,,,1,,
Q6282618,Joseph Devlin,3721,0,0,0,,,,0,,
Q6282620,Joseph Jackson,6929,0,0,0,,,,0,,
Q6282656,Joseph Dobbie,3740,0,0,0,,,,0,,
Q6282662,Joseph Dodds,1501,0,0,0,,,,0,,
Q6282664,Joseph Dodge Weston,1024,0,0,0,,,,0,,
Q6283050,Joseph Feilden,1588,1,2,1,parent,parent;child;sibling,HoC,1,panel;rush,Joseph Feilden;Henry Feilden
Q6283108,Joseph Firth Bottomley Firth,1606,0,0,0,,,,0,,
Q6283202,Joe Stewart,8113,0,0,0,,,,0,,
Q6283238,Joseph Frederick Green,8114,0,0,0,,,,0,,
Q6283419,Joseph Gibbins,4085,0,0,0,,,,0,,
Q6283488,Joseph Godber,4118,0,0,0,,,,1,,
Q6283735,Joseph Hale,4219,0,0,0,,,,0,,
Q6283788,Joseph Hardcastle,2223,1,2,1,indirect,indirect,HoC,1,rush,"John Campbell, 1st Baron Campbell;Thomas Usborne"
Q6283808,Joseph Harper,4264,0,0,0,,,,0,,
Q6283847,Joseph Havelock Wilson,2203,0,0,0,,,,0,,
Q6283955,Joseph Hepworth,4336,0,0,0,,,,0,,
Q6283995,Joseph Hiley,4361,0,0,0,,,,0,,
Q6284089,Joseph Howard,1901,0,0,0,,,,1,,
Q6284133,Joseph Hunter,8106,0,0,0,,,,0,,
Q6284299,Joseph Jackson Cleary,3514,0,0,0,,,,0,,
Q6284428,Joseph Johnson Leeman,2444,1,1,0,parent,parent,HoC,0,rush,George Leeman
Q6284578,"Joseph Kenworthy, 10th Baron Strabolgi",4571,0,0,0,,,,1,,
Q6284610,Joseph King,7430,0,0,0,,,,0,,
Q6284613,Joseph Kinsey,4607,0,0,0,,,,0,,
Q6284864,Joseph Leckie,4676,0,0,0,,,,0,,
Q6284893,Joseph Leese,1831,0,0,0,,,,1,,
Q6284905,Joseph Leicester,2450,0,0,0,,,,0,,
Q6285208,"Joseph Maclay, 2nd Baron Maclay",4855,1,1,0,sibling,sibling,HoC,1,panel;rush,"John Maclay, 1st Viscount Muirshiel"
Q6285256,Joseph Mallalieu,4905,1,2,1,parent,parent;child;sibling,HoC,1,panel;rush,Frederick Mallalieu;Lance Mallalieu
Q6285467,Joseph McGuinness,9191,0,0,0,,,,0,,
Q6285765,Joseph Neale McKenna,2536,0,0,0,,,,0,,
Q6285775,Joseph Neeld,5188,1,1,0,sibling,sibling,HoC,1,rush,"Sir John Neeld, 1st Baronet"
Q6285806,Joseph Nicholas Bell,8116,0,0,0,,,,0,,
Q6285825,Joseph Nolan,2876,0,0,0,,,,0,,
Q6285872,Joseph O'Doherty,8105,0,0,0,,,,0,,
Q6286166,Joseph Pease,7109,1,6,1,parent,parent;sibling;grandparent;grandchild,HoC,1,panel;rush,"Arthur Pease;Henry Pease;Herbert Pease, 1st Baron Daryngton;Jack Pease, 1st Baron Gainford;Sir Alfred Pease, 2nd Baronet;Sir Joseph Pease, 1st Baronet"
Q6286271,Joseph Planta,5411,0,0,0,,,,0,,
Q6286299,Joseph Pointer,5420,0,0,0,,,,0,,
Q6286336,Joseph Powell Williams,1967,0,0,0,,,,0,,
Q6286375,Joseph Pulley,2800,0,0,0,,,,0,,
Q6286529,Joseph Reeves,5544,0,0,0,,,,0,,
Q6286561,Joseph Richardson,760,0,0,0,,,,0,,
Q6286713,"Joseph Russell Bailey, 1st Baron Glanusk",1148,1,2,1,parent,parent;child;grandchild,HoC,1,panel;rush,"Sir Joseph Bailey, 1st Baronet;Joseph Bailey"
Q6286720,Joseph Ruston,808,0,0,0,,,,0,,
Q6287031,"Joseph Slater, Baron Slater",5769,0,0,0,,,,1,,
Q6287109,Joseph Sparks,5811,0,0,0,,,,0,,
Q6287250,Joseph Sullivan,8109,0,0,0,,,,0,,
Q6287271,Joseph Sweeney,5935,0,0,0,,,,0,,
Q6287278,Joseph Symonds,5941,0,0,0,,,,0,,
Q6287464,Joseph Toole,6006,0,0,0,,,,0,,
Q6287820,Joseph Watson Sidebotham,855,0,0,0,,,,1,,
Q6287870,Joseph Westwood,6175,0,0,0,,,,0,,
Q6287965,Joseph William Chitty,1367,0,0,0,,,,1,,
Q6288065,Joseph Woodhead,1085,0,0,0,,,,0,,
Q6288119,Joseph Yorke,,1,1,0,parent,parent,HoC,1,panel,John Yorke
Q6289810,Joshua Fielden,1595,1,3,1,parent,parent;child,HoC,1,panel;rush,John Fielden;Edward Brocklehurst Fielden;Thomas Fielden
Q6290069,Joshua Milne Cheetham,1361,1,2,1,indirect,indirect,HoC,0,rush,John Cheetham;John Frederick Cheetham
Q6290162,Joshua Ritson,5585,0,0,0,,,,0,,
Q6290166,Joshua Rowntree,790,0,0,0,,,,0,,
Q6290641,Josiah Towyn Jones,7295,0,0,0,,,,0,,
Q6303339,Judith Church,187,0,0,0,,,,0,,
Q6304520,Judy Mallaber,463,0,0,0,,,,0,,
Q6305458,Hastings Lees-Smith,4682,0,0,0,,,,0,,
Q6307083,Julian Critchley,6,0,0,0,,,,0,,
Q6307504,Julian Ridsdale,5578,1,3,1,uncle/aunt,uncle/aunt;cousin,HoC,1,panel;rush,"Stanley Baldwin;Oliver Baldwin, 2nd Earl Baldwin of Bewdley;Aurelian Ridsdale"
Q6307585,"Julian Snow, Baron Burntwood",5787,0,0,0,,,,1,,
Q6308404,Julie Morgan,515,1,1,0,spouse,spouse,HoC,0,rush,Rhodri Morgan
Q6309682,Julius Bertram,3176,0,0,0,,,,0,,
Q6310079,Julius Silverman,5750,0,0,0,,,,0,,
Q6317720,Justin Huntly McCarthy,2514,1,1,0,parent,parent;child,HoC,0,panel;rush,Justin McCarthy
Q6317871,Justin McCarthy,2513,1,1,0,parent,parent;child,HoC,0,panel;rush,Justin Huntly McCarthy
Q633335,Archibald Maule Ramsay,7749,0,0,0,,,,1,,
Q633577,Archibald Weigall,6160,1,1,0,indirect,indirect,HoC,1,rush,"Sir John Blundell Maple, 1st Baronet"
Q636368,"Archy Kirkwood, Baron Kirkwood of Kirkhope",420,0,0,0,,,,1,,
Q6376234,"Katharine Stewart-Murray, Duchess of Atholl",3062,1,1,0,spouse,spouse,HoC,1,rush,"John Stewart-Murray, 8th Duke of Atholl"
Q6383540,Philip Magnus,4894,0,0,0,,,,1,,
Q6383803,Keir Starmer,10009,0,0,0,,,,0,,
Q6384064,Keith Best,9077,0,0,0,,,,0,,
Q6384251,Keith Darvill,233,0,0,0,,,,0,,
Q6384448,Keith Hampson,4240,0,0,0,,,,1,,
Q6384494,Keith Hill,354,0,0,0,,,,0,,
Q6384691,Keith Mans,4918,0,0,0,,,,0,,
Q6385049,Keith Speed,5817,0,0,0,,,,0,,
Q6385054,Keith Stainton,5840,0,0,0,,,,0,,
Q6385207,Keith Wickenden,6192,0,0,0,,,,0,,
Q6387561,Ken Eastham,3840,0,0,0,,,,0,,
Q6387790,Ken Hind,4374,0,0,0,,,,0,,
Q6388328,Ken Purchase,564,0,0,0,,,,0,,
Q6388681,Ken Weetch,6158,0,0,0,,,,0,,
Q6389951,Kenneth Carlisle,3443,0,0,0,,,,1,,
Q6390377,Kenneth Lewis,8735,0,0,0,,,,0,,
Q6390382,Kenneth Lindsay,8736,0,0,0,,,,0,,
Q6390388,Kenneth Lomas,4744,0,0,0,,,,0,,
Q6390417,Kenneth Macaulay,4828,1,1,0,indirect,indirect,HoC,0,rush,"Thomas Babington Macaulay, 1st Baron Macaulay"
Q6390444,Kenneth Marks,8733,0,0,0,,,,0,,
Q6390637,Kenneth Robert Balfour,7457,0,0,0,,,,1,,
Q6390638,Kenneth Robinson,8734,0,0,0,,,,0,,
Q6390813,Kenneth Warren,6137,0,0,0,,,,0,,
Q6390855,Kenneth Younger,6412,1,2,1,grandparent,grandparent;niece/nephew,HoC,1,rush,"George Younger, 1st Viscount Younger of Leckie;George Younger, 4th Viscount Younger of Leckie"
Q63929106,Joy Morrissey,10253,0,0,0,,,,0,,
Q63929121,Suzanne Webb,10285,0,0,0,,,,0,,
Q63929253,Brendan Clarke-Smith,10184,0,0,0,,,,0,,
Q63929279,Zarah Sultana,10277,0,0,0,,,,0,,
Q63929382,Tom Randall,10263,0,0,0,,,,0,,
Q63929463,Fay Jones,10234,1,1,0,parent,parent;child,HoC,0,panel;rush,Gwilym Jones
Q6394625,Kerry Pollard,553,0,0,0,,,,0,,
Q6396532,Kevin Hughes,372,0,0,0,,,,0,,
Q6396561,Kevin Izod O'Doherty,2686,0,0,0,,,,0,,
Q6396978,Kevin McNamara,497,0,0,0,,,,0,,
Q6398272,Keyes O'Clery,2680,0,0,0,,,,0,,
Q6409103,Kim Mackay,9289,0,0,0,,,,0,,
Q6415780,Kirkman Daniel Hodgson,2285,0,0,0,,,,1,,
Q6417459,Kit Malthouse,9798,0,0,0,,,,0,,
Q6418606,Kitty Ussher,9479,0,0,0,,,,1,,
Q6421115,"Philip Cunliffe-Lister, 1st Earl of Swinton",3660,0,0,0,,,,1,,
Q64330,John Maxton,478,1,1,0,indirect,indirect,HoC,1,rush,James Maxton
Q64438286,Lisa Forbes,10152,0,0,0,,,,0,,
Q645346,George Hudson,6921,0,0,0,,,,0,,
Q6468435,Lachlan Gordon-Duff,6734,0,0,0,,,,1,,
Q6470476,Lady Olga Maitland,9389,1,1,0,parent,parent;child,HoC,1,panel;rush,"Patrick Maitland, 17th Earl of Lauderdale"
Q6483468,Lance Mallalieu,4904,1,2,1,parent,parent;child;sibling,HoC,0,panel;rush,Frederick Mallalieu;Joseph Mallalieu
Q6483622,"Lancelot Joynson-Hicks, 3rd Viscount Brentford",4539,1,1,0,parent,parent;child,HoC,1,panel;rush,"William Joynson-Hicks, 1st Viscount Brentford"
Q6483637,Lancelot Rolleston,5599,0,0,0,,,,1,,
Q6483640,Lancelot Sanderson,7505,0,0,0,,,,0,,
Q6497753,Lauchlin MacNeill Weir,8118,0,0,0,,,,0,,
Q6499217,Laura Moffatt,510,0,0,0,,,,0,,
Q6499623,Laurance Lyon,4806,0,0,0,,,,0,,
Q6499625,Laurance Reed,8739,0,0,0,,,,0,,
Q6500441,Laurence Ambrose Waldron,6117,1,1,0,parent,parent;child,HoC,0,panel;rush,Laurence Waldron
Q6500610,Laurence Ginnell,4099,0,0,0,,,,0,,
Q6500633,Laurence Hardy,1826,1,3,1,parent,parent;child;grandparent;grandchild;uncle/aunt;niece/nephew,HoC,1,panel;rush,"Gathorne Gathorne-Hardy, 1st Earl of Cranbrook;John Hardy;Sir John Hardy, 1st Baronet"
Q6500758,Laurence Oliphant,5278,0,0,0,,,,0,,
Q6500830,Laurence Pavitt,5343,0,0,0,,,,0,,
Q6500851,Laurence Richardson Baily,1153,0,0,0,,,,0,,
Q6503963,Lawrence Cunliffe,225,0,0,0,,,,0,,
Q6504006,"Lawrence Dundas, 2nd Marquess of Zetland",5606,1,4,1,parent,parent;child;grandparent;grandchild;uncle/aunt;niece/nephew;indirect,HoC,1,panel;rush,"Lawrence Dundas, 1st Marquess of Zetland;John Dundas;John Dundas;William Wentworth-Fitzwilliam, 7th Earl Fitzwilliam"
Q6504018,Lawrence Knox,2409,0,0,0,,,,0,,
Q6504215,Lawrence James Baker,1157,0,0,0,,,,1,,
Q6504443,Lawrence Orr,5293,0,0,0,,,,0,,
Q6504686,Lawrence Turner,8596,0,0,0,,,,0,,
Q6504858,Lawrie Quinn,566,0,0,0,,,,0,,
Q6506962,Le Gendre Starkie,7238,1,1,0,sibling,sibling,HoC,1,panel,John Starkie
Q6519187,Leicester Harmsworth,4261,1,1,0,sibling,sibling,HoC,1,panel;rush,"Cecil Harmsworth, 1st Baron Harmsworth"
Q6519244,Leicester Viney Vernon,7305,1,1,0,sibling,sibling,HoC,0,rush,Frederick Smith
Q6519485,"Leifchild Leif-Jones, 1st Baron Rhayader",8119,1,1,0,sibling,sibling,HoC,1,panel,David Brynmor Jones
Q652281,"George Keppel, 6th Earl of Albemarle",4573,1,2,1,parent,parent;child;grandparent;grandchild,HoC,1,panel;rush,"Arnold Keppel, 8th Earl of Albemarle;William Keppel, 7th Earl of Albemarle"
Q6523627,Leo Chiozza Money,5089,0,0,0,,,,0,,
Q6525117,Leonard Benjamin Franklin,4027,0,0,0,,,,0,,
Q652514,"Alexander Baring, 1st Baron Ashburton",6533,1,9,1,parent,parent;child;sibling;grandparent;grandchild;uncle/aunt;niece/nephew;indirect,HoC,1,panel;rush,"Humphrey St John-Mildmay;Francis Baring, 1st Baron Northbrook;Alexander Baring, 4th Baron Ashburton;Bingham Baring, 2nd Baron Ashburton;Humphrey St John-Mildmay;Francis Baring, 3rd Baron Ashburton;Lord Henry Thynne;Sir Thomas Baring, 2nd Baronet;Thomas Baring"
Q6525182,Leonard Cleaver,3515,0,0,0,,,,0,,
Q6525239,Leonard Dobbin,9091,0,0,0,,,,0,,
Q6525517,"Leonard Lyell, 1st Baron Lyell",2504,1,1,0,parent,parent;child,HoC,1,panel;rush,Charles Henry Lyell
Q6525519,"Leonard Lyle, 1st Baron Lyle of Westbourne",4794,0,0,0,,,,1,,
Q6525550,Leonard Matters,4952,0,0,0,,,,0,,
Q6525570,Leonard Molloy,8120,0,0,0,,,,0,,
Q6525638,Leonard Plugge,5413,0,0,0,,,,0,,
Q6529606,Les Huckfield,4444,0,0,0,,,,0,,
Q6530658,Leslie Boyce,9164,0,0,0,,,,1,,
Q6530677,Leslie Burgin,3400,0,0,0,,,,0,,
Q6530863,"Leslie Hale, Baron Hale",4220,0,0,0,,,,1,,
Q6530973,"Leslie Lever, Baron Lever",8743,1,2,1,sibling,sibling;cousin,HoC,1,panel;rush,"Harold Lever, Baron Lever of Manchester;Neville Sandelson"
Q6531084,Leslie Pym,8745,1,1,0,parent,parent,HoC,1,panel,Francis Pym
Q6531126,Leslie Scott,8121,0,0,0,,,,0,,
Q6531133,Leslie Seymour,8742,0,0,0,,,,0,,
Q6531148,Leslie Solley,5791,0,0,0,,,,0,,
Q6531156,Leslie Spriggs,5830,0,0,0,,,,0,,
Q6531177,Leslie Thomas,8744,1,1,0,parent,parent;child,HoC,0,panel;rush,James Henry Thomas
Q6531882,Lester Hutchinson,8620,0,0,0,,,,0,,
Q6535386,Levi Collison,3570,0,0,0,,,,0,,
Q6535457,Levi Lapper Morse,5123,1,1,0,child,child,HoC,0,rush,William Ewart Morse
Q6536400,Lewis Carter-Jones,3451,0,0,0,,,,0,,
Q6536559,Lewis Fry,1651,1,1,0,cousin,cousin,HoC,0,panel;rush,Theodore Fry
Q6536667,Lewis Haslam,4275,1,1,0,sibling,sibling,HoC,0,rush,John Haslam
Q6536680,Lewis Henry Isaacs,2345,0,0,0,,,,0,,
Q6536742,Lewis Jones,8123,0,0,0,,,,0,,
Q6536798,Lewis Llewelyn Dillwyn,1495,1,2,1,parent,parent;child;niece/nephew,HoC,1,panel;rush,"Lewis Weston Dillwyn;Sir John Dillwyn-Llewellyn, 1st Baronet"
Q6536806,Lewis Lougher,4759,0,0,0,,,,0,,
Q6536838,Lewis Majendie,2560,1,1,0,child,child,HoC,1,rush,James Majendie
Q6536859,"Lewis McIver, 1st Baronet",2137,0,0,0,,,,1,,
Q6536955,Lewis Payn Dawnay,1464,1,2,1,parent,parent;child;sibling,HoC,1,panel;rush,"Guy Dawnay;William Dawnay, 7th Viscount Downe"
Q6536981,Lewis Pugh Pugh,2798,0,0,0,,,,0,,
Q6536990,Lewis Randle Starkey,2845,1,1,0,parent,parent,HoC,1,panel,"Sir John Starkey, 1st Baronet"
Q6537050,"Lewis Silkin, 1st Baron Silkin",5748,1,2,1,parent,parent;child,HoC,1,panel;rush,"John Silkin;Samuel Silkin, Baron Silkin of Dulwich"
Q6537073,Lewis Stevens,5873,0,0,0,,,,0,,
Q6537138,Lewis Vivian Loyd,2499,1,3,1,grandparent,grandparent;uncle/aunt,HoC,1,rush,"Henry Vivian, 1st Baron Swansea;Arthur Vivian;John Henry Vivian"
Q6539859,Liam de Róiste,3702,0,0,0,,,,0,,
Q654942,William Edward Forster,1629,1,1,0,niece/nephew,niece/nephew,HoC,1,rush,Hugh Oakeley Arnold-Forster
Q6551595,Linda Gilroy,306,0,0,0,,,,0,,
Q6551892,Linda Perham,548,0,0,0,,,,0,,
Q6555526,Lionel Beaumont Thomas,8124,0,0,0,,,,1,,
Q6555534,"Lionel Berry, 2nd Viscount Kemsley",9054,1,1,0,sibling,sibling,HoC,1,panel;rush,Anthony Berry
Q6555615,"Lionel Dawson-Damer, 4th Earl of Portarlington",1468,1,1,0,parent,parent;child,HoC,1,panel;rush,George Dawson-Damer
Q6555681,Lionel Holland,2294,1,1,0,parent,parent;child,HoC,1,panel;rush,"Henry Holland, 1st Viscount Knutsford"
Q6555706,Lionel Louis Cohen,1391,1,1,0,sibling,sibling,HoC,1,panel;rush,"Sir Benjamin Cohen, 1st Baronet"
Q65655235,William Blount,,0,0,0,,,,1,,
Q6593713,"Thomas Dundas, 2nd Earl of Zetland",3180,1,4,1,sibling,sibling;uncle/aunt;niece/nephew;indirect,HoC,1,panel;rush,"Sir Hedworth Williamson, 7th Baronet;Lawrence Dundas, 1st Marquess of Zetland;John Dundas;John Dundas"
Q660827,Barbara Follett,282,0,0,0,,,,0,,
Q6613959,William Bromley-Davenport,1784,1,3,1,parent,parent;child;indirect,HoC,1,panel;rush,"Thomas Legh, 2nd Baron Newton;Walter Bromley-Davenport;William Bromley-Davenport"
Q662521,Reg Moss,8820,0,0,0,,,,0,,
Q662910,Alasdair Morgan,514,0,0,0,,,,0,,
Q664073,"Henry Douglas-Scott-Montagu, 1st Baron Montagu of Beaulieu",7191,1,5,1,parent,parent;child;sibling;uncle/aunt;niece/nephew;indirect,HoC,1,panel;rush,"Lord John Scott;John Montagu Douglas Scott, 7th Duke of Buccleuch;William Montagu Douglas Scott, 6th Duke of Buccleuch;John Douglas-Scott-Montagu, 2nd Baron Montagu of Beaulieu;John Stuart-Wortley, 2nd Baron Wharncliffe"
Q665743,"Edith Summerskill, Baroness Summerskill",5918,1,2,1,parent,parent;child;indirect,HoC,1,panel;rush,John Ryman;Shirley Summerskill
Q6661642,"Sir John Beresford, 1st Baronet",6558,1,1,0,parent,parent,HoC,1,panel,"Sir George Beresford, 2nd Baronet"
Q6662539,"Lloyd Kenyon, 3rd Baron Kenyon",,1,1,0,parent,parent,HoC,1,panel,George Thomas Kenyon
Q6662986,Llywelyn Williams,8747,1,1,0,indirect,indirect,HoC,1,rush,"Gordon Macdonald, 1st Baron Macdonald of Gwaenysgor"
Q6666722,Loftus Wigram,7350,1,1,0,sibling,sibling,HoC,1,panel;rush,James Wigram
Q6678890,Lord Adolphus Vane-Tempest,5955,1,4,1,sibling,sibling;uncle/aunt;indirect,HoC,1,panel;rush,"Henry Pelham-Clinton, 5th Duke of Newcastle;Frederick Stewart, 4th Marquess of Londonderry;Charles Vane-Tempest-Stewart, 6th Marquess of Londonderry;George Vane-Tempest, 5th Marquess of Londonderry"
Q6678901,Lord Alexander Thynne,7631,1,4,1,sibling,sibling;uncle/aunt;niece/nephew;indirect,HoC,1,panel;rush,"Lord Edward Thynne;Thomas Thynne, 5th Marquess of Bath;Henry Thynne, 6th Marquess of Bath;Lord Henry Thynne"
Q6678905,Lord Alfred Hervey,6676,1,5,1,sibling,sibling;uncle/aunt;niece/nephew;indirect,HoC,1,panel;rush,"Lord Augustus Hervey;Frederick Hervey, 3rd Marquess of Bristol;Frederick Hervey, 2nd Marquess of Bristol;Frederick Hervey, 4th Marquess of Bristol;Lord Francis Hervey"
Q6678906,Lord Algernon Percy,2753,1,7,1,parent,parent;child;sibling;uncle/aunt;niece/nephew;indirect,HoC,1,panel;rush,"Eustace Percy, 1st Baron Percy of Newcastle;Algernon Percy, 6th Duke of Northumberland;Lord Josceline Percy;Henry Percy, Earl Percy;Lord Henry Percy;Henry Percy, 7th Duke of Northumberland;William Edgcumbe, 4th Earl of Mount Edgcumbe"
Q6678911,Lord Alwyne Compton,1773,1,1,0,sibling,sibling,HoC,1,panel;rush,"William Compton, 5th Marquess of Northampton"
Q6678924,Lord Arthur Chichester,3495,1,3,1,sibling,sibling;indirect,HoC,1,panel;rush,"George Chichester, 3rd Marquess of Donegall;Lord John Chichester;Robert Chichester"
Q6678926,Lord Arthur Clinton,3530,1,5,1,parent,parent;child;sibling;uncle/aunt;niece/nephew,HoC,1,panel;rush,"Henry Pelham-Clinton, 6th Duke of Newcastle;Henry Pelham-Clinton, 5th Duke of Newcastle;Lord Charles Clinton;Lord Edward Clinton;Lord Robert Clinton"
Q6678928,Arthur Hill,2275,1,4,1,parent,parent;child;uncle/aunt;niece/nephew;indirect,HoC,1,panel;rush,"Arthur Hill, 4th Marquess of Downshire;Arthur Hill;Edwin Hill-Trevor, 1st Baron Trevor;James Fortescue Harrison"
Q6678929,Lord Arthur Russell,794,1,7,1,sibling,sibling;uncle/aunt;niece/nephew;cousin,HoC,1,panel;rush,"John Russell, 1st Earl Russell;George Russell, 10th Duke of Bedford;Francis Russell, 9th Duke of Bedford;George W. E. Russell;Lord Charles Russell;Lord Edward Russell;William Russell, 8th Duke of Bedford"
Q6679038,Lord Charles Bruce,1286,1,2,1,sibling,sibling;uncle/aunt;niece/nephew,HoC,1,panel;rush,"Henry Brudenell-Bruce, 5th Marquess of Ailesbury;Ernest Brudenell-Bruce, 3rd Marquess of Ailesbury"
Q6679041,Lord Charles Clinton,3527,1,5,1,sibling,sibling;uncle/aunt;niece/nephew,HoC,1,panel;rush,"Henry Pelham-Clinton, 6th Duke of Newcastle;Henry Pelham-Clinton, 5th Duke of Newcastle;Lord Arthur Clinton;Lord Edward Clinton;Lord Robert Clinton"
Q6679044,Lord Charles FitzRoy,3986,1,5,1,sibling,sibling;uncle/aunt;niece/nephew;cousin,HoC,1,panel;rush,"Robert FitzRoy;James Fitzroy;Lord Frederick Fitzroy;Henry FitzRoy, 5th Duke of Grafton;William FitzRoy, 6th Duke of Grafton"
Q6679056,Lord Charles Russell,7177,1,10,1,parent,parent;child;sibling;uncle/aunt;niece/nephew;indirect,HoC,1,panel;rush,"John Russell, 1st Earl Russell;Francis Russell, 7th Duke of Bedford;Edward Russell, 23rd Baron de Clifford;George Russell, 10th Duke of Bedford;Francis Russell, 9th Duke of Bedford;George W. E. Russell;John Russell, Viscount Amberley;Lord Arthur Russell;Lord Edward Russell;William Russell, 8th Duke of Bedford"
Q6679059,Lord Charles Spencer-Churchill,6649,1,3,1,sibling,sibling;uncle/aunt,HoC,1,panel,"Lord Alfred Spencer-Churchill;John Spencer-Churchill, 7th Duke of Marlborough;George Spencer-Churchill, 6th Duke of Marlborough"
Q6679068,Lord Charles Townshend,7307,0,0,0,,,,1,,
Q6679084,Clarence Paget,7094,1,7,1,sibling,sibling;uncle/aunt;niece/nephew;cousin,HoC,1,panel;rush,"Lord George Paget;Henry Paget, 2nd Marquess of Anglesey;Lord Alfred Paget;Almeric Paget, 1st Baron Queenborough;Frederick Paget;Henry Paget, 3rd Marquess of Anglesey;William Paget"
Q6679103,Lord Claud Hamilton,1761,1,12,1,parent,parent;sibling;niece/nephew;indirect,HoC,1,panel;rush,"Lord Ernest Hamilton;Lord Frederick Spencer Hamilton;Lord Claud Hamilton;Lord George Hamilton;James Hamilton, 2nd Duke of Abercorn;Arthur Hamilton-Gordon, 1st Baron Stanmore;James Hamilton, 5th Duke of Abercorn;George Hamilton-Gordon, 5th Earl of Aberdeen;Alexander Hamilton-Gordon;Douglas Proby;James Hans Hamilton;Wilbraham Tollemache, 2nd Baron Tollemache"
Q6679126,Lord Colum Edmund Crichton-Stuart,7818,1,1,0,sibling,sibling,HoC,1,panel;rush,Lord Ninian Crichton-Stuart
Q6679186,Lord Douglas Gordon,1700,0,0,0,,,,1,,
Q6679188,Lord Douglas Gordon-Hallyburton,4231,1,1,0,indirect,indirect,HoC,1,rush,Lord Frederick Gordon-Hallyburton
Q6679196,Lord Dudley Stuart,7250,0,0,0,,,,1,,
Q6679205,Lord Edward Clinton,3528,1,5,1,parent,parent;child;sibling;uncle/aunt;niece/nephew,HoC,1,panel;rush,"Henry Pelham-Clinton, 6th Duke of Newcastle;Henry Pelham-Clinton, 5th Duke of Newcastle;Lord Arthur Clinton;Lord Charles Clinton;Lord Robert Clinton"
Q6679210,Lord Edward Russell,8538,1,10,1,sibling,sibling;uncle/aunt;niece/nephew;indirect,HoC,1,panel;rush,"John Russell, 1st Earl Russell;Francis Russell, 7th Duke of Bedford;Edward Russell, 23rd Baron de Clifford;George Russell, 10th Duke of Bedford;Francis Russell, 9th Duke of Bedford;George W. E. Russell;John Russell, Viscount Amberley;Lord Arthur Russell;Lord Charles Russell;William Russell, 8th Duke of Bedford"
Q6679211,Lord Edward Manners,2566,1,5,1,parent,parent;child;sibling;uncle/aunt;niece/nephew,HoC,1,panel;rush,"Lord George Manners;Lord Cecil Manners;John Manners, 7th Duke of Rutland;Charles Manners, 6th Duke of Rutland;Henry Manners, 8th Duke of Rutland"
Q6679229,Lord Eustace Cecil,6639,1,5,1,parent,parent;child;sibling;uncle/aunt;niece/nephew,HoC,1,panel;rush,"Robert Cecil;Robert Gascoyne-Cecil, 3rd Marquess of Salisbury;Hugh Cecil, 1st Baron Quickswood;James Gascoyne-Cecil, 4th Marquess of Salisbury;Evelyn Cecil, 1st Baron Rockley"
Q6679249,Lord Francis Conyngham,2817,1,1,0,uncle/aunt,uncle/aunt,HoC,1,rush,"Albert Denison, 1st Baron Londesborough"
Q6679252,Lord Francis Hervey,2265,1,5,1,parent,parent;child;sibling;uncle/aunt;niece/nephew,HoC,1,panel;rush,"Lord Augustus Hervey;Frederick Hervey, 3rd Marquess of Bristol;Frederick Hervey, 2nd Marquess of Bristol;Frederick Hervey, 4th Marquess of Bristol;Lord Alfred Hervey"
Q6679267,Lord Frederick Gordon-Hallyburton,4232,1,1,0,indirect,indirect,HoC,1,rush,Lord Douglas Gordon-Hallyburton
Q6679279,Lord George Cavendish,1347,1,6,1,sibling,sibling;uncle/aunt;niece/nephew;indirect,HoC,1,panel;rush,"Victor Cavendish, 9th Duke of Devonshire;Spencer Cavendish, 8th Duke of Devonshire;Lord Frederick Cavendish;William Cavendish, 7th Duke of Devonshire;Lord Edward Cavendish;Charles Cavendish, 1st Baron Chesham"
Q6679302,Lord Granville Somerset,7229,1,3,1,sibling,sibling;uncle/aunt;niece/nephew;indirect,HoC,1,panel;rush,"Henry Somerset, 8th Duke of Beaufort;Rowland Smith;Henry Somerset, 7th Duke of Beaufort"
Q6679336,Lord Henry Bentinck,6555,1,2,1,sibling,sibling;uncle/aunt,HoC,1,panel;rush,Lord William Bentinck;Lord George Bentinck
Q6679339,Lord Henry Cavendish-Bentinck,7978,0,0,0,,,,1,,
Q6679347,Lord Henry Percy,7120,1,4,1,sibling,sibling;uncle/aunt;niece/nephew,HoC,1,panel;rush,"Algernon Percy, 6th Duke of Northumberland;Lord Josceline Percy;Lord Algernon Percy;Henry Percy, 7th Duke of Northumberland"
Q6679354,Lord Henry Thynne,943,1,7,1,child,child;grandparent;uncle/aunt;niece/nephew;indirect,HoC,1,panel;rush,"Lord Edward Thynne;Thomas Thynne, 5th Marquess of Bath;Henry Thynne, 3rd Marquess of Bath;Bingham Baring, 2nd Baron Ashburton;Henry Thynne, 6th Marquess of Bath;Alexander Baring, 1st Baron Ashburton;Lord Alexander Thynne"
Q6679423,Lord James Townshend,1,1,1,0,niece/nephew,niece/nephew,HoC,1,rush,"John Townshend, 4th Marquess Townshend"
Q6679437,Lord John Chichester,3494,1,3,1,sibling,sibling;indirect,HoC,1,panel;rush,"George Chichester, 3rd Marquess of Donegall;Lord Arthur Chichester;Robert Chichester"
Q6679443,John Hay,2240,1,4,1,parent,parent;sibling;uncle/aunt,HoC,1,panel;rush,"Thomas Hay;George Hay, Earl of Gifford;John Hay;William Hay, 10th Marquess of Tweeddale"
Q6679447,John Hay,6452,1,3,1,child,child;niece/nephew,HoC,1,rush,"George Hay, Earl of Gifford;John Hay;William Hay, 10th Marquess of Tweeddale"
Q6679448,Lord John Joicey-Cecil,4530,1,3,1,child,child;sibling;indirect,HoC,1,panel;rush,"Brownlow Cecil, 4th Marquess of Exeter;John Joicey;William Cecil, 3rd Marquess of Exeter"
Q6679449,John Lennox,4699,1,5,1,sibling,sibling;niece/nephew,HoC,1,panel;rush,Lord Arthur Lennox;Lord Alexander Gordon-Lennox;Lord George Gordon-Lennox;Lord Henry Lennox;William Lennox
Q6679747,Lord Malcolm Douglas-Hamilton,3767,1,2,1,sibling,sibling;uncle/aunt;niece/nephew,HoC,1,panel;rush,"Douglas Douglas-Hamilton, 14th Duke of Hamilton;James Douglas-Hamilton, Baron Selkirk of Douglas"
Q6679791,Lord Montagu Graham,6830,1,1,0,sibling,sibling,HoC,1,panel,"James Graham, 4th Duke of Montrose"
Q6679825,Lord Ninian Crichton-Stuart,7629,1,1,0,sibling,sibling,HoC,1,panel;rush,Lord Colum Edmund Crichton-Stuart
Q6679840,Lord Otho FitzGerald,1608,1,1,0,sibling,sibling,HoC,1,panel,"Charles FitzGerald, 4th Duke of Leinster"
Q6679906,Lord Richard Cavendish,1875,1,7,1,parent,parent;child;sibling;grandparent;grandchild;uncle/aunt;niece/nephew;indirect,HoC,1,panel;rush,"Victor Cavendish, 9th Duke of Devonshire;Edward Cavendish, 10th Duke of Devonshire;Robert Gascoyne-Cecil, 5th Marquess of Salisbury;Spencer Cavendish, 8th Duke of Devonshire;Lord Frederick Cavendish;William Cavendish, 7th Duke of Devonshire;Lord Edward Cavendish"
Q6679913,Lord Robert Clinton,3529,1,5,1,sibling,sibling;uncle/aunt;niece/nephew,HoC,1,panel;rush,"Henry Pelham-Clinton, 6th Duke of Newcastle;Henry Pelham-Clinton, 5th Duke of Newcastle;Lord Arthur Clinton;Lord Charles Clinton;Lord Edward Clinton"
Q6679918,Lord Robert Manners,7009,1,3,1,sibling,sibling;niece/nephew,HoC,1,panel;rush,"Lord George Manners;Lord Charles Manners;John Manners, 7th Duke of Rutland"
Q6679922,Lord Robert Montagu,2619,1,3,1,parent,parent;child;sibling;uncle/aunt;niece/nephew,HoC,1,panel;rush,"George Montagu, 8th Duke of Manchester;George Montagu, 6th Duke of Manchester;William Montagu, 7th Duke of Manchester"
Q6680026,William Lennox,4700,1,5,1,sibling,sibling;niece/nephew,HoC,1,panel;rush,Lord Arthur Lennox;Lord Alexander Gordon-Lennox;Lord George Gordon-Lennox;Lord Henry Lennox;John Lennox
Q6680030,Lord William Montagu Douglas Scott,5094,1,5,1,child,child;sibling;grandchild;uncle/aunt;indirect,HoC,1,panel;rush,"Alec Douglas-Home;Walter Montagu Douglas Scott, 8th Duke of Buccleuch;John Scott, 9th Duke of Buccleuch;John Montagu Douglas Scott, 7th Duke of Buccleuch;William Montagu Douglas Scott, 6th Duke of Buccleuch"
Q6680031,William Paget,7096,1,8,1,sibling,sibling;uncle/aunt;niece/nephew;cousin,HoC,1,panel;rush,"Lord George Paget;Henry Paget, 2nd Marquess of Anglesey;Lord Alfred Paget;Almeric Paget, 1st Baron Queenborough;Frederick Paget;George Child Villiers, 6th Earl of Jersey;Henry Paget, 3rd Marquess of Anglesey;Clarence Paget"
Q6687262,Louis Gluckstein,4115,0,0,0,,,,0,,
Q6687494,Louis John Jennings,2359,0,0,0,,,,0,,
Q6687497,Louis John Tillett,7557,0,0,0,,,,0,,
Q6687961,Louis Perrin,5364,0,0,0,,,,0,,
Q6688192,Louis Smith,8126,0,0,0,,,,0,,
Q6688282,Louis Tolley,1197,0,0,0,,,,0,,
Q669029,"Charles Ritchie, 1st Baron Ritchie of Dundee",1955,0,0,0,,,,1,,
Q6690891,Love Jones-Parry,7106,1,1,0,child,child,HoC,1,rush,"Sir Love Jones-Parry, 1st Baronet"
Q6694156,"Lowry Cole, 4th Earl of Enniskillen",1395,1,5,1,parent,parent;child;sibling;uncle/aunt;niece/nephew;indirect,HoC,1,panel;rush,"Arthur Cole;John Cole;Henry Cole;John Crichton, 4th Earl Erne;William Cole, 3rd Earl of Enniskillen"
Q6697588,"Lucius O'Brien, 13th Baron Inchiquin",7077,1,1,0,sibling,sibling,HoC,1,panel;rush,William Smith O'Brien
Q6698422,Lucy Middleton,8748,0,0,0,,,,0,,
Q6698437,"Lucy Noel-Buxton, Baroness Noel-Buxton",5221,1,1,0,spouse,spouse,HoC,1,rush,Noel Noel-Buxton
Q6698469,Lucy Powell,10080,0,0,0,,,,0,,
Q6702028,Luke Hayden,2242,0,0,0,,,,0,,
Q6702392,Luke Thompson,8127,0,0,0,,,,0,,
Q6702449,"Luke White, 2nd Baron Annaly",7343,1,4,1,parent,parent;child;sibling;uncle/aunt;niece/nephew,HoC,1,panel;rush,"Samuel White;Luke White;Charles William White;Henry White, 1st Baron Annaly"
Q6702452,Luke White,7641,0,0,0,,,,0,,
Q6707056,Lyall Wilkes,6205,0,0,0,,,,0,,
Q670788,Paul Rowen,9549,0,0,0,,,,0,,
Q6708432,Lynch Maydon,4963,0,0,0,,,,0,,
Q6708590,Lynda Waltho,9561,0,0,0,,,,0,,
Q6709269,Lynn Ungoed-Thomas,6068,0,0,0,,,,1,,
Q6709370,Lynne Jones,398,0,0,0,,,,0,,
Q6712373,Afzal Khan,10033,0,0,0,,,,0,,
Q672124,Jonathan Shaw,604,0,0,0,,,,0,,
Q6721501,Mabel Philipson,5388,0,0,0,,,,0,,
Q6721510,Mabel Ridealgh,5575,0,0,0,,,,0,,
Q673199,David Heath,344,0,0,0,,,,0,,
Q673322,Chris Heaton-Harris,9752,0,0,0,,,,0,,
Q673430,John Hemming,9468,0,0,0,,,,0,,
Q673525,Gordon Henderson,9755,0,0,0,,,,0,,
Q673628,Mark Hendrick,2981,0,0,0,,,,0,,
Q673765,Charles Hendry,4326,0,0,0,,,,0,,
Q673854,Stephen Hepburn,349,0,0,0,,,,0,,
Q6742236,Malcolm Campbell-Johnston,3433,0,0,0,,,,1,,
Q6742467,Malcolm MacPherson,4877,0,0,0,,,,0,,
Q6742476,Malcolm Macmillan,4865,0,0,0,,,,0,,
Q6742478,Malcolm Macnaghten,8131,1,2,1,parent,parent;child;grandparent;grandchild,HoC,1,panel;rush,"Edward Macnaghten, Baron Macnaghten;Sir Edmund Workman-Macnaghten, 2nd Baronet"
Q6742487,"Malcolm McCorquodale, 1st Baron McCorquodale of Newton",4986,0,0,0,,,,1,,
Q6742518,Malcolm Moss,520,0,0,0,,,,0,,
Q6742592,Malcolm Robertson,8129,0,0,0,,,,0,,
Q6742616,Malcolm Savidge,600,0,0,0,,,,0,,
Q6742635,Malcolm Smith,8128,0,0,0,,,,0,,
Q6742645,Malcolm St Clair,5834,0,0,0,,,,1,,
Q6742660,Malcolm Stoddart-Scott,5883,0,0,0,,,,1,,
Q6742667,Malcolm Thornton,9335,0,0,0,,,,0,,
Q6758033,Marcus Beresford,,0,0,0,,,,1,,
Q6758034,Marcus Beresford,1211,1,2,1,child,child;niece/nephew,HoC,1,rush,Charles Beresford;William Beresford
Q6758169,Marcus Fox,8712,0,0,0,,,,0,,
Q6758285,Marcus Lipton,4723,0,0,0,,,,0,,
Q6758436,"Marcus Sandys, 3rd Baron Sandys",6890,1,6,1,sibling,sibling;niece/nephew;indirect,HoC,1,panel;rush,"George Hill;Arthur Hill, 4th Marquess of Downshire;Arthur Hill;Arthur Moyses William Hill, 2nd Baron Sandys;Edwin Hill-Trevor, 1st Baron Trevor;Sir Edmund Filmer, 9th Baronet"
Q6758548,Marcus Worsley,6257,1,1,0,indirect,indirect,HoC,1,rush,"Ralph Assheton, 1st Baron Clitheroe"
Q6759511,Margaret Herbison,4338,0,0,0,,,,0,,
Q6759736,Margaret Moran,513,0,0,0,,,,0,,
Q6760035,Margaret Wintringham,6236,1,1,0,spouse,spouse,HoC,0,rush,Thomas Wintringham
Q676383,Sylvia Hermon,4822,0,0,0,,,,0,,
Q676471,David Heyes,4646,0,0,0,,,,0,,
Q6765333,Marion Phillips,8133,0,0,0,,,,0,,
Q6766268,Marjorie Graves,7888,0,0,0,,,,0,,
Q676658,Meg Hillier,9510,0,0,0,,,,0,,
Q6766752,Mark Blake,6575,0,0,0,,,,0,,
Q6766776,"Mark Bonham Carter, Baron Bonham-Carter",3256,1,1,0,grandparent,grandparent,HoC,1,rush,H. H. Asquith
Q6767006,Mark Carlisle,3444,0,0,0,,,,1,,
Q6767617,Mark Fisher,276,1,1,0,parent,parent;child,HoC,1,panel;rush,Nigel Fisher
Q676781,Julie Hilling,10106,0,0,0,,,,0,,
Q6767902,Mark Hanbury Beaufoy,1192,0,0,0,,,,0,,
Q6768019,Mark Hewitson,4348,0,0,0,,,,0,,
Q6768138,Mark Hughes,8965,0,0,0,,,,0,,
Q6768687,Mark MacTaggart-Stewart,4883,0,0,0,,,,1,,
Q6769104,Mark Oldroyd,1985,0,0,0,,,,0,,
Q6769251,Mark Philips,7123,0,0,0,,,,0,,
Q676947,Damian Hinds,9754,0,0,0,,,,0,,
Q6769471,Mark Robinson,9362,0,0,0,,,,0,,
Q6770012,Mark Todd,667,0,0,0,,,,0,,
Q6770405,Mark Wolfson,6239,0,0,0,,,,0,,
Q6770418,Mark Woodnutt,6245,0,0,0,,,,0,,
Q677068,Mark Hoban,4694,0,0,0,,,,0,,
Q6772042,Marmaduke D'Arcy Wyvill,1099,1,2,1,parent,parent;indirect,HoC,1,rush,Marmaduke Wyvill;William Wilson-Todd
Q6773834,Marshall Warmington,996,0,0,0,,,,1,,
Q6773994,Marston Clarke Buszard,1305,0,0,0,,,,0,,
Q6774900,Martin Archer-Shee,3040,0,0,0,,,,1,,
Q6775047,Martin Brandon-Bravo,3323,0,0,0,,,,0,,
Q6775442,Martin Flavin,3997,0,0,0,,,,0,,
Q6776111,Martin Maddan,4885,0,0,0,,,,0,,
Q6776167,Martin McLaren,8752,1,7,1,parent,parent;child;grandparent;grandchild;uncle/aunt;niece/nephew;indirect,HoC,1,panel;rush,"Reginald McKenna;Charles McLaren, 1st Baron Aberconway;Duncan McLaren;Francis McLaren;Henry McLaren;John McLaren;Walter McLaren"
Q6776217,"Martin Morris, 2nd Baron Killanin",7601,1,2,1,parent,parent;child;uncle/aunt,HoC,1,panel;rush,"Michael Morris, 1st Baron Killanin;George Morris"
Q6776445,"Martin Redmayne, Baron Redmayne",5533,0,0,0,,,,1,,
Q6776446,Martin Redmond,9361,0,0,0,,,,0,,
Q6776518,Martin Salter,597,0,0,0,,,,0,,
Q6776629,Martin Smyth,623,0,0,0,,,,0,,
Q6776676,Martin Stevens,5872,0,0,0,,,,0,,
Q6777642,Martyn Jones,399,0,0,0,,,,0,,
Q6778777,Mary Ada Pickford,5395,0,0,0,,,,1,,
Q6778791,Mary Agnes Hamilton,8136,0,0,0,,,,0,,
Q677902,"William Wedgwood Benn, 1st Viscount Stansgate",8361,1,4,1,parent,parent;child;grandparent;grandchild;indirect,HoC,1,panel;rush,"Hilary Benn;Tony Benn;Daniel Turner Holmes;Sir John Benn, 1st Baronet"
Q6779785,Mary Holt,8753,0,0,0,,,,0,,
Q6787053,"Sir Mathew Wilson, 1st Baronet",1071,0,0,0,,,,1,,
Q6790144,Matthew Bell,6554,0,0,0,,,,0,,
Q6790276,Matthew Carrington,3449,0,0,0,,,,1,,
Q6790385,Matthew Davenport Hill,6892,0,0,0,,,,0,,
Q6790594,Matthew Green,4529,0,0,0,,,,0,,
Q6790648,Matthew Harris,2230,0,0,0,,,,0,,
Q6790754,Matthew Joseph Kenny,2386,0,0,0,,,,0,,
Q6790774,Matthew Keating,4548,0,0,0,,,,0,,
Q6790976,Matthew Minch,2031,0,0,0,,,,0,,
Q6791301,Matthew Talbot Baines,6517,1,2,1,parent,parent;child;sibling,HoC,0,panel;rush,Edward Baines;Edward Baines
Q6791342,Matthew Turnbull Simm,5753,0,0,0,,,,0,,
Q6791359,"Matthew Vaughan-Davies, 1st Baron Ystwyth",6087,0,0,0,,,,1,,
Q6791421,"Matthew White Ridley, 2nd Viscount Ridley",6479,1,9,1,parent,parent;child;grandparent;grandchild;uncle/aunt;niece/nephew;indirect,HoC,1,panel;rush,"Sir Matthew White Ridley, 4th Baronet;Edward Ridley;Ivor Guest, 1st Viscount Wimborne;George Ridley;Nicholas Ridley, Baron Ridley of Liddesdale;Edward Marjoribanks, 2nd Baron Tweedmouth;Dudley Marjoribanks, 1st Baron Tweedmouth;Matthew White Ridley, 1st Viscount Ridley;Sir Matthew White Ridley, 3rd Baronet"
Q6791431,Matthew William Thompson,7275,0,0,0,,,,1,,
Q6791578,Matthias McDonnell Bodkin,1235,0,0,0,,,,0,,
Q6792660,Maureen Colquhoun,3573,0,0,0,,,,0,,
Q6792693,Maureen Hicks,9376,0,0,0,,,,0,,
Q6792819,Maurice Alexander,6371,0,0,0,,,,0,,
Q6792833,Maurice Arnold de Forest,3695,0,0,0,,,,1,,
Q6793022,Maurice Dockrell,3745,0,0,0,,,,0,,
Q6793046,Maurice Edelman,3851,0,0,0,,,,0,,
Q6793110,Maurice Foley,8755,0,0,0,,,,0,,
Q6793186,Maurice Healy,2151,1,2,1,sibling,sibling,HoC,1,panel;rush,Thomas Joseph Healy;Timothy Michael Healy
Q6793191,Maurice Hely-Hutchinson,4321,0,0,0,,,,1,,
Q6793354,Maurice Miller,8756,0,0,0,,,,0,,
Q6793386,Maurice O'Connell,5244,1,5,1,parent,parent;child;sibling;cousin,HoC,1,panel;rush,Morgan O'Connell;Daniel O'Connell;John O'Connell;Daniel O'Connell;Morgan O'Connell
Q6793398,Maurice Orbach,5287,0,0,0,,,,0,,
Q6793408,Maurice Petherick,5373,0,0,0,,,,0,,
Q6793530,Maurice Webb,8754,0,0,0,,,,0,,
Q6794266,Mavis Tate,5947,0,0,0,,,,1,,
Q6794991,Max Madden,4886,0,0,0,,,,0,,
Q6795036,Max Muspratt,5166,0,0,0,,,,0,,
Q6795316,Max Townley,7037,0,0,0,,,,0,,
Q6796085,Maxwell Close,1380,0,0,0,,,,1,,
Q6803117,Meaburn Staniland,5849,0,0,0,,,,0,,
Q6808694,Megan Lloyd George,8757,1,2,1,parent,parent;child;sibling,HoC,1,panel;rush,"David Lloyd George;Gwilym Lloyd George, 1st Viscount Tenby"
Q6811295,Melanie Johnson,390,0,0,0,,,,0,,
Q6813897,Melville Portal,5437,0,0,0,,,,1,,
Q6814689,"Ernest Edgcumbe, 3rd Earl of Mount Edgcumbe",,1,1,0,parent,parent,HoC,1,panel,"William Edgcumbe, 4th Earl of Mount Edgcumbe"
Q6818989,Meredith Titterington,6001,0,0,0,,,,0,,
Q6820891,Mervyn Edward Archdale,1123,1,2,1,sibling,sibling;uncle/aunt,HoC,1,panel;rush,Mervyn Archdall;William Humphrys Archdale
Q6820932,"Mervyn Pike, Baroness Pike",9255,0,0,0,,,,1,,
Q6820944,Mervyn Wheatley,6177,0,0,0,,,,0,,
Q682694,Julie Kirkbride,419,1,1,0,spouse,spouse,HoC,0,rush,Andrew MacKay
Q6828169,Michael Alison,2998,0,0,0,,,,0,,
Q6828222,Michael Angelo Taylor,7268,0,0,0,,,,1,,
Q6828289,Michael Astor,3060,1,6,1,parent,parent;child;sibling;uncle/aunt;niece/nephew;cousin,HoC,1,panel;rush,"Nancy Astor, Viscountess Astor;William Astor, 3rd Viscount Astor;Waldorf Astor, 2nd Viscount Astor;John Jacob Astor, 1st Baron Astor of Hever;Jakie Astor;John Astor"
Q6828433,Michael Barnes,8764,0,0,0,,,,0,,
Q6828483,"Michael Bass, 1st Baron Burton",1181,1,2,1,parent,parent;child;sibling,HoC,1,panel;rush,Michael Thomas Bass;Hamar Alfred Bass
Q6828520,Michael Beaumont,8142,1,4,1,parent,parent;child;grandchild;niece/nephew;indirect,HoC,1,panel;rush,"Hubert Beaumont;Ralph Beaumont;Wentworth Beaumont, 1st Baron Allendale;Wentworth Beaumont, 1st Viscount Allendale"
Q6828632,"Michael Biddulph, 1st Baron Biddulph",1219,1,2,1,child,child;grandparent;indirect,HoC,1,panel;rush,Jonathan Peel;Robert Biddulph
Q6828853,Michael Brotherton,3363,0,0,0,,,,0,,
Q6828858,Michael Brown,9307,0,0,0,,,,0,,
Q6829051,Hubert Ashton,6406,0,0,0,,,,0,,
Q6829127,Michael Carr,2964,0,0,0,,,,0,,
Q6829128,Michael Carr,2957,0,0,0,,,,0,,
Q6829147,Michael Carttiss,3453,0,0,0,,,,0,,
Q6829288,Michael Hutchison,4465,1,2,1,parent,parent;sibling,HoC,0,rush,George Hutchison;Ian Clark Hutchison
Q6829310,Michael Cliffe,3524,0,0,0,,,,0,,
Q6829324,Michael Cocks,3549,0,0,0,,,,1,,
Q6829364,Michael Colivet,3563,0,0,0,,,,0,,
Q6829396,Michael Colvin,81,0,0,0,,,,1,,
Q6829497,Michael Coulson,3609,0,0,0,,,,0,,
Q6830128,Michael English,3883,0,0,0,,,,0,,
Q6830280,Michael Fidler,3956,0,0,0,,,,0,,
Q6830920,Michael Hamilton,8763,1,2,1,indirect,indirect,HoC,1,rush,James Ramsden;Charles Ponsonby
Q6831126,"Michael Hicks Beach, Viscount Quenington",5485,1,3,1,parent,parent;child;grandparent;grandchild;uncle/aunt;niece/nephew,HoC,1,panel;rush,"Michael Hicks Beach, 1st Earl St Aldwyn;Sir Michael Hicks Beach, 8th Baronet;William Frederick Hicks-Beach"
Q6831132,Michael Higgs,4356,0,0,0,,,,0,,
Q6831158,Michael Hirst,4381,0,0,0,,,,0,,
Q6831280,"Michael Hughes-Young, 1st Baron St Helens",4448,0,0,0,,,,1,,
Q6831542,Michael Jabez Foster,287,0,0,0,,,,0,,
Q6831544,Michael Jack,382,0,0,0,,,,0,,
Q6831647,Michael John Foster,286,0,0,0,,,,0,,
Q6831728,Michael Joseph Flavin,3998,0,0,0,,,,0,,
Q6831750,Michael Joyce,4537,0,0,0,,,,0,,
Q6831932,Michael Knowles,9356,0,0,0,,,,0,,
Q6832108,Michael Latham,8761,0,0,0,,,,0,,
Q6832325,Michael Louis Hearn,4307,0,0,0,,,,0,,
Q6832518,Michael Marcus,4925,0,0,0,,,,0,,
Q6832552,Michael Marshall,9287,0,0,0,,,,1,,
Q6832717,Michael McGuire,9273,0,0,0,,,,0,,
Q6832761,Michael McNair-Wilson,5020,1,2,1,parent,parent;child;sibling,HoC,1,panel;rush,Patrick McNair-Wilson;Laura Farris
Q6832781,Michael Meadowcroft,5031,0,0,0,,,,0,,
Q6832782,Michael Meagher,5033,0,0,0,,,,0,,
Q6833044,Michael Neubert,5194,0,0,0,,,,0,,
Q6833077,Michael Noble,8760,0,0,0,,,,0,,
Q6833078,"Michael Noble, Baron Glenkinglas",8762,0,0,0,,,,1,,
Q6833188,Michael O'Neill,8759,0,0,0,,,,0,,
Q6833909,Michael Roberts,8765,0,0,0,,,,0,,
Q6834367,Michael Shersby,72,0,0,0,,,,0,,
Q6834553,Michael Staines,5839,0,0,0,,,,0,,
Q6834599,Michael Stephen,9392,0,0,0,,,,0,,
Q6834620,Michael Stern,9365,0,0,0,,,,0,,
Q6834882,"William Russell, 8th Duke of Bedford",7181,1,8,1,child,child;uncle/aunt;niece/nephew;cousin;indirect,HoC,1,panel;rush,"John Russell, 1st Earl Russell;Francis Russell, 7th Duke of Bedford;George Russell, 10th Duke of Bedford;Francis Russell, 9th Duke of Bedford;George W. E. Russell;Lord Arthur Russell;Lord Charles Russell;Lord Edward Russell"
Q6835212,Michael Ward,8766,0,0,0,,,,0,,
Q6835282,Michael Welsh,9339,0,0,0,,,,0,,
Q6838584,Mickey Brady,10065,0,0,0,,,,0,,
Q683907,Samuel Hill-Wood,4362,0,0,0,,,,1,,
Q6847109,Mike Hall,328,0,0,0,,,,0,,
Q6848224,Mike O'Brien,533,0,0,0,,,,0,,
Q6849033,Mike Thomas,8768,0,0,0,,,,0,,
Q6849323,Mike Woodcock,6243,0,0,0,,,,0,,
Q6850973,Mildred Gordon,9375,0,0,0,,,,0,,
Q6851468,Miles MacInnes,2534,0,0,0,,,,0,,
Q6852229,Lord Walter Gordon-Lennox,4693,1,5,1,parent,parent;child;sibling;uncle/aunt;niece/nephew,HoC,1,panel;rush,"Charles Gordon-Lennox, 6th Duke of Richmond;Charles Gordon-Lennox, 7th Duke of Richmond;Lord Alexander Gordon-Lennox;Lord George Gordon-Lennox;Lord Henry Lennox"
Q6859600,Millie Miller,8770,0,0,0,,,,0,,
Q6860214,Milner Gray,8143,0,0,0,,,,0,,
Q687767,Ron Brown,9308,0,0,0,,,,0,,
Q6881236,Mitchell Henry,2257,1,2,1,parent,parent;sibling,HoC,0,rush,Alexander Henry;John Snowdon Henry
Q688913,Margaret Hodge,356,0,0,0,,,,0,,
Q6890179,Moelwyn Hughes,8883,0,0,0,,,,1,,
Q689041,Sharon Hodgson,9507,0,0,0,,,,0,,
Q689166,Kate Hoey,357,0,0,0,,,,0,,
Q689239,George Hollingbery,9757,0,0,0,,,,0,,
Q689287,Philip Hollobone,9524,0,0,0,,,,0,,
Q689348,Adam Holloway,9508,0,0,0,,,,1,,
Q689383,Jimmy Hood,360,0,0,0,,,,0,,
Q689421,Kelvin Hopkins,363,1,1,0,parent,parent;child,HoC,0,panel;rush,Rachel Hopkins
Q689452,Kris Hopkins,9756,0,0,0,,,,0,,
Q6894680,"Moir Tod Stormonth Darling, Lord Stormonth-Darling",7469,0,0,0,,,,0,,
Q689483,Martin Horwood,9484,0,0,0,,,,0,,
Q689514,Stewart Hosie,9498,0,0,0,,,,0,,
Q689546,George Howarth,367,0,0,0,,,,0,,
Q689589,Gerald Howarth,368,1,1,0,indirect,indirect,HoC,0,rush,James Cartlidge
Q689627,John Howell,9612,0,0,0,,,,0,,
Q689660,Lindsay Hoyle,370,1,1,0,parent,parent;child,HoC,1,panel;rush,"Doug Hoyle, Baron Hoyle"
Q6903069,Mont Follick,4003,0,0,0,,,,0,,
Q6904055,"Montagu Bertie, 6th Earl of Abingdon",5225,1,1,0,indirect,indirect,HoC,1,rush,George Harcourt
Q6904065,Montagu Curzon,6693,1,3,1,parent,parent;child;sibling;niece/nephew;indirect,HoC,1,panel;rush,"Francis Curzon, 5th Earl Howe;George Curzon-Howe, 2nd Earl Howe;Richard Curzon, 4th Earl Howe"
Q6904066,Montagu David Scott,829,0,0,0,,,,0,,
Q6904107,Montague Chambers,1354,0,0,0,,,,0,,
Q6904110,Montague Edward Smith,9116,0,0,0,,,,0,,
Q6904116,Montague Guest,1749,1,2,1,parent,parent;child;sibling,HoC,1,panel;rush,Arthur Guest;John Josiah Guest
Q6904117,Montague Gore,4138,0,0,0,,,,1,,
Q6909593,Mordaunt Bisset,3218,0,0,0,,,,0,,
Q691064,Tristram Hunt,10107,0,0,0,,,,1,,
Q691144,Mark Hunter,9513,0,0,0,,,,0,,
Q6911461,Moreton Frewen,4039,1,2,1,parent,parent;child;uncle/aunt;niece/nephew,HoC,1,panel;rush,Thomas Turner;Charles Frewen
Q6911725,Morgan Jones,8144,0,0,0,,,,0,,
Q6911751,Morgan Lloyd,2478,0,0,0,,,,0,,
Q6911776,Morgan Morgan-Giles,5113,0,0,0,,,,1,,
Q6911794,Morgan O'Connell,5242,1,5,1,parent,parent;child;sibling;cousin,HoC,1,panel;rush,Morgan O'Connell;Daniel O'Connell;John O'Connell;Daniel O'Connell;Maurice O'Connell
Q6911814,Morgan Philips Price,8771,0,0,0,,,,0,,
Q691216,Julian Huppert,9836,0,0,0,,,,0,,
Q691299,Nick Hurd,9552,1,3,1,parent,parent;child;grandparent;grandchild;indirect,HoC,1,panel;rush,"Douglas Hurd;Anthony Hurd, Baron Hurd;Percy Hurd"
Q691388,Huw Irranca-Davies,9406,1,1,0,uncle/aunt,uncle/aunt,HoC,0,rush,Ifor Davies
Q6916603,Moss Turner-Samuels,6056,0,0,0,,,,0,,
Q692315,Daniel Kawczynski,9558,0,0,0,,,,0,,
Q6936035,"Mungo Murray, 7th Earl of Mansfield and Mansfield",5688,1,1,0,indirect,indirect,HoC,1,rush,"William Murray, 4th Earl of Mansfield and Mansfield"
Q6938224,Murdoch Macdonald,8772,0,0,0,,,,0,,
Q6938232,Murdoch McKenzie Wood,8145,0,0,0,,,,0,,
Q6938655,Muriel Nichol,5207,1,1,0,parent,parent;child,HoC,0,panel;rush,R. C. Wallhead
Q6939233,"Murray Finch-Hatton, 12th Earl of Winchilsea",1600,1,3,1,sibling,sibling;indirect,HoC,1,panel;rush,"Edward William Harcourt;George Finch-Hatton, 11th Earl of Winchilsea;Harold Finch-Hatton"
Q6939481,Murray Sueter,5911,0,0,0,,,,0,,
Q694639,Alison McGovern,10115,0,0,0,,,,0,,
Q694676,Pat McFadden,9579,0,0,0,,,,0,,
Q694695,John McDonnell,487,0,0,0,,,,0,,
Q6947392,Myer Galpern,4054,0,0,0,,,,1,,
Q694759,Siobhain McDonagh,486,0,0,0,,,,0,,
Q6947717,Myles O'Reilly,2702,1,1,0,child,child,HoC,1,panel,William O'Reilly
Q694775,William McCrea,71,0,0,0,,,,1,,
Q694797,Gregg McClymont,10114,0,0,0,,,,0,,
Q694811,Karl McCartney,9713,0,0,0,,,,0,,
Q694825,Jason McCartney,9712,0,0,0,,,,0,,
Q694853,Michael McCann,10113,0,0,0,,,,0,,
Q694869,Steve McCabe,482,0,0,0,,,,0,,
Q694881,Paul Maynard,9717,0,0,0,,,,0,,
Q694929,Paul Maskey,10063,0,0,0,,,,0,,
Q694967,John Mann,5236,0,0,0,,,,1,,
Q694984,Seema Malhotra,10078,0,0,0,,,,0,,
Q694996,Anne Main,9553,0,0,0,,,,0,,
Q695007,Shabana Mahmood,10117,0,0,0,,,,0,,
Q695028,Khalid Mahmood,5159,0,0,0,,,,0,,
Q695047,Fiona Mactaggart,457,0,0,0,,,,1,,
Q695061,Denis MacShane,456,0,0,0,,,,0,,
Q695092,Angus MacNeil,9534,0,0,0,,,,0,,
Q695131,Mary Macleod,9715,0,0,0,,,,0,,
Q695147,Karen Lumley,9711,0,0,0,,,,0,,
Q695173,Peter Luff,448,0,0,0,,,,0,,
Q695197,Ian Lucas,5015,0,0,0,,,,0,,
Q695217,Andy Love,447,0,0,0,,,,0,,
Q695228,Tim Loughton,446,0,0,0,,,,0,,
Q695241,Jonathan Lord,9710,0,0,0,,,,0,,
Q695257,Jack Lopresti,9709,0,0,0,,,,0,,
Q695272,Naomi Long,9603,0,0,0,,,,0,,
Q695295,Tony Lloyd,442,0,0,0,,,,0,,
Q695310,Stephen Lloyd,9837,0,0,0,,,,0,,
Q6969300,Nathan Raw,5514,0,0,0,,,,0,,
Q6969469,Nathaniel Alexander,6289,0,0,0,,,,1,,
Q6969528,Nathaniel Buckley,3378,0,0,0,,,,0,,
Q6969591,Nathaniel Eckersley,3847,0,0,0,,,,0,,
Q6969721,Nathaniel Lambert,2419,0,0,0,,,,1,,
Q6969765,Nathaniel Micklem,5059,0,0,0,,,,0,,
Q6988615,Neil Gerrard,301,0,0,0,,,,0,,
Q6988906,Neil Macfarlane,8463,0,0,0,,,,0,,
Q6988912,Neil Maclean,8773,0,0,0,,,,0,,
Q6988931,Neil Marten,8588,0,0,0,,,,1,,
Q6989101,Neil O'Brien,9909,0,0,0,,,,0,,
Q6989174,Neil Primrose,5454,1,1,0,sibling,sibling,HoC,1,panel,"Harry Primrose, 6th Earl of Rosebery"
Q6989409,Neil Thorne,5974,0,0,0,,,,0,,
Q6989435,Neil Turner,65,0,0,0,,,,0,,
Q6989570,Neill Cooper-Key,3586,0,0,0,,,,1,,
Q7004747,Neville Jodrell,4526,0,0,0,,,,0,,
Q7004840,Neville Sandelson,5662,1,2,1,cousin,cousin,HoC,0,panel;rush,"Harold Lever, Baron Lever of Manchester;Leslie Lever, Baron Lever"
Q7004872,Neville Trotter,8777,0,0,0,,,,0,,
Q701438,Thomas Sutherland,918,0,0,0,,,,0,,
Q7020238,"Newton Fellowes, 4th Earl of Portsmouth",6769,1,3,1,parent,parent;child;grandchild;indirect,HoC,1,panel;rush,"Hugh Fortescue, 2nd Earl Fortescue;Henry Arthur Wallop Fellowes;Newton Wallop, 6th Earl of Portsmouth"
Q7020456,"Newton Wallop, 6th Earl of Portsmouth",2505,1,2,1,grandparent,grandparent;niece/nephew,HoC,1,rush,"Gerard Wallop, 9th Earl of Portsmouth;Newton Fellowes, 4th Earl of Portsmouth"
Q7023902,Niall MacDermot,4834,0,0,0,,,,1,,
Q7023907,"Niall Macpherson, 1st Baron Drumalbyn",4875,1,1,0,indirect,indirect,HoC,1,rush,Norah Runge
Q7025006,Nicholas Baker,9075,0,0,0,,,,1,,
Q7025013,Nicholas Ball,6529,1,1,0,child,child,HoC,0,rush,John Ball
Q7025093,Nicholas Bonsor,9078,0,0,0,,,,1,,
Q7025126,Nicholas Budgen,3383,0,0,0,,,,0,,
Q7025280,Nicholas Daniel Murphy,2648,0,0,0,,,,1,,
Q7025366,Nicholas Fairbairn,2934,0,0,0,,,,1,,
Q7025465,Nicholas Grattan-Doyle,4157,0,0,0,,,,0,,
Q7025707,Nicholas Kendall,4566,1,1,0,indirect,indirect,HoC,1,rush,"Sir Colman Rashleigh, 2nd Baronet"
Q7026124,"Nicholas Ridley-Colborne, 1st Baron Colborne",3557,1,4,1,child,child;sibling;uncle/aunt,HoC,1,panel;rush,"Sir Matthew White Ridley, 4th Baronet;George Ridley;William Colborne;Sir Matthew White Ridley, 3rd Baronet"
Q7026184,Nicholas Scott,8780,0,0,0,,,,1,,
Q7027270,Nick Hawkins,339,0,0,0,,,,0,,
Q7027655,Nick Palmer,544,0,0,0,,,,0,,
Q7027966,Nick St Aubyn,595,0,0,0,,,,1,,
Q7032247,"Nigel Birch, Baron Rhyl",3207,0,0,0,,,,1,,
Q7032310,Nigel Colman,8150,0,0,0,,,,1,,
Q7032378,Nigel Fisher,8782,1,3,1,parent,parent;child;spouse;indirect,HoC,1,panel;rush,Geoffrey Shakespeare;Mark Fisher;Patricia Ford
Q7032412,Nigel Griffiths,320,0,0,0,,,,0,,
Q7032494,Nigel Kennedy,8148,0,0,0,,,,0,,
Q7046966,Noel Goldie,4122,0,0,0,,,,0,,
Q7047046,Noel Ker Lindsay,8152,0,0,0,,,,0,,
Q7047162,Noel Pemberton Billing,3203,0,0,0,,,,0,,
Q7047208,Noel Skelton,5764,0,0,0,,,,0,,
Q7047257,Noel Whiteside,6185,0,0,0,,,,0,,
Q7050227,Norah Runge,5640,1,1,0,indirect,indirect,HoC,1,rush,"Niall Macpherson, 1st Baron Drumalbyn"
Q7051991,Norman Bower,3286,0,0,0,,,,0,,
Q7052015,Norman Buchan,2962,0,0,0,,,,0,,
Q7052075,Norman Coates,3537,0,0,0,,,,0,,
Q7052083,Norman Cole,8784,0,0,0,,,,0,,
Q7052276,Norman Godman,307,0,0,0,,,,0,,
Q7052295,Norman Grosvenor,6850,1,5,1,parent,parent;child;sibling;niece/nephew;indirect,HoC,1,panel;rush,"Robert Grosvenor, 1st Baron Ebury;Hugh Grosvenor, 1st Duke of Westminster;Richard Grosvenor, 2nd Marquess of Westminster;Richard Grosvenor, 1st Baron Stalbridge;Robert Grosvenor, 2nd Baron Ebury"
Q7052332,Norman Haseldine,4273,0,0,0,,,,0,,
Q7052374,Norman Hulbert,4449,0,0,0,,,,0,,
Q7052612,Norman Miscampbell,5069,0,0,0,,,,0,,
Q7052690,Norman Pentland,5360,0,0,0,,,,0,,
Q7052805,Norman Smith,8601,0,0,0,,,,0,,
Q705655,Art O'Connor,7759,0,0,0,,,,0,,
Q7060737,Norval Helme,4319,0,0,0,,,,0,,
Q707126,George Julius Poulett Scrope,5692,1,1,0,sibling,sibling,HoC,1,rush,"Charles Thomson, 1st Baron Sydenham"
Q7076831,Octavius Coope,2821,0,0,0,,,,0,,
Q7076834,Octavius Duncombe,1524,1,7,1,sibling,sibling;uncle/aunt;niece/nephew;cousin;indirect,HoC,1,panel;rush,"Hubert Duncombe;Arthur Duncombe;Arthur Duncombe;William Duncombe, 1st Earl of Feversham;William Duncombe, 2nd Baron Feversham;William Duncombe, Viscount Helmsley;Thomas Slingsby Duncombe"
Q7076838,Octavius Leigh-Clare,1878,0,0,0,,,,0,,
Q7076845,Octavius Vaughan Morgan,2630,0,0,0,,,,1,,
Q708410,Arthur Anderson,6291,0,0,0,,,,0,,
Q7087669,Oliver Locker-Lampson,4736,1,1,0,sibling,sibling,HoC,1,panel;rush,Godfrey Locker-Lampson
Q7087728,Oliver Ormerod Walker,7318,0,0,0,,,,0,,
Q7087769,"Oliver Poole, 1st Baron Poole",5434,0,0,0,,,,1,,
Q7087829,Oliver Simmonds,5754,0,0,0,,,,1,,
Q7087955,Oliver Young,6336,1,1,0,parent,parent,HoC,0,rush,Adolphus William Young
Q708951,Arthur Cohen,1390,0,0,0,,,,1,,
Q7095360,Oonagh McDonald,8787,0,0,0,,,,0,,
Q7103052,"Orlando Bridgeman, 3rd Earl of Bradford",9042,1,2,1,parent,parent;child,HoC,1,panel;rush,"Francis Charles Bridgeman;George Bridgeman, 4th Earl of Bradford"
Q7106014,Oscar Guest,8154,1,4,1,sibling,sibling;uncle/aunt;niece/nephew,HoC,1,panel;rush,"Ivor Guest, 1st Viscount Wimborne;Frederick Guest;Henry Guest;Ivor Guest, 2nd Viscount Wimborne"
Q7107488,Ossie O'Brien,4870,0,0,0,,,,0,,
Q7108101,Oswald Cawley,7619,1,2,1,parent,parent;child;sibling,HoC,1,panel;rush,"Harold Thomas Cawley;Frederick Cawley, 1st Baron Cawley"
Q7108142,Oswald Lewis,8155,0,0,0,,,,0,,
Q7108153,"Oswald Partington, 2nd Baron Doverdale",5330,0,0,0,,,,1,,
Q7108706,Otho Nicholson,8156,1,1,0,parent,parent,HoC,0,rush,William Graham Nicholson
Q7108710,Otho Prior-Palmer,5460,0,0,0,,,,1,,
Q7114471,Owen Evans,7830,0,0,0,,,,0,,
Q7114546,Owen Lewis Cope Williams,1057,1,2,1,parent,parent;child;grandchild,HoC,1,panel;rush,Owen Williams;Thomas Peers Williams
Q7114583,Owen Morgan Edwards,7474,0,0,0,,,,0,,
Q7114653,Owen Temple-Morris,8160,1,1,0,child,child,HoC,0,rush,"Peter Temple-Morris, Baron Temple-Morris"
Q7114694,Owen Williams,,1,2,1,parent,parent;grandparent,HoC,1,panel,Owen Lewis Cope Williams;Thomas Peers Williams
Q711588,"Arthur Stanley, 5th Baron Stanley of Alderley",7602,1,2,1,child,child;grandchild,HoC,1,panel,"Edward Stanley, 2nd Baron Stanley of Alderley;Edward Stanley, 4th Baron Stanley of Alderley"
Q7117312,P. J. Moloney,4910,0,0,0,,,,0,,
Q7123633,Paddy Tipping,666,0,0,0,,,,0,,
Q7130550,Pandeli Ralli,731,0,0,0,,,,1,,
Q7137740,Park Goff,4120,0,0,0,,,,0,,
Q7139215,Parmjit Singh Gill,9456,0,0,0,,,,0,,
Q7141836,Pascoe Glyn,1690,1,4,1,parent,parent;child;sibling;uncle/aunt,HoC,1,panel;rush,"Charles Grenfell;George Glyn, 1st Baron Wolverton;George Glyn, 2nd Baron Wolverton;Sidney Glyn"
Q7143312,Pat Collins,8161,0,0,0,,,,0,,
Q7143845,Pat O'Brien,2162,0,0,0,,,,0,,
Q7144095,Pat Wall,2961,0,0,0,,,,0,,
Q7145583,Patricia Ford,4010,1,3,1,parent,parent;child;spouse;indirect,HoC,1,panel;rush,Michael Grylls;Nigel Fisher;Walter Smiles
Q7145639,Patricia Hornsby-Smith,4421,0,0,0,,,,1,,
Q7146031,Patrick Aloysius Meehan,5039,1,1,0,parent,parent;child,HoC,0,panel;rush,Patrick Joseph Meehan
Q7146106,"Patrick Bellew, 1st Baron Bellew",3155,1,2,1,sibling,sibling;indirect,HoC,1,rush,Richard Bellew;Thomas Bellew
Q7146111,Patrick Bernard Malone,4909,0,0,0,,,,0,,
Q7146117,Patrick Bishop,3216,0,0,0,,,,0,,
Q7146223,Patrick Chalmers,3473,0,0,0,,,,0,,
Q7146299,Patrick Crumley,3654,0,0,0,,,,0,,
Q7146307,Patrick Cunningham,9071,0,0,0,,,,0,,
Q7146390,Patrick Donnelly,3754,0,0,0,,,,0,,
Q7146397,Patrick Donner,3756,0,0,0,,,,1,,
Q7146412,Patrick Duffy,3799,0,0,0,,,,0,,
Q7146523,Patrick Francis Robertson,7163,0,0,0,,,,0,,
Q7146532,Patrick Fulham,4044,0,0,0,,,,0,,
Q7146610,Patrick Ground,4190,0,0,0,,,,0,,
Q7146617,Patrick Guiney,4197,1,1,0,sibling,sibling,HoC,0,rush,John Guiney
Q7146637,Patrick Hall,329,0,0,0,,,,0,,
Q7146673,Patrick Hastings,8163,0,0,0,,,,1,,
Q7146834,Patrick James Foley,1619,0,0,0,,,,0,,
Q7146836,Patrick James Smyth,881,0,0,0,,,,0,,
Q7146874,Patrick Joseph Meehan,5038,1,1,0,parent,parent;child,HoC,0,panel;rush,Patrick Aloysius Meehan
Q7146875,Patrick Joseph O'Brien,2037,0,0,0,,,,0,,
Q7146878,Patrick Power,2174,0,0,0,,,,0,,
Q7147111,Patrick Martin,2577,0,0,0,,,,0,,
Q7147125,Patrick McCartan,8162,0,0,0,,,,0,,
Q7147138,Patrick McDermott,2032,0,0,0,,,,0,,
Q7147189,Patrick McNair-Wilson,5021,1,2,1,sibling,sibling;uncle/aunt,HoC,1,panel;rush,Michael McNair-Wilson;Laura Farris
Q7147327,Patrick Nicholls,529,0,0,0,,,,0,,
Q7147387,Patrick O'Hare,5260,0,0,0,,,,0,,
Q7147388,Patrick O'Hea,2693,0,0,0,,,,0,,
Q7147393,Patrick O'Keeffe,6372,0,0,0,,,,0,,
Q7147733,Patrick Thompson,9367,0,0,0,,,,0,,
Q7147804,Patrick Wall,9275,0,0,0,,,,0,,
Q7147834,Patrick White,7532,0,0,0,,,,0,,
Q7147842,Patrick Whitty,6189,1,1,0,uncle/aunt,uncle/aunt,HoC,0,rush,Richard Hazleton
Q7147856,Patrick Wolrige-Gordon,6240,0,0,0,,,,1,,
Q7149560,Paul Bryan,8790,0,0,0,,,,1,,
Q7150111,Paul Daisley,3976,0,0,0,,,,0,,
Q7150499,Paul Emrys-Evans,3881,0,0,0,,,,0,,
Q7150909,Paul Girvan,9964,0,0,0,,,,0,,
Q7150945,Paul Goodman,4496,0,0,0,,,,0,,
Q7151190,Paul Hawkins,9276,0,0,0,,,,0,,
Q7151723,Paul Keetch,406,0,0,0,,,,0,,
Q7153319,Paul Rose,5617,0,0,0,,,,0,,
Q7153985,"Paul Thompson, 1st Baron Wenlock",7279,1,4,1,parent,parent;child;sibling;grandparent;grandchild,HoC,1,panel;rush,"Sir Francis Lawley, 7th Baronet;Beilby Lawley, 2nd Baron Wenlock;Beilby Lawley, 3rd Baron Wenlock;Francis Charles Lawley"
Q7154402,Paul Williams,8791,0,0,0,,,,0,,
Q7160658,Peggy Fenner,2978,0,0,0,,,,0,,
Q7164658,Penry Williams,8164,1,1,0,sibling,sibling,HoC,0,panel,Aneurin Williams
Q7167158,Percivall Pott,5438,0,0,0,,,,0,,
Q7167220,Percy Alden,2995,0,0,0,,,,0,,
Q7167232,Percy Barlow,7458,1,2,1,sibling,sibling;uncle/aunt,HoC,1,panel,"Sir John Barlow, 1st Baronet;Sir John Barlow, 2nd Baronet"
Q7167239,Percy Barstow,3114,0,0,0,,,,0,,
Q7167250,Percy Bernard,3171,1,1,0,uncle/aunt,uncle/aunt,HoC,1,rush,"Francis Bernard, 3rd Earl of Bandon"
Q7167265,Percy Browne,8793,0,0,0,,,,0,,
Q7167269,Percy Burrell,1301,1,2,1,parent,parent;child;sibling,HoC,1,panel;rush,"Sir Charles Burrell, 3rd Baronet;Sir Walter Burrell, 5th Baronet"
Q7167284,Percy Clive,7624,1,6,1,indirect,indirect,HoC,1,rush,"Edward Clive;Henry Clive;Edward Clive;Edward Herbert, 2nd Earl of Powis;Edward Herbert, 3rd Earl of Powis;George Clive"
Q7167288,Percy Collick,3567,0,0,0,,,,0,,
Q7167295,Percy Daines,3671,0,0,0,,,,0,,
Q7167325,Percy Herbert,2259,1,5,1,parent,parent;child;sibling;uncle/aunt;niece/nephew;cousin;indirect,HoC,1,panel;rush,"Edward Herbert, 2nd Earl of Powis;Edward Herbert, 3rd Earl of Powis;George Windsor-Clive;Robert Clive;William Petty-FitzMaurice, Earl of Kerry"
Q7167373,Percy Grieve,8968,1,1,0,parent,parent;child,HoC,0,panel;rush,Dominic Grieve
Q7167398,Percy Holman,4403,0,0,0,,,,0,,
Q7167412,Percy Hurd,4459,1,3,1,parent,parent;child;grandparent;grandchild;indirect,HoC,1,panel;rush,"Douglas Hurd;Anthony Hurd, Baron Hurd;Nick Hurd"
Q7167413,Percy Illingworth,7420,1,2,1,sibling,sibling;grandparent,HoC,1,panel;rush,"Sir Isaac Holden, 1st Baronet;Albert Illingworth, 1st Baron Illingworth"
Q7167424,Percy Jewson,4523,0,0,0,,,,0,,
Q7167465,Laddie Lucas,4771,0,0,0,,,,0,,
Q7167494,Percy Morris,8792,0,0,0,,,,0,,
Q7167529,John Pybus,5484,0,0,0,,,,0,,
Q7167575,Percy Shurmer,5739,0,0,0,,,,0,,
Q7167611,Percy Thompson Dean,9192,0,0,0,,,,0,,
Q7167613,Percy Thornton,2096,0,0,0,,,,1,,
Q7167636,Percy Wells,8794,0,0,0,,,,0,,
Q7167656,Percy Wyndham,1096,1,7,1,parent,parent;child;sibling;uncle/aunt;indirect,HoC,1,panel;rush,"Henry Wyndham;George Wyndham;Edward Grey, 1st Viscount Grey of Fallodon;Charles Wyndham;Edward Tennant, 1st Baron Glenconner;Henry Wyndham, 2nd Baron Leconfield;Hugo Charteris, 11th Earl of Wemyss"
Q7167793,Peregrine Francis Cust,,1,1,0,sibling,sibling,HoC,1,panel,"Sir Edward Cust, 1st Baronet"
Q7172476,Peter Ainsworth,6287,0,0,0,,,,0,,
Q7172489,Peter Alfred Taylor,933,0,0,0,,,,0,,
Q7172645,Peter Baker,8797,0,0,0,,,,1,,
Q7172769,"Peter Bennett, 1st Baron Bennett of Edgbaston",8801,0,0,0,,,,1,,
Q7172808,Peter Bessell,3177,0,0,0,,,,0,,
Q7172892,Peter Borthwick,6583,1,1,0,parent,parent;child,HoC,1,panel;rush,"Algernon Borthwick, 1st Baron Glenesk"
Q7172937,Peter Brand,146,0,0,0,,,,0,,
Q7173015,Peter Bruinvels,3374,0,0,0,,,,0,,
Q7173099,Peter Butler,9384,0,0,0,,,,0,,
Q7173689,Peter Doig,3749,0,0,0,,,,0,,
Q7173765,Peter Duncan,3594,0,0,0,,,,0,,
Q7173807,Peter Eckersley,3848,0,0,0,,,,1,,
Q7173856,Peter Emery,266,0,0,0,,,,0,,
Q7173881,Peter Esslemont,1571,1,1,0,child,child,HoC,0,rush,George Birnie Esslemont
Q7174087,Peter Freeman,4031,0,0,0,,,,0,,
Q7174111,Peter Fry,8798,0,0,0,,,,0,,
Q7174535,"Peter Hardy, Baron Hardy of Wath",8795,0,0,0,,,,1,,
Q7174603,Peter Heaton-Jones,9786,0,0,0,,,,0,,
Q7174649,Peter Hesketh-Fleetwood,3999,0,0,0,,,,0,,
Q7174730,Peter Hordern,4411,0,0,0,,,,0,,
Q7174764,Peter Hubbard-Miles,4443,0,0,0,,,,0,,
Q7174908,Peter J. Ward,6373,0,0,0,,,,0,,
Q7174920,Peter Jackson,8807,0,0,0,,,,0,,
Q7175169,Peter Kerr-Smiley,4582,0,0,0,,,,1,,
Q7175184,Peter Kilfoyle,414,0,0,0,,,,0,,
Q7175198,Peter John Locke King,2393,0,0,0,,,,1,,
Q7175376,Peter Law,9470,0,0,0,,,,0,,
Q7175415,"Peter Legh, 4th Baron Newton",8808,1,3,1,grandparent,grandparent;indirect,HoC,1,rush,"Thomas Legh, 2nd Baron Newton;Henry Meysey-Thompson, 1st Baron Knaresborough;William Legh, 1st Baron Newton"
Q7175494,Peter Lloyd,441,0,0,0,,,,0,,
Q7175587,Peter Macdonald,8799,0,0,0,,,,1,,
Q7175610,Peter Mahon,8796,1,2,1,sibling,sibling;niece/nephew,HoC,0,rush,Peter Dowd;Simon Mahon
Q7175803,Peter McLagan,2539,0,0,0,,,,0,,
Q7175851,Peter Merrick Hoare,2283,0,0,0,,,,1,,
Q7175874,Peter Michael Kirk,8806,0,0,0,,,,0,,
Q7175897,Peter Mills,8805,0,0,0,,,,0,,
Q7175955,Peter Morrison,8803,1,3,1,parent,parent;child;sibling;grandchild,HoC,1,panel;rush,"Charles Morrison;Hugh Morrison;John Morrison, 1st Baron Margadale"
Q7176394,Peter Pike,551,0,0,0,,,,0,,
Q7176493,Peter Quinn,7151,0,0,0,,,,0,,
Q7176544,"Peter Rawlinson, Baron Rawlinson of Ewell",5516,0,0,0,,,,1,,
Q7176565,Peter Remnant,5547,1,1,0,parent,parent;child,HoC,1,panel;rush,"James Remnant, 1st Baron Remnant"
Q7176657,Peter Rolt,9441,0,0,0,,,,0,,
Q7176729,Peter Rylands,810,0,0,0,,,,0,,
Q7176922,Peter Shore,5737,0,0,0,,,,1,,
Q7177008,Peter Smithers,5782,0,0,0,,,,0,,
Q7177032,Peter Soulsby,9528,0,0,0,,,,0,,
Q7177081,Peter Stapleton Shaw,8167,0,0,0,,,,0,,
Q7177122,Peter Stewart Macliver,2546,0,0,0,,,,0,,
Q7177318,Peter Thurnham,5986,0,0,0,,,,0,,
Q7177378,Peter Trew,6037,0,0,0,,,,0,,
Q7177498,Peter Viggers,684,0,0,0,,,,0,,
Q7177744,Peter Wilson Raffan,5496,0,0,0,,,,0,,
Q7178722,Petre Crowder,3650,1,1,0,parent,parent;child,HoC,1,panel;rush,John Crowder
Q7181222,"Phelim O'Neill, 2nd Baron Rathcavan",8809,1,4,1,parent,parent;child;grandparent;grandchild;uncle/aunt;niece/nephew;indirect,HoC,1,panel;rush,"Hugh O'Neill, 1st Baron Rathcavan;Arthur O'Neill;Edward O'Neill, 2nd Baron O'Neill;Robert Torrens O'Neill"
Q7182018,Phil Hope,362,0,0,0,,,,0,,
Q7182276,Phil Piratin,5407,0,0,0,,,,0,,
Q7182378,Phil Sawford,601,1,1,0,child,child,HoC,0,rush,Andy Sawford
Q7183142,Philip Asterley Jones,8811,0,0,0,,,,0,,
Q7183206,Philip Bell,8812,0,0,0,,,,0,,
Q7183211,Philip Bennet,3164,0,0,0,,,,0,,
Q7183318,Philip Callan,1315,0,0,0,,,,0,,
Q7183339,,,0,0,0,,,,0,,
Q7183344,Philip Durham,3828,0,0,0,,,,1,,
Q7183359,Philip Clarke,3002,0,0,0,,,,0,,
Q7183433,Philip Dawson,8168,0,0,0,,,,0,,
Q7183618,Philip Glazebrook,4107,0,0,0,,,,0,,
Q7183626,Philip Goodhart,4126,0,0,0,,,,1,,
Q7183720,Philip Henry Muntz,2645,1,2,1,sibling,sibling;uncle/aunt;niece/nephew;indirect,HoC,1,panel;rush,"Sir Philip Muntz, 1st Baronet;George Frederick Muntz"
Q7183740,Philip Hocking,4387,0,0,0,,,,0,,
Q7183747,Philip Hoffman,4391,0,0,0,,,,0,,
Q7183750,Philip Holland,8813,0,0,0,,,,0,,
Q7183768,Philip Howard,6917,0,0,0,,,,1,,
Q7183891,Philip Kenyon-Slaney,8169,1,2,1,sibling,sibling;uncle/aunt,HoC,1,rush,William Kenyon-Slaney;Clifford Kenyon
Q7183996,Philip Lybbe Powys Lybbe,5447,0,0,0,,,,0,,
Q7184105,Philip Morrell,7565,0,0,0,,,,1,,
Q7184216,Philip Pilditch,5403,0,0,0,,,,1,,
Q7184217,Philip Pleydell-Bouverie,3273,1,2,1,sibling,sibling;niece/nephew,HoC,1,panel;rush,Duncombe Pleydell-Bouverie;Edward Pleydell-Bouverie
Q7184243,Philip Pusey,5483,0,0,0,,,,1,,
Q7184323,Philip Dunne,3822,1,1,0,parent,parent;child,HoC,1,panel;rush,Edward Marten Dunne
Q7184364,Philip Shanahan,5715,0,0,0,,,,0,,
Q7184420,Philip Staveley Foster,7395,1,1,0,cousin,cousin,HoC,0,panel;rush,John Kenneth Foster
Q7184504,Philip Vanderbyl,972,0,0,0,,,,0,,
Q7184552,Philip Whitwell Wilson,7539,0,0,0,,,,0,,
Q7184588,Philip Wroughton,1092,0,0,0,,,,1,,
Q7184589,Philip Wykeham-Martin,1094,1,1,0,parent,parent;child,HoC,1,panel;rush,Charles Wykeham-Martin
Q7188628,Phyllis Starkey,634,0,0,0,,,,0,,
Q7190233,Piara Khabra,412,0,0,0,,,,0,,
Q7190236,Piaras Béaslaí,3133,0,0,0,,,,0,,
Q7191778,Pierce Butler,8990,1,1,0,parent,parent;child,HoC,1,panel;rush,Pierce Somerset Butler
Q7191815,Pierce McCan,4978,0,0,0,,,,0,,
Q7191827,Pierce Somerset Butler,8991,1,1,0,parent,parent;child,HoC,1,panel;rush,Pierce Butler
Q7192594,Piers Egerton-Warburton,6132,0,0,0,,,,1,,
Q7192595,Piers Dixon,8814,1,1,0,indirect,indirect,HoC,1,rush,Duncan Sandys
Q7192600,P. Gilchrist Thompson,8171,0,0,0,,,,0,,
Q7192624,Pierse Loftus,4742,0,0,0,,,,0,,
Q7235558,Poulett Somerset,885,1,2,1,indirect,indirect,HoC,1,rush,Lord Henry Somerset;Edward Arthur Somerset
Q7236918,Powlett Milbank,2601,1,3,1,parent,parent;child;grandchild;indirect,HoC,1,panel;rush,Murrough John Wilson;Mark Milbank;Frederick Milbank
Q7245582,"Priscilla Buchan, Baroness Tweedsmuir",6059,1,2,1,indirect,indirect,HoC,1,rush,"John Buchan;James Douglas-Hamilton, Baron Selkirk of Douglas"
Q7253236,Pryce Pryce-Jones,2796,1,1,0,parent,parent,HoC,1,panel,"Sir Edward Pryce-Jones, 1st Baronet"
Q725927,William Edward Hartpole Lecky,2030,0,0,0,,,,1,,
Q7263988,Pádraic Ó Máille,5263,0,0,0,,,,0,,
Q727276,Stewart Jackson,9541,0,0,0,,,,0,,
Q727347,Margot James,9693,0,0,0,,,,0,,
Q7273520,R. C. Lehmann,4687,1,1,0,child,child,HoC,1,panel,Frederick Lehmann
Q7273536,R. C. Wallhead,6123,1,1,0,parent,parent;child,HoC,0,panel;rush,Muriel Nichol
Q727370,Domhnall Ua Buachalla,7838,0,0,0,,,,0,,
Q727410,Siân James,9564,0,0,0,,,,0,,
Q727460,Cathy Jamieson,10108,0,0,0,,,,0,,
Q727587,Dan Jarvis,10071,0,0,0,,,,0,,
Q727798,Sajid Javid,9694,0,0,0,,,,0,,
Q727852,Bernard Jenkin,387,1,1,0,parent,parent;child,HoC,1,panel;rush,Patrick Jenkin
Q727933,Diana Johnson,9520,0,0,0,,,,0,,
Q7279412,Rachel Squire,632,0,0,0,,,,0,,
Q727981,Gareth Johnson,9695,0,0,0,,,,0,,
Q728007,"Charles Anderson-Pelham, 2nd Earl of Yarborough",6256,1,2,1,parent,parent;child;sibling,HoC,1,panel;rush,"Charles Anderson-Pelham, 3rd Earl of Yarborough;Dudley Pelham"
Q728063,Jo Johnson,9696,1,1,0,sibling,sibling,HoC,1,panel;rush,Boris Johnson
Q728119,Andrew Jones,9697,0,0,0,,,,0,,
Q728167,David Jones,9486,0,0,0,,,,0,,
Q728176,Julia Goldsworthy,9504,0,0,0,,,,0,,
Q728202,Graham Jones,10109,0,0,0,,,,0,,
Q7282743,Rafton Pounder,5442,0,0,0,,,,0,,
Q7283849,Raikes Currie,6692,1,1,0,cousin,cousin,HoC,1,panel;rush,Henry Currie
Q7284541,"Rainald Knightley, 1st Baron Knightley",2406,1,1,0,parent,parent;child,HoC,1,panel;rush,Charles Knightley
Q728653,David Drew,256,0,0,0,,,,0,,
Q7287173,Ralph Earle,3838,0,0,0,,,,0,,
Q7287185,"Ralph Assheton, 1st Baron Clitheroe",6416,1,2,1,grandparent,grandparent;indirect,HoC,1,rush,Marcus Worsley;Ralph Assheton
Q7287188,Ralph Assheton,1136,1,1,0,grandchild,grandchild,HoC,1,rush,"Ralph Assheton, 1st Baron Clitheroe"
Q7287229,Ralph Beaumont,8172,1,4,1,child,child;grandchild;niece/nephew;indirect,HoC,1,panel;rush,"Hubert Beaumont;Michael Beaumont;Wentworth Beaumont, 1st Baron Allendale;Wentworth Beaumont, 1st Viscount Allendale"
Q7287242,Ralph Bernal,3168,1,1,0,parent,parent;child,HoC,1,panel;rush,Ralph Bernal Osborne
Q7287243,Ralph Bernal Osborne,2706,1,1,0,parent,parent;child,HoC,1,panel;rush,Ralph Bernal
Q7287346,Ralph Clarke,8817,0,0,0,,,,1,,
Q7287377,Ralph Creyke,1417,0,0,0,,,,0,,
Q7287415,Ralph Dutton,3831,0,0,0,,,,1,,
Q7287466,Ralph Etherton,3901,0,0,0,,,,0,,
Q7287469,Ralph Etwall,3902,0,0,0,,,,0,,
Q7287568,Ralph Grey,6848,0,0,0,,,,0,,
Q7287662,Ralph Howell,8815,0,0,0,,,,0,,
Q7287885,Ralph Morley,5112,0,0,0,,,,0,,
Q7287910,Ralph Neville,2657,0,0,0,,,,0,,
Q7287997,Ralph Rayner,5522,0,0,0,,,,0,,
Q7288086,Ralph Shuttleworth Allen,802,0,0,0,,,,0,,
Q7288235,Ralph Ward Jackson,2349,0,0,0,,,,0,,
Q7290132,Ramsay Muir,5142,0,0,0,,,,0,,
Q7291475,Randal Plunkett,2774,0,0,0,,,,0,,
Q7294024,Raphael Tuck,6045,0,0,0,,,,1,,
Q7297483,Ray Fletcher,8740,0,0,0,,,,0,,
Q7297562,Ray Gunter,8819,0,0,0,,,,0,,
Q7297798,Ray Mawby,4959,0,0,0,,,,0,,
Q7297975,Ray Powell,557,0,0,0,,,,0,,
Q7298285,Ray Whitney,700,0,0,0,,,,0,,
Q7298597,Raymond Blackburn,8377,0,0,0,,,,0,,
Q7298647,Raymond Carter,8818,0,0,0,,,,0,,
Q7298717,Raymond Dobson,9280,0,0,0,,,,0,,
Q7298751,Raymond Ellis,9315,0,0,0,,,,0,,
Q7298808,Raymond Gower,2950,0,0,0,,,,0,,
Q7299109,Raymond Robertson,9391,0,0,0,,,,0,,
Q7306109,Redmond Barry,7460,0,0,0,,,,0,,
Q7306968,Rees Howell Gronow,4187,0,0,0,,,,0,,
Q7307847,Reg Race,5488,0,0,0,,,,0,,
Q7308602,Reginald Berkeley,8177,1,1,0,parent,parent;child,HoC,0,panel;rush,Humphry Berkeley
Q7308603,Reginald Bennett,8823,0,0,0,,,,1,,
Q7308604,Reginald Bevins,3192,0,0,0,,,,0,,
Q7308606,Reginald Blair,8176,0,0,0,,,,0,,
Q7308608,Reginald Blaker,3231,0,0,0,,,,1,,
Q7308646,Reginald Clarry,3509,0,0,0,,,,0,,
Q7308656,Reginald Craddock,3614,0,0,0,,,,0,,
Q7308660,Reginald Croom-Johnson,3639,0,0,0,,,,0,,
Q7308678,Reginald Essenhigh,3894,0,0,0,,,,0,,
Q7308682,Reginald Eyre,8822,0,0,0,,,,0,,
Q7308694,"Reginald Fletcher, 1st Baron Winster",8179,0,0,0,,,,1,,
Q7308730,Reginald Hanson,2219,0,0,0,,,,0,,
Q7308767,Reginald Blewitt,3240,0,0,0,,,,0,,
Q7308828,Reginald Nicholson,8175,0,0,0,,,,0,,
Q7308844,Reginald Pole-Carew,5422,1,1,0,child,child,HoC,1,panel,William Pole-Carew
Q7308870,"Reginald Sorensen, Baron Sorensen",5805,0,0,0,,,,1,,
Q7313013,Renee Short,9282,0,0,0,,,,0,,
Q7313345,Rennie Smith,8181,0,0,0,,,,0,,
Q7317410,Reuben Barrow,1175,0,0,0,,,,0,,
Q7321005,Rhodes Boyson,3306,0,0,0,,,,0,,
Q7321773,Rhys Davies,8826,0,0,0,,,,0,,
Q7321789,Rhys Hopkin Morris,8825,0,0,0,,,,0,,
Q7321835,Rhys Rhys-Williams,8182,1,1,0,parent,parent;child,HoC,1,panel;rush,Brandon Rhys-Williams
Q7323631,Richard Acland,24,1,2,1,parent,parent;child;grandparent;grandchild,HoC,1,panel;rush,"Sir Francis Dyke Acland, 14th Baronet;Sir Arthur Dyke Acland, 13th Baronet"
Q7323632,Richard Adams,42,0,0,0,,,,0,,
Q7323675,Richard Alexander Oswald,7088,1,2,1,child,child;sibling,HoC,1,rush,Alexander Haldane Oswald;James Oswald
Q7323728,Richard Amphlett,1116,0,0,0,,,,0,,
Q7323773,Richard Arkwright,1128,0,0,0,,,,0,,
Q7323902,Richard Baggallay,1145,1,1,0,child,child,HoC,1,rush,Ernest Baggallay
Q7323926,Richard Wingfield-Baker,1075,1,2,1,sibling,sibling;indirect,HoC,1,panel;rush,"Charles John Wingfield;John Hanmer, 1st Baron Hanmer"
Q7323964,Richard Barnett,8192,0,0,0,,,,0,,
Q7324087,Richard Bellew,3156,1,1,0,sibling,sibling,HoC,0,rush,"Patrick Bellew, 1st Baron Bellew"
Q7324151,Richard Bethell,3182,0,0,0,,,,0,,
Q7324203,Richard Blakemore,3229,0,0,0,,,,0,,
Q7324235,Richard Body,135,0,0,0,,,,0,,
Q7324261,Richard Bootle-Wilbraham,6199,1,3,1,niece/nephew,niece/nephew;indirect,HoC,1,rush,"George Wilbraham;Edward Smith-Stanley, 14th Earl of Derby;Edward Stanley, 15th Earl of Derby"
Q7324298,"Richard Boyle, 4th Earl of Shannon",,0,0,0,,,,1,,
Q7324336,Richard Bright,1264,0,0,0,,,,0,,
Q7324344,Richard Brinsley Sheridan,7204,0,0,0,,,,1,,
Q7324382,Richard Brooman-White,3358,0,0,0,,,,0,,
Q7324423,Richard Buchanan,8827,0,0,0,,,,0,,
Q7324695,"Richard Chaloner, 1st Baron Gisborough",2109,1,4,1,parent,parent;child;sibling;grandchild;uncle/aunt,HoC,1,panel;rush,"Richard Long, 3rd Viscount Long;Walter Long;Walter Long, 1st Viscount Long;Richard Penruddocke Long"
Q7324698,Richard Chamberlain,1353,1,3,1,sibling,sibling;uncle/aunt,HoC,1,panel;rush,Neville Chamberlain;Austen Chamberlain;Joseph Chamberlain
Q7324727,Richard Cherry,3488,0,0,0,,,,0,,
Q7324797,Richard Clitherow,3531,0,0,0,,,,0,,
Q7324833,Richard Collard,3564,0,0,0,,,,0,,
Q7324846,Richard Colvin,9195,0,0,0,,,,0,,
Q7324905,Richard Cornthwaite Lambert,7411,0,0,0,,,,0,,
Q7324959,Richard Crawshaw,3623,0,0,0,,,,1,,
Q7324984,Richard Crowder,3648,0,0,0,,,,0,,
Q7325013,"Richard Curzon, 4th Earl Howe",1439,1,4,1,parent,parent;child;uncle/aunt;indirect,HoC,1,panel;rush,"John Spencer-Churchill, 7th Duke of Marlborough;Francis Curzon, 5th Earl Howe;George Curzon-Howe, 2nd Earl Howe;Montagu Curzon"
Q7325087,Richard Dane,1449,0,0,0,,,,1,,
Q7325106,Richard Davies,1459,0,0,0,,,,0,,
Q7325121,Richard Davison,6705,0,0,0,,,,0,,
Q7325132,Richard Dawson,1466,0,0,0,,,,0,,
Q7325168,Richard Denman,8184,0,0,0,,,,1,,
Q7325269,Richard Dowse,1511,0,0,0,,,,0,,
Q7325339,Richard Dyott,1529,0,0,0,,,,0,,
Q7325433,Richard Edensor Heathcote,4308,0,0,0,,,,1,,
Q7325564,Richard Ewart,8828,0,0,0,,,,0,,
Q7325642,Richard Fellowes Benyon,1210,1,3,1,sibling,sibling;uncle/aunt;niece/nephew,HoC,1,panel;rush,"Ailwyn Fellowes, 1st Baron Ailwyn;Edward Fellowes, 1st Baron de Ramsey;William Fellowes, 2nd Baron de Ramsey"
Q7325732,Richard Fort,6799,1,2,1,parent,parent;child,HoC,0,panel;rush,John Fort;Richard Fort
Q7325733,Richard Fort,1631,1,2,1,parent,parent;child;grandchild,HoC,0,panel;rush,John Fort;Richard Fort
Q7325734,Richard Fort,8829,0,0,0,,,,0,,
Q7325746,Richard Fothergill,1637,0,0,0,,,,0,,
Q7325782,Richard Campbell,1325,0,0,0,,,,0,,
Q7325877,Richard Garth,4069,0,0,0,,,,1,,
Q7325904,Richard George Briscoe,8187,0,0,0,,,,0,,
Q7326040,Richard Greaves Townley,6017,0,0,0,,,,1,,
Q7326042,Richard Green-Price,1731,1,1,0,uncle/aunt,uncle/aunt,HoC,1,rush,Richard Price
Q7326097,"Richard Grosvenor, 1st Baron Stalbridge",1744,1,5,1,parent,parent;child;sibling;uncle/aunt;niece/nephew,HoC,1,panel;rush,"Robert Grosvenor, 1st Baron Ebury;Hugh Grosvenor, 1st Duke of Westminster;Richard Grosvenor, 2nd Marquess of Westminster;Norman Grosvenor;Robert Grosvenor, 2nd Baron Ebury"
Q7326246,"Richard Handcock, 3rd Baron Castlemaine",,1,1,0,parent,parent,HoC,1,panel,Henry Handcock
Q7326262,Richard Harden,4252,0,0,0,,,,1,,
Q7326339,Richard Hayes,6374,0,0,0,,,,0,,
Q7326349,Richard Hazleton,4304,1,1,0,niece/nephew,niece/nephew,HoC,0,rush,Patrick Whitty
Q7326444,Richard Hickmet,4353,0,0,0,,,,0,,
Q7326516,Richard Holt,2971,0,0,0,,,,0,,
Q7326539,Richard Hornby,8839,0,0,0,,,,0,,
Q7326852,Richard Jenkins,6935,0,0,0,,,,0,,
Q7326879,Richard John Russell,8189,0,0,0,,,,0,,
Q7326880,Richard John Soper,5803,0,0,0,,,,0,,
Q7327032,Richard Kelley,4563,0,0,0,,,,0,,
Q7327054,Richard Ker,6959,1,3,1,child,child;sibling;uncle/aunt;niece/nephew;indirect,HoC,1,panel;rush,David Guardi Ker;David Stewart Ker;Richard William Blackwood Ker
Q7327223,Richard Lalor,2417,1,1,0,parent,parent;child,HoC,0,panel;rush,Patt Lalor
Q7327224,Richard Lalor Sheil,7203,1,1,0,niece/nephew,niece/nephew,HoC,1,rush,Edward Sheil
Q7327335,Dick Leonard,4704,0,0,0,,,,0,,
Q7327444,Richard Longfield,4750,0,0,0,,,,1,,
Q7327488,Richard Luce,4777,0,0,0,,,,1,,
Q7327666,Richard Martin Bingham,8837,0,0,0,,,,0,,
Q7327688,Richard Mathias,4951,0,0,0,,,,0,,
Q7327738,Richard McGhee,2165,1,1,0,child,child,HoC,0,rush,Henry McGhee
Q7327890,Richard More O'Ferrall,5254,0,0,0,,,,1,,
Q7327903,Richard Morris,8183,0,0,0,,,,0,,
Q7327920,Richard Moss,2638,0,0,0,,,,0,,
Q7328015,Richard Needham,5186,0,0,0,,,,1,,
Q7328258,Richard Page,541,0,0,0,,,,0,,
Q7328362,Richard Penruddocke Long,6990,1,5,1,parent,parent;child;grandparent;indirect,HoC,1,panel;rush,"Richard Long, 3rd Viscount Long;Walter Long;William Wentworth FitzWilliam Dick;Walter Long, 1st Viscount Long;Richard Chaloner, 1st Baron Gisborough"
Q7328408,"Richard Philipps, 1st Baron Milford",5385,0,0,0,,,,0,,
Q7328434,Richard Pilkington,7517,0,0,0,,,,0,,
Q7328435,Richard Pilkington,8830,0,0,0,,,,0,,
Q7328487,Richard Potter,7133,0,0,0,,,,1,,
Q7328492,Richard Power,2787,0,0,0,,,,0,,
Q7328511,Richard Prime,5453,0,0,0,,,,0,,
Q7328621,Richard Reader Harris,8840,0,0,0,,,,0,,
Q7328677,Richard Rigg,5580,0,0,0,,,,1,,
Q7328690,Richard Robert Fairbairn,8190,0,0,0,,,,0,,
Q7328891,Richard Sargood,5668,0,0,0,,,,0,,
Q7328987,Richard Sharples,5718,0,0,0,,,,1,,
Q7328991,Richard Shaw,841,0,0,0,,,,0,,
Q7329057,Richard Sims Donkin,1504,0,0,0,,,,0,,
Q7329126,Richard Smyth,882,0,0,0,,,,0,,
Q7329188,Richard Spooner,5828,0,0,0,,,,1,,
Q7329218,Richard Stanley,8838,1,4,1,parent,parent;child;grandparent;grandchild;uncle/aunt;niece/nephew;indirect,HoC,1,panel;rush,"Edward Stanley, 17th Earl of Derby;Oliver Stanley;Edward Stanley, Lord Stanley;George Stanley"
Q7329243,Richard Stephens Jackson,7422,0,0,0,,,,0,,
Q7329262,Richard Stokes,5887,0,0,0,,,,0,,
Q7329269,Richard Storry Deans,3710,0,0,0,,,,0,,
Q7329286,Richard Strong,906,0,0,0,,,,0,,
Q7329450,Richard Thomas Evans,8191,0,0,0,,,,0,,
Q7329532,Richard Tracey,6022,0,0,0,,,,0,,
Q7329566,Richard Tufnell,6049,1,1,0,parent,parent,HoC,0,rush,Edward Tufnell
Q7329660,"Richard Verney, 19th Baron Willoughby de Broke",980,0,0,0,,,,1,,
Q7329753,Richard Wainwright,6104,0,0,0,,,,0,,
Q7329773,Richard Walker,6815,0,0,0,,,,0,,
Q7329841,Richard Watson,7330,0,0,0,,,,1,,
Q7329921,Richard Weyland,9424,1,1,0,indirect,indirect,HoC,0,rush,"Sir Frederick Johnstone, 7th Baronet"
Q7329932,Richard Whitaker Porritt,5436,0,0,0,,,,0,,
Q7329984,Richard William Blackwood Ker,2390,1,3,1,parent,parent;child;grandchild;uncle/aunt;niece/nephew,HoC,1,panel;rush,David Guardi Ker;David Stewart Ker;Richard Ker
Q7330039,Richard Winfrey,6228,0,0,0,,,,0,,
Q7330043,"Richard Wingfield, 6th Viscount Powerscourt",5443,0,0,0,,,,1,,
Q7330046,Richard Winterbottom,6234,0,0,0,,,,0,,
Q7330071,"Richard Wood, Baron Holderness",8831,1,2,1,parent,parent;child;sibling,HoC,1,panel;rush,"Edward Wood, 1st Earl of Halifax;Charles Wood, 2nd Earl of Halifax"
Q7331885,Rickard Deasy,6710,0,0,0,,,,1,,
Q7333378,Rigby Swift,5937,0,0,0,,,,0,,
Q7333379,Rigby Wason,7328,1,2,1,child,child,HoC,0,rush,Eugene Wason;Cathcart Wason
Q7340341,Rob Marris,5241,0,0,0,,,,0,,
Q7341344,"Robert Adair, 1st Baron Waveney",32,1,1,0,sibling,sibling,HoC,1,panel,Hugh Adair
Q7341370,Robert Adley,58,0,0,0,,,,0,,
Q7341442,"Robert Allan, Baron Allan of Kilmahew",6418,0,0,0,,,,1,,
Q7341474,Robert Alstead,3009,0,0,0,,,,0,,
Q7341524,Robert Allison,804,0,0,0,,,,0,,
Q7341528,Robert Andrew Macfie,2528,0,0,0,,,,0,,
Q7341583,Robert Armitage,6375,0,0,0,,,,0,,
Q7341620,Robert Ascroft,1133,0,0,0,,,,0,,
Q7341630,Robert Ashton Lister,4726,0,0,0,,,,0,,
Q7341795,Robert Baillie-Hamilton,1151,0,0,0,,,,1,,
Q7341850,Robert Banks,9072,0,0,0,,,,0,,
Q7341932,Robert Bateson,6547,1,2,1,parent,parent;child;sibling,HoC,1,panel;rush,"Sir Robert Bateson, 1st Baronet;Thomas Bateson, 1st Baron Deramore"
Q7341969,Robert Bean,3131,0,0,0,,,,0,,
Q7342062,Robert Bernays,3174,0,0,0,,,,0,,
Q7342089,Robert Bickersteth,1216,0,0,0,,,,1,,
Q7342094,Robert Biddulph,6567,1,2,1,parent,parent;child;grandchild,HoC,1,panel;rush,"Michael Biddulph, 1st Baron Biddulph;Robert Myddelton Biddulph"
Q7342109,Robert Brassey,7595,1,3,1,parent,parent;child;niece/nephew,HoC,1,panel;rush,"Thomas Brassey, 1st Earl Brassey;Albert Brassey;Henry Brassey"
Q7342224,Robert Boscawen,3263,0,0,0,,,,1,,
Q7342253,Robert Bownas Mackie,2537,0,0,0,,,,0,,
Q7342295,Robert Bradford,3316,0,0,0,,,,0,,
Q7342380,Robert Bromley,3355,0,0,0,,,,1,,
Q7342399,Robert Brown,8849,0,0,0,,,,0,,
Q7342465,Robert Bruford,3372,0,0,0,,,,0,,
Q7342500,Robert Burdon Stoker,5884,0,0,0,,,,0,,
Q7342531,Robert Burton-Chadwick,8207,0,0,0,,,,1,,
Q7342701,Robert Cameron,1846,0,0,0,,,,0,,
Q7342733,Robert Cant,3437,0,0,0,,,,0,,
Q7342745,"Robert Carew, 2nd Baron Carew",6628,1,1,0,parent,parent;child,HoC,1,panel;rush,"Robert Carew, 1st Baron Carew"
Q7342746,"Robert Carew, 1st Baron Carew",6627,1,1,0,parent,parent;child,HoC,1,panel;rush,"Robert Carew, 2nd Baron Carew"
Q7342786,"Robert Carrington, 2nd Baron Carrington",7218,1,7,1,parent,parent;uncle/aunt;cousin,HoC,1,panel;rush,"John Abel Smith;John Smith;George Robert Smith;Charles Wynn-Carington, 1st Marquess of Lincolnshire;Abel Smith;Rupert Carington, 4th Baron Carrington;William Carington"
Q7342855,Robert Chancellor Nesbitt,5193,0,0,0,,,,1,,
Q7342905,Robert Chichester,2921,1,4,1,grandparent,grandparent;indirect,HoC,1,rush,"George Chichester, 3rd Marquess of Donegall;Lord Arthur Chichester;Lord John Chichester;Robert Peel Dawson"
Q7342986,Robert Clive,6659,1,9,1,parent,parent;child;sibling;grandparent;grandchild;uncle/aunt;niece/nephew;indirect,HoC,1,panel;rush,"Edward Clive;George Windsor-Clive;Henry Clive;Edward Herbert, 2nd Earl of Powis;Edward Herbert, 3rd Earl of Powis;George Clive;George Windsor-Clive;Percy Herbert;Robert Windsor-Clive"
Q7343038,"Robert Collier, 1st Baron Monkswell",1400,1,1,0,parent,parent;child,HoC,1,panel;rush,John Collier
Q7343089,Robert Cooke,8855,0,0,0,,,,0,,
Q7343166,Robert Cox,1407,0,0,0,,,,1,,
Q7343217,Robert Crouch,3646,0,0,0,,,,0,,
Q7343271,Robert Cutlar Fergusson,3085,0,0,0,,,,0,,
Q7343366,Robert Dalglish,1444,0,0,0,,,,0,,
Q7343427,Robert Davies,8858,0,0,0,,,,0,,
Q7343554,Robert Dimsdale,1497,0,0,0,,,,1,,
Q7343679,Robert Duncan,7480,0,0,0,,,,0,,
Q7343687,Robert Duncombe Shafto,5713,0,0,0,,,,1,,
Q7343988,Robert Edwards,8844,1,1,0,indirect,indirect,HoC,0,rush,Elijah Sandham
Q7344266,Robert Farquharson,1996,0,0,0,,,,1,,
Q7344299,Robert Ferguson,1592,1,1,0,parent,parent,HoC,0,rush,Joseph Ferguson
Q7344305,Robert Ferguson of Raith,6447,1,4,1,parent,parent;sibling;grandparent;niece/nephew,HoC,1,panel;rush,"Robert Ferguson;Sir John Ferguson Davie, 2nd Baronet;Ronald Craufurd Ferguson;Sir Henry Ferguson Davie, 1st Baronet"
Q7344432,Robert Forgan,4015,0,0,0,,,,0,,
Q7344485,Robert Francis Peel,8213,0,0,0,,,,1,,
Q7344521,Robert Nelson,8215,0,0,0,,,,0,,
Q7344701,Robert Gee,4080,0,0,0,,,,0,,
Q7344707,Robert Gent-Davis,1671,0,0,0,,,,0,,
Q7344753,"Robert Gibson, Lord Gibson",8203,0,0,0,,,,0,,
Q7344809,Robert Glendinning,4110,0,0,0,,,,0,,
Q7344855,Robert Gordon,6827,0,0,0,,,,0,,
Q7344909,Robert Grant-Ferris,4153,0,0,0,,,,1,,
Q7344973,"Robert Grimston, 1st Baron Grimston of Westbury",8863,1,1,0,cousin,cousin,HoC,1,panel;rush,"John Grimston, 6th Earl of Verulam"
Q7344985,"Robert Grosvenor, 2nd Baron Ebury",1745,1,5,1,parent,parent;child;sibling;niece/nephew;indirect,HoC,1,panel;rush,"Robert Grosvenor, 1st Baron Ebury;Hugh Grosvenor, 1st Duke of Westminster;Richard Grosvenor, 2nd Marquess of Westminster;Norman Grosvenor;Richard Grosvenor, 1st Baron Stalbridge"
Q7345002,Robert Gunter,1981,1,1,0,indirect,indirect,HoC,1,rush,"Sir William Younger, 1st Baronet, of Auchen Castle"
Q7345003,"Robert Gurdon, 1st Baron Cranworth",1752,1,3,1,parent,parent;child;sibling;uncle/aunt;niece/nephew,HoC,1,panel;rush,John Gurdon Rebow;Brampton Gurdon;William Brampton Gurdon
Q7345005,Robert Gurth Hughes,6998,0,0,0,,,,0,,
Q7345163,Robert Haldane Bradshaw,,1,1,0,parent,parent,HoC,0,panel,James Bradshaw
Q7345173,Robert Hall,6861,0,0,0,,,,0,,
Q7345214,Robert Hamilton Lloyd-Anstruther,2483,0,0,0,,,,1,,
Q7345299,Robert Harvey,9349,0,0,0,,,,1,,
Q7345346,Robert Hayward,4302,0,0,0,,,,1,,
Q7345432,Robert Henry Hurst,2332,1,1,0,parent,parent;child,HoC,1,panel;rush,Robert Henry Hurst
Q7345433,Robert Henry Hurst,6925,1,1,0,parent,parent;child,HoC,0,panel;rush,Robert Henry Hurst
Q7345461,"Robert Hermon-Hodge, 1st Baron Wyfold",2086,1,1,0,indirect,indirect,HoC,1,rush,Edward Hermon
Q7345487,Robert Hewitt Barker,3101,0,0,0,,,,0,,
Q7345495,Robert Hicks,8846,0,0,0,,,,0,,
Q7345526,"Sir Robert Hobart, 1st Baronet",4384,0,0,0,,,,1,,
Q7345572,Robert Hollond,6903,0,0,0,,,,0,,
Q7345644,Robert Howarth,9286,0,0,0,,,,0,,
Q7345721,Robert Hunter Craig,7499,0,0,0,,,,0,,
Q7345741,"Robert Hutchison, 1st Baron Hutchison of Montrose",8195,0,0,0,,,,1,,
Q7345752,Robert Hyde Greg,4169,0,0,0,,,,0,,
Q7345792,Robert Ingham,4477,0,0,0,,,,0,,
Q7346007,Robert Jackson,8214,0,0,0,,,,0,,
Q7346069,Robert Jasper More,1934,1,1,0,indirect,indirect,HoC,1,rush,Jasper More
Q7346084,Robert Jenkins,8848,0,0,0,,,,0,,
Q7346117,"Robert Jocelyn, Viscount Jocelyn",4525,0,0,0,,,,1,,
Q7346123,Robert John Collie,3568,0,0,0,,,,0,,
Q7346134,Robert John Price,2076,0,0,0,,,,0,,
Q7346201,"Sir Robert Clifton, 9th Baronet",1377,0,0,0,,,,1,,
Q7346312,Robert Kennard,6954,1,2,1,niece/nephew,niece/nephew,HoC,1,rush,Coleridge Kennard;Edmund Kennard
Q7346357,"Robert King, 4th Earl of Kingston",,0,0,0,,,,1,,
Q7346370,Robert Kingscote,2396,0,0,0,,,,1,,
Q7346417,Robert Knight,,0,0,0,,,,1,,
Q7346674,Robert Lacey Everett,2892,0,0,0,,,,0,,
Q7346775,Robert Leake,2436,0,0,0,,,,0,,
Q7346849,Robert Leonard Outhwaite,5298,0,0,0,,,,0,,
Q7347028,"Robert Loyd-Lindsay, 1st Baron Wantage",2475,0,0,0,,,,1,,
Q7347072,Robert Lynn,4803,0,0,0,,,,0,,
Q7347211,Robert MacDonald,8197,0,0,0,,,,0,,
Q7347224,Robert MacGregor Mitchell,8220,0,0,0,,,,0,,
Q7347400,Robert Mason,8201,0,0,0,,,,0,,
Q7347411,Robert Mathew,9409,0,0,0,,,,0,,
Q7347467,Robert McCalmont,8208,1,1,0,parent,parent;child,HoC,1,panel;rush,James Martin McCalmont
Q7347473,Robert McCartney,485,0,0,0,,,,0,,
Q7347488,Robert McCrindle,4988,0,0,0,,,,0,,
Q7347536,Robert McIntyre,8212,0,0,0,,,,0,,
Q7347562,Robert McLaren,8196,0,0,0,,,,0,,
Q7347594,Robert McTaggart,2951,0,0,0,,,,0,,
Q7347607,Robert Meek Carter,1338,0,0,0,,,,0,,
Q7347687,Robert Milligan,9036,0,0,0,,,,0,,
Q7347794,Robert Morgan,8217,0,0,0,,,,0,,
Q7347825,"Robert Morrison, 1st Baron Morrison",8210,0,0,0,,,,0,,
Q7347872,"Robert Munro, 1st Baron Alness",5155,0,0,0,,,,1,,
Q7347890,Robert Murray,8194,0,0,0,,,,0,,
Q7347908,Robert Myddelton Biddulph,6568,1,1,0,parent,parent,HoC,1,rush,Robert Biddulph
Q7347980,Robert Needham Philips,2756,1,2,1,grandchild,grandchild;indirect,HoC,0,rush,"Sir Charles Trevelyan, 3rd Baronet;Sir George Trevelyan, 2nd Baronet"
Q7348008,Robert Newbald Kay,4542,0,0,0,,,,0,,
Q7348016,"Robert Newman, 1st Baron Mamhead",5199,0,0,0,,,,1,,
Q7348069,Robert Norton,2673,0,0,0,,,,0,,
Q7348071,Robert Noton Barclay,8221,0,0,0,,,,0,,
Q7348173,Robert Otway-Cave,6636,1,2,1,cousin,cousin;indirect,HoC,1,panel;rush,"Francis Burdett;Sir Arthur Otway, 3rd Baronet"
Q7348264,Robert Palmer,7099,0,0,0,,,,0,,
Q7348295,Robert Parkinson Tomlinson,8222,0,0,0,,,,0,,
Q7348751,Robert Parry,8845,0,0,0,,,,0,,
Q7348754,Robert Parry Nisbet,5217,0,0,0,,,,0,,
Q7348796,Robert Pearce,7653,0,0,0,,,,0,,
Q7348806,Robert Peel Dawson,1467,1,3,1,child,child;grandchild;indirect,HoC,1,panel;rush,Robert Peel;George Robert Dawson;Robert Chichester
Q7348852,Robert Laurie,2424,0,0,0,,,,0,,
Q7348896,Robert Pierpont,1899,0,0,0,,,,0,,
Q7348908,Robert Pilkington,8223,0,0,0,,,,0,,
Q7349025,Robert Preston Bruce,1284,1,2,1,child,child;uncle/aunt;niece/nephew,HoC,1,panel;rush,"James Bruce, 8th Earl of Elgin;Thomas Charles Bruce"
Q7349063,Robert Pullar,5477,0,0,0,,,,0,,
Q7349066,Robert Purvis,1927,0,0,0,,,,0,,
Q7349170,Robert Ratcliff,5509,0,0,0,,,,0,,
Q7349202,Robert Redmond,8861,0,0,0,,,,0,,
Q7349255,Robert Rhodes James,5560,0,0,0,,,,0,,
Q7349268,Robert Richards,8843,0,0,0,,,,0,,
Q7349272,Robert Richardson-Gardner,763,0,0,0,,,,0,,
Q7349273,Robert Richardson,8202,0,0,0,,,,0,,
Q7349362,"Robert Rolfe, 1st Baron Cranworth",5598,0,0,0,,,,1,,
Q7349375,Robert Ropner,5612,0,0,0,,,,1,,
Q7349428,Robert Rushbrooke,5641,0,0,0,,,,0,,
Q7349441,Robert Ryder,8851,0,0,0,,,,1,,
Q7349560,"Robert Sanders, 1st Baron Bayford",9197,0,0,0,,,,1,,
Q7349602,"Robert Scarlett, 2nd Baron Abinger",5678,1,4,1,parent,parent;child;sibling;niece/nephew;indirect,HoC,1,panel;rush,"James Scarlett, 1st Baron Abinger;John Campbell, 1st Baron Campbell;James Yorke Scarlett;William Campbell, 2nd Baron Stratheden and Campbell"
Q7349719,Robert Sharman-Crawford,5716,0,0,0,,,,0,,
Q7349861,Robert Smillie,5779,0,0,0,,,,0,,
Q7349952,Robert Spence,5822,0,0,0,,,,0,,
Q7349959,Robert Dyer Lyons,2506,0,0,0,,,,0,,
Q7350013,Robert Stayner Holford,2291,0,0,0,,,,1,,
Q7350070,Robert Stewart Menzies,2593,0,0,0,,,,0,,
Q7350074,Robert Blaine,1229,0,0,0,,,,0,,
Q7350129,Robert Strother Stewart,8225,0,0,0,,,,0,,
Q7350279,Robert Tasker,5946,0,0,0,,,,0,,
Q7350284,Robert Bower,3285,0,0,0,,,,1,,
Q7350290,Robert Taylor,8857,0,0,0,,,,0,,
Q7350292,Robert Taylor,8853,0,0,0,,,,0,,
Q7350344,Robert Thomas Jones,8226,0,0,0,,,,0,,
Q7350384,Robert Thorp,5982,0,0,0,,,,0,,
Q7350434,Robert Torrens O'Neill,2912,1,4,1,sibling,sibling;uncle/aunt;niece/nephew;indirect,HoC,1,panel;rush,"Hugh O'Neill, 1st Baron Rathcavan;Arthur O'Neill;Edward O'Neill, 2nd Baron O'Neill;Phelim O'Neill, 2nd Baron Rathcavan"
Q7350436,Robert Torrens,952,1,1,0,parent,parent;child,HoC,1,panel;rush,Robert Torrens
Q7350514,Robert Tweedie Middleton,2599,0,0,0,,,,0,,
Q7350550,Robert Jackson,385,0,0,0,,,,0,,
Q7350589,Robert Vaughan Gower,9198,0,0,0,,,,0,,
Q7350597,Robert Harcourt,7377,1,3,1,parent,parent;child;sibling;niece/nephew,HoC,1,panel;rush,"Edward William Harcourt;Lewis Harcourt, 1st Viscount Harcourt;William Vernon Harcourt"
Q7350603,"Robert Vernon, 1st Baron Lyveden",7219,1,1,0,parent,parent,HoC,1,panel,Greville Richard Vernon
Q7350786,Robert Waithman,6105,0,0,0,,,,0,,
Q7350808,Robert Wallace,987,0,0,0,,,,0,,
Q7350809,Robert Wallace,6478,0,0,0,,,,0,,
Q7350854,Robert Ward,993,1,2,1,niece/nephew,niece/nephew,HoC,1,rush,"George Ward, 1st Viscount Ward of Witley;William Ward, 3rd Earl of Dudley"
Q7350873,Robert Warren,6138,0,0,0,,,,1,,
Q7350957,Robert Wellbeloved Scott,6600,0,0,0,,,,0,,
Q7351045,Robert Wigram Crawford,1414,1,2,1,parent,parent;child,HoC,0,panel;rush,William Crawford;William Sharman Crawford
Q7351077,Robert William Cochran-Patrick,1388,0,0,0,,,,0,,
Q7351087,Robert William Hamilton,8227,0,0,0,,,,0,,
Q7351090,Robert William Hanbury,1893,0,0,0,,,,0,,
Q7351116,Robert Williams,6473,1,2,1,parent,parent;child;grandparent;grandchild,HoC,1,panel;rush,"Robert Williams;Sir Robert Williams, 1st Baronet"
Q7351117,Robert Williams,6430,1,2,1,parent,parent;child,HoC,1,panel;rush,"Robert Williams;Sir Robert Williams, 1st Baronet"
Q7351171,Robert Windsor-Clive,6660,1,9,1,parent,parent;child;sibling;uncle/aunt;niece/nephew;indirect,HoC,1,panel;rush,"Edward Clive;George Windsor-Clive;Henry Clive;Edward Clive;Edward Herbert, 2nd Earl of Powis;Edward Herbert, 3rd Earl of Powis;George Clive;George Windsor-Clive;Robert Clive"
Q7351255,Robert Workman Smith,8228,0,0,0,,,,1,,
Q7351314,Robert Yerburgh,1789,1,2,1,parent,parent;child;indirect,HoC,1,panel;rush,"Daniel Thwaites;Robert Yerburgh, 1st Baron Alvingham"
Q7351315,"Robert Yerburgh, 1st Baron Alvingham",6376,1,2,1,parent,parent;child;grandparent,HoC,1,panel;rush,Daniel Thwaites;Robert Yerburgh
Q7351322,Robert Young,6378,0,0,0,,,,0,,
Q7351326,Robert Young,6417,0,0,0,,,,0,,
Q7352318,Robin Chichester-Clark,3498,0,0,0,,,,1,,
Q7352645,Robin Maxwell-Hyslop,4962,0,0,0,,,,1,,
Q7352800,Robin Squire,9331,0,0,0,,,,0,,
Q7352835,"Robin Turton, Baron Tranmire",6057,1,1,0,uncle/aunt,uncle/aunt,HoC,1,rush,"Sir Edmund Turton, 1st Baronet"
Q7352839,"Robin Vane-Tempest-Stewart, 8th Marquess of Londonderry",7858,1,3,1,parent,parent;child;grandparent;grandchild;indirect,HoC,1,panel;rush,"Charles Vane-Tempest-Stewart, 7th Marquess of Londonderry;Oliver Stanley;Charles Vane-Tempest-Stewart, 6th Marquess of Londonderry"
Q7353067,Robinson Souttar,886,0,0,0,,,,0,,
Q7356340,Rod Richards,7289,0,0,0,,,,0,,
Q7356568,Roderic Bowen,3283,0,0,0,,,,0,,
Q7356628,Roderick Kedward,4551,0,0,0,,,,0,,
Q7356639,Roderick Macdonald,2522,0,0,0,,,,0,,
Q7356643,"Roderick Macleod, 4th of Cadboll",4861,0,0,0,,,,0,,
Q7358166,Roger Eykyn,1577,0,0,0,,,,0,,
Q7358194,Roger Fleetwood-Hesketh,8866,0,0,0,,,,1,,
Q7358263,Roger Gresham Cooke,8867,0,0,0,,,,0,,
Q7358444,Roger Kenneth Evans,9386,0,0,0,,,,0,,
Q7358460,Roger King,9354,0,0,0,,,,0,,
Q7358482,Roger Knapman,4612,0,0,0,,,,0,,
Q7358525,Roger Leigh,2453,0,0,0,,,,0,,
Q7358558,"Roger Lumley, 11th Earl of Scarbrough",4781,0,0,0,,,,1,,
Q7358667,Roger Moate,5073,0,0,0,,,,0,,
Q7358919,Roger Sims,5757,0,0,0,,,,0,,
Q7358920,Roger Sinclair Aytoun,1141,0,0,0,,,,0,,
Q7358960,Roger Stott,77,0,0,0,,,,0,,
Q7358971,Roger Sweetman,8231,0,0,0,,,,1,,
Q7359001,Roger Thomas,9333,0,0,0,,,,0,,
Q7359110,Roger White,8868,0,0,0,,,,0,,
Q7360262,Roland Hamilton,8871,0,0,0,,,,0,,
Q7360294,Roland Jennings,8870,0,0,0,,,,0,,
Q7360351,Roland Moyle,5134,1,1,0,parent,parent,HoC,0,rush,"Arthur Moyle, Baron Moyle"
Q7360409,"Roland Robinson, 1st Baron Martonmere",8721,0,0,0,,,,1,,
Q7360709,Rolf Dudley-Williams,3795,0,0,0,,,,1,,
Q736160,Kim Howells,369,0,0,0,,,,0,,
Q7364070,Ron Ledger,4677,0,0,0,,,,0,,
Q7364072,Ron Leighton,2929,0,0,0,,,,0,,
Q7364652,Ronald Atkins,6419,1,1,0,parent,parent,HoC,0,panel,Charlotte Atkins
Q7364676,Ronald Bell,8878,0,0,0,,,,0,,
Q7364692,Ronald Bray,3327,0,0,0,,,,0,,
Q7364703,Ronald Brown,8882,1,1,0,sibling,sibling,HoC,0,rush,"George Brown, Baron George-Brown"
Q7364710,Ronald Buxton,8873,0,0,0,,,,1,,
Q7364728,Ronald Cartland,3452,0,0,0,,,,1,,
Q7364734,Ronald Chamberlain,8872,0,0,0,,,,0,,
Q7364764,Ronald Craufurd Ferguson,6775,1,3,1,parent,parent;sibling;grandparent,HoC,0,panel;rush,"Ronald Munro Ferguson, 1st Viscount Novar;Robert Ferguson;Robert Ferguson of Raith"
Q7364912,Ronald Greville,7604,1,4,1,parent,parent;child;grandchild;niece/nephew;indirect,HoC,1,panel;rush,"Reginald Greville-Nugent;George Greville-Nugent;Algernon Greville, 2nd Baron Greville;Fulke Greville-Nugent, 1st Baron Greville"
Q7365023,"Ronald King Murray, Lord Murray",8877,0,0,0,,,,0,,
Q7365060,Ronald Lewis,8876,0,0,0,,,,0,,
Q7365140,"Ronald Nall-Cain, 2nd Baron Brocket",5173,0,0,0,,,,1,,
Q7365248,Ronald Russell,8880,0,0,0,,,,0,,
Q7365259,Ronald Williams,8232,0,0,0,,,,0,,
Q7365266,Ronald Scott-Miller,5690,0,0,0,,,,0,,
Q7365322,Ronald Thomas,8879,0,0,0,,,,0,,
Q7365334,Ronald Tree,6026,1,1,0,sibling,sibling,HoC,1,panel,"David Beatty, 2nd Earl Beatty"
Q7365398,Ronald Williams,8881,0,0,0,,,,0,,
Q7366736,Roper Lethbridge,2459,0,0,0,,,,0,,
Q7368880,Rosie Barnes,1138,0,0,0,,,,0,,
Q7369291,Ross Donnelly Mangles,4913,1,2,1,parent,parent;child;sibling,HoC,1,panel;rush,James Mangles;Charles Edward Mangles
Q7372096,Rowland Barran,7661,1,1,0,parent,parent;child,HoC,1,panel;rush,"Sir John Barran, 1st Baronet"
Q7372100,"Rowland Blades, 1st Baron Ebbisham",7943,0,0,0,,,,1,,
Q7372102,Rowland Blennerhassett,1234,1,2,1,indirect,indirect,HoC,1,rush,"Arthur Blennerhassett;Sir Rowland Blennerhassett, 4th Baronet"
Q7372108,Rowland Burdon,3396,0,0,0,,,,0,,
Q7372112,"Rowland Clegg-Hill, 3rd Viscount Hill",6894,1,1,0,parent,parent;child,HoC,1,panel;rush,"Rowland Hill, 2nd Viscount Hill"
Q7372142,"Rowland Hill, 2nd Viscount Hill",6893,1,1,0,parent,parent;child,HoC,1,panel;rush,"Rowland Clegg-Hill, 3rd Viscount Hill"
Q7372187,Rowland Smith,873,1,3,1,sibling,sibling;indirect,HoC,1,panel;rush,Frederick Chatfield Smith;Lord Granville Somerset;Samuel George Smith
Q7372210,"Rowland Winn, 1st Baron St Oswald",1076,1,1,0,parent,parent;child,HoC,1,panel;rush,"Rowland Winn, 2nd Baron St Oswald"
Q7372211,"Rowland Winn, 2nd Baron St Oswald",1077,1,1,0,parent,parent;child,HoC,1,panel;rush,"Rowland Winn, 1st Baron St Oswald"
Q7372829,Roy Galley,4051,0,0,0,,,,0,,
Q7373310,Roy Roebuck,8885,0,0,0,,,,0,,
Q7373423,Roy Thomason,5971,0,0,0,,,,0,,
Q7373520,Roy Wise,6391,0,0,0,,,,0,,
Q7380182,Rupa Huq,9983,0,0,0,,,,0,,
Q7380257,Rupert Brabner,3309,0,0,0,,,,0,,
Q7380262,"Rupert Carington, 4th Baron Carrington",1333,1,3,1,child,child;sibling,HoC,1,panel;rush,"Charles Wynn-Carington, 1st Marquess of Lincolnshire;Robert Carrington, 2nd Baron Carrington;William Carington"
Q7380294,Rupert Gwynne,4208,0,0,0,,,,1,,
Q7380363,Rupert Speir,5818,0,0,0,,,,1,,
Q7380377,Rupert de la Bère,3700,0,0,0,,,,1,,
Q7381500,Russell Fairgrieve,3913,0,0,0,,,,0,,
Q7381534,Russell Gurney,1753,0,0,0,,,,0,,
Q7381617,Russell Kerr,4575,1,1,0,spouse,spouse,HoC,0,rush,Anne Kerr
Q7381741,Russell Rea,5525,1,1,0,parent,parent;child,HoC,1,panel;rush,"Walter Rea, 1st Baron Rea"
Q7382939,Ruth Dalton,3677,1,1,0,spouse,spouse,HoC,1,rush,Hugh Dalton
Q7387725,S. O. Davies,8982,0,0,0,,,,0,,
Q7396856,Sackville Lane-Fox,6806,1,1,0,sibling,sibling,HoC,1,panel;rush,George Lane-Fox
Q7396867,Sackville Stopford-Sackville,2059,0,0,0,,,,1,,
Q7405184,Sally Keeble,403,0,0,0,,,,0,,
Q740654,Gillian Merron,503,0,0,0,,,,0,,
Q7408356,Sam Woods,1087,0,0,0,,,,0,,
Q7410236,Sampson Lloyd,2479,1,1,0,grandchild,grandchild,HoC,1,rush,"George Lloyd, 1st Baron Lloyd"
Q7410397,Samson Ricardo,5564,1,3,1,niece/nephew,niece/nephew,HoC,0,rush,Osman Ricardo;David Ricardo;John Lewis Ricardo
Q741075,"Sir Patrick O'Brien, 2nd Baronet",2677,1,1,0,parent,parent;child,HoC,1,panel;rush,Timothy O'Brien
Q7410754,"Samuel Allsopp, 2nd Baron Hindlip",1111,1,3,1,parent,parent;child;sibling,HoC,1,panel;rush,"Alfred Percy Allsopp;George Allsopp;Henry Allsopp, 1st Baron Hindlip"
Q7410921,Samuel Bignold,3201,1,1,0,parent,parent;child,HoC,0,panel;rush,Arthur Bignold
Q7410949,Samuel Boteler Bristowe,1269,0,0,0,,,,1,,
Q7411090,Samuel Chapman,8235,0,0,0,,,,0,,
Q7411124,Samuel Clowes,1382,0,0,0,,,,1,,
Q7411180,Samuel Crawley,3621,0,0,0,,,,0,,
Q7411230,Samuel Danks Waddy,981,0,0,0,,,,0,,
Q7411330,Samuel Emile Harvey,8238,0,0,0,,,,0,,
Q7411381,Samuel Finney,3972,0,0,0,,,,0,,
Q7411396,Samuel Forde Ridley,7526,0,0,0,,,,0,,
Q7411449,Samuel Galbraith,9060,0,0,0,,,,0,,
Q7411475,Samuel George Smith,874,1,2,1,sibling,sibling,HoC,1,panel;rush,Frederick Chatfield Smith;Rowland Smith
Q7411620,Samuel Hammersley,4238,0,0,0,,,,0,,
Q7411718,Samuel Holland,2295,0,0,0,,,,1,,
Q7411737,Samuel Whitbread,2857,1,1,0,parent,parent;child,HoC,1,panel;rush,Samuel Whitbread
Q7411962,Samuel Laing,2415,0,0,0,,,,0,,
Q7412085,Samuel MacCurdy Greer,6839,0,0,0,,,,0,,
Q7412109,Samuel Marling,2573,0,0,0,,,,1,,
Q7412116,Samuel Martin,7016,0,0,0,,,,0,,
Q7412154,Samuel McGuffin,5003,0,0,0,,,,0,,
Q7412225,Samuel Morley,2633,1,2,1,parent,parent;child,HoC,1,panel;rush,Charles Morley;Arnold Morley
Q7412239,Samuel Moss,7576,0,0,0,,,,0,,
Q7412366,Samuel Pattinson,5338,0,0,0,,,,0,,
Q7412387,Samuel Perry,5368,0,0,0,,,,0,,
Q7412480,Samuel Robert Graves,1721,0,0,0,,,,1,,
Q7412510,Samuel Rosbotham,5614,0,0,0,,,,0,,
Q7412524,Samuel Ruggles-Brise,3337,0,0,0,,,,1,,
Q7412560,Samuel Sadler,5653,0,0,0,,,,1,,
Q7412574,Samuel Savery,5671,0,0,0,,,,0,,
Q7412587,"Samuel Segal, Baron Segal",5706,0,0,0,,,,1,,
Q7412628,"Samuel Silkin, Baron Silkin of Dulwich",5746,1,2,1,parent,parent;child;sibling,HoC,1,panel;rush,"John Silkin;Lewis Silkin, 1st Baron Silkin"
Q7412656,Samuel Smith,1992,0,0,0,,,,0,,
Q7412657,Samuel Smith,,1,5,1,parent,parent;sibling;grandparent;uncle/aunt,HoC,1,panel,John Abel Smith;John Smith;Martin Tucker Smith;Abel Smith;Abel Smith
Q7412711,"Samuel Storey, Baron Buckton",6505,0,0,0,,,,1,,
Q7412713,Samuel Storey,2859,0,0,0,,,,1,,
Q7412772,Samuel Evans,2130,0,0,0,,,,0,,
Q7412773,Samuel Thomas Spry,5833,0,0,0,,,,1,,
Q7412796,Samuel Trehawke Kekewich,2379,1,1,0,parent,parent;child,HoC,1,panel;rush,George William Kekewich
Q7412884,Samuel Warren,6140,0,0,0,,,,0,,
Q7412894,Samuel Waterhouse,998,1,1,0,indirect,indirect,HoC,0,rush,"Sir Henry Edwards, 1st Baronet"
Q7412915,Samuel Whalley,7338,0,0,0,,,,0,,
Q7412920,Samuel Whitbread,1030,1,4,1,parent,parent;child;niece/nephew;cousin;indirect,HoC,1,panel;rush,"George Waldegrave-Leslie;Sir George Grey, 2nd Baronet;Samuel Whitbread;William Henry Whitbread"
Q7412943,Samuel Williams,1058,0,0,0,,,,0,,
Q7412949,Samuel Wilson,1072,0,0,0,,,,1,,
Q7416,Margaret Thatcher,5965,0,0,0,,,,1,,
Q7420531,Santo Jeger,4509,1,1,0,spouse,spouse,HoC,1,rush,"Lena Jeger, Baroness Jeger"
Q7422176,Sarah Champion,10070,0,0,0,,,,0,,
Q7422588,Sarah McCarthy-Fry,9543,0,0,0,,,,0,,
Q7422880,Sarah Ward,8240,0,0,0,,,,0,,
Q7427305,Saul Isaac,2344,0,0,0,,,,0,,
Q7428221,"Savile Crossley, 1st Baron Somerleyton",2041,1,3,1,parent,parent;child;niece/nephew;indirect,HoC,1,panel;rush,Francis Crossley;Edward Crossley;John Crossley
Q7432084,Scholefield Allen,6421,0,0,0,,,,0,,
Q74329,"Lewis Moonie, Baron Moonie",511,0,0,0,,,,1,,
Q7440197,Seaborne Davies,7832,0,0,0,,,,0,,
Q7441092,Sean Hughes,2958,0,0,0,,,,0,,
Q7442401,Sebastian Dickinson,1489,1,2,1,parent,parent;child;grandparent,HoC,1,panel;rush,"Frances Davidson, Viscountess Davidson;Willoughby Dickinson, 1st Baron Dickinson"
Q7458155,Sewallis Shirley,852,1,2,1,parent,parent;child;grandparent;grandchild,HoC,1,panel;rush,Evelyn John Shirley;Evelyn Philip Shirley
Q7459131,"Seymour Berry, 2nd Viscount Camrose",9058,0,0,0,,,,1,,
Q7459145,Seymour Cocks,3548,0,0,0,,,,0,,
Q7459528,Seán Hayes,6365,0,0,0,,,,0,,
Q7459592,Seán O'Mahony,5264,0,0,0,,,,0,,
Q746232,George Nicoll Barnes,7941,0,0,0,,,,0,,
Q748837,David Lidington,436,0,0,0,,,,0,,
Q748955,Ian Liddell-Grainger,4991,0,0,0,,,,1,,
Q7493042,Sheila Faith,3915,0,0,0,,,,0,,
Q7493176,Sheila Wright,6427,0,0,0,,,,0,,
Q749612,Julian Lewis,433,0,0,0,,,,0,,
Q749659,Ivan Lewis,432,0,0,0,,,,0,,
Q749687,Brandon Lewis,9708,0,0,0,,,,0,,
Q749759,Chris Leslie,429,0,0,0,,,,0,,
Q749793,Charlotte Leslie,9707,0,0,0,,,,0,,
Q7498860,Shirley Summerskill,5919,1,2,1,parent,parent;child;spouse,HoC,1,panel;rush,"John Ryman;Edith Summerskill, Baroness Summerskill"
Q749980,Edward Leigh,427,0,0,0,,,,1,,
Q750018,Jeremy Lefroy,9706,0,0,0,,,,1,,
Q750033,John Leech,9531,0,0,0,,,,0,,
Q7500345,Shona McIsaac,493,0,0,0,,,,0,,
Q750061,Phillip Lee,9705,0,0,0,,,,0,,
Q750078,Jessica Lee,9704,0,0,0,,,,0,,
Q750091,Andrea Leadsom,9703,0,0,0,,,,0,,
Q750104,Mark Lazarowicz,4982,0,0,0,,,,0,,
Q750129,Ian Lavery,10112,0,0,0,,,,0,,
Q750135,Pauline Latham,9702,0,0,0,,,,0,,
Q750161,Mark Lancaster,9532,0,0,0,,,,0,,
Q750179,Norman Lamb,4901,0,0,0,,,,0,,
Q750188,Eleanor Laing,423,0,0,0,,,,0,,
Q750204,Kwasi Kwarteng,9701,0,0,0,,,,0,,
Q750219,Greg Knight,9355,0,0,0,,,,0,,
Q750228,Simon Kirby,9700,0,0,0,,,,0,,
Q750260,Liz Kendall,10111,0,0,0,,,,0,,
Q750279,Chris Kelly,9699,0,0,0,,,,0,,
Q750293,Barbara Keeley,9580,0,0,0,,,,0,,
Q750345,Gerald Kaufman,402,0,0,0,,,,0,,
Q750364,Eric Joyce,247,0,0,0,,,,0,,
Q750381,Susan Elan Jones,10110,0,0,0,,,,0,,
Q750398,Marcus Jones,9698,0,0,0,,,,0,,
Q750411,Kevan Jones,4857,0,0,0,,,,0,,
Q750421,Helen Jones,394,0,0,0,,,,0,,
Q7509034,Sidney Dye,3832,0,0,0,,,,0,,
Q7509072,Sidney Glyn,1691,1,4,1,parent,parent;child;sibling;uncle/aunt,HoC,1,panel;rush,"Charles Grenfell;George Glyn, 1st Baron Wolverton;George Glyn, 2nd Baron Wolverton;Pascoe Glyn"
Q7509123,"Sir Sidney Herbert, 1st Baronet",8254,0,0,0,,,,1,,
Q7509218,Sidney Marshall,9293,0,0,0,,,,0,,
Q7509271,Sidney Peel,8242,1,6,1,child,child;sibling;grandchild;niece/nephew,HoC,1,panel,"Robert Peel;William Peel, 1st Earl Peel;Arthur Peel;Sir Robert Peel, 3rd Baronet;Arthur George Villiers Peel;Frederick Peel"
Q7509311,Sidney Robinson,8243,0,0,0,,,,0,,
Q7509336,Sidney Shephard,9290,0,0,0,,,,0,,
Q7509355,Sidney Streatfeild,5899,0,0,0,,,,0,,
Q7509434,Sidney Woolf,1088,0,0,0,,,,0,,
Q7516910,Silvester Horne,4414,0,0,0,,,,1,,
Q75179504,Jill Mortimer,,0,0,0,,,,0,,
Q7518513,Simon Coombs,3583,0,0,0,,,,0,,
Q7519253,Simon Mahon,8888,1,2,1,sibling,sibling;niece/nephew,HoC,0,rush,Peter Dowd;Peter Mahon
Q7520070,Simon Wingfield Digby,8890,1,1,0,indirect,indirect,HoC,1,rush,"Edward Digby, 10th Baron Digby"
Q7525903,Adrian Baillie,7699,0,0,0,,,,1,,
Q7525911,"Sir Albert Bennett, 1st Baronet",7712,0,0,0,,,,1,,
Q7525914,"Sir Albert Spicer, 1st Baronet",2075,0,0,0,,,,1,,
Q7525922,"Sir Alexander Brown, 1st Baronet",1933,1,3,1,sibling,sibling;uncle/aunt,HoC,1,panel,"James Clifton Brown;Douglas Clifton Brown, 1st Viscount Ruffside;Howard Clifton Brown"
Q7525932,"Sir Alexander Erskine-Hill, 1st Baronet",3892,0,0,0,,,,1,,
Q7525941,"Sir Alexander Grant, 8th Baronet",6831,0,0,0,,,,1,,
Q7525966,"Sir Alexander Sprot, 1st Baronet",5832,0,0,0,,,,1,,
Q7525968,"Sir Alfred Beit, 2nd Baronet",3148,0,0,0,,,,1,,
Q7525969,"Sir Alfred Bird, 1st Baronet",3212,1,1,0,parent,parent,HoC,1,panel;rush,"Sir Robert Bird, 2nd Baronet"
Q7525972,"Sir Alfred Pease, 2nd Baronet",2057,1,5,1,parent,parent;child;sibling;grandchild;niece/nephew,HoC,1,panel;rush,"Joseph Walker Pease;Arthur Pease;Jack Pease, 1st Baron Gainford;Joseph Pease;Sir Joseph Pease, 1st Baronet"
Q7525974,"Sir Alfred Hickman, 1st Baronet",1946,1,1,0,parent,parent;child,HoC,1,panel;rush,T. E. Hickman
Q7525986,"Sir Anderson Montague-Barlow, 1st Baronet",7813,0,0,0,,,,0,,
Q7525993,"Sir Andrew Agnew, 7th Baronet",6285,1,2,1,parent,parent;grandparent,HoC,1,panel,"Sir Andrew Agnew, 8th Baronet;Sir Andrew Agnew, 9th Baronet"
Q7525995,"Sir Andrew Agnew, 8th Baronet",6286,1,3,1,parent,parent;child;indirect,HoC,1,panel;rush,"Charles Noel, 2nd Earl of Gainsborough;Sir Andrew Agnew, 7th Baronet;Sir Andrew Agnew, 9th Baronet"
Q7525997,"Sir Andrew Agnew, 9th Baronet",6328,1,2,1,parent,parent;child;grandchild,HoC,1,panel;rush,"Sir Andrew Agnew, 7th Baronet;Sir Andrew Agnew, 8th Baronet"
Q7526003,"Sir Andrew Porter, 1st Baronet",9113,0,0,0,,,,1,,
Q7526018,"Sir Anthony Nutting, 3rd Baronet",5240,0,0,0,,,,1,,
Q7526020,"Sir Anthony Meyer, 3rd Baronet",5054,1,1,0,parent,parent;child,HoC,1,panel;rush,"Sir Frank Meyer, 2nd Baronet"
Q7526041,"Sir Archibald Orr-Ewing, 1st Baronet",2705,1,2,1,parent,parent;child;grandparent;grandchild,HoC,1,panel;rush,Charles Lindsay Orr-Ewing;Ian Orr-Ewing
Q7526043,"Sir Archibald Southby, 1st Baronet",5807,0,0,0,,,,1,,
Q7526056,Arthur Cowell-Stepney,2838,1,1,0,parent,parent;child,HoC,1,panel;rush,John Cowell-Stepney
Q7526058,"Sir Arthur Crosfield, 1st Baronet",7498,1,1,0,indirect,indirect,HoC,0,rush,William Crosfield
Q7526062,"Sir Arthur Elton, 7th Baronet",6757,0,0,0,,,,1,,
Q7526075,"Sir Arthur Monck, 7th Baronet",2598,0,0,0,,,,1,,
Q7526079,"Sir Arthur Otway, 3rd Baronet",2712,1,1,0,cousin,cousin,HoC,1,panel;rush,Robert Otway-Cave
Q7526085,"Sir Arthur du Cros, 1st Baronet",3786,1,2,1,parent,parent;child;sibling,HoC,1,panel;rush,Alfred du Cros;Harvey du Cros
Q7526090,"Sir Austin Hudson, 1st Baronet",8411,0,0,0,,,,0,,
Q7526095,"Sir Baldwin Leighton, 7th Baronet",7646,1,3,1,parent,parent;child;grandparent;grandchild,HoC,1,panel;rush,"Bertie Leighton;Sir Baldwyn Leighton, 8th Baronet;Stanley Leighton"
Q7526096,"Sir Baldwyn Leighton, 8th Baronet",2454,1,3,1,parent,parent;child;sibling;uncle/aunt,HoC,1,panel;rush,"Bertie Leighton;Sir Baldwin Leighton, 7th Baronet;Stanley Leighton"
Q7526113,"Sir Benjamin Cohen, 1st Baronet",1912,1,1,0,sibling,sibling,HoC,1,panel;rush,Lionel Louis Cohen
Q7526176,"Sir Charles Blunt, 4th Baronet",8987,0,0,0,,,,1,,
Q7526182,"Sir Charles Burrell, 3rd Baronet",6614,1,2,1,parent,parent;child,HoC,1,panel;rush,"Percy Burrell;Sir Walter Burrell, 5th Baronet"
Q7526186,"Sir Charles Cameron, 1st Baronet",1317,0,0,0,,,,0,,
Q7526191,"Sir Charles Cayzer, 1st Baronet",1883,1,1,0,parent,parent;child,HoC,1,panel;rush,"Herbert Cayzer, 1st Baron Rotherwick"
Q7526192,"Sir Charles Cayzer, 3rd Baronet",6485,0,0,0,,,,1,,
Q7526194,"Sir Charles Clifford, 4th Baronet",1376,1,1,0,child,child,HoC,1,panel,
Q7526200,"Sir Charles Dalrymple, 1st Baronet",1950,1,1,0,sibling,sibling,HoC,1,panel,James Fergusson
Q7526206,"Sir Charles Forbes-Leith, 1st Baronet",3404,0,0,0,,,,1,,
Q7526208,"Sir Charles Forster, 1st Baronet",1628,1,1,0,parent,parent,HoC,0,rush,Charles Smith Forster
Q7526211,"Sir Charles Hamilton, 1st Baronet",1759,0,0,0,,,,1,,
Q7526213,"Sir Charles Hanson, 1st Baronet",7788,0,0,0,,,,1,,
Q7526221,"Sir Charles Hunter, 3rd Baronet",7668,0,0,0,,,,1,,
Q7526233,"Sir Charles Hobhouse, 4th Baronet",2888,1,1,0,indirect,indirect,HoC,1,rush,Henry Hobhouse
Q7526238,"Sir Charles Lewis, 1st Baronet",2466,0,0,0,,,,0,,
Q7526258,"Sir Charles Mordaunt, 10th Baronet",5106,1,1,0,parent,parent;child,HoC,1,panel;rush,"Sir John Mordaunt, 9th Baronet"
Q7526267,"Sir Charles Nicholson, 1st Baronet of Harrington Gardens",7692,0,0,0,,,,1,,
Q7526274,"Sir Charles Palmer, 1st Baronet",2719,1,1,0,parent,parent,HoC,1,panel,Godfrey Mark Palmer
Q7526278,Charles Ponsonby,5431,1,2,1,indirect,indirect,HoC,1,rush,James Ramsden;Michael Hamilton
Q7526282,"Sir Charles Renshaw, 1st Baronet",2016,0,0,0,,,,1,,
Q7526284,"Sir Charles Rose, 1st Baronet",5618,1,1,0,indirect,indirect,HoC,1,rush,James Mackenzie Maclean
Q7526292,"Sir Charles Seely, 1st Baronet",834,1,4,1,parent,parent;child;grandparent;grandchild,HoC,1,panel;rush,"Hugh Seely, 1st Baron Sherwood;Charles Seely;John Seely, 1st Baron Mottistone;Sir Charles Seely, 2nd Baronet"
Q7526294,"Sir Charles Seely, 2nd Baronet",2866,1,4,1,parent,parent;child;sibling;grandparent;grandchild,HoC,1,panel;rush,"Hugh Seely, 1st Baron Sherwood;Charles Seely;John Seely, 1st Baron Mottistone;Sir Charles Seely, 1st Baronet"
Q7526296,"Sir Charles Solomon Henry, 1st Baronet",7802,0,0,0,,,,0,,
Q7526300,"Sir Charles Swann, 1st Baronet",1838,1,1,0,parent,parent;child,HoC,1,panel;rush,"Sir Duncan Swann, 2nd Baronet"
Q7526303,"Sir Charles Tennant, 1st Baronet",936,1,3,1,parent,parent;child;indirect,HoC,1,panel;rush,"H. H. Asquith;Edward Tennant, 1st Baron Glenconner;Harold Tennant"
Q7526312,"Sir Charles Warde, 1st Baronet",1825,0,0,0,,,,1,,
Q7526316,"Sir Charles Yate, 1st Baronet",6276,0,0,0,,,,0,,
Q7526332,"Sir Christopher Peto, 3rd Baronet",5376,1,3,1,child,child;sibling;grandchild,HoC,1,panel,Samuel Morton Peto;John Peto;Basil Peto
Q7526348,"Sir Clive Morrison-Bell, 1st Baronet",5121,1,1,0,sibling,sibling,HoC,1,rush,Ernest Morrison-Bell
Q7526358,"Sir Colman O'Loghlen, 2nd Baronet",2697,1,2,1,parent,parent;child;sibling,HoC,1,panel;rush,"Bryan O'Loghlen;Sir Michael O'Loghlen, 1st Baronet"
Q7526366,"Sir Courtenay Warner, 1st Baronet",2191,1,1,0,parent,parent;child,HoC,1,panel;rush,Edward Warner
Q7526374,"Sir Cuthbert Headlam, 1st Baronet",8444,1,1,0,indirect,indirect,HoC,0,rush,Thomas Emerson Headlam
Q7526376,"Sir Cuthbert Quilter, 2nd Baronet",7648,1,3,1,parent,parent;child;indirect,HoC,1,panel;rush,"George Douglas-Pennant, 2nd Baron Penrhyn;Edward Douglas-Pennant, 3rd Baron Penrhyn;William Quilter"
Q7526381,"Sir Daniel Dixon, 1st Baronet",7680,1,1,0,parent,parent;child,HoC,1,panel;rush,"Herbert Dixon, 1st Baron Glentoran"
Q7526399,"Sir David Gammans, 1st Baronet",4056,1,1,0,spouse,spouse,HoC,0,rush,Muriel Gammans
Q7526411,"Sir David Reid, 1st Baronet",7824,0,0,0,,,,0,,
Q7526413,"Sir David Wedderburn, 3rd Baronet",1011,1,1,0,sibling,sibling,HoC,1,panel;rush,William Wedderburn
Q7526416,"Sir Denis Henry, 1st Baronet",7836,0,0,0,,,,1,,
Q7526418,"Sir Derrick Gunston, 1st Baronet",4201,0,0,0,,,,1,,
Q7526419,"Sir Dennis Boles, 1st Baronet",3252,0,0,0,,,,1,,
Q7526443,"Sir Douglas Hall, 1st Baronet",7844,0,0,0,,,,1,,
Q7526452,"Sir Duncan Swann, 2nd Baronet",5934,1,1,0,parent,parent;child,HoC,1,panel;rush,"Sir Charles Swann, 1st Baronet"
Q7526455,"Sir Edgar Horne, 1st Baronet",4415,0,0,0,,,,1,,
Q7526457,"Sir Edmund Antrobus, 3rd Baronet",1122,0,0,0,,,,1,,
Q7526465,"Sir Edmund Beckett, 4th Baronet",6711,1,5,1,parent,parent;child;sibling;grandparent;grandchild,HoC,1,panel;rush,"Christopher Beckett Denison;Ernest Beckett, 2nd Baron Grimthorpe;Gervase Beckett;Sir John Beckett, 2nd Baronet;William Beckett-Denison"
Q7526466,"Sir Edmund Buckley, 1st Baronet",1292,1,1,0,child,child;indirect,HoC,0,panel;rush,Edmund Buckley
Q7526475,"Sir Edmund Filmer, 8th Baronet",6448,1,1,0,parent,parent;child,HoC,1,panel;rush,"Sir Edmund Filmer, 9th Baronet"
Q7526476,"Sir Edmund Filmer, 9th Baronet",1598,1,3,1,parent,parent;child;indirect,HoC,1,panel;rush,"Arthur Stanley Wilson;Marcus Sandys, 3rd Baron Sandys;Sir Edmund Filmer, 8th Baronet"
Q7526478,"Sir Edmund Findlay, 2nd Baronet",3966,0,0,0,,,,1,,
Q7526489,"Sir Edmund Lechmere, 3rd Baronet",2440,0,0,0,,,,1,,
Q7526493,Edmund Samuel Hayes,9014,0,0,0,,,,1,,
Q7526494,"Sir Edmund Turton, 1st Baronet",6058,1,1,0,niece/nephew,niece/nephew,HoC,1,rush,"Robin Turton, Baron Tranmire"
Q7526496,"Sir Edmund Verney, 3rd Baronet",978,1,4,1,parent,parent;child;sibling;niece/nephew,HoC,1,panel;rush,"Frederick Calvert;Frederick William Verney;Sir Harry Verney, 2nd Baronet;Sir Harry Verney, 4th Baronet"
Q7526504,"Sir Edward Archdale, 1st Baronet",3037,0,0,0,,,,1,,
Q7526517,"Sir Edward Bates, 1st Baronet",1184,0,0,0,,,,1,,
Q7526522,"Sir Edward Boyle, 1st Baronet",3299,0,0,0,,,,1,,
Q7526533,"Sir Edward Campbell, 1st Baronet",8493,1,1,0,sibling,sibling,HoC,1,panel;rush,Gordon Campbell
Q7526539,"Sir Edward Cust, 1st Baronet",,1,1,0,sibling,sibling,HoC,1,panel,Peregrine Francis Cust
Q7526557,"Sir Edward Green, 1st Baronet",1727,0,0,0,,,,1,,
Q7526558,"Sir Edward Greene, 1st Baronet",7663,1,2,1,parent,parent;child,HoC,1,panel;rush,"Edward Greene;Sir Raymond Greene, 2nd Baronet"
Q7526562,"Sir Edward Grogan, 1st Baronet",9099,1,1,0,indirect,indirect,HoC,1,rush,Vincent Scully
Q7526570,"Sir Edward Hulse, 6th Baronet",2327,0,0,0,,,,1,,
Q7526578,"Sir Edward Kerrison, 1st Baronet",4584,1,4,1,parent,parent;child;grandchild;indirect,HoC,1,panel;rush,"Philip Stanhope, 5th Earl Stanhope;Arthur Stanhope, 6th Earl Stanhope;Edward Stanhope;Sir Edward Kerrison, 2nd Baronet"
Q7526579,"Sir Edward Kerrison, 2nd Baronet",4583,1,1,0,parent,parent;child,HoC,1,panel;rush,"Sir Edward Kerrison, 1st Baronet"
Q7526590,"Sir Edward Manningham-Buller, 1st Baronet",6609,1,1,0,sibling,sibling,HoC,1,panel;rush,"John Yarde-Buller, 1st Baron Churston"
Q7526604,"Sir Edward Ruggles-Brise, 1st Baronet",7855,0,0,0,,,,1,,
Q7526607,"Sir Edward Scott, 2nd Baronet",7189,0,0,0,,,,1,,
Q7526609,"Sir Edward Sassoon, 2nd Baronet, of Kensington Gore",5670,1,1,0,parent,parent;child,HoC,1,panel;rush,"Sir Philip Sassoon, 3rd Baronet"
Q7526615,"Sir Edward Sullivan, 1st Baronet",914,0,0,0,,,,0,,
Q7526618,"Sir Edward Troubridge, 2nd Baronet",6040,0,0,0,,,,1,,
Q7526639,"Sir Ellis Ellis-Griffith, 1st Baronet",3870,0,0,0,,,,0,,
Q7526647,"Sir Eric Errington, 1st Baronet",8503,0,0,0,,,,1,,
Q7526652,"Sir Ernest Shepperson, 1st Baronet",5728,0,0,0,,,,0,,
Q7526655,"Sir Ernest Tritton, 1st Baronet",1958,0,0,0,,,,1,,
Q7526658,Eustace Fiennes,3960,0,0,0,,,,1,,
Q7526659,"Sir Evan Davies Jones, 1st Baronet",7884,0,0,0,,,,1,,
Q7526665,"Sir Fergus Graham, 5th Baronet",8536,0,0,0,,,,1,,
Q7526675,"Sir Francis Barry, 1st Baronet",1777,0,0,0,,,,1,,
Q7526676,"Sir Francis Blake, 1st Baronet, of Tillmouth Park",7893,0,0,0,,,,1,,
Q7526681,"Sir Francis Blake, 3rd Baronet, of Twizell Castle",2106,0,0,0,,,,1,,
Q7526702,"Sir Francis Edwards, 1st Baronet",2896,0,0,0,,,,0,,
Q7526703,"Sir Francis Evans, 1st Baronet",7693,0,0,0,,,,1,,
Q7526719,"Sir Francis Lowe, 1st Baronet",7900,0,0,0,,,,1,,
Q7526723,"Sir Francis Powell, 1st Baronet",1839,0,0,0,,,,1,,
Q7526739,"Sir Francis Vincent, 10th Baronet",7310,0,0,0,,,,1,,
Q7526764,"Sir Frederick Cook, 2nd Baronet",1957,0,0,0,,,,1,,
Q7526773,"Sir Frederick Hall, 1st Baronet",7907,0,0,0,,,,1,,
Q7526777,"Sir Frederick Hervey-Bathurst, 4th Baronet",4343,0,0,0,,,,1,,
Q7526782,"Sir Frederick Johnstone, 8th Baronet",2367,1,1,0,child,child;uncle/aunt,HoC,1,panel;rush,"Sir Frederick Johnstone, 7th Baronet"
Q7526786,"Sir Frederick Mappin, 1st Baronet",1978,0,0,0,,,,1,,
Q7526787,"Sir Frederick Mills, 1st Baronet",7909,0,0,0,,,,1,,
Q7526789,"Sir Frederick Milner, 7th Baronet",1928,1,2,1,parent,parent;child;grandchild,HoC,1,panel;rush,"Sir William Milner, 5th Baronet;Christopher York"
Q7526791,"Sir Frederick Seager Hunt, 1st Baronet",7667,0,0,0,,,,0,,
Q7526793,"Sir Frederick Shaw, 3rd Baronet",9450,0,0,0,,,,1,,
Q7526794,"Sir Frederick Thomson, 1st Baronet",7911,1,1,0,parent,parent;child,HoC,1,panel;rush,"Sir Douglas Thomson, 2nd Baronet"
Q7526795,"Sir Frederick Williams, 2nd Baronet",1054,1,4,1,sibling,sibling;grandchild;indirect,HoC,1,panel;rush,Alfred Williams;Charles Henry Williams;Charles Williams;John Charles Williams
Q7526796,"Sir Frederick Wills, 1st Baronet",7665,1,1,0,parent,parent;child,HoC,1,panel;rush,"Gilbert Wills, 1st Baron Dulverton"
Q7526802,"Sir Gabriel Goldney, 1st Baronet",1694,0,0,0,,,,1,,
Q7526842,"Sir George Bowyer, 7th Baronet",1251,0,0,0,,,,1,,
Q7526846,"Sir George Brooke-Pechell, 4th Baronet",5349,1,1,0,sibling,sibling,HoC,1,panel,Samuel Pechell
Q7526850,"Sir George Burrard, 4th Baronet",,0,0,0,,,,1,,
Q7526860,"Sir George Clerk, 6th Baronet",3523,0,0,0,,,,1,,
Q7526868,"Sir George Dashwood, 5th Baronet",3687,0,0,0,,,,1,,
Q7526878,"Sir George Elliot, 2nd Baronet",1553,1,3,1,parent,parent;child;indirect,HoC,1,panel;rush,"Sir George Elliot, 1st Baronet;Hugh Elliot;John Elliot"
Q7526884,"Sir George Forster, 2nd Baronet",6795,0,0,0,,,,1,,
Q7526896,"Sir George Larpent, 1st Baronet",4651,0,0,0,,,,1,,
Q7526897,"Sir George Macpherson-Grant, 3rd Baronet",1718,1,2,1,parent,parent;indirect,HoC,1,rush,"Francis Ogilvy-Grant, 6th Earl of Seafield;James Ogilvy-Grant, 9th Earl of Seafield"
Q7526908,"Sir George Philips, 2nd Baronet",7122,1,1,0,child,child,HoC,1,panel,"Sir George Philips, 1st Baronet"
Q7526913,"Sir George Renwick, 1st Baronet",5556,1,1,0,parent,parent;child,HoC,1,panel;rush,Gustav Renwick
Q7526915,"Sir George Robinson, 6th Baronet",,0,0,0,,,,1,,
Q7526931,"Sir George Strickland, 7th Baronet",5900,0,0,0,,,,1,,
Q7526933,"Sir George Tapps-Gervis, 2nd Baronet",9430,0,0,0,,,,1,,
Q7526939,"Sir George Warrender, 4th Baronet",,0,0,0,,,,1,,
Q7526957,"Sir Gerard Noel, 2nd Baronet",7071,1,2,1,parent,parent;child;indirect,HoC,1,panel;rush,Gerard Noel;William Noel
Q7526970,"Sir Gilbert Greenall, 1st Baronet",1729,1,1,0,sibling,sibling,HoC,1,panel;rush,Peter Greenall
Q7526975,"Sir Gilbert Heathcote, 4th Baronet",4313,1,2,1,parent,parent;child;grandparent;grandchild,HoC,1,panel;rush,"Gilbert Heathcote, 1st Baron Aveland;Gilbert Heathcote-Drummond-Willoughby, 1st Earl of Ancaster"
Q7526983,"Sir Glynne Welby, 3rd Baronet",7334,1,3,1,parent,parent;child;grandparent;grandchild,HoC,1,panel;rush,"Sir Charles Welby, 5th Baronet;Alfred Welby;Sir William Welby-Gregory, 4th Baronet"
Q7526988,"Sir Godfrey Dalrymple-White, 1st Baronet",3676,0,0,0,,,,1,,
Q7526990,"Sir Godfrey Nicholson, 1st Baronet",8569,1,2,1,parent,parent;child;indirect,HoC,1,panel;rush,"Richard Luce, Baron Luce;Emma Nicholson"
Q7526994,"Sir Gordon Touche, 1st Baronet",6011,1,1,0,parent,parent;child,HoC,1,panel;rush,George Touche
Q7526999,"Sir Graham Graham-Montgomery, 3rd Baronet",1713,0,0,0,,,,1,,
Q7527013,"Sir Gurney Braithwaite, 1st Baronet",3319,0,0,0,,,,0,,
Q7527025,Guy Lloyd,8514,0,0,0,,,,1,,
Q7527030,"Sir Hamilton Kerr, 1st Baronet",4577,0,0,0,,,,0,,
Q7527040,"Sir Harold Mitchell, 1st Baronet",9165,0,0,0,,,,1,,
Q7527041,"Sir Harold Reckitt, 2nd Baronet",2895,0,0,0,,,,0,,
Q7527055,"Sir Harry Meysey-Thompson, 1st Baronet",7273,1,2,1,parent,parent;child,HoC,1,panel;rush,"Ernest Meysey-Thompson;Henry Meysey-Thompson, 1st Baron Knaresborough"
Q7527058,"Sir Harry Newton, 2nd Baronet",5204,0,0,0,,,,1,,
Q7527064,"Sir Harry Verney, 2nd Baronet",979,1,4,1,parent,parent;child;sibling;grandparent;grandchild,HoC,1,panel;rush,"Frederick Calvert;Frederick William Verney;Sir Edmund Verney, 3rd Baronet;Sir Harry Verney, 4th Baronet"
Q7527066,"Sir Harry Verney, 4th Baronet",7643,1,3,1,parent,parent;child;grandparent;grandchild;uncle/aunt;niece/nephew,HoC,1,panel;rush,"Frederick William Verney;Sir Edmund Verney, 3rd Baronet;Sir Harry Verney, 2nd Baronet"
Q7527086,"Sir Hedworth Williamson, 8th Baronet",1060,1,2,1,parent,parent;child;indirect,HoC,1,panel;rush,"Sir Hedworth Williamson, 7th Baronet;Henry Liddell, 1st Earl of Ravensworth"
Q7527088,"Sir Henry Aubrey-Fletcher, 4th Baronet",2908,0,0,0,,,,1,,
Q7527094,"Sir Henry Barron, 1st Baronet",8985,0,0,0,,,,1,,
Q7527100,"Sir Henry Bellingham, 4th Baronet",3158,0,0,0,,,,1,,
Q7527105,"Sir Henry Bowles, 1st Baronet",2187,0,0,0,,,,1,,
Q7527106,"Sir Henry Bruce, 3rd Baronet",1283,0,0,0,,,,1,,
Q7527111,"Sir Henry Bunbury, 7th Baronet",,1,1,0,parent,parent,HoC,1,panel,Edward Bunbury
Q7527120,"Sir Henry Craik, 1st Baronet",3618,0,0,0,,,,1,,
Q7527127,"Sir Henry Edwards, 1st Baronet",6441,1,1,0,indirect,indirect,HoC,1,rush,Samuel Waterhouse
Q7527131,"Sir Henry Ferguson Davie, 1st Baronet",1457,1,2,1,parent,parent;child,HoC,1,panel;rush,"Sir John Ferguson Davie, 2nd Baronet;Robert Ferguson of Raith"
Q7527144,"Sir Henry Halford, 2nd Baronet",4223,1,1,0,indirect,indirect,HoC,1,rush,Albert Pell
Q7527149,"Sir Henry Havelock-Allan, 1st Baronet",2238,1,2,1,parent,parent;child;indirect,HoC,1,panel;rush,"Jack Pease, 1st Baron Gainford;Sir Henry Havelock-Allan, 2nd Baronet"
Q7527151,"Sir Henry Havelock-Allan, 2nd Baronet",7652,1,2,1,parent,parent;child;indirect,HoC,1,panel;rush,"Jack Pease, 1st Baron Gainford;Sir Henry Havelock-Allan, 1st Baronet"
Q7527152,"Sir Henry Hoare, 5th Baronet",2281,0,0,0,,,,1,,
Q7527159,"Sir Henry Jackson, 1st Baronet",7979,0,0,0,,,,0,,
Q7527160,"Sir Henry Jackson, 2nd Baronet",2348,1,1,0,parent,parent;child,HoC,1,panel;rush,"Sir William Jackson, 1st Baronet"
Q7527163,"Sir Henry Stephenson, 1st Baronet",5865,0,0,0,,,,1,,
Q7527174,"Sir Henry Meux, 2nd Baronet",5051,0,0,0,,,,1,,
Q7527197,"Sir Henry Peek, 1st Baronet",2739,0,0,0,,,,1,,
Q7527207,"Sir Henry Rich, 1st Baronet",5571,0,0,0,,,,1,,
Q7527209,"Sir Henry Ripley, 1st Baronet",766,0,0,0,,,,1,,
Q7527221,"Sir Henry Webb, 1st Baronet",7977,0,0,0,,,,0,,
Q7527226,"Sir Henry Willink, 1st Baronet",6216,0,0,0,,,,1,,
Q7527228,"Sir Henry Willoughby, 3rd Baronet",6221,1,1,0,sibling,sibling,HoC,0,rush,John Willoughby
Q7527244,"Sir Herbert Croft, 9th Baronet",1421,0,0,0,,,,1,,
Q7527248,"Sir Herbert Huntington-Whiteley, 1st Baronet",1835,1,1,0,sibling,sibling,HoC,1,panel;rush,"George Whiteley, 1st Baron Marchamley"
Q7527252,"Sir Herbert Maxwell, 7th Baronet",2021,0,0,0,,,,1,,
Q7527259,"Sir Herbert Williams, 1st Baronet",8606,0,0,0,,,,0,,
Q7527261,"Sir Herbert Williams-Wynn, 7th Baronet",6317,1,5,1,parent,parent;child;grandparent;grandchild;uncle/aunt;niece/nephew;indirect,HoC,1,panel;rush,"Charles Williams-Wynn;Herbert Williams-Wynn;Charles Williams-Wynn;Sir Watkin Williams-Wynn, 5th Baronet;Sir Watkin Williams-Wynn, 6th Baronet"
Q7527285,"Sir Howard Elphinstone, 2nd Baronet",6756,0,0,0,,,,1,,
Q7527302,"Sir Hugh Cholmeley, 3rd Baronet",1368,1,1,0,parent,parent;child,HoC,1,panel;rush,"Sir Montague Cholmeley, 2nd Baronet"
Q7527315,"Sir Hugh Shaw-Stewart, 8th Baronet",2015,1,5,1,child,child;grandparent;grandchild;uncle/aunt;indirect,HoC,1,panel;rush,"Sir Michael Shaw-Stewart, 7th Baronet;Sir Michael Shaw-Stewart, 6th Baronet;Hugh Grosvenor, 1st Duke of Westminster;Thomas Thynne, 5th Marquess of Bath;Richard Grosvenor, 2nd Marquess of Westminster"
Q7527321,"Sir Hugh Stewart, 2nd Baronet",7241,0,0,0,,,,1,,
Q7527325,"Sir Hugo Rutherford, 2nd Baronet",8085,1,1,0,parent,parent,HoC,0,rush,"Sir William Rutherford, 1st Baronet"
Q7527336,"Sir Hyde Parker, 8th Baronet",7101,0,0,0,,,,1,,
Q7527372,"Sir James Augustus Grant, 1st Baronet",8036,0,0,0,,,,1,,
Q7527377,"Sir James Bourne, 1st Baronet",1248,0,0,0,,,,0,,
Q7527380,"Sir James East, 2nd Baronet",3839,0,0,0,,,,1,,
Q7527385,"Sir James Carmichael, 3rd Baronet",1335,0,0,0,,,,1,,
Q7527396,"Sir James Corry, 1st Baronet",2829,0,0,0,,,,1,,
Q7527398,Herbert Cory,3601,0,0,0,,,,1,,
Q7527407,"Sir James Duke, 1st Baronet",3805,0,0,0,,,,0,,
Q7527411,"Sir James Duncan, 1st Baronet",8645,0,0,0,,,,1,,
Q7527412,"Sir James Flower, 2nd Baronet",6788,0,0,0,,,,1,,
Q7527421,"Sir James Gibson, 1st Baronet",7635,0,0,0,,,,0,,
Q7527433,"Sir James Henderson-Stewart, 1st Baronet",4324,0,0,0,,,,1,,
Q7527435,"Sir James Heath, 1st Baronet",1942,1,2,1,parent,parent;child;sibling,HoC,1,panel;rush,Robert Heath;Arthur Heath
Q7527437,"Sir James Hill, 1st Baronet",7644,0,0,0,,,,1,,
Q7527438,"Sir James Hogg, 1st Baronet",9102,1,1,0,parent,parent,HoC,1,panel,"James McGarel-Hogg, 1st Baron Magheramorne"
Q7527444,"Sir James Hutchison, 1st Baronet",8660,0,0,0,,,,1,,
Q7527446,"Sir James Knott, 1st Baronet",4620,0,0,0,,,,0,,
Q7527452,"Sir James Lawrence, 1st Baronet",2429,1,2,1,sibling,sibling,HoC,1,panel;rush,Edwin Durning-Lawrence;William Lawrence
Q7527460,"Sir James Macdonald, 2nd Baronet",,0,0,0,,,,1,,
Q7527473,"Sir James Pender, 1st Baronet",2747,1,1,0,child,child,HoC,1,panel,John Pender
Q7527478,"Sir James Rankin, 1st Baronet",2870,0,0,0,,,,1,,
Q7527481,"Sir James Reynolds, 1st Baronet",8045,0,0,0,,,,1,,
Q7527502,"Sir James Stronge, 3rd Baronet",907,0,0,0,,,,1,,
Q7527508,"Sir James Walker, 2nd Baronet",7317,0,0,0,,,,1,,
Q7527510,"Sir James Whitehead, 1st Baronet",1036,1,1,0,parent,parent;child,HoC,1,panel;rush,"Sir Rowland Whitehead, 3rd Baronet"
Q7527532,"Sir Jervoise Clarke-Jervoise, 2nd Baronet",4520,0,0,0,,,,0,,
Q7527535,"Sir Jocelyn Lucas, 4th Baronet",4774,0,0,0,,,,1,,
Q7527549,"Sir John Ainsworth, 1st Baronet",6343,0,0,0,,,,1,,
Q7527560,"Sir John Arbuthnot, 1st Baronet",6411,1,1,0,parent,parent,HoC,1,panel,James Arbuthnot
Q7527561,"Sir John Astley, 1st Baronet",6305,1,1,0,grandchild,grandchild,HoC,1,rush,"Sir John Dugdale Astley, 3rd Baronet"
Q7527569,"Sir John Austin, 1st Baronet",1982,0,0,0,,,,1,,
Q7527579,"Sir John Barker, 1st Baronet",3103,0,0,0,,,,1,,
Q7527585,"Sir John Barlow, 2nd Baronet",8689,1,2,1,child,child;niece/nephew,HoC,1,panel,"Sir John Barlow, 1st Baronet;Percy Barlow"
Q7527588,"Sir John Barran, 1st Baronet",1173,1,1,0,parent,parent;child,HoC,1,panel;rush,Rowland Barran
Q7527589,"Sir John Barran, 2nd Baronet",7647,0,0,0,,,,1,,
Q7527597,"Sir John Beckett, 2nd Baronet",6550,1,3,1,sibling,sibling;uncle/aunt,HoC,1,panel,"Christopher Beckett Denison;Sir Edmund Beckett, 4th Baronet;William Beckett-Denison"
Q7527599,"Sir John Benn, 1st Baronet",2906,1,3,1,parent,parent;child;grandparent;grandchild;indirect,HoC,1,panel;rush,"Hilary Benn;Tony Benn;William Wedgwood Benn, 1st Viscount Stansgate"
Q7527607,"Sir John Blundell Maple, 1st Baronet",1954,1,1,0,indirect,indirect,HoC,1,rush,Archibald Weigall
Q7527629,"Sir John Brunner, 2nd Baronet",8075,1,1,0,parent,parent;child,HoC,1,panel;rush,"Sir John Brunner, 1st Baronet"
Q7527635,"Sir John Burke, 2nd Baronet",,1,1,0,parent,parent,HoC,1,panel,"Sir Thomas Burke, 3rd Baronet"
Q7527637,"Sir John Buxton, 2nd Baronet",,1,1,0,parent,parent,HoC,1,panel,"Sir Robert Buxton, 3rd Baronet"
Q7527661,"Sir John Chichester, 1st Baronet, of Arlington Court",3496,0,0,0,,,,1,,
Q7527707,"Sir John Dalrymple-Hay, 3rd Baronet",2241,1,1,0,child,child,HoC,1,rush,Thomas Hay
Q7527724,"Sir John Dillwyn-Llewellyn, 1st Baronet",1496,1,5,1,parent,parent;child;grandparent;uncle/aunt;indirect,HoC,1,panel;rush,"Michael Hicks Beach, 1st Earl St Aldwyn;Lewis Weston Dillwyn;Charles Dillwyn-Venables-Llewellyn;Lewis Llewelyn Dillwyn;Sir Michael Hicks Beach, 8th Baronet"
Q7527742,"Sir John Dugdale Astley, 3rd Baronet",1137,1,1,0,grandparent,grandparent,HoC,1,rush,"Sir John Astley, 1st Baronet"
Q7527746,"Sir John Eardley-Wilmot, 2nd Baronet",1530,1,2,1,parent,parent;child;indirect,HoC,1,panel;rush,"Sir John Eardley-Wilmot, 1st Baronet;Sir Richard Williams-Bulkeley, 10th Baronet"
Q7527748,"Sir John Easthope, 1st Baronet",3841,0,0,0,,,,0,,
Q7527751,"Sir John Edwards, 1st Baronet, of Garth",6750,0,0,0,,,,1,,
Q7527760,"Sir John Ennis, 2nd Baronet",1565,1,1,0,child,child,HoC,1,panel,"Sir John Ennis, 1st Baronet"
Q7527761,"Sir John Ennis, 1st Baronet",252,1,1,0,parent,parent,HoC,1,panel,"Sir John Ennis, 2nd Baronet"
Q7527764,"Sir John Esmonde, 14th Baronet",7476,1,1,0,child,child,HoC,1,panel,John Joseph Esmonde
Q7527775,"Sir John Fletcher, 1st Baronet",7394,0,0,0,,,,0,,
Q7527785,"Sir John Fuller, 1st Baronet",7650,1,1,0,parent,parent;child,HoC,1,panel;rush,George Fuller
Q7527819,"Sir John Hardy, 1st Baronet",2225,1,5,1,parent,parent;child;sibling;uncle/aunt,HoC,1,panel;rush,"John Gathorne-Hardy, 2nd Earl of Cranbrook;Alfred Gathorne-Hardy;Gathorne Gathorne-Hardy, 1st Earl of Cranbrook;John Hardy;Laurence Hardy"
Q7527822,"Sir John Hay, 6th Baronet",6453,0,0,0,,,,1,,
Q7527827,"Sir John Henniker Heaton, 1st Baronet",1828,0,0,0,,,,1,,
Q7527838,"Sir John Hope, 16th Baronet",9056,0,0,0,,,,1,,
Q7527856,"Sir John Jardine, 1st Baronet",7678,0,0,0,,,,1,,
Q7527860,"Sir John Jarvis, 1st Baronet",8729,0,0,0,,,,0,,
Q7527865,"Sir John Kennaway, 3rd Baronet",1805,0,0,0,,,,1,,
Q7527866,"Sir John Key, 1st Baronet",9023,0,0,0,,,,0,,
Q7527868,"Sir John Kinloch, 2nd Baronet",2014,1,1,0,grandparent,grandparent,HoC,1,rush,George Kinloch
Q7527882,"Sir John Lawson, 1st Baronet, of Knavesmire Lodge",1769,0,0,0,,,,0,,
Q7527884,"Sir John Leigh, 1st Baronet",8062,0,0,0,,,,1,,
Q7527888,"Sir John Leslie, 1st Baronet",2458,1,3,1,sibling,sibling;niece/nephew;indirect,HoC,1,panel;rush,Charles Powell Leslie;William Cavendish-Bentinck;George Cavendish-Bentinck
Q7527900,"Sir John Lowther, 2nd Baronet, of Swillington",6994,1,5,1,cousin,cousin;indirect,HoC,1,panel;rush,"Christopher Lowther;Claude Lowther;Henry Lowther, 3rd Earl of Lonsdale;Henry Lowther;William Lowther, 2nd Earl of Lonsdale"
Q7527910,"Sir John MacLeod, 1st Baronet",4858,0,0,0,,,,1,,
Q7527915,"Sir John Maclure, 1st Baronet",1879,0,0,0,,,,1,,
Q7527921,"Sir John Maxwell, 7th Baronet",7023,1,1,0,parent,parent;child,HoC,1,panel;rush,"Sir John Maxwell, 8th Baronet"
Q7527924,"Sir John McEwen, 1st Baronet",4995,0,0,0,,,,1,,
Q7527928,"Sir John McTaggart, 1st Baronet",9104,0,0,0,,,,0,,
Q7527931,"Sir John Mellor, 2nd Baronet",8723,0,0,0,,,,1,,
Q7527934,"Sir John Middlemore, 1st Baronet",5061,0,0,0,,,,0,,
Q7527946,"Sir John Mordaunt, 9th Baronet",9419,1,1,0,parent,parent;child,HoC,1,panel;rush,"Sir Charles Mordaunt, 10th Baronet"
Q7527953,"Sir John Mowbray, 1st Baronet",2640,1,1,0,parent,parent;child,HoC,1,panel;rush,"Sir Robert Mowbray, 2nd Baronet"
Q7527964,"Sir John Neeld, 1st Baronet",5189,1,1,0,sibling,sibling,HoC,1,rush,Joseph Neeld
Q7527969,John Nicholl,,0,0,0,,,,0,,
Q7527976,"Sir John Ogilvy, 9th Baronet",2690,0,0,0,,,,1,,
Q7527977,"Sir John Norton-Griffiths, 1st Baronet",5229,1,2,1,grandchild,grandchild;indirect,HoC,1,rush,Jeremy Thorpe;John Henry Thorpe
Q7527984,"Sir John Owen, 1st Baronet",7090,1,1,0,parent,parent;child,HoC,1,panel;rush,"Sir Hugh Owen Owen, 2nd Baronet"
Q7528001,"Sir John Pennefather, 1st Baronet",5357,0,0,0,,,,0,,
Q7528012,"Sir John Power, 1st Baronet",8067,0,0,0,,,,1,,
Q7528017,"Sir John Reid, 2nd Baronet",7157,0,0,0,,,,0,,
Q7528026,"Sir John Rodgers, 1st Baronet",5594,0,0,0,,,,1,,
Q7528038,"Sir John Ross, 1st Baronet",783,1,1,0,child,child,HoC,0,rush,"Sir Ronald Ross, 2nd Baronet"
Q7528045,"Sir John Rutherford, 1st Baronet",2182,1,1,0,indirect,indirect,HoC,0,rush,John Rutherford
Q7528054,"Sir John Sebright, 7th Baronet",5704,0,0,0,,,,1,,
Q7528063,"Sir John Shelley, 7th Baronet",5725,0,0,0,,,,1,,
Q7528071,"Sir John Simeon, 3rd Baronet",859,1,2,1,parent,parent;child,HoC,1,panel;rush,"Sir John Simeon, 4th Baronet;Sir Richard Simeon, 2nd Baronet"
Q7528073,"Sir John Simeon, 4th Baronet",1863,1,2,1,parent,parent;child;grandparent;grandchild,HoC,1,panel;rush,"Sir John Simeon, 3rd Baronet;Sir Richard Simeon, 2nd Baronet"
Q7528074,"Sir John Sinclair, 3rd Baronet",862,1,1,0,parent,parent;child,HoC,1,panel;rush,George Sinclair
Q7528079,"Sir John Smyth, 1st Baronet",8700,0,0,0,,,,1,,
Q7528085,"Sir John Starkey, 1st Baronet",8095,1,1,0,child,child,HoC,1,panel,Lewis Randle Starkey
Q7528094,"Sir John Stirling-Maxwell, 10th Baronet",2011,1,2,1,child,child;sibling,HoC,1,panel,"Archibald Stirling;Sir William Stirling-Maxwell, 9th Baronet"
Q7528106,"Sir John Swinburne, 7th Baronet",922,0,0,0,,,,1,,
Q7528126,"Sir John Tyrell, 2nd Baronet",6065,0,0,0,,,,1,,
Q7528127,"Sir John Vanden-Bempde-Johnstone, 2nd Baronet",2369,1,2,1,parent,parent;child,HoC,1,panel;rush,"Harcourt Vanden-Bempde-Johnstone, 1st Baron Derwent;William Johnston"
Q7528139,"Sir John Weston, 1st Baronet",8101,0,0,0,,,,0,,
Q7528148,"Sir John Wilson, 1st Baronet",2020,0,0,0,,,,1,,
Q7528185,"Sir Joseph Dimsdale, 1st Baronet",7681,0,0,0,,,,0,,
Q7528188,"Sir Joseph Hood, 1st Baronet",8104,0,0,0,,,,1,,
Q7528190,"Sir Joseph McConnell, 2nd Baronet",4813,0,0,0,,,,1,,
Q7528194,"Sir Joseph Napier, 1st Baronet",7067,1,1,0,indirect,indirect,HoC,1,rush,Charles Napier
Q7528199,"Sir Joseph Pease, 1st Baronet",1818,1,6,1,parent,parent;child;sibling;uncle/aunt;niece/nephew,HoC,1,panel;rush,"Arthur Pease;Henry Pease;Herbert Pease, 1st Baron Daryngton;Jack Pease, 1st Baron Gainford;Joseph Pease;Sir Alfred Pease, 2nd Baronet"
Q7528200,"Sir Joseph Savory, 1st Baronet",825,0,0,0,,,,1,,
Q7528203,"Sir Joseph Walton, 1st Baronet",8107,0,0,0,,,,0,,
Q7528218,"Sir Keith Fraser, 5th Baronet",8117,0,0,0,,,,0,,
Q7528221,"Sir Kenneth Thompson, 1st Baronet",8737,0,0,0,,,,1,,
Q7528223,"Sir Kenneth Pickthorn, 1st Baronet",5396,0,0,0,,,,1,,
Q7528233,"Sir Lambert Ward, 1st Baronet",7713,0,0,0,,,,1,,
Q7528241,"Sir Laming Worthington-Evans, 1st Baronet",6260,0,0,0,,,,0,,
Q7528246,"Sir Lees Knowles, 1st Baronet",1897,0,0,0,,,,1,,
Q7528248,"Sir Leolin Forestier-Walker, 1st Baronet",4022,0,0,0,,,,1,,
Q7528250,"Sir Leonard Ropner, 1st Baronet",5613,0,0,0,,,,1,,
Q7528257,"Sir Lewis Molesworth, 11th Baronet",5078,1,1,0,indirect,indirect,HoC,1,rush,"Sir William Molesworth, 8th Baronet"
Q7528258,"Sir Lindsay Lindsay-Hogg, 1st Baronet",9139,0,0,0,,,,1,,
Q7528282,"Sir Malcolm Bullock, 1st Baronet",3387,0,0,0,,,,1,,
Q7528299,"Sir Martin Lindsay, 1st Baronet",8750,1,1,0,indirect,indirect,HoC,1,rush,"David Lindsay, 27th Earl of Crawford"
Q7528317,"Sir Matthew White Ridley, 3rd Baronet",6464,1,7,1,parent,parent;child;sibling;grandparent;grandchild;indirect,HoC,1,panel;rush,"Sir Matthew White Ridley, 4th Baronet;Gerard Smith;Edward Ridley;George Ridley;Matthew White Ridley, 1st Viscount Ridley;Matthew White Ridley, 2nd Viscount Ridley;Nicholas Ridley-Colborne, 1st Baron Colborne"
Q7528319,"Sir Matthew Wood, 1st Baronet",7368,1,3,1,parent,parent;child;sibling,HoC,1,panel;rush,"Benjamin Wood;William Wood, 1st Baron Hatherley;Western Wood"
Q7528323,"Sir Max Aitken, 2nd Baronet",2990,1,1,0,parent,parent;child,HoC,1,panel;rush,"Max Aitken, 1st Baron Beaverbrook"
Q7528325,Mervyn Manningham-Buller,8139,1,1,0,parent,parent;child,HoC,1,panel;rush,"Reginald Manningham-Buller, 1st Viscount Dilhorne"
Q7528336,"Sir Michael Hicks Beach, 8th Baronet",6548,1,5,1,parent,parent;child;grandparent;grandchild;indirect,HoC,1,panel;rush,"Michael Hicks Beach, 1st Earl St Aldwyn;Charles Dillwyn-Venables-Llewellyn;Michael Hicks Beach, Viscount Quenington;Sir John Dillwyn-Llewellyn, 1st Baronet;William Frederick Hicks-Beach"
Q7528339,"Sir Michael O'Loghlen, 1st Baronet",7084,1,2,1,parent,parent;child,HoC,1,panel;rush,"Bryan O'Loghlen;Sir Colman O'Loghlen, 2nd Baronet"
Q7528351,"Sir Montagu Chapman, 3rd Baronet",6643,1,1,0,sibling,sibling,HoC,1,panel,"Sir Benjamin Chapman, 4th Baronet"
Q7528355,"Sir Montague Cholmeley, 2nd Baronet",1369,1,2,1,parent,parent;child;indirect,HoC,1,panel;rush,"Henry Vivian, 1st Baron Swansea;Sir Hugh Cholmeley, 3rd Baronet"
Q7528362,"Sir Nairne Stewart Sandeman, 1st Baronet",5876,0,0,0,,,,0,,
Q7528392,"Sir Norman Lamont, 2nd Baronet",4635,1,2,1,parent,parent;indirect,HoC,0,rush,Norman Lamont;James Lamont
Q7528415,"Sir Oswald Mosley, 2nd Baronet, of Ancoats",5127,1,1,0,indirect,indirect,HoC,1,rush,Oswald Mosley
Q7528429,"Sir Patrick Ford, 1st Baronet",4012,0,0,0,,,,1,,
Q7528447,"Sir Percy Harris, 1st Baronet",8166,0,0,0,,,,1,,
Q7528451,"Sir Percy Nugent, 1st Baronet",5231,0,0,0,,,,1,,
Q7528453,"Sir Peter Agnew, 1st Baronet",6415,0,0,0,,,,1,,
Q7528468,"Sir Peter Roberts, 3rd Baronet",8802,1,2,1,parent,parent;child;grandparent;grandchild,HoC,1,panel;rush,"Sir Samuel Roberts, 1st Baronet;Sir Samuel Roberts, 2nd Baronet"
Q7528477,"Sir Philip Colfox, 1st Baronet",3562,0,0,0,,,,1,,
Q7528485,"Sir Philip Miles, 2nd Baronet",2602,1,4,1,parent,parent;child;sibling;grandparent;grandchild;niece/nephew;indirect,HoC,1,panel;rush,"Philip John Miles;Philip William Skynner Miles;Charles Miles;Sir William Miles, 1st Baronet"
Q7528499,"Sir Philip Sassoon, 3rd Baronet",5669,1,1,0,parent,parent;child,HoC,1,panel;rush,"Sir Edward Sassoon, 2nd Baronet, of Kensington Gore"
Q7528514,"Sir Ralph Lopes, 2nd Baronet",6992,1,3,1,parent,parent;child;grandparent;grandchild,HoC,1,panel;rush,"Sir Massey Lopes, 3rd Baronet;Henry Lopes, 1st Baron Ludlow;Henry Lopes, 1st Baron Roborough"
Q7528523,"Sir Raymond Greene, 2nd Baronet",1778,1,2,1,parent,parent;child;grandchild,HoC,1,panel;rush,"Edward Greene;Sir Edward Greene, 1st Baronet"
Q7528531,"Sir Reginald Neville, 1st Baronet",8178,0,0,0,,,,1,,
Q7528560,"Sir Richard Cooper, 2nd Baronet",9194,0,0,0,,,,1,,
Q7528580,"Sir Richard Gilpin, 1st Baronet",1685,0,0,0,,,,0,,
Q7528583,"Sir Richard Glyn, 9th Baronet",8833,0,0,0,,,,1,,
Q7528622,"Sir Richard Martin, 1st Baronet, of Overbury Court",1969,1,2,1,indirect,indirect,HoC,0,rush,James Martin;John Martin
Q7528632,"Sir Richard Musgrave, 11th Baronet",2650,0,0,0,,,,1,,
Q7528646,"Sir Richard Paget, 1st Baronet",2714,0,0,0,,,,1,,
Q7528660,"Sir Richard Simeon, 2nd Baronet",7207,1,2,1,parent,parent;child;grandparent;grandchild,HoC,1,panel;rush,"Sir John Simeon, 3rd Baronet;Sir John Simeon, 4th Baronet"
Q7528667,"Sir Richard Thompson, 1st Baronet",8834,0,0,0,,,,1,,
Q7528677,"Sir Richard Vyvyan, 8th Baronet",6099,0,0,0,,,,1,,
Q7528679,"Sir Richard Wells, 1st Baronet",8255,0,0,0,,,,1,,
Q7528680,"Sir Richard Williams-Bulkeley, 10th Baronet",3384,1,1,0,indirect,indirect,HoC,1,rush,"Sir John Eardley-Wilmot, 2nd Baronet"
Q7528702,"Sir Robert Anstruther, 5th Baronet",1121,1,1,0,parent,parent;child,HoC,1,panel;rush,Henry Torrens Anstruther
Q7528705,"Sir Robert Aske, 1st Baronet",3047,0,0,0,,,,1,,
Q7528711,"Sir Robert Balfour, 1st Baronet",8200,0,0,0,,,,0,,
Q7528718,"Sir Robert Bateson, 1st Baronet",6546,1,2,1,parent,parent;child,HoC,1,panel;rush,"Robert Bateson;Thomas Bateson, 1st Baron Deramore"
Q7528721,"Sir Robert Bird, 2nd Baronet",3210,1,1,0,child,child,HoC,1,panel;rush,"Sir Alfred Bird, 1st Baronet"
Q7528734,"Sir Robert Buxton, 3rd Baronet",1312,1,1,0,child,child,HoC,1,panel,"Sir John Buxton, 2nd Baronet"
Q7528736,"Sir Robert Chapman, 1st Baronet",8193,0,0,0,,,,1,,
Q7528751,"Sir Robert Cunliffe, 5th Baronet",1435,0,0,0,,,,1,,
Q7528764,"Sir Geoffrey Ellis, 1st Baronet",8216,0,0,0,,,,0,,
Q7528768,"Sir Robert Ferguson, 2nd Baronet",6774,0,0,0,,,,1,,
Q7528778,"Sir Robert Gore-Booth, 4th Baronet",1244,0,0,0,,,,1,,
Q7528779,"Sir Robert Greenhill-Russell, 1st Baronet",,0,0,0,,,,0,,
Q7528790,"Sir Robert Harvey, 1st Baronet, of Crown Point",6879,0,0,0,,,,1,,
Q7528792,"Sir Robert Heron, 2nd Baronet",4339,0,0,0,,,,0,,
Q7528794,"Sir Robert Harvey, 1st Baronet, of Langley Park",2236,0,0,0,,,,1,,
Q7528797,"Sir Robert Houston, 1st Baronet",2185,0,0,0,,,,1,,
Q7528805,"Sir Robert Loder, 1st Baronet",2487,1,2,1,parent,parent;child;grandparent;grandchild,HoC,1,panel;rush,"John Loder, 2nd Baron Wakehurst;Gerald Loder, 1st Baron Wakehurst"
Q7528815,"Sir Robert Mowbray, 2nd Baronet",2054,1,1,0,parent,parent;child,HoC,1,panel;rush,"Sir John Mowbray, 1st Baronet"
Q7528828,Robert Pattinson,5339,0,0,0,,,,0,,
Q7528832,"Sir Robert Phillimore, 1st Baronet",5389,1,1,0,sibling,sibling,HoC,1,panel,John George Phillimore
Q7528834,"Sir Robert Perks, 1st Baronet",2894,0,0,0,,,,0,,
Q7528835,"Sir Robert Pigot, 4th Baronet",5399,0,0,0,,,,1,,
Q7528837,"Sir Robert Price, 2nd Baronet",7149,0,0,0,,,,0,,
Q7528839,"Sir Robert Rankin, 1st Baronet",8204,1,1,0,sibling,sibling,HoC,0,rush,James Stuart Rankin
Q7528853,"Sir Robert Thomas, 1st Baronet",8218,0,0,0,,,,1,,
Q7528858,"Sir Robert Uniacke-Penrose-Fitzgerald, 1st Baronet",1782,0,0,0,,,,1,,
Q7528860,"Sir Robert Throckmorton, 8th Baronet",5985,0,0,0,,,,1,,
Q7528861,"Sir Robert Vaughan, 2nd Baronet",6086,0,0,0,,,,0,,
Q7528866,"Sir Robert Williams, 1st Baronet",1845,1,2,1,parent,parent;child;grandparent;grandchild,HoC,1,panel;rush,Robert Williams;Robert Williams
Q7528884,"Sir Roger Conant, 1st Baronet",3577,0,0,0,,,,1,,
Q7528885,"Sir Roger Gresley, 8th Baronet",9098,1,1,0,indirect,indirect,HoC,1,rush,"Sir Thomas Gresley, 10th Baronet"
Q7528913,"Sir Rowland Blennerhassett, 4th Baronet",1233,1,2,1,indirect,indirect,HoC,1,rush,Arthur Blennerhassett;Rowland Blennerhassett
Q7528915,"Sir Rowland Whitehead, 3rd Baronet",7529,1,1,0,parent,parent;child,HoC,1,panel;rush,"Sir James Whitehead, 1st Baronet"
Q7528937,"Sir Samuel Crompton, 1st Baronet",6689,1,1,0,indirect,indirect,HoC,1,rush,Joshua Crompton
Q7528945,"Sir Samuel Hoare, 1st Baronet",1924,1,1,0,parent,parent;child,HoC,1,panel;rush,"Samuel Hoare, 1st Viscount Templewood"
Q7528947,"Sir Samuel Roberts, 1st Baronet",8233,1,2,1,parent,parent;child;grandparent;grandchild,HoC,1,panel;rush,"Sir Peter Roberts, 3rd Baronet;Sir Samuel Roberts, 2nd Baronet"
Q7528949,"Sir Samuel Roberts, 2nd Baronet",9438,1,2,1,parent,parent;child,HoC,1,panel;rush,"Sir Peter Roberts, 3rd Baronet;Sir Samuel Roberts, 1st Baronet"
Q7528950,"Sir Samuel Scott, 6th Baronet",8237,1,2,1,indirect,indirect,HoC,1,rush,"Horace Farquhar, 1st Earl Farquhar;George Cadogan, 5th Earl Cadogan"
Q7528951,"Sir Samuel Strang Steel, 1st Baronet",5859,0,0,0,,,,1,,
Q7528974,"Sir Smith Child, 1st Baronet",1365,1,1,0,indirect,indirect,HoC,0,rush,"Sir Smith Child, 2nd Baronet"
Q7528975,"Sir Smith Child, 2nd Baronet",8245,1,1,0,indirect,indirect,HoC,1,rush,"Sir Smith Child, 1st Baronet"
Q7528982,Stanley Tubbs,6044,0,0,0,,,,0,,
Q7528984,"Sir Stephen Furness, 1st Baronet",7649,1,2,1,parent,parent;child;uncle/aunt,HoC,1,panel;rush,"Christopher Furness, 1st Baron Furness;Stephen Furness"
Q7528986,"Sir Stephen Glynne, 9th Baronet",4117,0,0,0,,,,1,,
Q7528992,Stuart Samuel,7666,1,1,0,sibling,sibling,HoC,1,panel,"Herbert Samuel, 1st Viscount Samuel"
Q7528999,"Sir Sydney Waterlow, 1st Baronet",999,1,1,0,parent,parent;child,HoC,1,panel;rush,David Waterlow
Q7529014,"Sir Theodore Brinckman, 2nd Baronet",1266,0,0,0,,,,1,,
Q7529022,"Sir Thomas Abdy, 1st Baronet, of Albyns",8,0,0,0,,,,1,,
Q7529038,"Sir Thomas Baring, 2nd Baronet",,1,6,1,parent,parent;sibling;grandparent;uncle/aunt,HoC,1,panel,"Thomas Baring, 1st Earl of Northbrook;Francis Baring, 1st Baron Northbrook;Bingham Baring, 2nd Baron Ashburton;Francis Baring, 3rd Baron Ashburton;Alexander Baring, 1st Baron Ashburton;Thomas Baring"
Q7529041,"Sir Thomas Barrett-Lennard, 1st Baronet",4690,1,1,0,parent,parent;child,HoC,1,panel;rush,Thomas Barrett Lennard
Q7529044,"Sir Thomas Bazley, 1st Baronet",1190,0,0,0,,,,1,,
Q7529052,"Sir Thomas Bernard, 6th Baronet",3172,0,0,0,,,,1,,
Q7529057,"Sir Thomas Birch, 2nd Baronet",3208,0,0,0,,,,0,,
Q7529071,"Sir Thomas Burke, 3rd Baronet",6613,1,1,0,child,child,HoC,1,panel,"Sir John Burke, 2nd Baronet"
Q7529086,"Sir Edward Colebrooke, 4th Baronet",1396,0,0,0,,,,1,,
Q7529108,"Sir Thomas Dyke Acland, 11th Baronet",25,1,4,1,parent,parent;child;grandparent,HoC,1,panel;rush,"Sir Thomas Dyke Acland, 10th Baronet;Sir Francis Dyke Acland, 14th Baronet;Sir Arthur Dyke Acland, 13th Baronet;Sir Thomas Dyke Acland, 12th Baronet"
Q7529110,"Sir Thomas Dyke Acland, 12th Baronet",22,1,4,1,parent,parent;child;sibling;grandparent;grandchild;uncle/aunt,HoC,1,panel;rush,"Sir Thomas Dyke Acland, 10th Baronet;Sir Francis Dyke Acland, 14th Baronet;Sir Arthur Dyke Acland, 13th Baronet;Sir Thomas Dyke Acland, 11th Baronet"
Q7529116,"Sir Thomas Esmonde, 11th Baronet",2189,1,1,0,child,child,HoC,1,panel,"Sir John Esmonde, 10th Baronet"
Q7529118,"Sir Thomas Fermor-Hesketh, 5th Baronet",2266,0,0,0,,,,1,,
Q7529126,Thomas Frankland Lewis,9319,1,1,0,parent,parent,HoC,1,panel,George Cornewall Lewis
Q7529140,"Sir Thomas Gladstone, 2nd Baronet",6820,1,5,1,sibling,sibling;uncle/aunt;niece/nephew;indirect,HoC,1,panel;rush,"William Ewart Gladstone;Herbert Gladstone, 1st Viscount Gladstone;William Henry Gladstone;John Gladstone;William Glynne Charles Gladstone"
Q7529142,"Sir Thomas Glen-Coats, 1st Baronet",4109,0,0,0,,,,1,,
Q7529148,"Sir Thomas Gresley, 10th Baronet",1735,1,1,0,indirect,indirect,HoC,1,rush,"Sir Roger Gresley, 8th Baronet"
Q7529155,"Sir Thomas Grove, 1st Baronet",1747,0,0,0,,,,1,,
Q7529180,"Sir Thomas Lea, 1st Baronet",2434,0,0,0,,,,1,,
Q7529192,"Sir Thomas Lloyd, 1st Baronet",2480,1,1,0,cousin,cousin,HoC,0,panel;rush,Thomas Lloyd
Q7529205,"Sir Thomas McClure, 1st Baronet",2515,0,0,0,,,,0,,
Q7529215,"Sir Thomas Moore, 1st Baronet",8908,0,0,0,,,,1,,
Q7529224,"Sir Thomas Nussey, 1st Baronet",2120,0,0,0,,,,0,,
Q7529253,"Sir Thomas Royden, 1st Baronet",791,1,1,0,parent,parent;child,HoC,1,panel;rush,"Thomas Royden, 1st Baron Royden"
Q7529264,"Sir Thomas Scarisbrick, 1st Baronet",5675,0,0,0,,,,0,,
Q75292880,James Murray,10256,0,0,0,,,,1,,
Q7529296,"Sir Thomas Western, 1st Baronet",6172,1,1,0,parent,parent;child,HoC,0,panel;rush,"Sir Thomas Western, 2nd Baronet"
Q7529300,"Sir Thomas Western, 2nd Baronet",6171,1,1,0,parent,parent;child,HoC,1,panel;rush,"Sir Thomas Western, 1st Baronet"
Q7529312,"Sir Thomas Winnington, 3rd Baronet",,1,2,1,parent,parent;sibling,HoC,1,panel,"Sir Thomas Winnington, 4th Baronet;Henry Winnington"
Q7529319,"Sir Thomas Worsfold, 1st Baronet",6255,0,0,0,,,,0,,
Q7529320,"Sir Thomas Wrightson, 1st Baronet",2060,1,1,0,indirect,indirect,HoC,0,rush,Fredric Wise
Q7529330,"Sir Trevor Lawrence, 2nd Baronet",2430,0,0,0,,,,1,,
Q7529349,"Sir Vansittart Bowater, 1st Baronet",3276,0,0,0,,,,1,,
Q7529361,"Sir Walter Barttelot, 1st Baronet",1178,0,0,0,,,,1,,
Q7529373,"Sir Walter Burrell, 5th Baronet",1302,1,2,1,parent,parent;child;sibling,HoC,1,panel;rush,"Percy Burrell;Sir Charles Burrell, 3rd Baronet"
Q7529395,"Sir Walter Nugent, 4th Baronet",5235,0,0,0,,,,1,,
Q7529396,"Sir Walter Palmer, 1st Baronet",7655,1,2,1,child,child;sibling,HoC,1,panel,George Palmer;George William Palmer
Q7529413,"Sir Walter Womersley, 1st Baronet",6241,0,0,0,,,,0,,
Q7529424,"Sir Watkin Williams-Wynn, 5th Baronet",6318,1,5,1,parent,parent;child;sibling;grandparent;grandchild;uncle/aunt;niece/nephew,HoC,1,panel;rush,"Charles Williams-Wynn;Herbert Williams-Wynn;Charles Williams-Wynn;Sir Herbert Williams-Wynn, 7th Baronet;Sir Watkin Williams-Wynn, 6th Baronet"
Q7529429,"Sir Watkin Williams-Wynn, 6th Baronet",1098,1,5,1,parent,parent;child;sibling;uncle/aunt;niece/nephew;cousin,HoC,1,panel;rush,"Charles Williams-Wynn;Herbert Williams-Wynn;Charles Williams-Wynn;Sir Herbert Williams-Wynn, 7th Baronet;Sir Watkin Williams-Wynn, 5th Baronet"
Q7529446,"Sir Wilfrid Lawson, 2nd Baronet",1796,1,1,0,parent,parent;child,HoC,1,panel;rush,"Sir Wilfrid Lawson, 3rd Baronet, of Brayton"
Q7529449,"Sir Wilfrid Lawson, 3rd Baronet, of Brayton",7694,1,1,0,parent,parent;child,HoC,1,panel;rush,"Sir Wilfrid Lawson, 2nd Baronet"
Q7529463,"Sir William Agnew, 1st Bt.",752,1,1,0,parent,parent,HoC,1,panel,"Sir George Agnew, 2nd Baronet"
Q7529482,"Sir William Bagge, 1st Baronet",1146,0,0,0,,,,1,,
Q7529483,"Sir William Baillie, 2nd Baronet",6515,0,0,0,,,,1,,
Q7529489,"Sir William Beale, 1st Baronet",3127,0,0,0,,,,0,,
Q7529503,"Sir William Boulton, 1st Baronet",3269,0,0,0,,,,1,,
Q7529511,"Sir William Bowyer-Smijth, 11th Baronet",5777,0,0,0,,,,1,,
Q7529513,"Sir William Brown, 1st Baronet, of Richmond Hill",6595,0,0,0,,,,1,,
Q7529516,"Sir William Bull, 1st Baronet",3386,0,0,0,,,,1,,
Q7529521,Cameron Gull,1751,0,0,0,,,,1,,
Q7529524,"Sir William Chaytor, 2nd Baronet",9086,1,1,0,parent,parent;child,HoC,1,panel;rush,"Sir William Chaytor, 1st Baronet"
Q7529526,"Sir William Chaytor, 1st Baronet",8993,1,1,0,parent,parent;child,HoC,1,panel;rush,"Sir William Chaytor, 2nd Baronet"
Q7529531,"Sir William Clay, 1st Baronet",9088,0,0,0,,,,1,,
Q7529536,"Sir William Coddington, 1st Baronet",1884,0,0,0,,,,1,,
Q7529546,"Sir William Crossley, 1st Baronet",7676,0,0,0,,,,1,,
Q7529549,"Sir William Brooks, 1st Baronet",1278,1,1,0,niece/nephew,niece/nephew,HoC,1,rush,John Baguley Brooks
Q7529567,"Sir William Dunbar, 7th Baronet",6737,0,0,0,,,,1,,
Q7529569,"Sir William Dunn, 1st Baronet, of Clitheroe",7672,0,0,0,,,,0,,
Q7529577,"Sir William Edge, 1st Baronet",3855,0,0,0,,,,1,,
Q7529584,"Sir William Ewart, 1st Baronet",1576,0,0,0,,,,1,,
Q7529596,"Sir William Fraser, 4th Baronet",1643,1,2,1,indirect,indirect,HoC,1,rush,Charles Craufurd Fraser;Hugh Fraser
Q7529613,"Sir William Gordon-Cumming, 2nd Baronet",,1,1,0,sibling,sibling,HoC,1,panel,Charles Cumming-Bruce
Q7529624,"Sir William Hayter, 1st Baronet",6882,1,1,0,parent,parent;child,HoC,1,panel;rush,"Arthur Hayter, 1st Baron Haversham"
Q7529626,"Sir William Heathcote, 5th Baronet",4309,0,0,0,,,,1,,
Q7529634,"Sir William Hornby, 1st Baronet",1836,1,2,1,parent,parent;child;niece/nephew,HoC,1,panel;rush,John Hornby;William Henry Hornby
Q7529636,"Sir William Ingram, 1st Baronet",2343,1,1,0,parent,parent;child,HoC,1,panel;rush,Herbert Ingram
Q7529639,"Sir William Jackson, 1st Baronet",6930,1,1,0,parent,parent;child,HoC,1,panel;rush,"Sir Henry Jackson, 2nd Baronet"
Q7529686,"Sir William McNair Snadden, 1st Baronet",5785,0,0,0,,,,0,,
Q7529688,"Sir William Middlebrook, 1st Baronet",5060,0,0,0,,,,0,,
Q7529690,"Sir William Miles, 1st Baronet",7036,1,5,1,parent,parent;child;sibling;indirect,HoC,1,panel;rush,"Philip John Miles;Philip William Skynner Miles;Robert Tudway;Charles Miles;Sir Philip Miles, 2nd Baronet"
Q7529691,"Sir William Miller, 1st Baronet",7040,0,0,0,,,,1,,
Q7529697,"Sir William Montgomery-Cuninghame, 9th Baronet",1434,0,0,0,,,,1,,
Q7529698,"Sir William Moore, 1st Baronet",7569,0,0,0,,,,1,,
Q7529701,"Sir William Mount, 1st Baronet",8323,1,2,1,parent,parent;child;grandchild,HoC,1,panel;rush,William George Mount;William Mount
Q7529725,"Sir William Payne-Gallwey, 2nd Baronet",1658,0,0,0,,,,1,,
Q7529726,"Sir William Pearce, 1st Baronet",2733,1,1,0,parent,parent,HoC,0,panel,"Sir William Pearce, 2nd Baronet"
Q7529729,"Sir William Pearce, 2nd Baronet",2734,1,1,0,child,child,HoC,0,panel,"Sir William Pearce, 1st Baronet"
Q7529740,"Sir William Prescott, 1st Baronet",9206,1,1,0,parent,parent,HoC,1,panel,Stanley Prescott
Q7529744,"Sir William Rae, 3rd Baronet",5492,0,0,0,,,,1,,
Q7529761,"Sir William Russell, 2nd Baronet",807,0,0,0,,,,1,,
Q7529763,"Sir William Rutherford, 1st Baronet",8360,1,1,0,child,child,HoC,0,rush,"Sir Hugo Rutherford, 2nd Baronet"
Q7529765,"Sir William Salusbury-Trelawny, 8th Baronet",6030,1,1,0,parent,parent;child,HoC,1,panel;rush,John Salusbury-Trelawny
Q7529770,"Sir William Scott, 6th Baronet",830,0,0,0,,,,1,,
Q7529792,"Sir William Taylor, 1st Baronet",8964,0,0,0,,,,0,,
Q7529798,"Sir William Tomlinson, 1st Baronet",1894,0,0,0,,,,0,,
Q7529810,"Sir William Verner, 2nd Baronet",977,1,2,1,parent,parent;child;sibling,HoC,1,panel;rush,"Sir William Verner, 1st Baronet;Sir Edward Verner, 4th Baronet"
Q7529817,"Sir William Welby-Gregory, 4th Baronet",1014,1,3,1,parent,parent;child;sibling,HoC,1,panel;rush,"Sir Charles Welby, 5th Baronet;Alfred Welby;Sir Glynne Welby, 3rd Baronet"
Q7529846,"Sir William ffolkes, 2nd Baronet",6237,0,0,0,,,,1,,
Q7529847,"Sir William ffolkes, 3rd Baronet",1593,0,0,0,,,,1,,
Q7529852,"Sir Windham Carmichael-Anstruther, 8th Baronet",1336,0,0,0,,,,1,,
Q7533492,Siôn Simon,5944,0,0,0,,,,0,,
Q75410647,Fleur Anderson,10156,0,0,0,,,,1,,
Q75427885,Simon Baynes,10165,0,0,0,,,,1,,
Q7544348,Smedley Crooke,3635,0,0,0,,,,0,,
Q75583507,Theo Clarke,10183,1,2,1,grandparent,grandparent;uncle/aunt,HoC,1,rush,Jacob Rees-Mogg;Somerset de Chair
Q7559819,Somerset Maxwell,8246,1,3,1,indirect,indirect,HoC,1,rush,"Henry Maxwell, 7th Baron Farnham;James Maxwell, 9th Baron Farnham;Somerset Maxwell, 8th Baron Farnham"
Q7559823,Somerset Beaumont,1195,1,4,1,parent,parent;child;sibling;uncle/aunt,HoC,1,panel;rush,"Hubert Beaumont;Thomas Wentworth Beaumont;Wentworth Beaumont, 1st Baron Allendale;Wentworth Beaumont, 1st Viscount Allendale"
Q7559889,"Somerset Maxwell, 8th Baron Farnham",7026,1,4,1,sibling,sibling;niece/nephew;indirect,HoC,1,panel;rush,"Edward James Saunderson;Henry Maxwell, 7th Baron Farnham;James Maxwell, 9th Baron Farnham;Somerset Maxwell"
Q7559928,Somerset de Chair,3693,1,1,0,grandchild,grandchild,HoC,1,rush,Theo Clarke
Q7559969,Somerville Hastings,8891,0,0,0,,,,0,,
Q75621688,Sarah Owen,10262,0,0,0,,,,0,,
Q75621766,Feryal Clark,10182,0,0,0,,,,0,,
Q75720091,Navendu Mishra,10250,0,0,0,,,,0,,
Q7575991,Spencer Batiste,3122,0,0,0,,,,0,,
Q7576015,Spencer Charrington,1919,0,0,0,,,,0,,
Q7576081,Spencer Horsey de Horsey,3699,1,1,0,sibling,sibling,HoC,1,rush,Harry Spencer Waddington
Q7576083,Spencer Horatio Walpole,989,0,0,0,,,,1,,
Q7576114,Spencer Le Marchant,4666,0,0,0,,,,1,,
Q7576155,Spencer Perceval,,0,0,0,,,,1,,
Q7576189,Spencer Summers,8567,0,0,0,,,,0,,
Q75818967,Dave Doogan,10195,0,0,0,,,,0,,
Q75818970,Neale Hanvey,10220,0,0,0,,,,0,,
Q75818973,Stephen Flynn,10211,0,0,0,,,,0,,
Q75818976,Richard Thomson,10280,0,0,0,,,,0,,
Q75818978,Steven Bonnar,10171,0,0,0,,,,0,,
Q75818980,Allan Dorans,10196,0,0,0,,,,0,,
Q75818988,Amy Callaghan,10178,0,0,0,,,,0,,
Q75838676,Munira Wilson,10290,0,0,0,,,,0,,
Q75838761,Daisy Cooper,10187,0,0,0,,,,0,,
Q75838898,Wendy Chamberlain,10181,0,0,0,,,,0,,
Q75839196,Helen Morgan,10320,0,0,0,,,,0,,
Q7593650,"St John Brodrick, 1st Earl of Midleton",1951,1,5,1,parent,parent;child;grandparent;uncle/aunt;indirect,HoC,1,panel;rush,"Francis Charteris, 10th Earl of Wemyss;Hugo Charteris, 11th Earl of Wemyss;Thomas Fremantle, 1st Baron Cottesloe;Thomas Fremantle, 2nd Baron Cottesloe;William Brodrick, 8th Viscount Midleton"
Q7596635,Stafford Howard,2312,1,2,1,child,child;sibling,HoC,1,panel;rush,Henry Howard;Henry Howard
Q7596665,Stafford Vere Hotchkin,4430,0,0,0,,,,0,,
Q7597536,Stan Awbery,3074,0,0,0,,,,0,,
Q7597590,Stan Cohen,8892,0,0,0,,,,0,,
Q7597815,Stan Newens,5198,0,0,0,,,,0,,
Q7597917,Stan Thorne,5972,0,0,0,,,,0,,
Q7598650,"Standish O'Grady, 2nd Viscount Guillamore",5257,0,0,0,,,,1,,
Q7599503,Stanley Burgess,3398,0,0,0,,,,0,,
Q7599547,Stanley Crowther,3653,0,0,0,,,,0,,
Q7599582,Stanley Evans,8894,0,0,0,,,,0,,
Q7599676,"Stanley Holmes, 1st Baron Dovercourt",8730,0,0,0,,,,1,,
Q7599747,Stanley Leighton,1932,1,3,1,parent,parent;child;sibling,HoC,1,panel;rush,"Bertie Leighton;Sir Baldwin Leighton, 7th Baronet;Sir Baldwyn Leighton, 8th Baronet"
Q7599788,Stanley McMaster,9292,0,0,0,,,,0,,
Q7599884,Stanley Prescott,9302,1,1,0,child,child,HoC,1,panel,"Sir William Prescott, 1st Baronet"
Q7599905,Stanley Reed,8608,0,0,0,,,,0,,
Q7599994,Stanley Tiffany,5991,0,0,0,,,,0,,
Q7600012,Stanley Vickers,2850,0,0,0,,,,0,,
Q7608874,Stephen Cave,1343,0,0,0,,,,0,,
Q7608928,Stephen Collins,7673,0,0,0,,,,0,,
Q7609031,Stephen Day,244,0,0,0,,,,0,,
Q7609085,Stephen Doughty,10077,0,0,0,,,,0,,
Q7609180,Stephen Farry,10205,0,0,0,,,,0,,
Q7609300,Stephen Gaselee,4070,0,0,0,,,,0,,
Q7609334,Stephen Goodwin Howard,8250,0,0,0,,,,0,,
Q7609373,Stephen Gwynn,4207,0,0,0,,,,1,,
Q7609437,Stephen Hastings,8897,0,0,0,,,,1,,
Q7609475,Stephen Hesford,352,0,0,0,,,,0,,
Q7609686,Stephen King-Hall,4601,0,0,0,,,,1,,
Q7609739,Stephen Ladyman,422,0,0,0,,,,0,,
Q7609831,Stephen Lushington,4787,1,1,0,sibling,sibling,HoC,1,panel;rush,Charles Lushington
Q7609917,Stephen Mason,2580,1,1,0,parent,parent;child,HoC,0,panel;rush,David Marshall Mason
Q7609933,Stephen McAdden,4821,0,0,0,,,,0,,
Q7610020,Stephen Moore,7049,0,0,0,,,,1,,
Q7610101,Stephen Furness,8251,1,1,0,parent,parent;child,HoC,1,panel;rush,"Sir Stephen Furness, 1st Baronet"
Q7610126,Stephen O'Mara,2698,1,1,0,parent,parent;child,HoC,0,panel;rush,James O'Mara
Q7610406,"Stephen Ross, Baron Ross of Newport",8898,0,0,0,,,,1,,
Q7610415,Stephen Roxby Dodds,8252,0,0,0,,,,0,,
Q7610422,Stephen Rumbold Lushington,4788,1,1,0,parent,parent;child,HoC,1,panel;rush,Charles Manners Lushington
Q7610628,Stephen Swingler,5939,0,0,0,,,,0,,
Q7610803,Stephen Walsh,8249,0,0,0,,,,0,,
Q7610865,Stephen Williamson,1062,1,1,0,parent,parent;child,HoC,1,panel;rush,"Archibald Williamson, 1st Baron Forres"
Q7610927,Stephen de Vere,3708,0,0,0,,,,1,,
Q7613711,Steve Reed,10079,0,0,0,,,,0,,
Q7613861,"William Legge, 5th Earl of Dartmouth",9024,1,4,1,parent,parent;child;sibling;grandparent;grandchild;indirect,HoC,1,panel;rush,"Heneage Finch, 6th Earl of Aylesford;Heneage Legge;William Legge, 6th Earl of Dartmouth;William Legge, 7th Earl of Dartmouth"
Q76139,Gerry Adams,41,0,0,0,,,,0,,
Q7614395,"William Wentworth-Fitzwilliam, 7th Earl Fitzwilliam",1990,1,10,1,parent,parent;child;grandparent;grandchild;uncle/aunt;niece/nephew;indirect,HoC,1,panel;rush,"William Wentworth-Fitzwilliam, Viscount Milton;Lawrence Dundas, 1st Marquess of Zetland;Charles Wentworth-FitzWilliam;Charles Wentworth-Fitzwilliam, 5th Earl Fitzwilliam;George Wentworth-FitzWilliam;Henry Wentworth-FitzWilliam;John Wentworth-FitzWilliam;Lawrence Dundas, 2nd Marquess of Zetland;William Wentworth-FitzWilliam, Viscount Milton;William Wentworth-Fitzwilliam, 6th Earl Fitzwilliam"
Q7614508,"Thomas Parker, 6th Earl of Macclesfield",7104,1,1,0,parent,parent,HoC,1,panel,Francis Parker
Q7614951,"William Murray, 4th Earl of Mansfield and Mansfield",5893,1,1,0,indirect,indirect,HoC,1,rush,"Mungo Murray, 7th Earl of Mansfield and Mansfield"
Q7615093,Steven Norris,2947,0,0,0,,,,0,,
Q7618517,Walter Edwards,8934,0,0,0,,,,0,,
Q7619672,"William Temple-Gore-Langton, 4th Earl Temple of Stowe",1707,1,4,1,parent,parent;child;grandparent;uncle/aunt,HoC,1,panel;rush,"William Gore-Langton;Richard Temple-Nugent-Brydges-Chandos-Grenville, 3rd Duke of Buckingham and Chandos;Richard Temple-Nugent-Brydges-Chandos-Grenville, 2nd Duke of Buckingham and Chandos;William Gore-Langton"
Q7619844,Stopford Brooke,7447,0,0,0,,,,0,,
Q7619928,"Wilbraham Egerton, 1st Earl Egerton",1547,1,5,1,parent,parent;child;sibling;uncle/aunt;niece/nephew,HoC,1,panel;rush,"Sir Philip Grey Egerton, 10th Baronet;Alan Egerton, 3rd Baron Egerton;Edward Christopher Egerton;John Loftus, 3rd Marquess of Ely;William Egerton, 1st Baron Egerton"
Q7620014,"William Lygon, 8th Earl Beauchamp",3873,1,2,1,grandparent,grandparent;indirect,HoC,1,rush,"Henry Lygon, 5th Earl Beauchamp;Frederick Lygon, 6th Earl Beauchamp"
Q7620761,"Gilbert Heathcote-Drummond-Willoughby, 1st Earl of Ancaster",4310,1,5,1,parent,parent;child;grandparent;grandchild,HoC,1,panel;rush,"Claud Heathcote-Drummond-Willoughby;Gilbert Heathcote, 1st Baron Aveland;Gilbert Heathcote-Drummond-Willoughby, 2nd Earl of Ancaster;James Heathcote-Drummond-Willoughby, 3rd Earl of Ancaster;Sir Gilbert Heathcote, 4th Baronet"
Q7620899,,,0,0,0,,,,1,,
Q7620919,"William Pleydell-Bouverie, 5th Earl of Radnor",1624,1,4,1,parent,parent;child;uncle/aunt;cousin,HoC,1,panel;rush,"Edward Pleydell-Bouverie;Jacob Pleydell-Bouverie, 6th Earl of Radnor;James Grimston, 2nd Earl of Verulam;James Grimston, 3rd Earl of Verulam"
Q7620964,"William Elliot-Murray-Kynynmound, 3rd Earl of Minto",5040,1,5,1,parent,parent;child;uncle/aunt;cousin;indirect,HoC,1,panel;rush,Arthur Elliot;George Elliot;George Elliot;Hugh Elliot;John Elliot
Q7622269,Stratton Mills,8973,0,0,0,,,,0,,
Q76237363,Jerome Mayhew,10248,1,1,0,parent,parent;child,HoC,1,panel;rush,"Patrick Mayhew, Baron Mayhew of Twysden"
Q7626326,Stuart Bevan,3187,0,0,0,,,,0,,
Q7626413,Stuart Coats,3539,0,0,0,,,,1,,
Q7626661,Stuart Holland,2953,0,0,0,,,,0,,
Q7627002,"Stuart Rendel, 1st Baron Rendel",749,0,0,0,,,,1,,
Q7627055,Stuart Russell,8253,0,0,0,,,,1,,
Q762750,"Henry Percy, 7th Duke of Northumberland",2754,1,6,1,parent,parent;child;sibling;uncle/aunt;niece/nephew,HoC,1,panel;rush,"Eustace Percy, 1st Baron Percy of Newcastle;Algernon Percy, 6th Duke of Northumberland;Lord Josceline Percy;Henry Percy, Earl Percy;Lord Algernon Percy;Lord Henry Percy"
Q7634060,Sue Doughty,4041,0,0,0,,,,0,,
Q76362908,Katherine Fletcher,10208,0,0,0,,,,0,,
Q76362924,Simon Fell,10206,0,0,0,,,,0,,
Q76362949,Darren Henry,10222,0,0,0,,,,0,,
Q76362953,Selaine Saxby,10270,0,0,0,,,,0,,
Q76362964,Julie Marson,10247,0,0,0,,,,0,,
Q76362972,Felicity Buchan,10175,0,0,0,,,,0,,
Q76362976,Matt Vickers,10282,0,0,0,,,,0,,
Q76362999,Mark Eastwood,10198,0,0,0,,,,0,,
Q76363017,Jamie Wallis,10284,0,0,0,,,,0,,
Q76363034,Gary Sambrook,10269,0,0,0,,,,0,,
Q76363044,Olivia Blake,10170,0,0,0,,,,0,,
Q76363097,Christian Wakeford,10283,0,0,0,,,,0,,
Q76363105,Scott Benton,10168,0,0,0,,,,0,,
Q76363111,Nadia Whittome,10288,0,0,0,,,,0,,
Q76363124,Jonathan Gullis,10218,0,0,0,,,,0,,
Q76363201,Duncan Baker,10163,0,0,0,,,,0,,
Q76363206,Robbie Moore,10252,0,0,0,,,,0,,
Q76363211,Ian Levy,10239,0,0,0,,,,0,,
Q76363249,Sarah Atherton,10159,0,0,0,,,,0,,
Q76363294,Alicia Kearns,10236,0,0,0,,,,0,,
Q76363319,Robert Largan,10238,0,0,0,,,,0,,
Q76363388,Holly Mumby-Croft,10255,0,0,0,,,,0,,
Q76363401,Laura Farris,10204,1,2,1,parent,parent;child;niece/nephew,HoC,0,panel;rush,Michael McNair-Wilson;Patrick McNair-Wilson
Q76363409,Siobhan Baillie,10162,0,0,0,,,,0,,
Q76363411,Virginia Crosbie,10189,0,0,0,,,,0,,
Q76363431,Lia Nici,10258,0,0,0,,,,0,,
Q76363439,Stuart Anderson,10158,0,0,0,,,,0,,
Q76363500,Miriam Cates,10180,0,0,0,,,,0,,
Q76363542,Antony Higginbotham,10223,0,0,0,,,,0,,
Q76363563,Sara Britcliffe,10173,0,0,0,,,,0,,
Q76363567,Louie French,10319,0,0,0,,,,0,,
Q76363590,Mary Foy,10212,0,0,0,,,,0,,
Q76363601,David Simmonds,10271,0,0,0,,,,0,,
Q76363641,Elliot Colburn,10186,0,0,0,,,,0,,
Q76363678,Marco Longhi,10243,0,0,0,,,,0,,
Q76363721,Nicola Richards,10265,0,0,0,,,,0,,
Q76363854,Angela Richardson,10266,0,0,0,,,,0,,
Q76363893,Shaun Bailey,10161,0,0,0,,,,0,,
Q76363909,Mick Whitley,10287,0,0,0,,,,0,,
Q76363918,Beth Winter,10291,0,0,0,,,,0,,
Q76363923,Rob Roberts,10267,0,0,0,,,,0,,
Q76363937,Sam Tarry,10279,0,0,0,,,,0,,
Q76363951,Paula Barker,10164,0,0,0,,,,0,,
Q76363973,Apsana Begum,10166,0,0,0,,,,0,,
Q76364033,Chris Loder,10241,0,0,0,,,,0,,
Q76364044,Abena Oppong-Asare,10259,0,0,0,,,,0,,
Q76364048,Bell Ribeiro-Addy,10264,0,0,0,,,,0,,
Q76364051,Taiwo Owatemi,10261,0,0,0,,,,0,,
Q76364081,Charlotte Nichols,10257,0,0,0,,,,0,,
Q76364111,Cherilyn Mackrory,10245,0,0,0,,,,0,,
Q76364147,Imran Ahmad Khan,10153,0,0,0,,,,0,,
Q76364163,Kate Griffiths,10216,1,1,0,partner,partner,HoC,0,rush,Andrew Griffiths
Q76364169,Neil Hudson,10228,0,0,0,,,,0,,
Q76364263,Claire Coutinho,10188,0,0,0,,,,0,,
Q76364330,Sally-Ann Hart,10221,0,0,0,,,,0,,
Q76364344,Sarah Dines,10194,0,0,0,,,,0,,
Q76364469,Ben Everitt,10203,0,0,0,,,,0,,
Q76364829,Gagan Mohindra,10251,0,0,0,,,,0,,
Q76364834,Paul Bristow,10172,0,0,0,,,,0,,
Q76364848,Kieran Mullan,10254,0,0,0,,,,0,,
Q76364853,Dehenna Davison,10193,0,0,0,,,,0,,
Q76364874,Alex Davies-Jones,10192,0,0,0,,,,0,,
Q76365836,Ian Byrne,10177,0,0,0,,,,0,,
Q76448943,Rachel Hopkins,10226,1,1,0,parent,parent;child,HoC,0,panel;rush,Kelvin Hopkins
Q76448969,Mark Logan,10242,0,0,0,,,,0,,
Q76448984,Andy Carter,10179,0,0,0,,,,0,,
Q76449002,Kim Johnson,10232,0,0,0,,,,0,,
Q76449003,Saqib Bhatti,10169,0,0,0,,,,0,,
Q76449014,James Sunderland,10278,0,0,0,,,,0,,
Q76449016,Laura Trott,10281,0,0,0,,,,0,,
Q76449017,Simon Jupp,10235,0,0,0,,,,0,,
Q76449027,Alexander Stafford,10275,0,0,0,,,,0,,
Q76450637,Robin Millar,10249,0,0,0,,,,0,,
Q76450642,Jane Hunt,10229,0,0,0,,,,0,,
Q76450645,Luke Evans,10202,0,0,0,,,,0,,
Q76450646,James Daly,10190,0,0,0,,,,0,,
Q76450648,Paul Holmes,10225,0,0,0,,,,0,,
Q76450655,Mark Jenkinson,10231,0,0,0,,,,0,,
Q76450658,Dean Russell,10268,0,0,0,,,,0,,
Q76450659,Jacob Young,10292,0,0,0,,,,0,,
Q76450664,Jo Gideon,10214,0,0,0,,,,0,,
Q76450672,Tahir Ali,10155,0,0,0,,,,0,,
Q76450714,Anthony Mangnall,10246,0,0,0,,,,0,,
Q76450717,Ruth Edwards,10199,0,0,0,,,,0,,
Q76450728,Kate Osborne,10260,0,0,0,,,,0,,
Q76450761,James Wild,10289,0,0,0,,,,0,,
Q76450767,Peter Gibson,10213,0,0,0,,,,0,,
Q76450770,Ben Spencer,10274,0,0,0,,,,0,,
Q7648103,Susan Lawrence,7745,0,0,0,,,,0,,
Q7658804,Swire Smith,7671,0,0,0,,,,0,,
Q7659383,Swynfen Carnegie,6631,0,0,0,,,,1,,
Q7659720,Syd Rapson,569,0,0,0,,,,0,,
Q7659732,Syd Tierney,5990,0,0,0,,,,0,,
Q7659915,Sydney Evershed,1575,0,0,0,,,,1,,
Q7659940,Sydney Gedge,1670,0,0,0,,,,0,,
Q7659964,Sydney Henn,4329,0,0,0,,,,0,,
Q7659989,Sydney Irving,4490,0,0,0,,,,1,,
Q7660007,Sydney Lavers,4658,0,0,0,,,,0,,
Q7660092,"Sydney Pierrepont, 3rd Earl Manvers",9111,1,2,1,parent,parent;child;sibling,HoC,1,panel;rush,"Charles Evelyn Pierrepont, Viscount Newark;Charles Pierrepont, 4th Earl Manvers"
Q7660118,Sydney Russell-Wells,5643,0,0,0,,,,0,,
Q7660148,Sydney Smith,6420,0,0,0,,,,0,,
Q7660162,"Sydney Stern, 1st Baron Wandsworth",2862,0,0,0,,,,1,,
Q7660213,Sydney Walter Robinson,8256,0,0,0,,,,0,,
Q7660931,Sylvia Heal,341,0,0,0,,,,0,,
Q7668222,T. E. Ellis,1558,0,0,0,,,,0,,
Q7668578,T. P. Gill,1682,0,0,0,,,,0,,
Q766908,John Wheatley,6178,1,1,0,niece/nephew,niece/nephew,HoC,0,rush,"John Wheatley, Baron Wheatley"
Q76729336,Richard Holden,10224,0,0,0,,,,0,,
Q76729340,Chris Clarkson,10185,0,0,0,,,,0,,
Q76729347,Mark Fletcher,10209,0,0,0,,,,0,,
Q76729366,James Grundy,10217,0,0,0,,,,0,,
Q76729375,Paul Howell,10227,0,0,0,,,,0,,
Q76736577,Greg Smith,10273,0,0,0,,,,0,,
Q76736580,Tom Hunt,10230,0,0,0,,,,0,,
Q76736582,Gareth Davies,10191,0,0,0,,,,0,,
Q76736589,Lee Anderson,10157,0,0,0,,,,0,,
Q76736645,Rob Butler,10176,0,0,0,,,,0,,
Q76736648,Nick Fletcher,10210,0,0,0,,,,0,,
Q76736650,David Johnston,10233,0,0,0,,,,0,,
Q76736652,Andrew Griffith,10215,0,0,0,,,,0,,
Q76736659,Jane Stevenson,10276,0,0,0,,,,0,,
Q76736935,Aaron Bell,10167,0,0,0,,,,0,,
Q767696,Bill Rammell,568,0,0,0,,,,0,,
Q7680454,Tam Galbraith,9295,1,1,0,parent,parent;child,HoC,1,panel;rush,"Thomas Galbraith, 1st Baron Strathclyde"
Q7683547,Tankerville Chamberlayne,1862,0,0,0,,,,1,,
Q7688437,Tatton Brinton,8515,0,0,0,,,,0,,
Q7689075,Taverner Miller,7039,0,0,0,,,,1,,
Q7693429,Ted Leadbitter,4670,0,0,0,,,,0,,
Q7701863,Terence Clarke,8899,0,0,0,,,,0,,
Q7701942,Terence Lewis,434,0,0,0,,,,0,,
Q7702024,Terence Walker,8901,0,0,0,,,,0,,
Q7702150,Teresa Gorman,312,0,0,0,,,,0,,
Q770417,Michael Foster,7645,0,0,0,,,,0,,
Q7704295,Terry Dicks,3737,0,0,0,,,,0,,
Q7704900,Terry Patchett,2941,0,0,0,,,,0,,
Q7705570,Tess Kingham,418,0,0,0,,,,0,,
Q771694,"Charles Bingham, 4th Earl of Lucan",1222,1,1,0,parent,parent;child,HoC,1,panel;rush,"George Bingham, 5th Earl of Lucan"
Q773876,Evan Harris,336,0,0,0,,,,0,,
Q774756,Joseph Sunlight,5923,0,0,0,,,,0,,
Q775059,Beverley Hughes,371,0,0,0,,,,1,,
Q775821,William Vernon Harcourt,2338,1,3,1,parent,parent;child;sibling,HoC,1,panel;rush,"Edward William Harcourt;Lewis Harcourt, 1st Viscount Harcourt;Robert Harcourt"
Q7781055,Thelma Cazalet-Keir,4556,1,1,0,sibling,sibling,HoC,0,rush,Victor Cazalet
Q7781729,Theodore Carr,9061,0,0,0,,,,0,,
Q7781742,Theodore Cooke Taylor,7547,0,0,0,,,,0,,
Q7781758,Theodore Doxford,1820,0,0,0,,,,0,,
Q7781789,Theodore Fry,1652,1,1,0,cousin,cousin,HoC,1,panel;rush,Lewis Fry
Q7782304,Theophilus John Levett,2465,0,0,0,,,,1,,
Q7784930,John Bowes,3288,0,0,0,,,,1,,
Q7786818,Loel Guinness,8287,0,0,0,,,,1,,
Q7786959,Thomas Agar-Robartes,6337,1,2,1,parent,parent;child;grandparent;grandchild,HoC,1,panel;rush,"Thomas Agar-Robartes, 1st Baron Robartes;Thomas Agar-Robartes, 6th Viscount Clifden"
Q7786961,"Thomas Agar-Robartes, 1st Baron Robartes",5587,1,3,1,parent,parent;child;grandparent;grandchild;indirect,HoC,1,panel;rush,"Thomas Agar-Robartes;Thomas Agar-Robartes, 6th Viscount Clifden;William Pole-Carew"
Q7786962,"Thomas Agar-Robartes, 6th Viscount Clifden",729,1,4,1,parent,parent;child;uncle/aunt;indirect,HoC,1,panel;rush,"Leopold Agar-Ellis, 5th Viscount Clifden;Thomas Agar-Robartes;Thomas Agar-Robartes, 1st Baron Robartes;William Pole-Carew"
Q7786978,Thomas Alcock,2993,0,0,0,,,,0,,
Q7786990,Thomas Alexander Dickson,1491,1,1,0,parent,parent;child,HoC,0,panel;rush,James Dickson
Q7786993,Thomas Alexander Mitchell,2610,0,0,0,,,,0,,
Q7787073,Thomas Andrew Polson,5427,0,0,0,,,,0,,
Q7787091,"Thomas Anson, 2nd Earl of Lichfield",6296,1,5,1,sibling,sibling;uncle/aunt;great-uncle/aunt;indirect,HoC,1,panel;rush,"George Anson;George Anson;Richard Hamilton Rawson;Henry Cavendish, 3rd Baron Waterpark;Augustus Anson"
Q7787147,Thomas Arthur Lewis,8271,0,0,0,,,,0,,
Q7787181,Thomas Assheton Smith,7220,0,0,0,,,,1,,
Q7787187,Thomas Atholl Robertson,8272,0,0,0,,,,0,,
Q7787212,Thomas Austen,3071,0,0,0,,,,0,,
Q7787341,Thomas Balfour,6526,0,0,0,,,,0,,
Q7787350,Thomas Martin,8273,0,0,0,,,,0,,
Q7787384,Thomas Baring,1167,1,4,1,child,child;sibling;uncle/aunt;niece/nephew,HoC,1,panel;rush,"Thomas Baring, 1st Earl of Northbrook;Francis Baring, 1st Baron Northbrook;Alexander Baring, 1st Baron Ashburton;Sir Thomas Baring, 2nd Baronet"
Q7787385,Thomas Baring,1168,0,0,0,,,,1,,
Q7787411,Thomas Barnwall Martin,7017,0,0,0,,,,0,,
Q7787433,Thomas Bartholomew Curran,1437,1,1,0,parent,parent,HoC,0,rush,Thomas Curran
Q7787471,"Thomas Bateson, 1st Baron Deramore",1185,1,2,1,parent,parent;child;sibling,HoC,1,panel;rush,"Robert Bateson;Sir Robert Bateson, 1st Baronet"
Q7787485,Thomas Bayley,1800,0,0,0,,,,0,,
Q7787488,Thomas Bayley Potter,2782,1,1,0,sibling,sibling,HoC,1,panel,John Potter
Q7787559,Thomas Bellew,3154,1,1,0,indirect,indirect,HoC,1,rush,"Patrick Bellew, 1st Baron Bellew"
Q7787569,Thomas Benjamin Stratton Adair,33,0,0,0,,,,0,,
Q7787591,Thomas Benyon,9076,0,0,0,,,,0,,
Q7787599,Thomas Bernard,,0,0,0,,,,0,,
Q7787604,Thomas Berridge,3175,0,0,0,,,,0,,
Q7787681,Thomas Blake,1231,0,0,0,,,,0,,
Q7787747,Thomas Boord,1243,0,0,0,,,,1,,
Q7787822,Thomas Bramsdon,3320,0,0,0,,,,0,,
Q7787844,Thomas Brash Morison,5116,0,0,0,,,,1,,
Q7787907,Thomas Broad,8293,0,0,0,,,,0,,
Q7787970,Thomas Browne Wallace,8275,0,0,0,,,,0,,
Q7787997,Thomas Buchanan,2134,0,0,0,,,,1,,
Q7788040,"Thomas Burden, 1st Baron Burden",9074,0,0,0,,,,1,,
Q7788189,Thomas Cairns,3422,1,1,0,indirect,indirect,HoC,0,rush,"Hugh Cairns, 1st Earl Cairns"
Q7788218,Thomas Cape,3439,0,0,0,,,,0,,
Q7788275,Thomas Cassells,3459,0,0,0,,,,0,,
Q7788288,Thomas Cave,1344,1,1,0,parent,parent;child,HoC,1,panel;rush,"George Cave, 1st Viscount Cave"
Q7788322,Thomas Chambers,1355,1,1,0,indirect,indirect,HoC,1,rush,"Richard Causton, 1st Baron Southwark"
Q7788337,Thomas Charles Bruce,1285,1,2,1,sibling,sibling;uncle/aunt;niece/nephew,HoC,1,panel;rush,"James Bruce, 8th Earl of Elgin;Robert Preston Bruce"
Q7788351,Thomas Calley,3428,1,1,0,indirect,indirect,HoC,0,rush,Thomas Calley
Q7788354,Thomas Charles Thompson,940,0,0,0,,,,0,,
Q7788361,Thomas Charlton Whitmore,7345,1,2,1,sibling,sibling;indirect,HoC,1,panel;rush,Henry Whitmore;William Wolryche-Whitmore
Q7788382,Thomas Chester-Master,1364,1,1,0,parent,parent;child,HoC,1,panel;rush,Thomas Chester-Master
Q7788399,Thomas Chisholm Anstey,3028,0,0,0,,,,0,,
Q7788411,Thomas Christopher Boyd,3292,0,0,0,,,,0,,
Q7788487,Thomas Cobbold,1386,1,4,1,parent,parent;child;sibling;indirect,HoC,1,panel;rush,Felix Cobbold;Henry Jervis-White-Jervis;John Cobbold;John Cobbold
Q7788546,Thomas Collins,1402,0,0,0,,,,0,,
Q7788580,Thomas Cook,8290,0,0,0,,,,0,,
Q7788581,Thomas Cook,8910,0,0,0,,,,0,,
Q7788602,"Thomas Cooper, 1st Baron Cooper of Culross",9202,0,0,0,,,,1,,
Q7788606,Thomas Coote,1948,0,0,0,,,,0,,
Q7788645,Thomas Courtenay,,0,0,0,,,,1,,
Q7788693,Thomas Creevey,,0,0,0,,,,0,,
Q7788754,Thomas Curran,1436,1,1,0,child,child,HoC,0,rush,Thomas Bartholomew Curran
Q7788763,Thomas Cusack-Smith,7221,0,0,0,,,,1,,
Q7788877,Thomas Davies,3084,0,0,0,,,,0,,
Q7789073,Thomas Duckham,1515,0,0,0,,,,0,,
Q7789082,Thomas Duffield,3796,0,0,0,,,,0,,
Q7789089,"Thomas Dugdale, 1st Baron Crathorne",8916,0,0,0,,,,1,,
Q7789198,Thomas E. Sotheron-Estcourt,8280,0,0,0,,,,1,,
Q7789222,Thomas Earp,1531,0,0,0,,,,0,,
Q7789237,T. E. Hickman,8278,1,1,0,parent,parent;child,HoC,1,panel;rush,"Sir Alfred Hickman, 1st Baronet"
Q7789253,Edmund Harvey,8279,0,0,0,,,,0,,
Q7789272,Thomas Edward McConnell,4984,0,0,0,,,,0,,
Q7789279,Thomas Edward Taylor,934,0,0,0,,,,0,,
Q7789280,Thomas Edward Wing,6229,0,0,0,,,,0,,
Q7789349,Thomas Emerson Headlam,2244,1,1,0,indirect,indirect,HoC,1,rush,"Sir Cuthbert Headlam, 1st Baronet"
Q7789382,Thomas Erskine Perry,5370,0,0,0,,,,1,,
Q7789391,Thomas Eustace Smith,875,0,0,0,,,,1,,
Q7789553,Thomas Fenby,3943,0,0,0,,,,0,,
Q7789560,Thomas Ferens,3946,0,0,0,,,,0,,
Q7789565,"Thomas Fermor-Hesketh, 1st Baron Hesketh",3948,0,0,0,,,,1,,
Q7789575,Thomas Fielden,1596,1,3,1,parent,parent;child;sibling;grandparent;grandchild,HoC,1,panel;rush,John Fielden;Edward Brocklehurst Fielden;Joshua Fielden
Q7789596,Thomas Firbank,1986,0,0,0,,,,1,,
Q7789662,Thomas Fleming Wilson,9394,0,0,0,,,,0,,
Q7789699,"Thomas Foley, 4th Baron Foley",6792,1,1,0,indirect,indirect,HoC,1,rush,"Henry Fitzalan-Howard, 14th Duke of Norfolk"
Q7789736,"Thomas Fortescue, 1st Baron Clermont",,1,1,0,sibling,sibling,HoC,1,panel,"Chichester Parkinson-Fortescue, 1st Baron Carlingford"
Q7789773,Thomas Francis Kennedy,6956,0,0,0,,,,1,,
Q7789812,Thomas Frederick Richards,7522,0,0,0,,,,0,,
Q7789823,"Thomas Fremantle, 1st Baron Cottesloe",6449,1,3,1,parent,parent;child;grandchild;indirect,HoC,1,panel;rush,"St John Brodrick, 1st Earl of Midleton;Thomas Fremantle, 2nd Baron Cottesloe;William Brodrick, 8th Viscount Midleton"
Q7789824,"Thomas Fremantle, 2nd Baron Cottesloe",1647,1,3,1,parent,parent;child;niece/nephew;indirect,HoC,1,panel;rush,"St John Brodrick, 1st Earl of Midleton;Thomas Fremantle, 1st Baron Cottesloe;William Brodrick, 8th Viscount Midleton"
Q7789900,"Thomas Galbraith, 1st Baron Strathclyde",9294,1,1,0,parent,parent;child,HoC,1,panel;rush,Tam Galbraith
Q7789923,Thomas Gardner Horridge,4424,0,0,0,,,,0,,
Q7789927,Thomas Garfit,6812,1,1,0,child,child,HoC,0,rush,William Garfit
Q7789961,Thomas Gavan Duffy,3800,0,0,0,,,,0,,
Q7789981,Thomas George Greenwell,4162,0,0,0,,,,0,,
Q7790004,Thomas Gibb,1672,0,0,0,,,,0,,
Q7790050,Thomas Gisborne,4102,1,1,0,indirect,indirect,HoC,1,rush,William Evans
Q7790214,Thomas Griffiths,9201,0,0,0,,,,0,,
Q7790220,Thomas Grimsditch,4184,0,0,0,,,,0,,
Q7790235,Thomas Groves,4192,0,0,0,,,,0,,
Q7790328,Thomas Sotheron-Estcourt,3898,1,2,1,parent,parent;child;sibling,HoC,1,panel;rush,James Bucknall Bucknall Estcourt;Thomas Grimston Estcourt
Q7790384,,,1,2,1,parent,parent,HoC,1,panel,"Charles Hanbury-Tracy, 4th Baron Sudeley;Frederick Hanbury-Tracy"
Q7790401,Thomas Harbison,4250,0,0,0,,,,0,,
Q7790461,Thomas Harry Gill,8282,0,0,0,,,,0,,
Q7790464,Thomas Hart-Davies,4266,0,0,0,,,,0,,
Q7790561,Thomas Hedderwick,4316,0,0,0,,,,0,,
Q7790576,Thomas Henderson,8258,0,0,0,,,,0,,
Q7790592,Thomas Henry Burn,3403,0,0,0,,,,0,,
Q7790615,Tom Parry,8283,0,0,0,,,,0,,
Q7790622,Thomas Swain,5932,0,0,0,,,,0,,
Q7790634,Thomas Herbert,6887,0,0,0,,,,1,,
Q7790637,Thomas Herbert Maddock,9105,0,0,0,,,,0,,
Q7790639,Thomas Herbert Robertson,1909,0,0,0,,,,1,,
Q7790665,Thomas Higgins,7386,0,0,0,,,,0,,
Q7790721,Thomas Benjamin Hobhouse,6898,1,2,1,sibling,sibling,HoC,1,panel;rush,"Henry Hobhouse;John Hobhouse, 1st Baron Broughton"
Q7790796,Thomas Hope,9126,1,3,1,parent,parent;child;niece/nephew;indirect,HoC,1,panel;rush,Alexander Hope;Charles Hope;James Hope
Q7790834,Thomas Houldsworth,6911,0,0,0,,,,1,,
Q7790864,Thomas Hubbard,8912,0,0,0,,,,0,,
Q7790911,Thomas Hunter,8269,0,0,0,,,,0,,
Q7790912,Thomas Hunter,8268,0,0,0,,,,0,,
Q7790926,Thomas Hussey,4461,0,0,0,,,,0,,
Q7791002,Thomas Mardy Jones,8284,0,0,0,,,,0,,
Q7791203,Thomas James Brown,8914,0,0,0,,,,0,,
Q7791211,Thomas James Macnamara,4871,0,0,0,,,,0,,
Q7791305,Thomas Jeremiah Williams,8285,1,1,0,parent,parent;child,HoC,0,panel;rush,William Williams
Q7791336,Thomas Cochrane,6664,1,2,1,parent,parent;child;grandparent,HoC,1,panel;rush,"Charles Cochrane-Baillie, 2nd Baron Lamington;Alexander Baillie-Cochrane, 1st Baron Lamington"
Q7791367,"Thomas Jones, Baron Maelor",8918,0,0,0,,,,1,,
Q7791451,Thomas Keens,4555,0,0,0,,,,0,,
Q7791465,Thomas Kelly,6382,0,0,0,,,,0,,
Q7791531,Thomas Kincaid-Smith,4599,0,0,0,,,,0,,
Q7791579,Thomas Knowles,2407,0,0,0,,,,1,,
Q7791584,"Thomas Knox, 2nd Earl of Ranfurly",5228,1,4,1,parent,parent;child;sibling,HoC,1,panel;rush,"James Knox;John Henry Knox;Thomas Knox, 3rd Earl of Ranfurly;William Knox"
Q7791585,"Thomas Knox, 3rd Earl of Ranfurly",5227,1,4,1,parent,parent;child;sibling;uncle/aunt;niece/nephew,HoC,1,panel;rush,"James Knox;John Henry Knox;Thomas Knox, 2nd Earl of Ranfurly;William Knox"
Q7791795,Thomas Legh,,0,0,0,,,,1,,
Q7791815,Thomas Leslie Teevan,5953,0,0,0,,,,0,,
Q7791830,Thomas Levy,4712,0,0,0,,,,0,,
Q7791836,Thomas Lewis,2470,0,0,0,,,,0,,
Q7791887,Thomas Lloyd-Mostyn,5130,1,2,1,parent,parent;child;grandchild,HoC,1,panel;rush,"Edward Lloyd, 1st Baron Mostyn;Edward Lloyd-Mostyn, 2nd Baron Mostyn"
Q7791908,Thomas Loftus Cole,8917,0,0,0,,,,0,,
Q7791928,Thomas Lorimer Corbett,7503,1,1,0,sibling,sibling,HoC,1,panel;rush,"Archibald Corbett, 1st Baron Rowallan"
Q7791932,Thomas Lough,2068,0,0,0,,,,0,,
Q7792005,Thomas Lynn Bristowe,1270,0,0,0,,,,0,,
Q7792109,"Thomas Macpherson, 1st Baron Macpherson of Drumochter",4878,0,0,0,,,,1,,
Q7792119,Thomas Magnay,4893,0,0,0,,,,0,,
Q7792133,"Thomas Maitland, Lord Dundrennan",7007,1,1,0,niece/nephew,niece/nephew,HoC,1,rush,John Maitland
Q7792234,Thomas Matthias Weguelin,1013,1,1,0,parent,parent;child,HoC,0,panel;rush,Christopher Weguelin
Q7792238,Thomas Maule Guthrie,8288,0,0,0,,,,0,,
Q7792252,Thomas Mayne,2587,0,0,0,,,,0,,
Q7792304,Thomas McGovern,4999,0,0,0,,,,0,,
Q7792331,McKinnon Wood,7536,0,0,0,,,,1,,
Q7792344,Thomas McMillan,5018,0,0,0,,,,0,,
Q7792489,Thomas Milvain,5068,0,0,0,,,,0,,
Q7792506,Thomas Moles,5076,0,0,0,,,,0,,
Q7792735,Thomas Nicholas Redington,5532,0,0,0,,,,0,,
Q7792803,Thomas O'Donnell,7560,0,0,0,,,,0,,
Q7792808,"Thomas O'Hagan, 1st Baron O'Hagan",5258,0,0,0,,,,1,,
Q7792810,Thomas O'Hanlon,2692,0,0,0,,,,0,,
Q7792857,Thomas Oakley,5268,0,0,0,,,,0,,
Q7792894,Thomas Ormiston,5292,0,0,0,,,,0,,
Q7792908,Thomas Owen Jacobsen,4499,0,0,0,,,,0,,
Q7792910,Thomas Owen Wethered,1025,0,0,0,,,,0,,
Q7792968,Thomas Paget,,0,0,0,,,,0,,
Q7792969,Thomas Paget,2715,0,0,0,,,,0,,
Q7792979,Thomas Pakenham,5308,1,1,0,sibling,sibling,HoC,0,rush,Edward William Pakenham
Q7792993,Thomas Palmer Whittaker,2202,0,0,0,,,,0,,
Q7793028,Thomas Parry,2729,0,0,0,,,,0,,
Q7793085,Thomas Peers Williams,7355,1,3,1,parent,parent;child;indirect,HoC,1,panel;rush,"Henry Wellesley, 3rd Duke of Wellington;Owen Lewis Cope Williams;Owen Williams"
Q7793150,Thomas Phillips Price,2791,0,0,0,,,,0,,
Q7793152,Thomas Phinn,5391,0,0,0,,,,1,,
Q7793195,Thomas Plumer Halsey,6862,1,1,0,parent,parent;child,HoC,1,panel;rush,Frederick Halsey
Q7793330,Thomas Quinn,2802,0,0,0,,,,0,,
Q7793395,Thomas Ramsay,8274,0,0,0,,,,0,,
Q7793440,Thomas Read Kemp,6952,1,1,0,indirect,indirect,HoC,1,rush,"Francis Baring, 1st Baron Northbrook"
Q7793461,Thomas Reid,8906,0,0,0,,,,0,,
Q7793509,Thomas Richards,8259,0,0,0,,,,0,,
Q7793521,Thomas Richardson,761,1,1,0,child,child,HoC,0,rush,Thomas Richardson
Q7793522,Thomas Richardson,762,1,1,0,parent,parent,HoC,0,rush,Thomas Richardson
Q7793523,Thomas Richardson,6483,0,0,0,,,,0,,
Q7793544,Thomas Rider,5576,0,0,0,,,,0,,
Q7793595,Thomas Robinson,772,0,0,0,,,,0,,
Q7793596,Thomas Robinson,6493,0,0,0,,,,0,,
Q7793615,"Thomas Roe, 1st Baron Roe",2869,0,0,0,,,,1,,
Q7793661,Thomas Rowley Hill,2277,0,0,0,,,,0,,
Q7793665,"Thomas Royden, 1st Baron Royden",8265,1,1,0,parent,parent;child,HoC,1,panel;rush,"Sir Thomas Royden, 1st Baronet"
Q7793759,Thomas Salt,815,0,0,0,,,,1,,
Q7793765,Thomas Williams,8291,0,0,0,,,,0,,
Q7793783,Thomas Myles Sandys,1834,0,0,0,,,,0,,
Q7793801,Thomas Scanlan,5674,0,0,0,,,,0,,
Q7793820,Thomas Scollan,5687,0,0,0,,,,0,,
Q7793837,Thomas Scott Dickson,8292,0,0,0,,,,0,,
Q7793884,Thomas Sexton,8289,0,0,0,,,,0,,
Q7793906,Thomas Shaw,842,1,1,0,child,child,HoC,0,rush,William Rawson Shaw
Q7793929,Thomas Sheppard,5727,0,0,0,,,,0,,
Q7793987,Thomas Sinclair,8264,0,0,0,,,,0,,
Q7793994,Thomas Skeffington-Lodge,5763,0,0,0,,,,0,,
Q7793999,Thomas Skewes-Cox,1953,0,0,0,,,,0,,
Q7794013,Thomas Sloan,5774,0,0,0,,,,0,,
Q7794067,Thomas Snape,883,0,0,0,,,,0,,
Q7794084,Thomas Somers-Cocks,3550,0,0,0,,,,1,,
Q7794086,Thomas Somerset,8266,0,0,0,,,,0,,
Q7794220,"Thomas Stonor, 3rd Baron Camoys",5891,1,2,1,indirect,indirect,HoC,1,rush,"Leopold Agar-Ellis, 5th Viscount Clifden;Konni Zilliacus"
Q7794261,Thomas Stuttaford,5908,0,0,0,,,,1,,
Q7794360,Thomas Tapling,929,0,0,0,,,,0,,
Q7794370,Thomas Taylor,7540,0,0,0,,,,0,,
Q7794388,"Thomas Taylour, 3rd Marquess of Headfort",1198,1,3,1,parent,parent;child;indirect,HoC,1,panel;rush,"William Thompson;Joseph Sandars;Thomas Taylour, Earl of Bective"
Q7794391,"Thomas Taylour, Earl of Bective",1199,1,3,1,parent,parent;child;grandparent;indirect,HoC,1,panel;rush,"William Thompson;Arthur Hill, 4th Marquess of Downshire;Thomas Taylour, 3rd Marquess of Headfort"
Q7794445,Thomas Thornhill,942,1,1,0,grandparent,grandparent,HoC,1,rush,Harry Spencer Waddington
Q7794446,Thomas Thornley,5978,0,0,0,,,,0,,
Q7794453,Thomas Thoroton-Hildyard,2273,0,0,0,,,,1,,
Q7794514,Thomas Torney,6009,0,0,0,,,,0,,
Q7794522,Thomas Townsend Bucknill,1293,0,0,0,,,,0,,
Q7794563,"Thomas Trevor, 22nd Baron Dacre",6033,1,4,1,sibling,sibling;uncle/aunt;niece/nephew;indirect,HoC,1,panel;rush,"Henry Brand, 2nd Viscount Hampden;Henry Brand, 1st Viscount Hampden;Arthur Brand;Charles Cavendish, 1st Baron Chesham"
Q7794613,Thomas Twisden Hodges,4389,1,1,0,parent,parent,HoC,0,rush,Thomas Law Hodges
Q7794634,Thomas Urwin,6072,0,0,0,,,,0,,
Q7794636,Thomas Usborne,968,1,1,0,indirect,indirect,HoC,0,rush,Joseph Hardcastle
Q7794690,"Thomas Vesey, 3rd Viscount de Vesci",6093,0,0,0,,,,1,,
Q7794843,Thomas Wallace,7320,0,0,0,,,,0,,
Q7794877,Thomas Walton Mellor,2591,0,0,0,,,,0,,
Q7794889,Thomas Waring,995,0,0,0,,,,1,,
Q7794931,Thomas Watters Brown,8294,0,0,0,,,,0,,
Q7794934,Thomas Watts,9200,0,0,0,,,,0,,
Q7794936,Thomas Wayman,1006,0,0,0,,,,0,,
Q7794992,Thomas Wentworth Beaumont,6549,1,4,1,parent,parent;child;grandparent,HoC,1,panel;rush,"Hubert Beaumont;Somerset Beaumont;Wentworth Beaumont, 1st Baron Allendale;Wentworth Beaumont, 1st Viscount Allendale"
Q7795132,Thomas William Bramston,3321,0,0,0,,,,1,,
Q7795136,Thomas William Dobson,9129,0,0,0,,,,0,,
Q7795170,Thomas William Stamford,5842,0,0,0,,,,0,,
Q7795182,Thomas Williams,8974,0,0,0,,,,0,,
Q7795205,Thomas Willis Fleming,6786,1,1,0,parent,parent,HoC,1,rush,John Willis Fleming
Q7795255,Thomas Wintringham,6235,1,1,0,spouse,spouse,HoC,0,rush,Margaret Wintringham
Q7795282,Thomas Wood,7369,1,1,0,child,child,HoC,0,rush,Thomas Wood
Q7795283,Thomas Wood,7370,1,1,0,parent,parent,HoC,0,rush,Thomas Wood
Q7795719,Thompson Donald,3753,0,0,0,,,,0,,
Q7795872,Thomson Hankey,2217,0,0,0,,,,1,,
Q7803427,Tim Devlin,3733,0,0,0,,,,0,,
Q7803517,Tim Fortescue,8924,0,0,0,,,,0,,
Q7804145,Tim Rathbone,8718,1,3,1,parent,parent;child;indirect,HoC,0,panel;rush,Eleanor Rathbone;Beatrice Wright;John Rathbone
Q7804223,Tim Sainsbury,5654,1,1,0,indirect,indirect,HoC,1,rush,Shaun Woodward
Q7804304,Tim Smith,8919,0,0,0,,,,0,,
Q7807146,Timothy Davies,7471,0,0,0,,,,0,,
Q7807180,Timothy Eggar,3863,0,0,0,,,,0,,
Q7807329,Timothy Kitson,8920,0,0,0,,,,0,,
Q7807433,Timothy O'Sullivan,7587,0,0,0,,,,0,,
Q7807616,Timothy Wood,9370,0,0,0,,,,0,,
Q7810332,Titus Salt,7186,0,0,0,,,,1,,
Q7811818,Toby Jessel,8911,0,0,0,,,,0,,
Q7811838,"Toby Low, 1st Baron Aldington",8410,0,0,0,,,,1,,
Q7814801,Tom Arnold,6422,0,0,0,,,,1,,
Q7814996,"Tom Boardman, Baron Boardman",3245,0,0,0,,,,1,,
Q7815031,Tom Braddock,3315,0,0,0,,,,0,,
Q7815034,Tom Bradley,9296,0,0,0,,,,0,,
Q7815424,Tom Edwards-Moss,1541,0,0,0,,,,1,,
Q7815715,Tom Elliott,9608,0,0,0,,,,0,,
Q7815844,Tom Forrest Howard,8296,1,1,0,indirect,indirect,HoC,0,rush,William Shepherd
Q7815859,Thomas Fraser,8907,0,0,0,,,,0,,
Q7816107,Tom Harrop Sidebottom,857,1,2,1,sibling,sibling;indirect,HoC,0,rush,James Sidebottom;William Sidebottom
Q7816159,Tom Henderson,8260,0,0,0,,,,0,,
Q7816227,Tom Hooson,4408,1,1,0,cousin,cousin,HoC,0,panel;rush,"Emlyn Hooson, Baron Hooson"
Q7816231,Tom Horabin,4410,0,0,0,,,,0,,
Q7816297,Tom Iremonger,4485,0,0,0,,,,1,,
Q7816453,Tom Kettle,4591,0,0,0,,,,0,,
Q7816576,Tom Levitt,431,0,0,0,,,,0,,
Q7816599,Tom Litterick,4730,0,0,0,,,,0,,
Q7816994,Tom Myers,8267,0,0,0,,,,0,,
Q7817058,Tom Normanton,5224,0,0,0,,,,0,,
Q7817078,Tom O'Brien,8922,0,0,0,,,,0,,
Q7817132,Tom Oswald,8904,0,0,0,,,,0,,
Q7817450,Tom Sackville,5650,0,0,0,,,,1,,
Q7817681,Tom Steele,5863,0,0,0,,,,0,,
Q7818070,"Tom Williamson, Baron Williamson",8902,0,0,0,,,,1,,
Q7819456,Tommy Graham,314,0,0,0,,,,0,,
Q7819627,Tommy Lewis,8905,0,0,0,,,,0,,
Q7822270,Tony Durant,8847,0,0,0,,,,0,,
Q7822773,Tony Leavey,4674,0,0,0,,,,0,,
Q7822951,Tony McWalter,499,0,0,0,,,,0,,
Q7831699,Tracy Brabin,10082,0,0,0,,,,0,,
Q7838947,Trevelyan Thomson,8306,0,0,0,,,,0,,
Q7839362,Trevor Park,5320,0,0,0,,,,0,,
Q7839427,Trevor Skeet,5761,0,0,0,,,,0,,
Q7851315,Tudor Rees,5541,1,1,0,sibling,sibling,HoC,0,rush,Beddoe Rees
Q7851330,"Tudor Watkins, Baron Watkins",6145,0,0,0,,,,1,,
Q7851527,"Tufton Beamish, Baron Chelwood",3128,1,1,0,parent,parent;child,HoC,1,panel;rush,Tufton Beamish
Q7851529,Tufton Beamish,3129,1,1,0,parent,parent;child,HoC,1,panel;rush,"Tufton Beamish, Baron Chelwood"
Q7852071,Tulip Siddiq,10004,0,0,0,,,,0,,
Q786474,Stanley Jackson,7899,1,1,0,child,child,HoC,1,panel,"William Jackson, 1st Baron Allerton"
Q7877756,"Ughtred Kay-Shuttleworth, 1st Baron Shuttleworth",1876,0,0,0,,,,1,,
Q7878979,"Ulick de Burgh, Lord Dunkellin",3815,1,1,0,sibling,sibling,HoC,1,panel,"Hubert de Burgh-Canning, 2nd Marquess of Clanricarde"
Q7899919,Urban H. Broughton,3366,0,0,0,,,,1,,
Q7903680,Uvedale Corbett,8925,0,0,0,,,,1,,
Q7910943,"Valentine Browne, 4th Earl of Kenmare",1342,0,0,0,,,,1,,
Q7910953,"Valentine Crittall, 1st Baron Braintree",3630,0,0,0,,,,1,,
Q7910981,"Valentine McEntee, 1st Baron McEntee",4994,0,0,0,,,,1,,
Q7917288,Vaughan Vaughan-Lee,974,1,1,0,parent,parent;child,HoC,1,panel;rush,John Lee Lee
Q7920843,"Vera Woodhouse, Lady Terrington",5964,1,2,1,indirect,indirect,HoC,0,rush,"Montague Woodhouse, 5th Baron Terrington;James Woodhouse, 1st Baron Terrington"
Q7922065,Vernon Bartlett,3116,0,0,0,,,,0,,
Q7922286,"Vernon Willey, 2nd Baron Barnby",6213,0,0,0,,,,1,,
Q7924986,Vicary Gibbs,1866,1,2,1,parent,parent;child;sibling,HoC,1,panel;rush,"Alban Gibbs, 2nd Baron Aldenham;Hucks Gibbs, 1st Baron Aldenham"
Q7925309,Vickerman Henzell Rutherford,7506,0,0,0,,,,0,,
Q7925789,Victor Cazalet,3469,1,1,0,sibling,sibling,HoC,0,rush,Thelma Cazalet-Keir
Q7925945,Victor Grayson,4158,0,0,0,,,,0,,
Q7925977,Victor Harold Finney,3971,0,0,0,,,,0,,
Q7926168,Victor Montagu,4372,1,2,1,child,child;indirect,HoC,1,panel;rush,"Edward Montagu, 8th Earl of Sandwich;George Montagu, 9th Earl of Sandwich"
Q7926263,Victor Raikes,8602,0,0,0,,,,1,,
Q7926443,"Victor Warrender, 1st Baron Bruntisfield",6141,1,1,0,indirect,indirect,HoC,1,rush,Richard Hamilton Rawson
Q7926466,Victor Yates,6277,0,0,0,,,,0,,
Q7926595,Victoria Borwick,9765,0,0,0,,,,1,,
Q7931872,Vincent Kennedy,7414,0,0,0,,,,0,,
Q7933220,"Violet Bathurst, Lady Apsley",3033,1,1,0,spouse,spouse,HoC,1,rush,"Allen Bathurst, Lord Apsley"
Q7937675,Vivian Bendall,3162,0,0,0,,,,0,,
Q7937719,Vivian Henderson,8297,0,0,0,,,,0,,
Q7937757,Vivian Phillipps,7995,0,0,0,,,,0,,
Q7945435,Walter Smiles,5778,1,1,0,parent,parent;child,HoC,1,panel;rush,Patricia Ford
Q7945588,W. Garfield Weston,8309,0,0,0,,,,1,,
Q7945802,William Llewelyn Williams,7528,0,0,0,,,,0,,
Q7959195,Wadham Wyndham,6314,1,1,0,niece/nephew,niece/nephew,HoC,1,rush,John Campbell
Q7961641,Waldron Smithers,5783,1,1,0,child,child,HoC,0,panel,Alfred Waldron Smithers
Q7961862,Walford Davis Green,1944,0,0,0,,,,0,,
Q7962782,Wallace Duffield Wright,7253,0,0,0,,,,0,,
Q7962840,Wallace Lawler,4660,0,0,0,,,,0,,
Q7964195,Walter Attenborough,3064,0,0,0,,,,0,,
Q7964200,Walter Ayles,3076,0,0,0,,,,0,,
Q7964234,Walter Baker,8303,0,0,0,,,,0,,
Q7964384,Walter Bromley-Davenport,8956,1,1,0,parent,parent,HoC,1,rush,William Bromley-Davenport
Q7964569,Walter Clegg,3516,0,0,0,,,,0,,
Q7964573,Walter Clough,1381,0,0,0,,,,0,,
Q7964582,Walter Coffin,3554,0,0,0,,,,0,,
Q7964632,Walter D'Arcy Hall,8299,0,0,0,,,,0,,
Q7964760,Walter Elliot,8928,0,0,0,,,,0,,
Q7964761,Walter Elliot,8931,0,0,0,,,,1,,
Q7964780,Walter Essex,3895,0,0,0,,,,0,,
Q7964820,Walter Farthing,3933,0,0,0,,,,0,,
Q7964845,Walter Fletcher,8927,0,0,0,,,,0,,
Q7964859,Walter Forrest,4019,0,0,0,,,,0,,
Q7964864,"Walter Foster, 1st Baron Ilkeston",1803,0,0,0,,,,1,,
Q7964877,Walter Frederick Campbell,6626,0,0,0,,,,1,,
Q7965000,Walter Green,8302,0,0,0,,,,0,,
Q7965016,Walter Guthrie,4203,0,0,0,,,,0,,
Q7965084,Walter Harrison,8930,0,0,0,,,,0,,
Q7965141,Walter Higgs,4355,0,0,0,,,,0,,
Q7965183,Walter Hudson,1904,0,0,0,,,,0,,
Q7965251,"Walter James, 2nd Baron Northbourne",2352,1,3,1,parent,parent;child;niece/nephew,HoC,1,panel;rush,"Charles Hardinge, 2nd Viscount Hardinge;Cuthbert James;Walter James, 1st Baron Northbourne"
Q7965252,"Walter James, 1st Baron Northbourne",6933,1,3,1,parent,parent;child;sibling;grandparent,HoC,1,panel;rush,"Charles Hardinge, 2nd Viscount Hardinge;Cuthbert James;Walter James, 2nd Baron Northbourne"
Q7965281,Walter John Stanton,903,0,0,0,,,,0,,
Q7965289,Walter Johnson,8933,0,0,0,,,,0,,
Q7965453,Walter Liddall,4714,0,0,0,,,,0,,
Q7965490,Walter Loveys,4767,0,0,0,,,,0,,
Q7965529,Walter MacMurrough Kavanagh,7486,1,2,1,parent,parent;child;grandparent;grandchild,HoC,1,panel;rush,Thomas Kavanagh;Arthur MacMorrough Kavanagh
Q7965601,Walter McLaren,2880,1,6,1,parent,parent;child;sibling;uncle/aunt;niece/nephew;indirect,HoC,1,panel;rush,"Charles McLaren, 1st Baron Aberconway;Duncan McLaren;Francis McLaren;Henry McLaren;John McLaren;Martin McLaren"
Q7965618,Walter Menzies,7686,0,0,0,,,,0,,
Q7965658,"Walter Monslow, Baron Monslow",5093,0,0,0,,,,1,,
Q7965678,Walter Morrison,2636,1,1,0,parent,parent;child,HoC,1,panel;rush,James Morrison
Q7965776,Walter Padley,5305,0,0,0,,,,0,,
Q7965814,"Walter Pelham, 4th Earl of Chichester",2742,1,2,1,niece/nephew,niece/nephew;indirect,HoC,1,rush,Abel Henry Smith;Abel Smith
Q7965820,Walter Perkins,8936,0,0,0,,,,0,,
Q7965863,Walter Powell,2783,0,0,0,,,,0,,
Q7965869,Walter Preston,5450,0,0,0,,,,0,,
Q7965930,"Walter Rea, 1st Baron Rea",5526,1,1,0,parent,parent;child,HoC,1,panel;rush,Russell Rea
Q7965958,"Walter Rice, 7th Baron Dynevor",5569,1,1,0,parent,parent;child,HoC,1,panel;rush,"Charles Rhys, 8th Baron Dynevor"
Q7965962,W. R. H. Powell,2784,1,1,0,grandchild,grandchild,HoC,0,rush,Walter Roch
Q7965984,Walter Robert Smith,8305,0,0,0,,,,0,,
Q7965993,Walter Roch,5591,1,2,1,grandparent,grandparent;indirect,HoC,0,rush,"Ivor Herbert, 1st Baron Treowen;W. R. H. Powell"
Q7966016,"Walter Runciman, 1st Baron Runciman",5637,1,2,1,parent,parent;child;indirect,HoC,1,panel;rush,"Walter Runciman, 1st Viscount Runciman of Doxford;Hilda Runciman, Viscountess Runciman of Doxford"
Q7966093,Walter Scott-Elliot,5049,0,0,0,,,,0,,
Q7966131,Walter Shirley,853,0,0,0,,,,0,,
Q7966175,Walter Spencer-Stanhope,895,0,0,0,,,,1,,
Q7966224,Walter Styles,5910,0,0,0,,,,0,,
Q7966235,Walter Sweeney,5936,0,0,0,,,,0,,
Q7966313,Walter Tuckfield Goldsworthy,1697,0,0,0,,,,0,,
Q7966333,Walter Faber,9137,1,2,1,sibling,sibling,HoC,1,panel;rush,"Edmund Faber, 1st Baron Faber;George Faber, 1st Baron Wittenham"
Q7966382,Walter Waring,8298,1,1,0,parent,parent;child,HoC,0,panel;rush,Charles Waring
Q7966425,Walter William Shaw,8307,0,0,0,,,,0,,
Q7966439,Walter Windsor,6227,0,0,0,,,,0,,
Q7966455,Walter Wren,6266,0,0,0,,,,0,,
Q7966505,Walter de Frece,3696,0,0,0,,,,0,,
Q7971109,Warwick Brookes,3357,0,0,0,,,,0,,
Q7981501,"Wellington Stapleton-Cotton, 2nd Viscount Combermere",6678,0,0,0,,,,1,,
Q7981803,Wellwood Herries Maxwell,2585,0,0,0,,,,1,,
Q7983008,"Wentworth Beaumont, 1st Baron Allendale",1196,1,6,1,parent,parent;child;sibling;grandparent,HoC,1,panel;rush,"Hubert Beaumont;Michael Beaumont;Ralph Beaumont;Somerset Beaumont;Thomas Wentworth Beaumont;Wentworth Beaumont, 1st Viscount Allendale"
Q7983009,"Wentworth Beaumont, 1st Viscount Allendale",2081,1,9,1,parent,parent;child;sibling;grandchild;uncle/aunt;niece/nephew;indirect,HoC,1,panel;rush,"Charles Vane-Tempest-Stewart, 6th Marquess of Londonderry;George Vane-Tempest, 5th Marquess of Londonderry;Edward Knatchbull-Hugessen, 2nd Baron Brabourne;Hubert Beaumont;Michael Beaumont;Ralph Beaumont;Somerset Beaumont;Thomas Wentworth Beaumont;Wentworth Beaumont, 1st Baron Allendale"
Q7983034,Wentworth Schofield,5681,0,0,0,,,,0,,
Q7983764,Wes Streeting,10011,0,0,0,,,,0,,
Q7983987,Wesley Perrins,5366,0,0,0,,,,0,,
Q7988450,Western Wood,7371,1,2,1,parent,parent;child;sibling,HoC,1,panel;rush,"William Wood, 1st Baron Hatherley;Sir Matthew Wood, 1st Baronet"
Q7989419,Weston Cracroft Amcotts,1114,0,0,0,,,,0,,
Q7989447,Weston Jarvis,2354,0,0,0,,,,0,,
Q799510,"John Atkinson, Baron Atkinson",2034,0,0,0,,,,1,,
Q8000141,"Wilbraham Tollemache, 2nd Baron Tollemache",949,1,3,1,parent,parent;child;indirect,HoC,1,panel;rush,"Charles Savile Roundell;John Tollemache, 1st Baron Tollemache;Lord Claud Hamilton"
Q8001677,Wilf Proudfoot,5473,0,0,0,,,,0,,
Q8001738,Wilfred Baker,8938,0,0,0,,,,0,,
Q8001788,Wilfred Fienburgh,3959,0,0,0,,,,0,,
Q8001857,Wilfred Paling,5312,0,0,0,,,,0,,
Q8001899,Wilfred Wellock,9425,0,0,0,,,,0,,
Q8001932,Wilfrid Burke,8939,0,0,0,,,,0,,
Q8001983,Wilfrid Roberts,8940,1,4,1,parent,parent;child;grandparent;uncle/aunt,HoC,1,panel;rush,"Charles Howard, 10th Earl of Carlisle;George Howard, 9th Earl of Carlisle;Charles Henry Roberts;Geoffrey Howard"
Q8001991,Wilfrid Sugden,5913,0,0,0,,,,0,,
Q8001998,Wilfrid Vernon,8937,0,0,0,,,,0,,
Q8002000,Wilfrid Whiteley,9414,0,0,0,,,,0,,
Q8002765,Will Crooks,3636,0,0,0,,,,0,,
Q8002937,Will Lawther,4664,0,0,0,,,,0,,
Q8002988,Will Nally,5174,0,0,0,,,,0,,
Q8003001,Will Owen,8959,0,0,0,,,,0,,
Q8004080,William A. Wilkins,6208,0,0,0,,,,0,,
Q8004115,William Abraham,13,0,0,0,,,,0,,
Q8004161,William Addams Williams,7357,0,0,0,,,,0,,
Q8004164,"William Addington, 3rd Viscount Sidmouth",54,0,0,0,,,,1,,
Q8004211,William Aitken,2988,1,2,1,parent,parent;child;uncle/aunt,HoC,1,panel;rush,"Max Aitken, 1st Baron Beaverbrook;Jonathan Aitken"
Q8004223,William Albert Jenkins,8320,0,0,0,,,,0,,
Q8004236,William Aldam,2994,0,0,0,,,,1,,
Q8004245,William Alexander,6384,0,0,0,,,,0,,
Q8004273,William Hunter,2329,0,0,0,,,,0,,
Q8004277,William Alexander Mackinnon,4852,1,3,1,parent,parent;child;grandchild,HoC,1,panel;rush,"William Alexander Mackinnon;Lauchlan Bellingham Mackinnon;Thomas Cochrane, 1st Baron Cochrane of Cults"
Q8004279,William McArthur,1793,1,2,1,parent,parent;uncle/aunt,HoC,0,rush,Alexander McArthur;William McArthur
Q8004325,William Allan,1819,0,0,0,,,,0,,
Q8004331,William Allan Reid,8321,0,0,0,,,,0,,
Q8004338,William Allen,2192,1,1,0,parent,parent,HoC,0,rush,William Shepherd Allen
Q8004339,William Allen,6387,0,0,0,,,,0,,
Q8004398,William Ambrose,1113,0,0,0,,,,0,,
Q8004453,William Angerstein,3025,1,1,0,parent,parent,HoC,0,rush,John Angerstein
Q8004468,"William Annesley, 4th Earl Annesley",6293,1,2,1,sibling,sibling;indirect,HoC,1,panel;rush,"Arthur Annesley, 11th Viscount Valentia;Hugh Annesley, 5th Earl Annesley"
Q8004479,"William Anstruther-Gray, Baron Kilmany",3029,1,1,0,parent,parent;child,HoC,1,panel;rush,William Anstruther-Gray
Q8004480,William Anstruther-Gray,3030,1,1,0,parent,parent;child,HoC,1,panel;rush,"William Anstruther-Gray, Baron Kilmany"
Q8004519,William Archer Redmond,743,1,3,1,parent,parent;child;grandparent;grandchild,HoC,0,panel;rush,John Redmond;William Redmond;Willie Redmond
Q8004525,William Archibald Macdonald,2523,0,0,0,,,,0,,
Q8004595,William Arthur Wilkinson,9052,0,0,0,,,,0,,
Q8004639,William Astell,3052,0,0,0,,,,0,,
Q8004648,William Atherton,6306,0,0,0,,,,0,,
Q8004693,William Augustus Johnson,6937,0,0,0,,,,0,,
Q8004924,"William Bagot, 3rd Baron Bagot",6506,0,0,0,,,,1,,
Q8005058,William Baring du Pré,8324,1,1,0,indirect,indirect,HoC,1,rush,Caledon Du Pré
Q8005118,"William Barrington, 6th Viscount Barrington",8984,1,2,1,parent,parent;child;sibling,HoC,1,panel;rush,"George Barrington, 7th Viscount Barrington;George Barrington"
Q8005129,William Barrow Simonds,861,0,0,0,,,,0,,
Q8005205,William Battie-Wrightson,6311,0,0,0,,,,0,,
Q8005244,William Beadel,1191,0,0,0,,,,0,,
Q8005295,William Beckett-Denison,6712,1,5,1,parent,parent;child;sibling;niece/nephew,HoC,1,panel;rush,"Christopher Beckett Denison;Ernest Beckett, 2nd Baron Grimthorpe;Gervase Beckett;Sir Edmund Beckett, 4th Baronet;Sir John Beckett, 2nd Baronet"
Q8005297,William Beckett,6432,0,0,0,,,,0,,
Q8005405,William Bennett,8312,0,0,0,,,,0,,
Q8005435,William Benyon,8970,1,1,0,parent,parent,HoC,1,panel,Richard Benyon
Q8005441,William Beresford,6559,1,3,1,parent,parent;indirect,HoC,1,rush,Edward Heneage;George Heneage;Marcus Beresford
Q8005503,"William Best, 2nd Baron Wynford",,0,0,0,,,,1,,
Q8005528,William Bickford-Smith,1217,0,0,0,,,,0,,
Q8005531,William Biddell,1218,0,0,0,,,,0,,
Q8005534,William Biggs,3198,0,0,0,,,,0,,
Q8005558,William Bird,3213,0,0,0,,,,0,,
Q8005666,William Henry Bodkin,6581,0,0,0,,,,0,,
Q8005682,William Bolling,3253,0,0,0,,,,0,,
Q8005755,William Bovill,3275,0,0,0,,,,0,,
Q8005756,Audley Bowdler,3281,0,0,0,,,,0,,
Q8005773,William Bowles,6584,0,0,0,,,,1,,
Q8005811,William Boyle Barbour,1163,0,0,0,,,,0,,
Q8005818,"William Brabazon, 11th Earl of Meath",3308,1,1,0,indirect,indirect,HoC,1,rush,"Sir William Brabazon, 2nd Baronet"
Q8005819,William Brace,3310,0,0,0,,,,0,,
Q8005851,William Brampton Gurdon,7662,1,3,1,parent,parent;sibling;uncle/aunt,HoC,0,rush,"John Gurdon Rebow;Brampton Gurdon;Robert Gurdon, 1st Baron Cranworth"
Q8005868,"William Brass, 1st Baron Chattisham",3325,0,0,0,,,,1,,
Q8005960,William Brocklehurst Brocklehurst,7597,1,2,1,parent,parent;grandparent,HoC,0,rush,John Brocklehurst;William Brocklehurst
Q8005969,"William Brodrick, 8th Viscount Midleton",1273,1,3,1,parent,parent;child;indirect,HoC,1,panel;rush,"St John Brodrick, 1st Earl of Midleton;Thomas Fremantle, 1st Baron Cottesloe;Thomas Fremantle, 2nd Baron Cottesloe"
Q8005972,William Bromfield,3353,0,0,0,,,,0,,
Q8005976,William Bromley-Davenport,1455,1,3,1,parent,parent;child;indirect,HoC,1,panel;rush,John Davenport;Pryse Pryse;William Bromley-Davenport
Q8005994,"William Brougham, 2nd Baron Brougham and Vaux",3364,1,1,0,sibling,sibling,HoC,1,panel;rush,James Brougham
Q8006026,William Brown,8962,0,0,0,,,,0,,
Q8006038,William Browne,2142,0,0,0,,,,1,,
Q8006050,William Brownlow Forde,1623,0,0,0,,,,1,,
Q8006112,William Bulkeley Hughes,2325,0,0,0,,,,0,,
Q8006140,William Burdett-Coutts,2190,1,2,1,sibling,sibling;uncle/aunt,HoC,1,panel,Ellis Ashmead-Bartlett;Ellis Ashmead-Bartlett
Q8006145,William Burge,,0,0,0,,,,0,,
Q8006209,William Busfield,3413,0,0,0,,,,0,,
Q8006397,William C. Robinson,8327,0,0,0,,,,0,,
Q8006488,"William Campbell, 2nd Baron Stratheden and Campbell",2306,1,4,1,parent,parent;child;grandparent;uncle/aunt,HoC,1,panel;rush,"James Scarlett, 1st Baron Abinger;John Campbell, 1st Baron Campbell;James Yorke Scarlett;Robert Scarlett, 2nd Baron Abinger"
Q8006547,William Carington,1330,1,3,1,child,child;sibling,HoC,1,panel;rush,"Charles Wynn-Carington, 1st Marquess of Lincolnshire;Robert Carrington, 2nd Baron Carrington;Rupert Carington, 4th Baron Carrington"
Q8006600,William Carter,8311,0,0,0,,,,0,,
Q8006601,William Carter,8313,0,0,0,,,,0,,
Q8006614,William Carver,3454,0,0,0,,,,0,,
Q8006657,"William Cecil, 3rd Marquess of Exeter",8989,1,3,1,parent,parent;child;indirect,HoC,1,panel;rush,"David Cecil, 6th Marquess of Exeter;Brownlow Cecil, 4th Marquess of Exeter;Lord John Joicey-Cecil"
Q8006703,William Chapple,3480,0,0,0,,,,0,,
Q8006736,William Charles Steadman,5857,0,0,0,,,,0,,
Q8006770,William Chichele Plowden,2770,0,0,0,,,,1,,
Q8006786,"William Cholmondeley, 3rd Marquess of Cholmondeley",3500,0,0,0,,,,1,,
Q8006800,William Christie,1370,0,0,0,,,,0,,
Q8006825,"William Clark, Baron Clark of Kempston",8955,0,0,0,,,,1,,
Q8006887,"William Clements, 3rd Earl of Leitrim",3521,1,3,1,sibling,sibling;indirect,HoC,1,panel;rush,Robert Clements;Charles Clements;Henry John Clements
Q8006927,William Brocklehurst,1272,1,2,1,parent,parent;child,HoC,1,panel;rush,John Brocklehurst;William Brocklehurst Brocklehurst
Q8006961,William H. F. Cogan,1389,0,0,0,,,,0,,
Q8006968,William Coldrick,3558,0,0,0,,,,0,,
Q8006971,"William Cole, 3rd Earl of Enniskillen",8997,1,5,1,parent,parent;child;sibling;uncle/aunt;indirect,HoC,1,panel;rush,"Arthur Cole;John Cole;Henry Cole;John Crichton, 4th Earl Erne;Lowry Cole, 4th Earl of Enniskillen"
Q8007035,"William Compton, 5th Marquess of Northampton",2811,1,1,0,sibling,sibling,HoC,1,panel;rush,Lord Alwyne Compton
Q8007043,William Congreve Russell,7182,0,0,0,,,,1,,
Q8007106,"William Cope, 1st Baron Cope",3587,0,0,0,,,,1,,
Q8007128,William Cornwallis-West,1022,1,1,0,parent,parent;child,HoC,1,panel;rush,Frederick Richard West
Q8007131,William Cornwallis Cartwright,1340,0,0,0,,,,1,,
Q8007140,William Cory Heward Bell,8328,0,0,0,,,,0,,
Q8007151,William Cotton,2832,0,0,0,,,,1,,
Q8007156,William Cotts,3607,0,0,0,,,,1,,
Q8007168,"William Courtenay, 11th Earl of Devon",9002,1,1,0,parent,parent;child,HoC,1,panel;rush,"Edward Courtenay, 12th Earl of Devon"
Q8007183,William Cove,3612,0,0,0,,,,0,,
Q8007204,"William Cowper-Temple, 1st Baron Mount Temple",1405,1,4,1,sibling,sibling;uncle/aunt;cousin;indirect,HoC,1,panel;rush,"Henry Temple, 3rd Viscount Palmerston;George Cowper, 6th Earl Cowper;George Lamb;Henry Cowper"
Q8007217,"William Cozens-Hardy, 2nd Baron Cozens-Hardy",8345,1,1,0,parent,parent;child,HoC,1,panel;rush,"Herbert Cozens-Hardy, 1st Baron Cozens-Hardy"
Q8007229,William Craig,8943,0,0,0,,,,0,,
Q8007267,William Crawford,6438,1,1,0,parent,parent;child,HoC,0,panel;rush,Robert Wigram Crawford
Q8007272,William Crawford,1415,0,0,0,,,,0,,
Q8007273,William Crawford Anderson,6333,0,0,0,,,,0,,
Q8007291,William Cripps,6687,1,1,0,parent,parent,HoC,1,rush,Joseph Cripps
Q8007324,William Crossman,1429,0,0,0,,,,0,,
Q8007345,William Cubitt,6690,0,0,0,,,,1,,
Q8007416,William Cuthbert,3666,0,0,0,,,,0,,
Q8007591,William Darling,8978,0,0,0,,,,0,,
Q8007633,William Davies,1460,1,2,1,child,child;grandchild,HoC,0,rush,William Rupert Rees-Davies;William Rees Morgan Davies
Q8007667,"William Davison, 1st Baron Broughshane",8343,0,0,0,,,,1,,
Q8007679,"William Dawnay, 7th Viscount Downe",6707,1,2,1,parent,parent;child,HoC,1,panel;rush,Guy Dawnay;Lewis Payn Dawnay
Q8007733,William Deedes,3712,1,2,1,parent,parent;child;indirect,HoC,1,panel;rush,William Deedes;Bill Deedes
Q8007740,William Delany,3717,0,0,0,,,,0,,
Q8007757,Denis Kendall,4567,0,0,0,,,,0,,
Q8007758,"William Denison, 1st Earl of Londesborough",6714,1,4,1,parent,parent;child;indirect,HoC,1,panel;rush,"Sir George Sitwell, 4th Baronet;Albert Denison, 1st Baron Londesborough;William Evelyn Denison;Henry Somerset, 7th Duke of Beaufort"
Q8007837,William Digby Seymour,9449,0,0,0,,,,0,,
Q8007838,William Digby Seymour,7200,0,0,0,,,,0,,
Q8007848,William Dingwall Fordyce,1625,1,1,0,parent,parent,HoC,0,rush,Alexander Fordyce
Q8007862,William Dobbie,3741,0,0,0,,,,0,,
Q8007920,William Dougal Christie,6647,0,0,0,,,,0,,
Q8007964,William Dowdeswell,6730,1,2,1,parent,parent;child,HoC,0,panel;rush,John Edmund Dowdeswell;William Edward Dowdeswell
Q8008069,William Duffy,3801,0,0,0,,,,0,,
Q8008114,"William Duncombe, 1st Earl of Feversham",6740,1,9,1,parent,parent;child;grandparent;grandchild;uncle/aunt;niece/nephew;indirect,HoC,1,panel;rush,"Hubert Duncombe;Edgar Vincent, 1st Viscount D'Abernon;Sir James Graham, 2nd Baronet;Arthur Duncombe;Arthur Duncombe;Charles Duncombe, 2nd Earl of Feversham;Octavius Duncombe;William Duncombe, 2nd Baron Feversham;William Duncombe, Viscount Helmsley"
Q8008115,"William Duncombe, 2nd Baron Feversham",6739,1,8,1,parent,parent;child;sibling;grandparent;grandchild;uncle/aunt;niece/nephew;cousin;indirect,HoC,1,panel;rush,"Hubert Duncombe;Charles Legard;Arthur Duncombe;Arthur Duncombe;Octavius Duncombe;William Duncombe, 1st Earl of Feversham;William Duncombe, Viscount Helmsley;Thomas Slingsby Duncombe"
Q8008117,"William Duncombe, Viscount Helmsley",2249,1,6,1,parent,parent;child;sibling;grandparent;grandchild;uncle/aunt;indirect,HoC,1,panel;rush,"Hubert Duncombe;Charles Chetwynd-Talbot, 19th Earl of Shrewsbury;Charles Duncombe, 2nd Earl of Feversham;Octavius Duncombe;William Duncombe, 1st Earl of Feversham;William Duncombe, 2nd Baron Feversham"
Q8008153,William Duthie,3830,0,0,0,,,,0,,
Q8008387,"William Edgcumbe, 4th Earl of Mount Edgcumbe",6074,1,2,1,child,child;indirect,HoC,1,panel;rush,"Lord Algernon Percy;Ernest Edgcumbe, 3rd Earl of Mount Edgcumbe"
Q8008407,"Sir William Edmonstone, 4th Baronet",1535,0,0,0,,,,1,,
Q8008421,William Edward Baxter,1188,0,0,0,,,,1,,
Q8008423,William Edward Briggs,1261,0,0,0,,,,0,,
Q8008425,William Priestley,7637,0,0,0,,,,0,,
Q8008430,William Edward Dowdeswell,1509,1,2,1,parent,parent;child;grandchild,HoC,1,panel;rush,John Edmund Dowdeswell;William Dowdeswell
Q8008456,William Edward Powell,7137,1,1,0,parent,parent,HoC,0,panel,William Powell
Q8008458,William Edward Robinson,8330,0,0,0,,,,0,,
Q8008474,"William Edwardes, 4th Baron Kensington",1536,0,0,0,,,,1,,
Q8008480,William Edwards,8957,0,0,0,,,,0,,
Q8008488,William Edwin Harvey,7391,0,0,0,,,,0,,
Q8008491,William Edwin Pease,8331,0,0,0,,,,0,,
Q8008493,William Edwin Price,2792,0,0,0,,,,0,,
Q8008502,"William Egerton, 1st Baron Egerton",6602,1,5,1,parent,parent;child;sibling;indirect,HoC,1,panel;rush,"Alan Egerton, 3rd Baron Egerton;Alfred Egerton;Edward Christopher Egerton;John Loftus, 3rd Marquess of Ely;Wilbraham Egerton, 1st Earl Egerton"
Q8008524,"William Eliot, 4th Earl of St Germans",3865,1,1,0,parent,parent;child,HoC,1,panel;rush,"Edward Eliot, 3rd Earl of St Germans"
Q8008629,William Erle,3889,0,0,0,,,,0,,
Q8008633,William Ernest Brymer,1816,0,0,0,,,,0,,
Q8008636,William Ernest Gibbons,4086,0,0,0,,,,0,,
Q8008681,William Evans-Gordon,3905,0,0,0,,,,1,,
Q8008696,William Evans,6762,1,2,1,parent,parent;child;indirect,HoC,1,panel;rush,"Sir William Evans, 1st Baronet;Thomas Gisborne"
Q8008702,William Evelyn Denison,6713,1,1,0,indirect,indirect,HoC,1,rush,"William Denison, 1st Earl of Londesborough"
Q8008717,William Ewart,6445,1,1,0,sibling,sibling,HoC,0,panel;rush,Joseph Christopher Ewart
Q8008722,William Ewart Morse,5124,1,1,0,parent,parent,HoC,0,rush,Levi Lapper Morse
Q8008975,"William Fellowes, 2nd Baron de Ramsey",1590,1,3,1,parent,parent;child;sibling;uncle/aunt;niece/nephew,HoC,1,panel;rush,"Ailwyn Fellowes, 1st Baron Ailwyn;Edward Fellowes, 1st Baron de Ramsey;Richard Fellowes Benyon"
Q8009001,William Ferrand,3953,0,0,0,,,,0,,
Q8009012,"Field, William, 1848 1935",2156,0,0,0,,,,0,,
Q8009060,William Finnie,1603,0,0,0,,,,0,,
Q8009094,William FitzMaurice,6782,0,0,0,,,,1,,
Q8009155,"William Fletcher-Vane, 1st Baron Inglewood",6079,0,0,0,,,,1,,
Q8009195,William Foot Mitchell,8332,0,0,0,,,,0,,
Q8009200,William Forbes Mackenzie,4846,0,0,0,,,,1,,
Q8009227,William Forsyth,1630,0,0,0,,,,0,,
Q8009247,William Foster,8941,0,0,0,,,,0,,
Q8009275,William Fowler,1640,0,0,0,,,,1,,
Q8009310,William Francis Finn,3970,0,0,0,,,,0,,
Q8009376,William Frederick Barton Massey-Mainwaring,1906,0,0,0,,,,1,,
Q8009392,William Frederick Hicks-Beach,7385,1,3,1,parent,parent;child;sibling;uncle/aunt;niece/nephew,HoC,1,panel;rush,"Michael Hicks Beach, 1st Earl St Aldwyn;Michael Hicks Beach, Viscount Quenington;Sir Michael Hicks Beach, 8th Baronet"
Q8009400,William Frederick Neill,5190,0,0,0,,,,0,,
Q8009409,William Frederick Strickland,5901,0,0,0,,,,0,,
Q8009468,William Fuller-Maitland,1655,0,0,0,,,,1,,
Q8009690,William Garnett,4064,0,0,0,,,,0,,
Q8009764,William George Ainslie,753,0,0,0,,,,0,,
Q8009772,William George Boyle,3302,1,2,1,sibling,sibling;uncle/aunt,HoC,1,panel;rush,"Robert Edward Boyle;Richard Boyle, 9th Earl of Cork"
Q8009795,W. G. Howard Gritten,4186,0,0,0,,,,0,,
Q8009851,William Gibson-Craig,6684,0,0,0,,,,1,,
Q8009936,William Glynne Charles Gladstone,7399,1,5,1,parent,parent;child;grandparent;grandchild;uncle/aunt;niece/nephew;indirect,HoC,1,panel;rush,"William Ewart Gladstone;Herbert Gladstone, 1st Viscount Gladstone;William Henry Gladstone;John Gladstone;Sir Thomas Gladstone, 2nd Baronet"
Q8010017,William Gordon Bennett,6423,0,0,0,,,,0,,
Q8010034,William Gore-Langton,1706,1,4,1,parent,parent;child;indirect,HoC,1,panel;rush,"William Gore-Langton;Richard Temple-Nugent-Brydges-Chandos-Grenville, 3rd Duke of Buckingham and Chandos;Richard Temple-Nugent-Brydges-Chandos-Grenville, 2nd Duke of Buckingham and Chandos;William Temple-Gore-Langton, 4th Earl Temple of Stowe"
Q8010041,William Gorman,9204,0,0,0,,,,0,,
Q8010075,William Graham,1712,0,0,0,,,,1,,
Q8010084,William Graham Nicholson,8339,1,3,1,parent,parent;child;sibling,HoC,1,panel;rush,John Sanctuary Nicholson;Otho Nicholson;William Nicholson
Q8010118,William Grantham,1720,0,0,0,,,,0,,
Q8010128,William Gray,1725,0,0,0,,,,1,,
Q8010224,William Griffiths,9298,0,0,0,,,,0,,
Q8010294,William Guyer Hunter,2330,0,0,0,,,,0,,
Q8010695,William Hacket Pain,5307,0,0,0,,,,1,,
Q8010776,William Hamling,4237,0,0,0,,,,0,,
Q8010826,William Hannah McLean,8341,0,0,0,,,,0,,
Q8010828,William Hannan,4248,0,0,0,,,,0,,
Q8010869,"William Hare, 2nd Earl of Listowel",4728,1,1,0,indirect,indirect,HoC,1,rush,"John Hare, 1st Viscount Blakenham"
Q8010880,William Harker,2226,0,0,0,,,,0,,
Q8010935,William Harrison-Broadley,2234,1,2,1,uncle/aunt,uncle/aunt;niece/nephew,HoC,1,rush,Henry Harrison-Broadley;Henry Broadley
Q8011045,"William Hay, 10th Marquess of Tweeddale",6881,1,4,1,parent,parent;sibling;uncle/aunt,HoC,1,panel;rush,"Thomas Hay;George Hay, Earl of Gifford;John Hay;John Hay"
Q8011065,"William Hayes Fisher, 1st Baron Downham",2067,0,0,0,,,,1,,
Q8011836,William Helmore,4320,0,0,0,,,,0,,
Q8011845,"William Henderson, 1st Baron Henderson",8359,1,2,1,parent,parent;child;sibling,HoC,1,panel;rush,"Arthur Henderson;Arthur Henderson, Baron Rowley"
Q8011872,William Henry Adams,46,0,0,0,,,,0,,
Q8011989,William Henry Flanagan,3996,0,0,0,,,,0,,
Q8011991,William Henry Foster,1635,1,1,0,parent,parent,HoC,0,rush,William Foster
Q8011992,William Henry Foster,1636,0,0,0,,,,0,,
Q8012016,William Henry Guy,4204,0,0,0,,,,0,,
Q8012049,William Henry Hornby,2309,1,3,1,parent,parent;child;sibling,HoC,1,panel;rush,"John Hornby;Edward Hornby;Sir William Hornby, 1st Baronet"
Q8012059,William Henry Hyett,4469,0,0,0,,,,0,,
Q8012075,William Henry Leatham,2439,1,1,0,sibling,sibling,HoC,1,panel;rush,Edward Aldam Leatham
Q8012091,William Henry Maule,4956,0,0,0,,,,0,,
Q8012099,William Henry Miller,7041,0,0,0,,,,0,,
Q8012125,William Henry Pringle,,0,0,0,,,,1,,
Q8012128,William Henry Rattigan,5513,0,0,0,,,,0,,
Q8012147,William Henry Scourfield,7194,1,1,0,niece/nephew,niece/nephew,HoC,0,rush,"Sir John Scourfield, 1st Baronet"
Q8012148,William Henry Seager,5698,0,0,0,,,,1,,
Q8012169,William Henry Stanton,7237,0,0,0,,,,0,,
Q8012175,William Henry Stone,2843,0,0,0,,,,0,,
Q8012176,William Henry Stott,9207,0,0,0,,,,0,,
Q8012202,William Henry Walter Ballantine,1152,0,0,0,,,,0,,
Q8012206,William Henry Watson,7332,0,0,0,,,,1,,
Q8012210,William Henry Whitbread,7339,1,1,0,indirect,indirect,HoC,1,rush,Samuel Whitbread
Q8012289,William Hewins,4347,0,0,0,,,,0,,
Q8012348,William Hilton,4369,0,0,0,,,,0,,
Q8012360,William Hirst,4382,0,0,0,,,,0,,
Q8012381,William Hodgson Barrow,1180,0,0,0,,,,0,,
Q8012421,"William Holland, 1st Baron Rotherham",2887,0,0,0,,,,1,,
Q8012442,William Holmes,6904,0,0,0,,,,0,,
Q8012452,William Holms,2301,1,1,0,sibling,sibling,HoC,0,rush,John Holms
Q8012464,William Homewood,4405,0,0,0,,,,0,,
Q8012519,William Horne,4416,0,0,0,,,,1,,
Q8012549,William Houldsworth,1891,0,0,0,,,,1,,
Q8012560,William Howard,6919,1,3,1,indirect,indirect,HoC,1,rush,"Frederick Howard;Charles Howard;Edward Howard, 1st Baron Lanerton"
Q8012597,William Howe Windham,6224,1,1,0,sibling,sibling,HoC,1,rush,Charles Ashe Windham
Q8012636,"William Hughes, 1st Baron Dinorben",,0,0,0,,,,1,,
Q8012677,William Humphrys Archdale,1125,1,2,1,sibling,sibling;uncle/aunt,HoC,1,panel;rush,Mervyn Archdall;Mervyn Edward Archdale
Q8012686,"William Hunter, Lord Hunter",6978,0,0,0,,,,0,,
Q8012723,William Huston Dodd,7473,0,0,0,,,,0,,
Q8012747,William Hutchison,8310,0,0,0,,,,0,,
Q8012749,William Hutt,2335,0,0,0,,,,1,,
Q8013100,William Irving,4494,0,0,0,,,,0,,
Q8013215,Bill Field,8958,0,0,0,,,,0,,
Q8013385,William Jacks,2347,0,0,0,,,,0,,
Q8013386,"William Jackson, 1st Baron Allerton",1987,1,1,0,parent,parent,HoC,1,panel,Stanley Jackson
Q8013387,"William Jackson, 1st Baron Jackson",8333,0,0,0,,,,1,,
Q8013441,William James Clement,1375,0,0,0,,,,0,,
Q8013508,William Jardine Herries Maxwell,2052,0,0,0,,,,1,,
Q8013539,William Jenkins,8317,0,0,0,,,,0,,
Q8013589,William John,9299,0,0,0,,,,0,,
Q8013597,"Sir William Brabazon, 2nd Baronet",2028,1,1,0,indirect,indirect,HoC,1,rush,"William Brabazon, 11th Earl of Meath"
Q8013614,William John Evelyn,1574,0,0,0,,,,1,,
Q8013623,William John Gruffydd,4193,0,0,0,,,,0,,
Q8013638,William John Lane,2421,0,0,0,,,,0,,
Q8013644,William John Lysley,4807,0,0,0,,,,1,,
Q8013676,William Johnson,7434,0,0,0,,,,0,,
Q8013692,William Johnson Galloway,1771,0,0,0,,,,0,,
Q8013699,William Johnston,2023,1,1,0,parent,parent,HoC,0,rush,"Sir John Vanden-Bempde-Johnstone, 2nd Baronet"
Q8013712,"William Jolliffe, 1st Baron Hylton",4532,1,4,1,parent,parent;child;grandparent;grandchild;indirect,HoC,1,panel;rush,"Hylton Jolliffe, 3rd Baron Hylton;William Sydney Hylton Jolliffe;Richard Vyse;Hedworth Jolliffe, 2nd Baron Hylton"
Q8013725,William Jones,2127,0,0,0,,,,0,,
Q8013880,William Keenan,4554,0,0,0,,,,0,,
Q8013900,William Kelly,8356,0,0,0,,,,0,,
Q8013946,William Kenny,2387,0,0,0,,,,0,,
Q8013949,William Kenrick,2388,1,1,0,indirect,indirect,HoC,1,rush,Joseph Chamberlain
Q8013957,William Keogh,4572,0,0,0,,,,0,,
Q8014028,William Kingsmill,4603,0,0,0,,,,0,,
Q8014050,William Kirk,2401,0,0,0,,,,0,,
Q8014058,William Kirkpatrick,4610,0,0,0,,,,0,,
Q8014075,William Knatchbull,4615,0,0,0,,,,0,,
Q8014090,William Knox,2410,1,4,1,parent,parent;child;sibling;uncle/aunt;niece/nephew,HoC,1,panel;rush,"James Knox;John Henry Knox;Thomas Knox, 2nd Earl of Ranfurly;Thomas Knox, 3rd Earl of Ranfurly"
Q8014290,William Lane-Mitchell,4639,0,0,0,,,,0,,
Q8014327,William Lascelles,4654,1,2,1,sibling,sibling;niece/nephew,HoC,1,panel;rush,Egremont Lascelles;Edwin Lascelles
Q8014330,William Laslett,2422,0,0,0,,,,0,,
Q8014351,William Frederic Lawrence,1889,0,0,0,,,,1,,
Q8014353,William Lawrence,2431,1,2,1,sibling,sibling,HoC,1,panel;rush,"Edwin Durning-Lawrence;Sir James Lawrence, 1st Baronet"
Q8014387,William Le Poer Trench,6032,0,0,0,,,,1,,
Q8014397,William Leader Maberly,4819,1,1,0,child,child,HoC,1,panel,John Maberly
Q8014407,William Leatham Bright,1265,1,3,1,parent,parent;child;sibling;niece/nephew,HoC,1,panel;rush,John Bright;Jacob Bright;John Albert Bright
Q8014457,"William Legge, 6th Earl of Dartmouth",2471,1,3,1,parent,parent;child;niece/nephew,HoC,1,panel;rush,"Heneage Legge;William Legge, 5th Earl of Dartmouth;William Legge, 7th Earl of Dartmouth"
Q8014459,"William Legge, 7th Earl of Dartmouth",7696,1,2,1,parent,parent;child;grandparent;grandchild,HoC,1,panel;rush,"William Legge, 5th Earl of Dartmouth;William Legge, 6th Earl of Dartmouth"
Q8014460,"William Legh, 1st Baron Newton",2449,1,3,1,parent,parent;child;indirect,HoC,1,panel;rush,"Thomas Legh, 2nd Baron Newton;George Legh;Peter Legh, 4th Baron Newton"
Q8014489,William Leonard,4703,0,0,0,,,,0,,
Q8014585,Lindsay Everard,3908,0,0,0,,,,0,,
Q8014747,"William Lowther, 2nd Earl of Lonsdale",9026,1,4,1,sibling,sibling;uncle/aunt;niece/nephew;cousin;indirect,HoC,1,panel;rush,"Henry Lowther, 3rd Earl of Lonsdale;Henry Lowther;Sir John Lowther, 2nd Baronet, of Swillington;William Lowther"
Q8014752,William Lowther,2498,1,6,1,parent,parent;child;sibling;grandparent;niece/nephew,HoC,1,panel;rush,"James William Lowther, 1st Viscount Ullswater;Cecil Lowther;Christopher Lowther;Henry Lowther, 3rd Earl of Lonsdale;Henry Lowther;William Lowther, 2nd Earl of Lonsdale"
Q8014762,William Lucas-Shadwell,2501,0,0,0,,,,0,,
Q8014789,William Lundon,4782,1,1,0,child,child,HoC,0,rush,Thomas Lundon
Q8014793,William Lunn,4784,0,0,0,,,,0,,
Q8014947,"William Mabane, 1st Baron Mabane",4818,0,0,0,,,,1,,
Q8014999,William Mackinder,4850,0,0,0,,,,0,,
Q8015052,William Mainwaring,4899,0,0,0,,,,0,,
Q8015058,William Makins,2561,0,0,0,,,,1,,
Q8015152,William Marshall,9035,1,2,1,sibling,sibling,HoC,1,panel;rush,James Garth Marshall;John Marshall
Q8015224,William Mather,2051,0,0,0,,,,1,,
Q8015248,"William Maule, 1st Baron Panmure",,1,2,1,parent,parent,HoC,1,panel,"Lauderdale Maule;Fox Maule-Ramsay, 11th Earl of Dalhousie"
Q8015260,William Maxfield,4960,0,0,0,,,,0,,
Q8015283,William Mayhew,,0,0,0,,,,0,,
Q8015292,William McAdam,4968,0,0,0,,,,0,,
Q8015303,William McArthur,2510,1,2,1,sibling,sibling;niece/nephew,HoC,0,rush,Alexander McArthur;William McArthur
Q8015338,William McClintock-Bunbury,3391,1,2,1,sibling,sibling;uncle/aunt,HoC,1,panel;rush,"Thomas Bunbury;John McClintock, 1st Baron Rathdonnell"
Q8015344,William McCombie,2517,0,0,0,,,,0,,
Q8015369,William McCullagh Torrens,953,0,0,0,,,,0,,
Q8015392,William McEwan,4814,0,0,0,,,,1,,
Q8015447,William McKeag,5009,0,0,0,,,,0,,
Q8015454,William McKelvey,5011,0,0,0,,,,0,,
Q8015461,William McKillop,7585,0,0,0,,,,0,,
Q8015488,William McLean Watson,8966,0,0,0,,,,0,,
Q8015613,William Michell,9109,0,0,0,,,,0,,
Q8015628,William Milbourne James,8351,0,0,0,,,,1,,
Q8015679,"William Mitchell-Thomson, 1st Baron Selsdon",5071,0,0,0,,,,1,,
Q8015680,William Mitchell,7568,0,0,0,,,,0,,
Q8015709,William Molesworth-St Aubyn,2612,0,0,0,,,,1,,
Q8015715,"William Molloy, Baron Molloy",8963,0,0,0,,,,1,,
Q8015737,"William Monson, 1st Viscount Oxenbridge",5092,0,0,0,,,,1,,
Q8015782,William Moore Johnson,2364,0,0,0,,,,0,,
Q8015814,William Morgan Jellett,4510,0,0,0,,,,0,,
Q8015848,William Morritt,5122,0,0,0,,,,0,,
Q8015892,William Mount,,1,2,1,parent,parent;grandparent,HoC,1,panel,"William George Mount;Sir William Mount, 1st Baronet"
Q8015941,William Mure,2647,1,2,1,parent,parent;child;uncle/aunt,HoC,1,panel;rush,"David Mure, Lord Mure;William Mure"
Q8015942,William Mure,6460,1,2,1,parent,parent;child;sibling,HoC,1,panel;rush,"David Mure, Lord Mure;William Mure"
Q8015954,William Murray,8316,0,0,0,,,,0,,
Q8015956,William Murray,7064,0,0,0,,,,0,,
Q8015980,William Myers,1864,0,0,0,,,,0,,
Q8016,Winston Churchill,8363,1,6,1,parent,parent;child;grandparent;grandchild;indirect,HoC,1,panel;rush,"Randolph Churchill;Duncan Sandys;Lord Randolph Churchill;Winston Churchill;John Spencer-Churchill, 7th Duke of Marlborough;Nicholas Soames"
Q8016046,William Nathaniel Jones,7360,0,0,0,,,,0,,
Q8016049,William Nathaniel Massey,2582,0,0,0,,,,0,,
Q8016134,William Nicholson,2662,1,2,1,parent,parent;child,HoC,1,panel;rush,John Sanctuary Nicholson;William Graham Nicholson
Q8016142,William Nicol,7068,0,0,0,,,,1,,
Q8016160,William Noel,7072,1,1,0,parent,parent;child,HoC,1,panel;rush,"Sir Gerard Noel, 2nd Baronet"
Q8016201,William Nugent Macnamara,4872,1,1,0,child,child,HoC,0,rush,Francis Macnamara
Q8016202,William Nunn,5237,0,0,0,,,,0,,
Q8016243,William O'Donovan,5251,0,0,0,,,,0,,
Q8016251,William O'Malley,2158,1,1,0,indirect,indirect,HoC,0,rush,Thomas Power O'Connor
Q8016257,William O'Reilly,9432,1,1,0,parent,parent,HoC,0,panel,Myles O'Reilly
Q8016262,William O'Shea,2708,0,0,0,,,,1,,
Q8016326,William Oldfield,5276,0,0,0,,,,0,,
Q8016363,"William Orde-Powlett, 5th Baron Bolton",5289,1,1,0,indirect,indirect,HoC,1,rush,"Edward Gibson, 1st Baron Ashbourne"
Q8016372,William Ormsby-Gore,4140,1,4,1,parent,parent;child;grandparent;grandchild,HoC,1,panel;rush,"Seymour Ormsby-Gore;George Ormsby-Gore, 3rd Baron Harlech;John Ormsby-Gore, 1st Baron Harlech;William Ormsby-Gore, 2nd Baron Harlech"
Q8016373,"William Ormsby-Gore, 2nd Baron Harlech",4137,1,6,1,parent,parent;child;sibling;grandparent;grandchild;indirect,HoC,1,panel;rush,"Seymour Ormsby-Gore;William Ormsby-Gore, 4th Baron Harlech;George Ormsby-Gore, 3rd Baron Harlech;Henry Seymour;John Ormsby-Gore, 1st Baron Harlech;William Ormsby-Gore"
Q8016408,William Overend Priestley,7636,0,0,0,,,,1,,
Q8016544,William Paling,5311,0,0,0,,,,0,,
Q8016553,William Palliser,2718,0,0,0,,,,1,,
Q8016570,William Windsor Parker,2726,0,0,0,,,,1,,
Q8016627,William Templeton,5956,0,0,0,,,,0,,
Q8016709,William Pearce,6497,0,0,0,,,,0,,
Q8016795,William Perring,5365,0,0,0,,,,0,,
Q8016810,William Peter,5371,0,0,0,,,,0,,
Q8016813,William Peter Griggs,4182,0,0,0,,,,0,,
Q8016840,"William Petty-FitzMaurice, Earl of Kerry",4585,1,5,1,sibling,sibling;uncle/aunt;indirect,HoC,1,panel;rush,"John Fox-Strangways;Edmond Fitzmaurice, 1st Baron Fitzmaurice;Henry Henry William Edmund Petty-Fitzmaurice, 6th Marquess of Lansdowne;Henry Petty-Fitzmaurice, 4th Marquess of Lansdowne;Percy Herbert"
Q8016852,William Price,2793,0,0,0,,,,0,,
Q8016926,William Pirrie Sinclair,863,0,0,0,,,,0,,
Q8016960,William Henry Chicheley Plowden,7129,0,0,0,,,,0,,
Q8016975,William Pole-Carew,6629,1,3,1,parent,parent;niece/nephew;indirect,HoC,1,panel;rush,"Reginald Pole-Carew;Thomas Agar-Robartes, 1st Baron Robartes;Thomas Agar-Robartes, 6th Viscount Clifden"
Q8016977,"William Pole-Tylney-Long-Wellesley, 4th Earl of Mornington",,0,0,0,,,,1,,
Q8016982,William Pole Thornhill,7282,0,0,0,,,,0,,
Q8016988,William Pollard-Urquhart,6071,0,0,0,,,,1,,
Q8016991,William Pollard Byles,2901,0,0,0,,,,0,,
Q8016995,William Pomfret,2778,0,0,0,,,,0,,
Q8016999,"William Ponsonby, 1st Baron de Mauley",5428,1,4,1,parent,parent;sibling;uncle/aunt,HoC,1,panel,"Ashley Ponsonby;Charles Ponsonby, 2nd Baron de Mauley;John Ponsonby, 4th Earl of Bessborough;John Ponsonby, 5th Earl of Bessborough"
Q8017032,William Rhys Powell,9359,0,0,0,,,,1,,
Q8017064,William Preston,5451,0,0,0,,,,0,,
Q8017075,William Price,8953,0,0,0,,,,0,,
Q8017097,William Pringle,5455,0,0,0,,,,0,,
Q8017100,William Pritchard Morgan,2631,0,0,0,,,,0,,
Q8017109,William Proctor,5468,0,0,0,,,,0,,
Q8017163,William Quilter,1947,1,1,0,parent,parent;child,HoC,1,panel;rush,"Sir Cuthbert Quilter, 2nd Baronet"
Q8017337,William Ralph Cartwright,6635,1,2,1,parent,parent;child,HoC,1,panel;rush,Henry Cartwright;Fairfax Cartwright
Q8017371,"William Rankine Milligan, Lord Milligan",9301,1,1,0,indirect,indirect,HoC,0,rush,David Walder
Q8017389,William Rathbone,740,1,2,1,parent,parent;child;indirect,HoC,0,panel;rush,Eleanor Rathbone;Hugh Rathbone
Q8017399,William Rawson Shaw,844,1,2,1,parent,parent;indirect,HoC,0,rush,Joseph Crook;Thomas Shaw
Q8017401,William Ray,5521,0,0,0,,,,0,,
Q8017428,William Redmond,6498,1,3,1,parent,parent;child;grandparent;grandchild;uncle/aunt;niece/nephew,HoC,0,panel;rush,John Redmond;William Archer Redmond;Willie Redmond
Q8017448,William Rees Morgan Davies,1461,1,2,1,parent,parent;child,HoC,0,rush,William Rupert Rees-Davies;William Davies
Q8017465,William Reid,8944,0,0,0,,,,0,,
Q8017532,William Richard Williams,8969,0,0,0,,,,0,,
Q8017569,William Rickford,5573,0,0,0,,,,1,,
Q8017613,William Robert Bousfield,1908,0,0,0,,,,0,,
Q8017638,William Robert Raynes,5523,0,0,0,,,,0,,
Q8017685,William Robinson,8967,0,0,0,,,,0,,
Q8017706,William Robson Brown,5590,0,0,0,,,,0,,
Q8017743,William Romaine Callender,1316,0,0,0,,,,0,,
Q8017751,William Roots,5609,0,0,0,,,,0,,
Q8017788,William Duckworth,3789,0,0,0,,,,0,,
Q8017797,William Roupell,5624,0,0,0,,,,0,,
Q8017814,William Royce,5629,0,0,0,,,,0,,
Q8017843,William Russell,,0,0,0,,,,0,,
Q8017845,William Russell,6495,0,0,0,,,,0,,
Q8018074,William Sampson Cluse,3533,0,0,0,,,,0,,
Q8018098,William Sanders,9208,0,0,0,,,,0,,
Q8018122,William Sargeant Roden,775,0,0,0,,,,0,,
Q8018184,William Scholefield,5683,1,1,0,parent,parent;child,HoC,0,panel;rush,Joshua Scholefield
Q8018242,William Sears,5701,0,0,0,,,,0,,
Q8018295,William Seymour Blackstone,3228,0,0,0,,,,0,,
Q8018324,William Sharman Crawford,6685,1,2,1,child,child,HoC,1,rush,James Sharman Crawford;Robert Wigram Crawford
Q8018339,William Shaw,843,0,0,0,,,,0,,
Q8018352,William Shee,5722,0,0,0,,,,0,,
Q8018368,William Shepherd,9303,1,1,0,indirect,indirect,HoC,0,rush,Tom Forrest Howard
Q8018372,William Shepherd Allen,803,1,1,0,child,child,HoC,0,rush,William Allen
Q8018425,William Sidebottom,858,1,2,1,sibling,sibling;indirect,HoC,0,rush,James Sidebottom;Tom Harrop Sidebottom
Q8018514,William Small,9453,0,0,0,,,,0,,
Q8018527,William Smith,876,0,0,0,,,,0,,
Q8018578,William Smyth Bernard,3169,1,2,1,niece/nephew,niece/nephew,HoC,1,rush,"Henry Boyle Bernard;Francis Bernard, 3rd Earl of Bandon"
Q8018606,William Somervell,5797,0,0,0,,,,0,,
Q8018608,"William Somerville, 1st Baron Athlumney",5799,0,0,0,,,,1,,
Q8018678,William Caine,2039,1,2,1,indirect,indirect,HoC,1,rush,"Herbert Lewis;John Roberts, 1st Baron Clwyd"
Q8018692,William St James Wheelhouse,1029,0,0,0,,,,0,,
Q8018696,"William St Lawrence, 4th Earl of Howth",812,0,0,0,,,,1,,
Q8018701,William Stacpoole,892,0,0,0,,,,0,,
Q8018781,William Stephen Poyntz,5448,1,1,0,indirect,indirect,HoC,1,rush,"Frederick Spencer, 4th Earl Spencer"
Q8018817,William Steward,5874,0,0,0,,,,0,,
Q8018825,William Stewart,8349,0,0,0,,,,0,,
Q8018874,William Stones,5890,0,0,0,,,,0,,
Q8018902,William Stratford Dugdale,6735,1,1,0,parent,parent;child,HoC,1,panel;rush,John Dugdale
Q8018938,William Stuart,7256,1,1,0,parent,parent,HoC,1,panel,William Stuart
Q8018942,William Stuart,7257,1,1,0,child,child,HoC,1,panel,William Stuart
Q8018969,William Summers,916,0,0,0,,,,0,,
Q8018980,William Sutherland,8315,0,0,0,,,,0,,
Q8019198,William Tayleur,5950,0,0,0,,,,0,,
Q8019215,William Taylor Copeland,3589,0,0,0,,,,0,,
Q8019226,William Teeling,5952,0,0,0,,,,1,,
Q8019263,William Thackeray Marriott,2574,0,0,0,,,,0,,
Q8019296,William Thomas Adams,47,0,0,0,,,,0,,
Q8019303,William Thomas Charley,1360,0,0,0,,,,1,,
Q8019314,William Thomas Gustavus Cook,2819,0,0,0,,,,0,,
Q8019346,William Thomas Shaw,8355,0,0,0,,,,0,,
Q8019429,William Tindal Robertson,771,0,0,0,,,,0,,
Q8019430,William Tipping,945,0,0,0,,,,0,,
Q8019436,William Tite,946,0,0,0,,,,0,,
Q8019464,William Tooke,6005,0,0,0,,,,0,,
Q8019481,William Townley Mitford,2611,0,0,0,,,,0,,
Q8019496,William Trant Fagan,6765,1,1,0,parent,parent;child,HoC,1,panel;rush,William Fagan
Q8019575,William Turner,7298,0,0,0,,,,1,,
Q8019718,William Vesey-FitzGerald,1607,1,1,0,child,child,HoC,1,panel,"William Vesey-FitzGerald, 2nd Baron FitzGerald and Vesey"
Q8019721,"William Vesey-FitzGerald, 2nd Baron FitzGerald and Vesey",,1,1,0,parent,parent,HoC,1,panel,William Vesey-FitzGerald
Q8019734,William Villiers-Stuart,7258,0,0,0,,,,1,,
Q8019899,"William Walker, 1st Baron Wavertree",8340,0,0,0,,,,1,,
Q8019953,William Walrond,7607,1,2,1,parent,parent;child;grandparent;grandchild,HoC,1,panel;rush,"John Walrond;William Walrond, 1st Baron Waleran"
Q8019954,"William Walrond, 1st Baron Waleran",1806,1,2,1,parent,parent;child,HoC,1,panel;rush,John Walrond;William Walrond
Q8019992,William Warbey,6129,0,0,0,,,,0,,
Q8019994,"William Ward, 3rd Earl of Dudley",3861,1,2,1,sibling,sibling;uncle/aunt,HoC,1,panel;rush,"George Ward, 1st Viscount Ward of Witley;Robert Ward"
Q8020060,William Watkin Edward Wynne,6319,1,2,1,parent,parent;child;indirect,HoC,1,panel;rush,Robert Aglionby Slaney;William Robert Maurice Wynne
Q8020105,William Wayland,6153,0,0,0,,,,0,,
Q8020116,William Webb Follett,9094,1,1,0,sibling,sibling,HoC,1,rush,Brent Follett
Q8020135,William Wedderburn,1012,1,1,0,sibling,sibling,HoC,1,panel;rush,"Sir David Wedderburn, 3rd Baronet"
Q8020168,William Wells,1017,0,0,0,,,,1,,
Q8020170,William Wells,8975,0,0,0,,,,0,,
Q8020180,William Wellwood,6165,0,0,0,,,,0,,
Q8020193,"William Wentworth-FitzWilliam, Viscount Milton",2608,1,8,1,parent,parent;child;sibling;grandparent;grandchild;uncle/aunt;niece/nephew,HoC,1,panel;rush,"William Wentworth-Fitzwilliam, Viscount Milton;Charles Wentworth-FitzWilliam;Charles Wentworth-Fitzwilliam, 5th Earl Fitzwilliam;George Wentworth-FitzWilliam;Henry Wentworth-FitzWilliam;John Wentworth-FitzWilliam;William Wentworth-Fitzwilliam, 7th Earl Fitzwilliam;William Wentworth-Fitzwilliam, 6th Earl Fitzwilliam"
Q8020195,"William Wentworth-Fitzwilliam, 6th Earl Fitzwilliam",9038,1,8,1,parent,parent;child;sibling;grandparent;grandchild,HoC,1,panel;rush,"William Wentworth-Fitzwilliam, Viscount Milton;Charles Wentworth-FitzWilliam;Charles Wentworth-Fitzwilliam, 5th Earl Fitzwilliam;George Wentworth-FitzWilliam;Henry Wentworth-FitzWilliam;John Wentworth-FitzWilliam;William Wentworth-Fitzwilliam, 7th Earl Fitzwilliam;William Wentworth-FitzWilliam, Viscount Milton"
Q8020253,William Wheeldon,6179,0,0,0,,,,0,,
Q8020290,William Whitehead Hicks-Beach,8976,0,0,0,,,,1,,
Q8020294,William Whitelaw,1039,1,2,1,parent,parent;child;sibling,HoC,1,panel;rush,Alexander Whitelaw;Graeme Whitelaw
Q8020297,William Whiteley,8947,0,0,0,,,,0,,
Q8020308,William Whitla,6187,0,0,0,,,,0,,
Q8020312,William Whitlock,6188,0,0,0,,,,0,,
Q8020325,William Whitworth,1045,1,2,1,sibling,sibling;niece/nephew,HoC,0,rush,Thomas Whitworth;Benjamin Whitworth
Q8020333,William Wickham,1046,0,0,0,,,,1,,
Q8020340,William Wiggins,6195,0,0,0,,,,0,,
Q8020343,,,0,0,0,,,,0,,
Q8020385,William Williams,9403,1,1,0,parent,parent;child,HoC,0,panel;rush,Thomas Jeremiah Williams
Q8020411,William Willis,1063,0,0,0,,,,0,,
Q8020420,"William Wills, 1st Baron Winterstoke",1064,0,0,0,,,,1,,
Q8020426,William Wilshere,9402,0,0,0,,,,0,,
Q8020429,William Wilson-Todd,1975,1,1,0,indirect,indirect,HoC,1,rush,Marmaduke D'Arcy Wyvill
Q8020431,William Wilson,7364,0,0,0,,,,0,,
Q8020435,William Wilson,8945,0,0,0,,,,0,,
Q8020497,William Wither Beach,1860,0,0,0,,,,1,,
Q8020517,William Wolryche-Whitmore,7346,1,2,1,indirect,indirect,HoC,1,rush,Henry Whitmore;Thomas Charlton Whitmore
Q8020531,William Woodall,1083,0,0,0,,,,0,,
Q8020564,William Woolcock,6248,0,0,0,,,,0,,
Q8020567,William Woolley,6250,0,0,0,,,,0,,
Q8020586,William Wright,7252,0,0,0,,,,0,,
Q8020678,William Young,6385,0,0,0,,,,0,,
Q8020692,William Young Craig,1410,0,0,0,,,,1,,
Q8020928,William van Straubenzee,6075,0,0,0,,,,1,,
Q8020939,"William à Court-Holmes, 2nd Baron Heytesbury",6905,1,2,1,uncle/aunt,uncle/aunt;cousin,HoC,1,panel;rush,Edward Henry A'Court;Charles A'Court
Q8021551,Willie Hamilton,8977,0,0,0,,,,0,,
Q8021781,Willie Redmond,2146,1,3,1,parent,parent;child;sibling;uncle/aunt;niece/nephew,HoC,0,panel;rush,John Redmond;William Archer Redmond;William Redmond
Q8022226,Willoughby Jones,6946,0,0,0,,,,1,,
Q8023079,Wilson Harris,8604,0,0,0,,,,0,,
Q8023124,Wilson Lloyd,2482,0,0,0,,,,0,,
Q8023156,Wilson Noble,2665,0,0,0,,,,0,,
Q8023634,Win Griffiths,321,0,0,0,,,,0,,
Q8024207,"Windham Wyndham-Quin, 5th Earl of Dunraven and Mount-Earl",1993,1,1,0,indirect,indirect,HoC,1,rush,"Edwin Wyndham-Quin, 3rd Earl of Dunraven and Mount-Earl"
Q8033220,Woodrow Wyatt,6424,0,0,0,,,,1,,
Q8040106,Wyndham Davies,8980,0,0,0,,,,0,,
Q8040122,Wyndham Knatchbull,4611,1,1,0,grandparent,grandparent,HoC,1,rush,"Sir Edward Knatchbull, 9th Baronet"
Q8040126,Wyndham Lewis,6983,0,0,0,,,,1,,
Q8040200,Wynne Ellis,6755,0,0,0,,,,0,,
Q809053,"Barry Jones, Baron Jones",392,0,0,0,,,,1,,
Q81491,Joseph Arch,1124,0,0,0,,,,0,,
Q82006,Benjamin Disraeli,1498,1,1,0,niece/nephew,niece/nephew,HoC,1,rush,Coningsby Disraeli
Q822768,Bernard Weatherill,6154,0,0,0,,,,1,,
Q859822,"George Montagu, 6th Duke of Manchester",9030,1,3,1,parent,parent;child;grandparent;grandchild,HoC,1,panel;rush,"George Montagu, 8th Duke of Manchester;Lord Robert Montagu;William Montagu, 7th Duke of Manchester"
Q860041,"William Montagu, 7th Duke of Manchester",9031,1,3,1,parent,parent;child;sibling,HoC,1,panel;rush,"George Montagu, 8th Duke of Manchester;Lord Robert Montagu;George Montagu, 6th Duke of Manchester"
Q8678953,"Frank Byers, Baron Byers",9219,0,0,0,,,,1,,
Q890109,Thomas Slingsby Duncombe,3350,1,3,1,cousin,cousin,HoC,1,panel;rush,"Arthur Duncombe;Octavius Duncombe;William Duncombe, 2nd Baron Feversham"
Q895823,"Horace Davey, Baron Davey",1456,0,0,0,,,,1,,
Q904004,"Denis Howell, Baron Howell",8471,0,0,0,,,,1,,
Q918902,"Marcus Kimball, Baron Kimball",4598,1,1,0,parent,parent;child,HoC,1,panel;rush,Lawrence Kimball
Q922318,"Henry Somerset, 7th Duke of Beaufort",6254,1,5,1,parent,parent;child;sibling;grandparent;indirect,HoC,1,panel;rush,"Lord Henry Somerset;Henry Somerset, 8th Duke of Beaufort;Granville Ryder;Lord Granville Somerset;William Denison, 1st Earl of Londesborough"
Q924565,Brodie McGhie Willcox,6210,0,0,0,,,,0,,
Q9250977,"Sir Edward Knatchbull, 9th Baronet",4613,1,6,1,parent,parent;child;grandparent;grandchild;uncle/aunt;indirect,HoC,1,panel;rush,"Michael Knatchbull, 5th Baron Brabourne;Edward Knatchbull-Hugessen, 1st Baron Brabourne;Edward Knatchbull-Hugessen, 2nd Baron Brabourne;George Milles, 1st Earl Sondes;Herbert Knatchbull-Hugessen;Wyndham Knatchbull"
Q926893,"John Haire, Baron Haire of Whiteabbey",4217,0,0,0,,,,1,,
Q9287820,"Henry Cadogan, Viscount Chelsea",1362,1,3,1,parent,parent;child;sibling;grandparent;grandchild,HoC,1,panel;rush,"George Cadogan, 5th Earl Cadogan;Edward Cadogan;Henry Cadogan, 4th Earl Cadogan"
Q9292296,"Hilton Young, 1st Baron Kennet",6352,0,0,0,,,,1,,
Q930203,William Augustus Adam,35,0,0,0,,,,1,,
Q9310800,"Robert Gascoyne-Cecil, 6th Marquess of Salisbury",8852,1,4,1,parent,parent;child;grandparent;grandchild;niece/nephew,HoC,1,panel;rush,"David Ormsby-Gore, 5th Baron Harlech;Robert Gascoyne-Cecil, 5th Marquess of Salisbury;Robert Gascoyne-Cecil, 7th Marquess of Salisbury;James Gascoyne-Cecil, 4th Marquess of Salisbury"
Q9310851,"Robert Hudson, 1st Viscount Hudson",8860,0,0,0,,,,1,,
Q93557,"John Moore, Baron Moore of Lower Marsh",8694,0,0,0,,,,1,,
Q93669,"Henry Chetwynd-Talbot, 18th Earl of Shrewsbury",4476,1,4,1,parent,parent;child;indirect,HoC,1,panel;rush,"Reginald Talbot;Walter Carpenter;Adelbert Brownlow-Cust, 3rd Earl Brownlow;Charles Chetwynd-Talbot, 19th Earl of Shrewsbury"
Q9385017,"Sir Arthur Markham, 1st Baronet",4928,0,0,0,,,,1,,
Q942299,William Mundy,5153,1,1,0,cousin,cousin,HoC,0,panel;rush,Edward Miller Mundy
Q943984,"Stratford Canning, 1st Viscount Stratford de Redcliffe",3435,0,0,0,,,,1,,
Q94765,James Wilson,7363,0,0,0,,,,0,,
Q9545,Tony Blair,129,0,0,0,,,,1,,
Q9559,John Major,461,0,0,0,,,,1,,
Q957519,John Ball,6528,1,1,0,parent,parent,HoC,0,rush,Nicholas Ball
Q9576,James Callaghan,3424,0,0,0,,,,1,,
Q958853,Edward Codrington,2922,1,2,1,parent,parent;child;niece/nephew,HoC,1,panel;rush,William John Codrington;Christopher Codrington
Q959198,Eric Geddes,4079,1,1,0,sibling,sibling,HoC,1,panel;rush,"Auckland Geddes, 1st Baron Geddes"
Q959817,"Sir Arthur Steel-Maitland, 1st Baronet",5862,0,0,0,,,,1,,
Q962656,"William Howie, Baron Howie of Troon",4439,0,0,0,,,,1,,
Q963914,Kevin O'Higgins,5261,0,0,0,,,,0,,
Q964365,Seán MacEntee,4836,0,0,0,,,,0,,
Q964439,Robert Barton,8209,0,0,0,,,,1,,
Q964833,"A. V. Alexander, 1st Earl Alexander of Hillsborough",6388,0,0,0,,,,1,,
Q9670,Caroline Lucas,10062,0,0,0,,,,0,,
Q975422,Augustus Smith,7209,0,0,0,,,,1,,
Q981574,Edmund Dell,3720,0,0,0,,,,0,,
Q983174,Kenny MacAskill,10244,0,0,0,,,,0,,
Q984014,William John Bankes,786,1,2,1,sibling,sibling;niece/nephew,HoC,1,rush,"George Bankes;George Boscawen, 2nd Earl of Falmouth"
Q984041,William Henry Sykes,924,0,0,0,,,,0,,
Q98528,Henry Bolckow,1236,0,0,0,,,,0,,
Q991654,"Bruce Grocott, Baron Grocott",322,0,0,0,,,,1,,
Q994984,"Bryan Davies, Baron Davies of Oldham",8415,0,0,0,,,,1,,
Q995812,Chris Davies,2937,0,0,0,,,,0,,
